#! FIELDS time d sigma_d height logweight
#! SET action OPES_METAD_kernels
#! SET biasfactor       18.22308523303649
#! SET epsilon   4.229648942366267e-09
#! SET kernel_cutoff       6.209854561852585
#! SET compression_threshold                       1
                    2.5     0.2766935970513197   0.007310939349580747  1.150341789149004e-08     -18.22308523303649
                   2.75     0.3223963132656673   0.007589578193566874  1.108108887906996e-08     -18.22308523303649
                      3     0.2887194415046563   0.006736092153279578     0.2903772812942367     -1.260929636748747
                   3.25     0.2628724791023831   0.006697391812016552   0.002325035459526892     -6.094137182589225
      3.499999999999999     0.2679901100340108   0.006408865411115182    0.06189332974168914     -2.856495974152131
      3.749999999999999     0.3522841838024712   0.006477236479610441  1.310900319758682e-08     -18.21350798836138
      3.999999999999999     0.3334864588513972   0.006783712347960999  1.269771318174589e-07       -15.896569697837
      4.249999999999999     0.3278644672817388   0.006924737299133748  3.143125942470658e-06     -12.66702797671609
      4.499999999999999     0.3561922077255174   0.007048592348000253  3.258342974738632e-07     -14.91588430758059
      4.749999999999999     0.3280841575691237   0.007180230798837578  6.271450100630557e-05     -9.637421696577581
      4.999999999999999      0.350554348996641   0.007325546006129036  1.496790217565571e-05     -11.05007017512635
      5.249999999999999     0.3301202958654925    0.00748820117293105  0.0009889389562565739      -6.83738470884003
      5.499999999999999     0.3544134235419004   0.007527300450730418  0.0003068056922567172     -8.002594826107334
      5.749999999999999     0.3426993137537743   0.007467939536261939   0.004952694615603576      -5.22903971721441
      5.999999999999999      0.323502793660938   0.007293961167210433    0.01455574737263367     -4.174557949253274
      6.249999999999999     0.2940022701321131   0.006939700349093035       2.59300728573136     0.9582415497860974
      6.499999999999999     0.2706048327735752   0.006890376592536963     0.1572150049871963     -1.851850573353097
      6.749999999999999     0.2753855842674255   0.006653348002461105     0.4700933900433033    -0.7915390775634515
      6.999999999999998     0.2837053585445588   0.006200819837738604      2.019537288845062     0.5957145726900087
      7.249999999999998      0.286511291665669   0.005908340605769863      3.033543903771179     0.9542611931400974
      7.499999999999998     0.2657721534917344   0.005837251195102823     0.2433175262273731     -1.580963358822564
      7.749999999999998     0.2652985123103923   0.005731173567384181     0.3982154899807826     -1.106677030047166
      7.999999999999998     0.2882635780309396   0.005517116293467145      3.821306195923962      1.116612250700627
      8.249999999999998     0.2770567273624845   0.005300633689221927      1.975490633096634      0.416807803979539
      8.499999999999998     0.2727085140168966    0.00515644936712949      1.502119062710103     0.1152896923833574
      8.749999999999998     0.2553317972636323   0.005093504468510189    0.07458087757991214      -2.89974040575407
      8.999999999999998     0.3030608077678413   0.004995410558626246     0.6269585209681819    -0.7901906554093219
      9.249999999999998     0.3050382341183969   0.004895684412698806     0.6587683229777122    -0.7608646425626026
      9.499999999999998     0.3090845380287431    0.00481706995532681     0.4987098355624384     -1.055400356844592
      9.749999999999998     0.2571094735567018   0.004766462590044812     0.1962592621342508     -1.998549656198874
      9.999999999999998     0.2696753094248771   0.004633612106258003      1.866316673314705     0.2254681487736058
                  10.25     0.2698976169198811   0.004503854596903616      2.495506735041389     0.4875900532535459
                   10.5     0.2799241295669226   0.004388635392810884      3.988283310816063     0.9305438619474775
                  10.75     0.2692410918517042   0.004283593711927606      2.781950944903574     0.5461094071576701
                     11      0.281815133137416   0.004183231078231836      4.006420579407442     0.8871467895059802
                  11.25     0.2879190914664554   0.004082140151053433      3.802004718709744     0.8103145201362258
                   11.5     0.2766821735639094   0.004001374151371626      3.941488757646693     0.8263609864196368
                  11.75     0.2796500175357449   0.003917655027112837      4.767832218204945     0.9955496446867652
                     12     0.2915252992194372   0.003835601006348529      2.953196560192204     0.4953789393390113
                  12.25     0.3024366837553231   0.003797890263996716     0.6913830122208544    -0.9664509658016865
                   12.5     0.2785216465951866   0.003729742943050474      5.134204575078468      1.020428881218738
                  12.75     0.2885339602241658   0.003657284551502609      3.950535524890508     0.7387367291181983
                     13     0.2799259021563187   0.003594447045547349      5.753504324081896      1.097363921335574
                  13.25     0.2728728709821078   0.003537878274247306      3.711462855540624     0.6431179267319017
                   13.5     0.3384086176100038   0.003557411887428412   0.001675329119083312     -7.054547724200184
                  13.75       0.37471038623952   0.003742619083542672  2.891891871195012e-06      -13.3656493500062
                     14     0.3604154994897795   0.003948006130237568  0.0001190607709590394     -9.594501203320439
                  14.25     0.3515278717769629    0.00415541928148935  0.0007045431290250078     -7.765383038595371
                   14.5      0.328798156910925   0.004145343931023862   0.003230858778568322     -6.244856904066236
                  14.75     0.3297256181363284   0.004124683937762524   0.003812366313861549     -6.084351169935476
                     15     0.3228265305825568   0.004100643371426451   0.006113731864647308     -5.617909393935666
                  15.25     0.3301584844882923   0.004083234690700246   0.005288763323002956     -5.767116708918578
                   15.5      0.330139654502255   0.004161780303042354   0.006478633069891653     -5.545138159445009
                  15.75     0.3571660891919799    0.00415893737026922  0.0003833764151574364     -8.373069005177163
                     16     0.3986031664397107   0.004168699550818631  2.017434681783445e-08     -18.22308523303649
                  16.25     0.3900587521025631   0.004242097573941921  2.131003301258162e-08     -18.15086534668581
                   16.5     0.3799843559229186   0.004289596910529241  5.429936050569924e-07     -14.90181088862302
                  16.75     0.3906654561956452   0.004306388251996238  4.648779936913069e-08     -17.35581174046974
                     17     0.3661488386350062   0.004321394398286152  7.430305557486834e-05     -9.975615717458554
                  17.25      0.373917209831976   0.004330399529386759  1.029949351090568e-05     -11.94959139257027
                   17.5     0.3981754303918486   0.004353201564969474  3.925296556351479e-08     -17.51416263623355
                  17.75     0.4129210199436184   0.004398396340972012  1.923127127648942e-08     -18.21732352673834
                     18     0.4578237940717158   0.004590513822096498  1.832056143971193e-08     -18.22308523303649
                  18.25     0.4269000037118243   0.004670491477483763  1.808695690319591e-08     -18.21864582670765
                   18.5     0.4425994538073778   0.004699556672366537  1.799098760058821e-08     -18.21776207681229
                  18.75     0.5072105735257989   0.004908909406585004  1.713227593989607e-08     -18.22308523303649
                     19     0.5427378892089649   0.005383245276620941  1.562269341187361e-08     -18.22308523303649
                  19.25     0.5182211862655619   0.005685789614351986  1.572707892562665e-08      -18.1617471888263
                   19.5     0.4960721933040337   0.005886626290165701  1.518898474794013e-08     -18.16184767469182
                  19.75     0.5070189521663783   0.005931930013121105  2.962532648720076e-08     -17.48612195363146
                     20     0.4723599609051866   0.005978399805633246  1.415728805158088e-08     -18.21671871044009
                  20.25     0.5046598807077357   0.005975866433841174  4.882049483231754e-08     -16.97922190178598
                   20.5     0.5398147938077372    0.00605544466911516  2.364962021715905e-08     -17.69079633072347
                  20.75     0.5291712454162718   0.006184491622819751  1.934461666808145e-08     -17.87064222001613
                     21     0.5274850060309162   0.006264048040584358  3.219232999623852e-08      -17.3485463464292
                  21.25     0.5559492075702372   0.006270010551763194  1.467070510511056e-08     -18.13347050673965
                   21.5     0.5194082783333128   0.006315695159327768  4.436700116593767e-08     -17.01956739317465
                  21.75     0.4911656549457415   0.006294564514469437  2.487101928350179e-08     -17.60171147275826
                     22     0.4973598916910301   0.006259484593584596  6.225643104410907e-08     -16.68974151132097
                  22.25     0.5380945813909009   0.006244068009981445  5.087408922096204e-08     -16.89411556374534
                   22.5      0.506174075371894   0.006231411861825025  1.088373263450259e-07     -16.13564392088446
                  22.75     0.5107117701463425   0.006216041901084334   1.45379004628145e-07     -15.84862368847553
                     23     0.5500352100805248   0.006194185014087502  3.696252715637828e-08     -17.22158562883222
                  23.25     0.5089231921461972   0.006180083298825301   2.74765511461783e-07     -15.21785140122146
                   23.5     0.5375363115576616   0.006181019892546579  9.376543357112973e-08     -16.29282163463452
                  23.75     0.4924899828973497   0.006153949973967985   1.01789647927192e-07     -16.21509864322164
                     24     0.5134989673982209   0.006127553879466293  3.592010939828149e-07     -14.95842318823185
                  24.25     0.4769450433412691   0.006101780197138585  2.770550298517997e-08     -17.52488957831725
                   24.5     0.4747340328806445   0.006073077782650373   4.80178519716692e-08     -16.97966281708528
                  24.75     0.5241855219055606   0.006051694272807015  1.722153904508346e-07     -15.70601695833467
                     25     0.5184976380755574   0.006029794289972755  4.639513953324648e-07     -14.71860850867886
                  25.25     0.5303905087875712   0.006028440950421575  2.577142591604519e-07     -15.30676132271571
                   25.5     0.4527698827805713   0.006010879521464262  2.344370969163007e-08     -17.70692790337743
                  25.75     0.5443307409429746   0.005998068393645218   1.42218066150182e-07     -15.90630215993193
                     26     0.4597311638031366   0.005984219330521145  4.121178981506041e-08     -17.14725093089717
                  26.25     0.5007195880438186   0.005977777896592781  3.816272148997075e-07     -14.92260803509433
                   26.5      0.477365758989867    0.00595395817892599  8.597622143298738e-08     -16.41697419810897
                  26.75      0.502695325034513   0.005931729685922266  7.548694717412377e-07     -14.24824049606793
                     27     0.4836064890819257   0.005909787304115024  1.233719163687748e-07     -16.06328785461564
      27.24999999999999     0.4982466375381908   0.005885050143381127   1.08634855554518e-06     -13.89210853594797
      27.49999999999999     0.4969278468222587   0.005859200632183928  1.721150633712496e-06     -13.43633969707705
      27.74999999999999     0.4809394387225952   0.005840592130494831  2.821570248962448e-07     -15.24780527395482
      27.99999999999999     0.5312340255296766    0.00582268552608092  4.624817697837071e-07     -14.75673247429763
      28.24999999999999     0.5103764976585624   0.005801375817380387  1.410759645767657e-06     -13.64512250622976
      28.49999999999999      0.533145511547767   0.005784099385131709  7.334708863957999e-07     -14.30220062678062
      28.74999999999999     0.4845594667929045   0.005765510866873698  6.389287662766581e-07     -14.44341446337872
      28.99999999999999     0.4922955581844961   0.005744428196502908  2.111033713654192e-06     -13.25193780580505
      29.24999999999999     0.5176557274059033   0.005725469561673822  1.452105918121142e-06     -13.62940649503251
      29.49999999999999     0.5170348982861689   0.005703212996025458  2.517582829484098e-06     -13.08301697462585
      29.74999999999999     0.5268576048471103   0.005681583887670053  1.875102749304565e-06     -13.38145241584859
      29.99999999999999     0.4685217389934312   0.005660970884745296  1.353991195893563e-07     -16.01327892962964
      30.24999999999999     0.5087430519742179   0.005651861514264668  3.671093769293304e-06     -12.71487131083191
      30.49999999999999     0.4670091595312006    0.00563149177897923  2.103214151781897e-07     -15.57808991393829
      30.74999999999999     0.4857052229366665   0.005615592827144036  2.178453560994211e-06     -13.24318350953211
      30.99999999999999     0.4785591740304268   0.005597600113753914    1.8151079941462e-06     -13.42886299909716
      31.24999999999999     0.4818826910033361   0.005576886346282854  4.234392831157394e-06     -12.58547535396927
      31.49999999999999     0.4614135370899923   0.005569786272875499  2.571233446788738e-07     -15.38818860747356
      31.74999999999999     0.4583900667493798   0.005559854293482867  3.461226507592387e-07     -15.09273610378651
      31.99999999999999     0.5014595789292037    0.00554429507527174  5.348597049962484e-06     -12.35774214312892
      32.24999999999999     0.4822172346635459   0.005531738971386093  7.092350832154853e-06      -12.0778268375415
      32.49999999999999     0.4862619812676405   0.005520810483891601  1.049588381927802e-05     -11.68783808132633
      32.74999999999999     0.5022567263646703   0.005501470139562858  9.455316999646564e-06     -11.79575333735404
      32.99999999999999     0.5621764304093264   0.005516281793258621  3.227771428304894e-08     -17.47302012273632
      33.24999999999999     0.5525937733249036   0.005525796347917235  1.413672587938211e-07      -15.9943126509228
      33.49999999999999     0.5639255920742265   0.005542065097790576  7.115524482442556e-08     -16.67786997021985
      33.74999999999999     0.4977458242692973   0.005532885172933486  1.561327527093995e-05     -11.28851497886674
      33.99999999999999     0.5121484817674897   0.005517126892494996  9.270737132939997e-06     -11.81262579189267
      34.24999999999999     0.4862744166703843   0.005500630023739587  2.015109077094062e-05     -11.03922486579292
      34.49999999999999     0.4616245746323928   0.005503377945098993  7.311461295045494e-07     -14.35512578082146
      34.74999999999999     0.4417292374807156    0.00552042838985878  4.187431069254442e-08     -17.21197320663205
      34.99999999999999     0.4454734129825479    0.00553487945712431  1.068954452376358e-07      -16.2721802026479
      35.24999999999999     0.4251189730436457   0.005545784067286672  3.232279009764126e-08     -17.46629063091979
      35.49999999999999     0.4195391987225717   0.005554939034352131  4.514958999615001e-08     -17.13043255269234
      35.74999999999999     0.4318282859690563   0.005548586864558567  5.987512030342996e-08     -16.84929685839334
      35.99999999999999     0.4533195584218432   0.005538207466787818  6.381154380374128e-07     -14.48491110891407
      36.24999999999999     0.4351751189541912   0.005536169729442333  1.246398311563275e-07     -16.11837009516825
      36.49999999999999      0.411020717603217   0.005549533328279399  4.903195889127506e-08     -17.04891505269912
      36.74999999999999     0.4301429533355738    0.00553809782654802  2.034208776623677e-07     -15.62817298879146
      36.99999999999999     0.4910424040360218   0.005522027883279232  3.112152622663334e-05     -10.60070101635804
      37.24999999999999     0.5063422338557201   0.005539946643265807  2.397550461417824e-05      -10.8583283831257
      37.49999999999999     0.4050124164337079   0.005541704552521861  6.856989759163379e-08     -16.71494543750001
      37.74999999999999     0.4508344981504181   0.005532548514758036  9.628798884481069e-07      -14.0745239601625
      37.99999999999999     0.4621122935573268   0.005528100733876883  1.760666958190337e-06     -13.47180892115908
      38.24999999999999     0.4688599014829862   0.005510540529724564  2.714866043575561e-06     -13.04194058981462
      38.49999999999999     0.3896773492878669   0.005506414018568853   1.53423160284002e-07     -15.91598774451347
      38.74999999999999     0.4267193476308098   0.005504503911094406  3.486519344354837e-07     -15.09546044763868
      38.99999999999999     0.4623797241631653   0.005489793499096984   4.26538687737857e-06     -12.59392239326726
      39.24999999999999     0.4489875070350228   0.005474094038924426  1.835478117047528e-06     -13.44001412923688
      39.49999999999999     0.4678639874765387   0.005464804898407136   6.75465222994667e-06     -12.13878601319777
      39.74999999999999     0.4343965162521992   0.005450908726052694  6.584059160557245e-07     -14.46949723137707
      39.99999999999999     0.4683557210084371   0.005436402583543401  1.187900949305129e-05     -11.57945543394007
      40.24999999999999     0.4031937054761264   0.005441680345832408  1.433587013063623e-07     -15.99566340921317
      40.49999999999999     0.4168609803408187   0.005437461344987707  2.191958025302162e-07     -15.57182350643317
      40.74999999999999     0.4353476648364231   0.005421640050926766  1.287373099889782e-06     -13.80434377311502
      40.99999999999999     0.3974169964270488   0.005425789557046009  2.622988297044428e-07     -15.39445334520389
      41.24999999999999     0.4473624027353424   0.005414412533526028  3.195833414341482e-06     -12.89643363151156
      41.49999999999999     0.4587796799186757   0.005399367198325047  1.004373467818244e-05     -11.75411513451934
      41.74999999999999      0.429143026023749    0.00538579698328832  1.956371653330047e-06     -13.39248906007576
      41.99999999999999     0.4748818251147676   0.005376445951860037  1.785121850662847e-05     -11.18324659901445
      42.24999999999999     0.4655950704907672   0.005363077757101096  2.701317274871325e-05     -10.77148327540804
      42.49999999999999     0.4488688923851764   0.005355529134793228  8.093282292994248e-06     -11.97818203931515
      42.74999999999999     0.5051305604710243   0.005349381302023642  4.537072352626065e-05     -10.25549797019499
      42.99999999999999     0.5569049827748521   0.005390008471137292  2.355941999622148e-07     -15.50844340982779
      43.24999999999999     0.4731702239279448   0.005402393410008722  3.830224774260878e-05     -10.41499525901006
      43.49999999999999     0.4478789822338856   0.005389237613858911  1.349664807013872e-05      -11.4605006268445
      43.74999999999999     0.4328935359401714    0.00537559933038989  4.441689532869291e-06     -12.57444102011256
      43.99999999999999      0.463213458728078   0.005367315800104563  4.838624564312035e-05     -10.18780239576517
      44.24999999999999      0.444342950026836   0.005354021829415787  1.797298643061157e-05       -11.180628021634
      44.49999999999999      0.475322605949161   0.005344661473014396  6.359951418616718e-05     -9.918641881780356
      44.74999999999999     0.4889621744122093   0.005336235209055069  5.807859662551093e-05     -10.01102832598176
      44.99999999999999     0.4583358685821481     0.0053226227229169  5.494023195600182e-05     -10.06913384317454
      45.24999999999999     0.4432809648387878   0.005312351784086126  3.068709748925582e-05     -10.65346899729813
      45.49999999999999     0.4134835032502267   0.005313849302550836  3.697456340209432e-07     -15.07196941774101
      45.74999999999999     0.4148245166273456   0.005309224792167703  7.524576837598425e-07     -14.36231060444814
      45.99999999999999     0.4563305827656147   0.005299983833768864  8.203797062761873e-05       -9.6724599538801
      46.24999999999999     0.4228995316147763   0.005292126401000855  2.579165184391881e-06     -13.13366001482443
      46.49999999999999     0.4811986056809256    0.00528101435282799  9.148044147644423e-05     -9.567102534100362
      46.74999999999999     0.4927995553464683   0.005280832991872154  9.666662234812251e-05     -9.511993895990759
      46.99999999999999     0.4758257585852476    0.00527068852024454  0.0001435516202097808     -9.118490224468911
      47.24999999999999     0.5397735692386368   0.005271707205814382  1.083587562404383e-06     -14.00471430952569
      47.49999999999999     0.5428334477903785   0.005320553879191578  1.479697268999381e-06     -13.68393099127827
      47.74999999999999     0.5223396237207434   0.005330422632007475   6.47238160677824e-06     -12.20637125188217
      47.99999999999999     0.4833988762081558   0.005326013751292929  0.0002043727696396974     -8.754797222902312
      48.24999999999999     0.5647659614005682   0.005330830919236857  2.267926043322963e-07     -15.55755811632808
      48.49999999999999     0.5773840254567101   0.005399675074418031  3.592941085691206e-08     -17.38720621532644
      48.74999999999999     0.6554715721296422   0.005529490477673774  1.520950092185465e-08     -18.22308523303649
      48.99999999999999     0.6018601271857622   0.005604591564481534  1.500708447642683e-08     -18.22299262765424
      49.24999999999999     0.6071665086929873   0.005675992786028431  2.557318052506909e-08     -17.67731154477579
      49.49999999999999     0.5945491600264837   0.005696433035793932  2.540030090165514e-08     -17.68049998346585
      49.74999999999999      0.590964276828104   0.005712212909698979  4.321533963893873e-08      -17.1462991847976
      49.99999999999999     0.6931425954569186   0.005768037728432216  1.458048550948449e-08     -18.22308523303649
      50.24999999999999     0.7326302330048066    0.00596605052035759    1.4096560233708e-08     -18.22308523303649
      50.49999999999999     0.6638808226705165   0.006064929435311978  1.940137721130625e-08     -17.88723423829135
      50.74999999999999     0.6819855707808485   0.006116329883185129  1.667845584550837e-08     -18.03002115792165
      50.99999999999999     0.6902206545906426   0.006212081275324142  3.635859097241899e-08     -17.23517469447875
      51.24999999999999     0.6331112135603479   0.006218756806129445  1.353091394685594e-08     -18.22255419376923
      51.49999999999999     0.6400071345069446   0.006235656640208473  2.274807571946261e-08     -17.70033675286823
      51.74999999999999     0.6495827821571207   0.006245323763370184   3.45780700033558e-08     -17.28004854767046
      51.99999999999999     0.6087905422612715   0.006233304660119002  5.768489640847274e-08     -16.77019918593981
      52.24999999999999     0.6304994244974949   0.006219534165596089  3.863476382613561e-08     -17.17325370033317
      52.49999999999999     0.6138670412291762    0.00620527334922929  8.669326774271868e-08     -16.36732549821422
      52.74999999999999     0.6611804652110994   0.006193522654672265  5.537242625702976e-08     -16.81751543802804
      52.99999999999999      0.625985590588224   0.006184252925416782  8.076610183854979e-08     -16.44153764348745
      53.24999999999999     0.6848880337141765   0.006176713185429793  7.199912551671338e-08     -16.55766094339238
      53.49999999999999     0.6394752971761903   0.006168928414542758  9.329874721253448e-08     -16.29976937336132
      53.74999999999999     0.5776716815599585   0.006160824610514615   8.43683315674031e-08     -16.40169845298073
      53.99999999999999     0.6354238743441801   0.006150059859834828  2.162819852012285e-07     -15.46205634130732
      54.24999999999999     0.6585695542739363   0.006148107717184973  1.269696153340138e-07     -15.99500904499895
      54.49999999999999     0.6301104602315839   0.006146371408253834  3.819139170615895e-07     -14.89404407172581
      54.74999999999999     0.5803541943426278   0.006144256676453901  1.590571671162626e-07     -15.77031974875277
      54.99999999999999     0.5908419248677931   0.006145690268364312  1.551183859950393e-07     -15.79516152691088
      55.24999999999999     0.5929724713862919   0.006133032191389199  3.008337248324109e-07       -15.134854221273
      55.49999999999999     0.6251885959474903   0.006121066117305378  5.640659020022429e-07     -14.50819382398395
      55.74999999999999     0.5744826497952895   0.006113610123387146  3.368108533944517e-07      -15.0250622392236
      55.99999999999999     0.6072067145990329   0.006102556078720883  2.334028868414108e-07      -15.3936273985754
      56.24999999999999     0.6111326508704464   0.006090436905754419  4.818389990124432e-07     -14.67077134774672
      56.49999999999999      0.562292762158691   0.006087704897945993  6.389126170959918e-07     -14.38906235749409
      56.74999999999999     0.6498201194895292   0.006080670861761873  1.922232173278168e-07      -15.5913288837156
      56.99999999999999     0.6792777425585637   0.006086915812112194  1.032255903359493e-07     -16.21204289037681
      57.24999999999999     0.7126834327374962   0.006131857270239603  1.394649586440207e-08     -18.20637523098515
      57.49999999999999     0.7447806362287892   0.006181373299099426  1.591668121329449e-08      -18.0661930440561
      57.74999999999999     0.7208086796446278   0.006216488984124301  2.374230943844065e-08     -17.66063725940983
      57.99999999999999     0.7553347074835869   0.006245493828670388  1.847672117720348e-08     -17.90672935840953
      58.24999999999999      0.775231848180957   0.006291775002846004  1.352672792044725e-08     -18.21119040029888
      58.49999999999999     0.7781065658809257   0.006374673202879611  2.980589496382263e-08     -17.40806218074133
      58.74999999999999     0.7059141086146838   0.006390172038923602  2.964798539061686e-08     -17.41094583174648
      58.99999999999999      0.778850849089689   0.006402663426562863  6.932643082994834e-08     -16.55956090476914
      59.24999999999999     0.8770060002089241   0.006516229495999997  1.290635797422286e-08     -18.22308523303649
      59.49999999999999     0.8268589266093278   0.006617868930515893  1.270813783116277e-08     -18.22308523303649
      59.74999999999999     0.7929795346898529   0.006648620994466116  2.448748274932157e-08     -17.56252965699222
      59.99999999999999     0.7603359747934376   0.006646922734016437  3.606523589000397e-08     -17.17561779227669
      60.24999999999999     0.8099580699819789   0.006659244700566338  1.470335928218228e-08     -18.07101913963193
      60.49999999999999      0.849748028781726   0.006697824720071745  1.260701089242537e-08     -18.21906531542285
      60.74999999999999     0.8556099446135029   0.006734683595500729  2.520717445600179e-08     -17.52070171545157
      60.99999999999999     0.8725457876137913   0.006784997885271699    2.9079706168662e-08     -17.37034666972171
      61.24999999999999     0.8332029378837851   0.006812658214246323  2.509799236637095e-08     -17.51353095834003
      61.49999999999999     0.8479259962106193   0.006827451039391487  5.522775071909543e-08     -16.72268423907836
      61.74999999999999     0.9024794044045017   0.006871660214081444  1.225423130080634e-08     -18.22182417156691
      61.99999999999999     0.9119019755718709   0.006919441519346148  1.919658323801722e-08     -17.76603383178417
      62.24999999999999     0.9086235800452827   0.006974686888441168  4.850938758191884e-08      -16.8310564259472
      62.49999999999999     0.8083391319501754   0.006970524563424253  3.579612138403273e-08      -17.1355711712791
      62.74999999999999     0.9443132666656855   0.006975009391896416  1.205811356558586e-08     -18.22302976718947
      62.99999999999999     0.9636039111425495   0.007061302285407071  1.230979008353684e-08     -18.19007681798483
      63.24999999999999     0.9293438104062355   0.007092423660658403  1.586843390738853e-08     -17.93174222836657
      63.49999999999999     0.9333414055429935   0.007132949752869613  3.772267312489196e-08     -17.06011501792449
      63.74999999999999     0.9405749336458011   0.007150927786481146  6.769075439264145e-08     -16.47290948779457
      63.99999999999999     0.9776050452791422   0.007189112851776734    1.4353287061569e-08     -18.01855444248668
      64.24999999999999     0.9612330062024571   0.007218846286356708  3.353227851773719e-08     -17.16589754093228
      64.49999999999999      0.958599200036944   0.007243580954492693  7.902511893642805e-08     -16.30521974546174
      64.74999999999999     0.9201753632831525   0.007237016057372096  6.747887015448756e-08     -16.46407771090992
      64.99999999999999      0.924794288918264   0.007227970674342598  1.562764242785009e-07     -15.62551649451204
      65.24999999999999     0.9008882048956329   0.007214507994853144  8.117837347525198e-08     -16.28235832660325
      65.49999999999999     0.9458373663512185   0.007203804287123229  1.531611230853048e-07     -15.64900148067007
      65.74999999999999      1.019317472576192   0.007224370349135404  1.164126337126181e-08     -18.22308514494868
      65.99999999999999      0.944778711353682   0.007236717939308355  3.805898647079457e-07     -14.73421109465556
      66.24999999999999     0.8968892162479354    0.00722529404391387  1.484201316362807e-07     -15.67746628895554
      66.49999999999999     0.8701979421560228   0.007219173006546144   7.17043518418122e-08     -16.40580935448225
      66.74999999999999     0.9072429003846975    0.00720722329353799  3.085632557888738e-07     -14.94809057597021
      66.99999999999999      0.916132273475299   0.007194981067153377  4.970333168541077e-07     -14.47306043098439
      67.24999999999999     0.9354078183536424    0.00718353950742642  5.738135034574277e-07      -14.3310045338475
      67.49999999999999     0.9964555370646855   0.007190604220942458  1.257576156186347e-08     -18.15055471947831
      67.74999999999999     0.9626850511059389    0.00719239181298426  2.282618787830519e-07     -15.25158386403478
      67.99999999999999     0.9760724299328062   0.007190577540599231  1.141264476378547e-07     -15.94502268215833
      68.24999999999999     0.9898705123898194   0.007188286350234978  5.872547476880639e-08     -16.60977477919149
      68.49999999999999     0.8695599247531992   0.007182489778995713  1.800248692682066e-07     -15.49036010692909
      68.74999999999999     0.8313786157350961   0.007197739754332229  7.678983221639969e-08     -16.34026190760273
      68.99999999999999      0.843867171898713   0.007216941854376284  1.475834001924632e-07     -15.68427646138392
      69.24999999999999     0.8235063139621515   0.007238532141062637  1.227589497257904e-07     -15.86546008260256
      69.49999999999999     0.8002350229901234   0.007261717458231677  7.097721268934792e-08     -16.41012595686088
      69.74999999999999     0.8166021067813918   0.007268685878940495  2.008925842363511e-07      -15.3687553254999
      69.99999999999999      0.798230963229751    0.00729946592259308  1.824826098706214e-07     -15.46064513541298
      70.24999999999999     0.7943645338272329   0.007313320554269055  3.763678850351358e-07     -14.73483669819425
      70.49999999999999      0.811944593138814   0.007326653373758075  4.850704811948033e-07     -14.47928815128707
      70.74999999999999     0.8354160459430967   0.007320601249870826  3.379492735514411e-07      -14.8415129311739
      70.99999999999999       0.78208467686793   0.007317729311088395    3.2023389707225e-07     -14.89574946611096
      71.24999999999999     0.7135874983559913   0.007356038607517875  7.272824722033898e-08     -16.37284979047762
      71.49999999999999     0.8019961091383707   0.007388330432443154  1.030242541862054e-06     -13.71764988176765
      71.74999999999999      0.840916905598191   0.007376185449267648  6.939915897176923e-07     -14.11438472964096
      71.99999999999999     0.8527519392645807   0.007366468616214107  5.951241172301299e-07     -14.26939278070871
      72.24999999999999      0.875152923199592   0.007357004155066157   3.59089136405304e-07     -14.77587774548546
      72.49999999999999     0.8630978847763676    0.00734669348056817  7.489803878723178e-07     -14.04213805553113
      72.74999999999999     0.7502663766631554   0.007351619334747463  6.992020711341467e-08     -16.41282589960209
      72.99999999999999     0.7396953487461617   0.007377428950931159  8.344899607550553e-08     -16.23244038263944
      73.24999999999999     0.7671472549945296   0.007383188464518677  1.660064806067504e-07     -15.54386878573812
      73.49999999999999     0.7034337632593137   0.007407196488780268  1.192477853601768e-07     -15.87144561538793
      73.74999999999999     0.7264972620460036   0.007426726528862333  1.048623514922564e-07     -15.99736746094931
      73.99999999999999     0.7357622021571767   0.007440910082206946  2.417009263739716e-07     -15.16040691501796
      74.24999999999999     0.7291863956814262   0.007435296034408047  4.902616487851896e-07     -14.45392357855347
      74.49999999999999     0.7732365304559536   0.007431305572977386  5.450359050560384e-07     -14.34854796666427
      74.74999999999999     0.7473162392558208   0.007421589898590463  3.839054621133816e-07     -14.70031156356658
      74.99999999999999     0.6950559593438761   0.007422542584548467  2.216690363469939e-07     -15.24939409262289
      75.24999999999999     0.7359802872471972   0.007426663704705724  1.175708760287861e-06     -13.58039802717023
      75.49999999999999     0.7682376549467242   0.007415200218586764  1.062899574406603e-06     -13.68281332251506
      75.74999999999999     0.8009886257263303   0.007403603962062506  2.515205096256186e-06     -12.82302466773455
      75.99999999999999     0.7486586461302527   0.007393121198745069  1.266351974319724e-06     -13.51065561469433
      76.24999999999999     0.7164815228778798   0.007383935316828392   5.07459512254399e-07     -14.42637753352737
      76.49999999999999     0.7032916644257197   0.007391863650847017  6.062466372666185e-07     -14.24743441557789
      76.74999999999999     0.6525828138565875    0.00740126453293077  5.049259879605697e-07     -14.42903847122396
      76.99999999999999     0.6913579519777362     0.0074191843135585   7.37383613322059e-07     -14.04792381603965
      77.24999999999999     0.6299733206751464   0.007428734157352701   1.61307298209816e-06     -13.26384940133307
      77.49999999999999     0.6946175120421393   0.007431615856136292  1.826022701590527e-06     -13.13946239385379
      77.74999999999999     0.6726611334274165   0.007433300253622821  2.662955426036103e-07     -15.06452450567342
      77.99999999999999     0.6629667759833665   0.007432794452515466  7.460783382400619e-07     -14.03436870197554
      78.24999999999999     0.6717211814554748    0.00743610612647833  1.120217309421068e-06      -13.6274758862251
      78.49999999999999     0.7372509589954575     0.0074260718233982  3.138595715263058e-06      -12.5985734176849
      78.74999999999999     0.7505527900011018   0.007420951672205725  3.473455304156391e-06     -12.49788875065733
      78.99999999999999     0.7131659116504451   0.007410495980317428  1.495616731918307e-06     -13.34190989825141
      79.24999999999999     0.7546927176623013   0.007400364642242667  6.109137567736347e-06     -11.93603103347002
      79.49999999999999     0.7191894073872896   0.007389629774847531  3.011566922573265e-06     -12.64480776954982
      79.74999999999999     0.6940144400908602   0.007379203634857466  4.210933425176812e-06     -12.31099585717548
      79.99999999999999     0.7164947899343934   0.007368342910456301  6.976106144780551e-06     -11.80766218014605
      80.24999999999999     0.6763183829437738   0.007364838302696366  2.505993245927416e-06     -12.83194366456651
      80.49999999999999     0.6374045853179309   0.007361180508353964  2.366193620128142e-06     -12.88984300910504
      80.74999999999999     0.6549213053953734   0.007359373845178394  2.066881776521918e-06     -13.02532998360376
      80.99999999999999     0.6788113365451324   0.007353464584996408  5.744262659003571e-06     -12.00397278820729
      81.24999999999999     0.7579707855706485   0.007346102840667728  1.140482420225508e-05     -11.31913953235315
      81.49999999999999     0.7748442651334299     0.0073546135458998  3.732121008559459e-06     -12.43504140404828
      81.74999999999999     0.8462459862005652   0.007368720939837008  1.874895729892608e-06     -13.12154873197766
      81.99999999999999     0.8989718860672018   0.007437010447172984  6.559660550503997e-07     -14.16252321097267
      82.24999999999999     0.9265784122373745   0.007531788374801446  1.056649269240684e-06     -13.67311057249099
      82.49999999999999     0.9623396030601042   0.007660266044728016  5.681407304102935e-07     -14.27668533202798
      82.74999999999999     0.9372604869233205    0.00774788711740832   1.80758195365914e-06     -13.10793572962604
      82.99999999999999     0.9822633216672287   0.007823889221423994  2.276149590827725e-07     -15.17026400047603
      83.24999999999999     0.9801474618551651   0.007933251757501879  5.856315510775333e-07     -14.21134735101394
      83.49999999999999     0.9530791275317549   0.007979796488643375  1.299140775868562e-06     -13.40872990795236
      83.74999999999999     0.9976425790583936   0.008020441915941059  2.007056548956123e-07     -15.27126824633789
      83.99999999999999      1.055063214849899   0.008087673593193165  1.039872665160269e-08     -18.22307671441996
      84.24999999999999       1.00590051541273   0.008151314836559764  2.095557113062374e-07     -15.21193232672485
      84.49999999999999     0.9569901629922984    0.00818634613558775  2.626815333379222e-06     -12.67910604709481
      84.74999999999999     0.9583398605109716   0.008189108756821457  5.754691142019707e-06     -11.89452547670974
      84.99999999999999      1.006832204691085   0.008200267440989457  4.537742819732084e-07      -14.4333345330735
      85.24999999999999     0.9878588364984934   0.008216461466474614  1.064879946251409e-06       -13.578344216585
      85.49999999999999       1.03686851490117   0.008240129426731345   1.35468069046751e-08     -17.93993428201512
      85.74999999999999      1.033217001338607   0.008262860376840167  3.712426230998623e-08     -16.92905965303398
      85.99999999999999      1.022837032179957   0.008282577225557898  1.843654740807382e-07     -15.32402696085643
      86.24999999999999     0.9823160616764184   0.008278313954044245  2.479546649922856e-06     -12.72563086078289
      86.49999999999999     0.9752514571126104    0.00826776056109604  4.903374673593841e-06     -12.04505856207261
      86.74999999999999     0.9372364129690567   0.008257560762169418  4.421916494956495e-06     -12.14964348578665
      86.99999999999999     0.9146156781739507   0.008247726310480834   1.75950521591032e-06     -13.07237571488695
      87.24999999999999     0.9354568909901697   0.008242889148934457  8.992910037840152e-06     -11.44155852007854
      87.49999999999999     0.9937440032039293   0.008232885596666243  4.127741053776306e-06     -12.22147905121606
      87.74999999999999     0.9547292803756592   0.008223988058861249  1.318500176866961e-05     -11.06121071004948
      87.99999999999999      1.000947640650818   0.008216077363806132  4.973728850789583e-06     -12.03708320131903
      88.24999999999999     0.9984113285372856   0.008207208053867567  1.242617539663519e-05     -11.12252795477887
      88.49999999999999      1.027635887051314   0.008210348776905073  3.784538641362818e-07     -14.61361162105027
      88.74999999999999      1.054533854716178   0.008213944961540509  3.209712706700785e-08      -17.0805013580993
      88.99999999999999      1.017495778837236   0.008211903702925622  2.737598847833497e-06     -12.63467994473114
      89.24999999999999     0.9040740723800609   0.008211767670133183  2.435221643101167e-06     -12.75173993722124
      89.49999999999999     0.8564811474269569   0.008223205121306587  2.430613406910138e-06     -12.75224221389401
      89.74999999999999     0.9011777984067528   0.008233000541483558  4.780017269292157e-06     -12.07475122731667
      89.99999999999999     0.9168935569699528   0.008225281391374005  6.418658964157265e-06     -11.78092420114399
      90.24999999999999     0.9108374817152661   0.008217890667403225  1.316866256753056e-05     -11.06319239523098
      90.49999999999999     0.9381799619140723   0.008207548688391599   2.01107500800534e-05     -10.64103711621543
      90.74999999999999     0.8790297408178854   0.008203965240171201  1.008459892458981e-06     -13.63430400933684
      90.99999999999999     0.8991083872784631   0.008201729365739235  1.491964894067164e-05     -10.94032182537395
      91.24999999999999     0.9580983780629652    0.00819266575406577  2.631224210608111e-05     -10.37407227671994
      91.49999999999999     0.9839386789011473    0.00818523952415846  1.544904174277114e-05      -10.9074664682342
      91.74999999999999     0.9867312432027587   0.008182491799502095  3.188036616736649e-05     -10.18335885587117
      91.99999999999999     0.9882436565382996   0.008176206170368702  6.270490404482521e-05     -9.507678012035214
      92.24999999999999        0.9468796703259   0.008166349244780215  4.292458359077634e-05     -9.887879254700266
      92.49999999999999     0.9196394463185724   0.008157331389035826  2.411551271568953e-05      -10.4655735263198
      92.74999999999999     0.9153349185056048   0.008147290949241822  5.227826230507951e-05     -9.693079797623607
      92.99999999999999     0.8355020366015524   0.008147591324829983  2.392933877696809e-06     -12.77710340312383
      93.24999999999999     0.8717998346900415   0.008155853609452812  2.773463094514527e-06     -12.62851326302978
      93.49999999999999     0.8888573501844115   0.008150526282379011  1.212471574523709e-05     -11.15401742817241
      93.74999999999999     0.8670310749107057    0.00815115973762244  6.413309886435171e-06     -11.79081020389681
      93.99999999999999     0.8713544761081555   0.008144352220343438  1.424623789815365e-05     -10.99352834807799
      94.24999999999999     0.8833656003892637   0.008142172775964563  2.252540652476609e-05     -10.53564499948614
      94.49999999999999     0.9195063716467518    0.00813242830801743  9.408368436369987e-05     -9.107301711474424
      94.74999999999999     0.9034944683884882   0.008122497280308415  7.374896333079189e-05     -9.352041328406052
      94.99999999999999      0.833953531629274   0.008121068138040862  4.661273256462968e-06     -12.11359558928879
      95.24999999999999     0.8475732666123678   0.008117495830158424  8.244171057356891e-06     -11.54381779728459
      95.49999999999999     0.8649695094549968   0.008113010351352741  2.712266052759444e-05     -10.35350737110271
      95.74999999999999      0.887951141152386   0.008104663196320966  5.780030217838145e-05     -9.597912317783617
      95.99999999999999     0.9239841124490999   0.008094773336768862  0.0001546624662588335      -8.61488222900379
      96.24999999999999     0.9052963057735514   0.008084890751331147  0.0001709311435641391     -8.516088134103615
      96.49999999999999     0.8665941086350727   0.008075380373341535   5.90365310400331e-05      -9.58036952519622
      96.74999999999999     0.8096085243573122   0.008079307626977894  3.375896874031488e-06     -12.44137871211582
      96.99999999999999     0.8154921181585645    0.00807923449535761   5.37386438843387e-06     -11.97650151822981
      97.24999999999999      0.833096537427402   0.008081220369336131  1.177737461343731e-05     -11.19162273852976
      97.49999999999999     0.8314752010331476   0.008077793776531183  2.264269236897119e-05     -10.53838996577716
      97.74999999999999     0.8788109305777623   0.008068465443804594  9.925465754896555e-05     -9.061693766272981
      97.99999999999999     0.9128865883611994   0.008059558327981012  0.0003601730224862781     -7.773902629714741
      98.24999999999999     0.8990077874736994   0.008052330055449912  0.0003389332402284658     -7.835581266784376
      98.49999999999999      0.859077221014084   0.008043248455689314  8.318232246245914e-05      -9.24147802750605
      98.74999999999999     0.7947302015930873   0.008043408488043654  4.892901967593104e-06     -12.07470740919934
      98.99999999999999     0.7953464991122465   0.008050104032361257  1.091603197345677e-05     -11.27142837421371
      99.24999999999999     0.7742485509689097   0.008053603705355426  8.510265060419017e-06     -11.51995317516702
      99.49999999999999     0.7696762360947261   0.008064714725838472   1.77982964780296e-05     -10.78074483240778
      99.74999999999999     0.8174184447470338   0.008065159119495652  1.764845996828979e-05     -10.78914395405489
      99.99999999999999     0.7846031783997541   0.008060203090116735  1.773790492710578e-05     -10.78470329613932
                 100.25     0.7926544028853392   0.008056054867344597  3.152343036828303e-05     -10.21019086403735
                  100.5     0.8073983378113224   0.008047545242567105  3.191610738267871e-05     -10.19886799862567
                 100.75     0.8004309321483062   0.008038795210101523  6.765220178979074e-05     -9.448686797380867
                    101     0.7953108723227807   0.008033490295548165  0.0001287897920212511     -8.805545274183723
                 101.25     0.8647763216421597   0.008024984399497424  0.0002101814899130852     -8.316814800535516
                  101.5     0.8756478233660051   0.008025764004518062  0.0002908547764864979     -7.991864960452469
                 101.75     0.8166079400950149   0.008017065794428194  6.464710484747072e-05     -9.496830104557789
                    102     0.7956039171346869   0.008008211759604589  0.0002483894238633301     -8.151880663438792
                 102.25     0.7205006167174915   0.008010158532208458  1.266208053832448e-05     -11.12802362531771
                  102.5     0.7824099480870009   0.008014093837772115  0.0001509582881729565     -8.649140637957361
                 102.75     0.7591638326581071   0.008016497277728431  3.448382371037481e-05     -10.12535400653965
                    103     0.7373845119294231   0.008013680291724406  1.052070030873853e-05     -11.31285102865893
                 103.25     0.6918832915457476   0.008033403524689326  9.758747941191598e-06     -11.38557352393696
                  103.5      0.674002047083006   0.008069676466631254   1.13339660237451e-05     -11.23142847010562
                 103.75     0.7015627462373327   0.008077867112416851  1.341390942705581e-05     -11.06192586873713
                    104     0.7217884197414504   0.008076507747058334  2.728789127902155e-05     -10.35194329023757
                 104.25     0.7220705939710196   0.008076821025587282  5.425327120248351e-05     -9.664684273767472
                  104.5      0.698580920251707   0.008074707770224827  2.922261133340371e-05     -10.28366647136964
                 104.75     0.6725959847736546   0.008077596888787134  2.168378705892887e-05     -10.58168666602333
                    105     0.6564549089403414   0.008081636148450361  8.412334581251795e-06      -11.5280525437378
                 105.25     0.6299210613521308   0.008102481464618396  4.746890495482751e-06     -12.09768578115286
                  105.5     0.6547042248571019   0.008106855332111699  1.513024585112173e-05     -10.93794010277144
                 105.75     0.7146049779361077   0.008106882189205611  7.994004276093058e-05     -9.273355678610498
                    106     0.6378819876998132   0.008104462483814849  1.004853429696611e-05      -11.3475043040477
                 106.25     0.6416555292964146   0.008107128351740231  2.020255572599826e-05     -10.64879308513731
                  106.5     0.6473226817090516   0.008108611815469645  3.870285005283328e-05     -9.998505994631881
                 106.75     0.6102237457862931    0.00811883375887292  1.535885822852643e-06     -13.22405210473621
                    107      0.611269164407069   0.008127300114667014  3.323546850759162e-06     -12.45108460031979
                 107.25     0.5782170964198177   0.008136425168360738  8.229943088228354e-07     -13.84580099916622
                  107.5     0.5798865569031644   0.008140372642264686  1.696022736678203e-06     -13.12222401926759
                 107.75     0.5499317806142346   0.008155845568566819  1.592230475275755e-06     -13.18347515504607
                    108     0.6089882360482562   0.008167598173966693  6.293236053358178e-06     -11.80769562191936
                 108.25     0.5575321723279505   0.008168767193474325   2.51034973657912e-06     -12.72660583682801
                  108.5     0.5395938431077703   0.008181075466576761  5.071086397721897e-06     -12.02196722934007
                 108.75     0.5891944874263684   0.008180888126206863  2.555107877779441e-06     -12.70745075812814
                    109      0.573661623463856   0.008179464720289688  3.907444515008305e-06     -12.28283562626751
                 109.25     0.5751076070661801   0.008177566599536173  8.377640646553158e-06     -11.52038496698825
                  109.5     0.5610168208001787   0.008171651854696829  8.340372932093352e-06     -11.52556691544045
                 109.75     0.5404271638701679   0.008175105593788076  1.035295865352432e-05     -11.30897994824608
                    110     0.5645447523757237   0.008174493000796357  1.782922036041835e-05     -10.76548851947491
                 110.25     0.5771800346281935   0.008167960998385916   2.29243641164278e-05     -10.51492633460219
                  110.5     0.5586795116326485   0.008160046060286828   3.27394740532325e-05     -10.15951459965371
                 110.75     0.5633049688190513   0.008152190724593684  6.589817388827692e-05     -9.460948498246591
                    111     0.5339979393742004   0.008151926154882083  1.708943415660782e-05     -10.81063129641047
                 111.25     0.5065846796069324     0.0081552915449301  9.744029291769238e-05     -9.069439124746081
                  111.5     0.4659332082790335   0.008162357929361302   0.000202460709838163     -8.337266989325567
                 111.75     0.4895093448135346   0.008186814390619317  0.0003254169805783992     -7.859713684686677
                    112     0.5413795140444928    0.00818136248959242  3.779072626920379e-05     -10.01342348472597
                 112.25     0.5351163207479889   0.008176553188510698  6.406325754713386e-05     -9.486204235118109
                  112.5     0.5407721669620024   0.008169889486711547  0.0001178293411535126     -8.877653222450927
                 112.75     0.5452975210640902   0.008163100375886297  0.0001827936805410209     -8.439363787805036
                    113     0.5218389144394379   0.008156024776516191  6.450153959858676e-05     -9.481899936925442
                 113.25     0.4952028815097959    0.00814997919640729  0.0004274926398918152     -7.591393474459592
                  113.5     0.4213036157985972   0.008163281065608156  4.985098436282673e-06     -12.04124659147496
                 113.75      0.509143921311389   0.008168645220211266    0.00026313577249635     -8.074372705117922
                    114     0.4519271027185335    0.00816804693305808  0.0001794855456614906     -8.457021414786256
                 114.25     0.4680133189084535   0.008168966663746714  0.0004197685274424011     -7.607300064980167
                  114.5     0.4646774651825545   0.008166786043673996  0.0007551981081774144      -7.02029036458738
                 114.75     0.4993060945746017   0.008159319513217855  0.0007512051842114294     -7.026506319101536
                    115     0.4505337678268994   0.008152530956002334  0.0004707013577168321     -7.494793662064309
                 115.25     0.4913241472046636   0.008153613018894876   0.001302064121649075     -6.477178706368631
                  115.5     0.5005385970814458   0.008147971177779002   0.001856250586832056     -6.123263041011465
                 115.75      0.527896490746967   0.008139826996449996   0.000191251292666158     -8.396988762718561
                    116     0.4807171013742298   0.008131843569466276   0.001414105713938301     -6.397305655562535
                 116.25     0.5175224781543623   0.008124101014268597  0.0005725766949359739     -7.302364151616212
                  116.5     0.5280353686837619   0.008117308312802255  0.0005474517107772386     -7.348073051767138
                 116.75     0.5662919802199987   0.008111043737728484  0.0001241101093723901     -8.832950212857401
                    117     0.5908448830723565   0.008115537220262075   1.42289223007631e-05     -10.99828884612867
                 117.25     0.5868460069490302   0.008118021216625047   3.82522047328401e-05     -10.00905829009477
                  117.5     0.5434447469082123   0.008113386953281497  0.0004655098407368587     -7.510697276347692
                 117.75     0.4973396702652995    0.00810572576433565   0.003788127558883306     -5.415148096076595
                    118     0.5138909146035524   0.008098184038397779   0.001763318024557607     -6.180753522548097
                 118.25     0.5483961680071568   0.008090242865251732  0.0006275521820805271      -7.21486034343334
                  118.5     0.5677830931593464   0.008084115997274894  0.0002578418061377264     -8.105098529928391
                 118.75     0.5619004166232334   0.008076827700517365  0.0005644853055956238     -7.322432384184006
                    119     0.5291069056808237   0.008068721276602285   0.001261866913586363     -6.519003324154183
                 119.25     0.5088694801754183   0.008060373933693171   0.004100566654546804     -5.341505519952935
                  119.5     0.4851842992337199   0.008057855373069562   0.003802838246124808     -5.417195508562485
                 119.75     0.4796364001097221   0.008053042812393055    0.00466557419703668     -5.213329719706127
                    120     0.4791873783780438   0.008044915077545308   0.007763640959805928     -4.705098997272827
                 120.25     0.5340134077716049   0.008038857022489913   0.001889339592458736     -6.119076384007082
                  120.5      0.525126773872083    0.00803073469229079   0.003573707348608903     -5.482711094579645
                 120.75     0.5377775342881391   0.008023340389153043    0.00383756016959164     -5.412399007038375
                    121     0.5472526375064208   0.008015571724910787   0.003369950059880652     -5.543306601128107
                 121.25     0.4958377553951569   0.008007195495918631    0.00927684513700012      -4.53172854200956
                  121.5     0.5315145508663839   0.007998480884024693   0.007973992860953473     -4.684153653920298
                 121.75      0.522139691991143   0.007989776465011297   0.009520008613924678     -4.508032105571114
                    122     0.5030398393724271   0.007980893534271021    0.01259294433269318     -4.229403581315782
                 122.25     0.5524525039368824   0.007973723805259087   0.004265098210618073      -5.31297382250637
                  122.5     0.5243669511752213   0.007965268251717929    0.01848289010681365     -3.847654575088678
                 122.75     0.5935977448923067      0.007960561401769  4.968861172917868e-05     -9.767070628904602
                    123     0.5864241137963402   0.007960222575215104   0.000128911494037313      -8.81376288338817
                 123.25      0.601575876253319   0.007956843303740645  7.117326568649278e-05     -9.408196303426827
                  123.5     0.6012445071664997   0.007954307509006116  0.0001373554315340516     -8.751060356792596
                 123.75     0.6261140438643712   0.007958750681416351  1.975861220839434e-05      -10.6894844252701
                    124     0.6082295637702365   0.007964213189891805   0.000154000702667649     -8.635430600500628
                 124.25     0.6308581234697197    0.00796501795859701  4.918646764754187e-05     -9.776668184822471
                  124.5     0.6218717020254766   0.007965032946815545  9.328006107386916e-05     -9.136678463580965
                 124.75     0.5879402933765875   0.007960821969499755  0.0002802584250774815     -8.037101539476147
                    125     0.5905672524176334   0.007953327780866506  0.0005033205495101267     -7.452528248357617
                 125.25     0.5759696959221582   0.007946890444153167  0.0006239349868975224     -7.238519032393868
                  125.5     0.5903958781062852   0.007942387919158347  0.0009859724058583689      -6.78150357692603
                 125.75     0.6259681275103343   0.007936691462145807  0.0001715548549772045     -8.530946355170581
                    126     0.6170513100750793   0.007930896832642986  0.0002906636620435611      -8.00441299963901
                 126.25     0.5164436076746078   0.007922761935161138    0.02324795049704135     -3.623633790035744
                  126.5     0.5652616404286267   0.007918285347281657   0.002287466038540501     -5.942971284390297
                 126.75     0.5380885311517264   0.007910452230089812    0.01762489954769132     -3.902093040388935
                    127      0.560780016335123   0.007908562930419661   0.005071342181747363     -5.148039041340254
                 127.25     0.5571673603891841   0.007900296837207789   0.009884036631494385     -4.481769314382835
                  127.5      0.596916345353137    0.00789373773791761   0.001297550982530291     -6.513042259835786
                 127.75     0.6704407461093417    0.00789531856803642  4.313427275741838e-05     -9.916758050522702
                    128     0.6983810691124922    0.00791257112803013  6.895138469261163e-05     -9.445491457368819
                 128.25      0.640195278277509   0.007914836389573335   0.000134765234948785     -8.775072634292346
                  128.5     0.6930119000516439   0.007919220195332578  0.0001027312573431047     -9.045936753477307
                 128.75     0.6803681500137144   0.007921865978129095  8.880507680925179e-05     -9.191275319707685
                    129     0.6221412074153422   0.007918907197698727  0.0005001135510185368     -7.463257529829153
                 129.25     0.6577214988772032   0.007917949485057602    7.3032531107459e-05      -9.38730867832593
                  129.5     0.6727614542455137   0.007918729558838947  0.0001579544502869531     -8.615808434859897
                 129.75     0.6639000867232788   0.007914033167573378  0.0001983820807570603     -8.388513514760975
                    130     0.6659443537468951   0.007910954223798138  0.0003853717533301948     -7.724889049630598
                 130.25     0.6490625184734249   0.007904366248095753  0.0002495816129940934      -8.16014465640087
                  130.5     0.6918169554701269   0.007899679592422739   0.000221639042887357     -8.279473594324077
                 130.75     0.7113748874549723   0.007898812804410816  0.0001634696099262884     -8.584006349414384
                    131     0.7283162802282827   0.007909914684179521  0.0001150907989350874     -8.933507552033735
                 131.25     0.6842513146296878   0.007904129469450804  0.0003856997027189786     -7.724901485709858
                  131.5     0.6616455958983712   0.007897320356585349  0.0007133464288605369     -7.110855236763062
                 131.75     0.6782399448641641   0.007890572894346703  0.0007586513491279139     -7.050134862020319
                    132     0.6357353325782427   0.007884135375356115  0.0004758719631378139      -7.51734452763786
                 132.25      0.726960215475953   0.007878451792409631  0.0002376961277711045     -8.212221425370322
                  132.5     0.7057162158460863   0.007886286975826511  0.0003418945644842982     -7.847718096835854
                 132.75     0.6730593504200858   0.007879283405316564   0.001489137243957814     -6.377156759063704
                    133     0.7382622360241835   0.007877563502074133  0.0001560355030543849     -8.633243699870926
                 133.25     0.7691969360875579   0.007881652894736307  9.138391048341777e-05      -9.16773885176743
                  133.5      0.736545436513399   0.007887072824747583  0.0003270378614990249     -7.892044904236773
                 133.75     0.7432457643376211   0.007887777817551688  0.0003763316016993763     -7.751560796824069
                    134     0.6922402106411296   0.007881273199620823   0.000906703393438529     -6.873041079077694
                 134.25     0.7652392969920859    0.00787681826930515  0.0001547832363568894     -8.641396208298147
                  134.5     0.7379130147184432   0.007872986593968729  0.0008475858906326888     -6.941516259308329
                 134.75     0.7436510118269426   0.007866731459263008   0.001234437355578644     -6.566332698320374
                    135     0.7826606789304615   0.007870882641120836  0.0003112196106400763      -7.94367690544704
                 135.25     0.7635840320582674   0.007869557289516811  0.0003506460790234301     -7.824566719898798
                  135.5     0.7613958121253751   0.007865601846062603  0.0006672098328393568      -7.18174227666702
                 135.75     0.7871264467655403   0.007866111550537565   0.000592612138661677     -7.300241946793154
                    136     0.7265233840654419   0.007860918415878927  0.0009873641195487781     -6.790403587452791
                 136.25     0.7155954589299089   0.007853904455404712  0.0008651942322633028     -6.923381102033405
                  136.5     0.8197110076012072   0.007850581142096994  0.0001065982017670439     -9.017691718215378
                 136.75      0.794440247752515    0.00786293882731209  0.0008685671331907175      -6.91834060700549
                    137     0.7830610340079848   0.007857545938143249   0.001255115669269834     -6.550888570575127
                 137.25     0.8313145551602944   0.007862804522823383  9.167362124551731e-05     -9.166967894149529
                  137.5     0.8022692620174771   0.007868129034080093  0.0009323836758145871      -6.84678122117034
                 137.75     0.8686023052338132   0.007872617005322245  0.0005204909822822695     -7.429182821503925
                    138     0.8214865943163374   0.007875042916696046  0.0002659307152018977     -8.100411480598373
                 138.25     0.8388368022288332   0.007877330696240184  0.0001201981578190224     -8.894215122352447
                  138.5      0.833764185231857   0.007878492063698717  0.0003136948723461007       -7.9347886283013
                 138.75     0.7601490013905232   0.007871976103910576   0.001197336495387055     -6.596182014893479
                    139     0.8646281080164118   0.007867710430912183  0.0008512481669809056     -6.937875120129702
                 139.25     0.8946022555369668   0.007882172209631347  0.0004920405102873789     -7.484181342634145
                  139.5     0.9007139153139193   0.007893682497787519  0.0009927584435591808      -6.78079578979415
                 139.75     0.8278472792367114   0.007895167418011589  0.0005892650451690121     -7.302218993431307
                    140     0.8156792290147405   0.007888771409110042   0.000775258879673961     -7.028708501067096
                 140.25     0.8793356458441547   0.007883271321125826  0.0008546303626025774     -6.931933909709215
                  140.5     0.8524880516647506   0.007882376130408495  0.0004742915448375979      -7.52089431680251
                 140.75     0.8033471376340247   0.007876276264278875   0.001831147962833988     -6.170792332577702
                    141     0.8615238997692042   0.007870426313742039   0.001530153873646803      -6.35111010994791
                 141.25     0.8524340036166242    0.00786597652903057   0.001456185151427677     -6.401223845453823
                  141.5     0.8777281914059988   0.007863812144977712   0.001721821183005599     -6.233936589162052
                 141.75     0.8383600633502001   0.007860468236204569   0.001026249156302306      -6.75183390537016
                    142     0.8782791707331293   0.007854510875867637   0.002917595851074265     -5.707742702638644
                 142.25     0.8859161958387415   0.007851918536042843   0.003334063819684376     -5.574640814088358
                  142.5     0.8751812742499075   0.007849032154433023   0.006319609691774308     -4.935542961354876
                 142.75     0.8541105950224014   0.007842434380255888   0.003099274666000524     -5.648873242485394
                    143     0.8395062558250267   0.007836224197143509    0.00229742563825224     -5.949044322546832
                 143.25     0.8762515737447629   0.007829142622753584    0.01130751321212878      -4.35627024593408
                  143.5     0.8982761609345957    0.00782663622218613   0.002732865518334666      -5.77670712617072
                 143.75      0.859383176712164   0.007820808168121177   0.006868896790274091     -4.855799236533781
                    144       0.88554440922573   0.007815346274977779     0.0128801353892692     -4.227815137619901
                 144.25     0.8647793637782922   0.007809238842133599     0.0142955354866597     -4.124335857241926
                  144.5     0.8671612448804239   0.007800837248047599    0.02508531006774194     -3.563077155768645
                 144.75      0.902093007802002   0.007795539146192835   0.004926706506973298     -5.191368262493541
                    145     0.8824240922295787   0.007789158387144626      0.029834447633976     -3.391194138513057
                 145.25     0.8326455884691755   0.007782513175303994   0.003168650649054363     -5.634405490957982
                  145.5      0.802377226671224   0.007778151660262294   0.003303341522668275     -5.593337368794034
                 145.75     0.8775015684654736   0.007769134308292972    0.05124748208086687     -2.852765411519638
                    146     0.9048337483695186   0.007764657292485266   0.007189597580230589     -4.817373120218858
                 146.25     0.8246762888803446   0.007760093654002599   0.003429521728275152     -5.558175425168275
                  146.5     0.8360343573437498   0.007753461046240934   0.006659072565975071       -4.8954710909559
                 146.75     0.8711909639986868   0.007742142425694046    0.07034904663009553     -2.539442961597531
                    147     0.8971830735299913   0.007735576520115303    0.01919810626585803     -3.838948984358388
                 147.25     0.8943682408078658   0.007729395640254885    0.03730321985438209     -3.175480319766327
                  147.5     0.9103415145205639   0.007723259342870893    0.01476469864330984     -4.103115067348501
                 147.75      0.900467027959881   0.007716159235830153    0.05065212619750618     -2.871292701767249
                    148     0.8353312342587882   0.007709808871953366     0.0110734487979941     -4.392547001367253
                 148.25      0.793056993842425   0.007715209805042535   0.004294410435925529     -5.339082683386406
                  148.5      0.863534072195948   0.007705905727733479     0.0800281265712533     -2.415225474205822
                 148.75     0.8561161266724578   0.007694705775781024    0.06738601495595731     -2.588620607792784
                    149     0.8341179487215321   0.007688811720242044    0.01927032479502436     -3.841258055646459
                 149.25     0.8361871127338547   0.007683779685510185    0.03195496505545091     -3.336151499547511
                  149.5     0.8719846839471314   0.007669081857762854     0.1546398340667732     -1.761294977293127
                 149.75      0.809160993668786   0.007663067758962096   0.005384252383233513      -5.11969977966355
                    150     0.7659881772853772   0.007666195517773838   0.001954624188057661     -6.132572226784942
                 150.25     0.7507050526921955   0.007673887182095842   0.002241737628325772      -5.99451605926269
                  150.5     0.7287276329330532   0.007687544083696951   0.002168299999575463     -6.026045823967099
                 150.75     0.7983667140176933   0.007689710725946502     0.0104056746437346     -4.457356179680962
                    151     0.7169337284505797   0.007690730011169124   0.002138745607016162     -6.039355440571016
                 151.25     0.7562877907468959   0.007700043890169627    0.00410190303563132     -5.386913591819091
                  151.5     0.7725904944601081    0.00769549761554624   0.003166442888147728     -5.646346368612112
                 151.75     0.7830525590510261   0.007689761084326052   0.006255964091250926       -4.9661656637264
                    152     0.7835401597474343    0.00768461990563628    0.01092282135738958     -4.409515422219031
                 152.25     0.7671938070219316   0.007679607911229399    0.00795160017928785     -4.727648960283576
                  152.5     0.8134105121295452    0.00767401168540052   0.009649748882576787     -4.534819234709023
                 152.75     0.8302292630077065   0.007665011281013726    0.04419986142411982     -3.014203003783137
                    153     0.7951839975829789   0.007657762822511361    0.02006393352766969     -3.804946908939638
                 153.25     0.7500232918751933   0.007653499910882714   0.006867908449757389     -4.877567980859421
                  153.5     0.7998364151436448   0.007645878794457559    0.03178968080127215     -3.346282124723112
                 153.75     0.8072562127297503   0.007637451617487996    0.03651526481249275     -3.208796264922761
                    154     0.6885299733889858   0.007639312589007661   0.001876764888676453     -6.176733527207937
                 154.25     0.7571177533685048   0.007641972854123359    0.01370430589207199     -4.188224762773123
                  154.5     0.7148828102873755   0.007640233312936391    0.00341611816957497     -5.577657632390665
                 154.75     0.6901640592578466   0.007644799310984043    0.00323867431888612     -5.630400968482054
                    155     0.7353786451250903   0.007641815141680448   0.005124511732701066     -5.171920233973016
                 155.25     0.7457988481618663   0.007635727388262219    0.01500801320379838     -4.098168165322659
                  155.5     0.7789515670071422   0.007628392597545689    0.01965724870405463     -3.829267326290035
                 155.75     0.7887031191205599   0.007619687416171025    0.04503412305499176     -3.001434801858336
                    156     0.7515083611990233   0.007613229696926489    0.02885365649445551      -3.44746643170224
                 156.25       0.72235677263002    0.00760765472607786    0.00692148397854576     -4.875805506128901
                  156.5     0.7046881835718661   0.007605872285811689   0.003640192249042127     -5.518633527692439
                 156.75     0.7138215851346601   0.007605859945348833    0.00981362102462814     -4.526900324978878
                    157     0.6917130026737683   0.007602418237981867   0.006125905242911648     -4.998597715579898
                 157.25     0.6909942498825661   0.007601916267044617    0.01042815278255562     -4.466681138680557
                  157.5      0.739981086663011   0.007595622924298874    0.02633202940596317     -3.541232445029476
                 157.75     0.8095209885804461   0.007588096007071023    0.05550493669565269     -2.796537970992659
                    158     0.8057995833926644   0.007587068888248952    0.09727984262389523     -2.235553505198673
                 158.25     0.7689945849244522   0.007581524924383558    0.02674541137023318     -3.527513363893653
                  158.5      0.783208668562413   0.007571291686288596    0.06882238162448795     -2.583697950230743
                 158.75     0.7682901061277915   0.007562426365646674    0.05067240909863911     -2.891016991975515
                    159     0.7365029104548416   0.007554934098037558    0.03482253743620527     -3.267124964376058
                 159.25     0.7054399651626356   0.007551418832545127     0.0122886897552946     -4.309175864034969
                  159.5     0.6720024897418844   0.007551801792042331   0.003544844288227083      -5.55231022431563
                 159.75     0.6698820793630522   0.007551539973657232   0.005584758320066509      -5.09779797071353
                    160     0.7645179305428215   0.007543280924647179    0.07416399593762078     -2.512654616009649
                 160.25     0.7400935339448653   0.007534098770767383    0.06454136112734814     -2.652845146480481
                  160.5     0.7370472839259021   0.007521833133801063    0.09671752719438881     -2.249986126354541
                 160.75     0.7183725681583953   0.007515641147526658    0.02450114077365808     -3.623884627812121
                    161     0.6820501244554255   0.007510428673543828    0.01269676515829018     -4.281950848153508
                 161.25     0.6507282227225827   0.007514146175820784   0.001160825953893403     -6.673671460017753
                  161.5     0.6316357822141886   0.007519465276967962   0.000997830326389073     -6.824267643855647
                 161.75     0.5755022095681894   0.007542955689716659   0.003469430609936684     -5.574986044104851
                    162     0.5677762841774745   0.007574930645469082    0.01102059773793816     -4.414980402654335
                 162.25     0.5481264625900589   0.007593641867756415    0.02132806405603003     -3.752255574128663
                  162.5     0.5304673336416925   0.007620729375127764    0.04181417473348355     -3.075483167598668
                 162.75     0.5034140597275958   0.007648342572682658    0.02779342914505861     -3.480302043470729
                    163     0.5479370584056995   0.007670468490967092    0.04035830863909173      -3.10441565951954
                 163.25     0.5188740845192618   0.007680524530145136    0.05462489419528274     -2.800413082231417
                  163.5     0.4478794074192883   0.007715291738476205  0.0007551077874036426     -7.077281117340719
                 163.75     0.4523913225136046   0.007748395078753372   0.001552122849537935     -6.352481332174287
                    164     0.4218471819982819   0.007790411637897823  1.561126606466959e-05     -10.94645938316129
                 164.25     0.4076800629620907   0.007825039801797065  5.556305362424954e-06     -11.97508371359597
                  164.5     0.4076743298622153   0.007857004585766403  1.120980201264273e-05     -11.26915190762036
                 164.75     0.4244524723860991   0.007877014403657468  4.122240168932057e-05     -9.964415132520307
                    165     0.4579562377975048   0.007890178501529064   0.002753969261716043     -5.760928644449343
                 165.25     0.4819520638346993   0.007886609498163718    0.01582078354316846     -4.013099830879572
                  165.5     0.5069522847168061   0.007877876890752812    0.05575724271590166     -2.754524888192027
                 165.75     0.4841709064587796   0.007871199379558843    0.02725410942398138     -3.471175877705813
                    166     0.4781630046885973   0.007866794974206481    0.03613148640573757     -3.189775223430547
                 166.25     0.4266235270284357   0.007870643892605752  9.375666212528323e-05     -9.143503320557247
                  166.5     0.4777107849353031   0.007868526729839254    0.05805813857425452     -2.715274899916821
                 166.75     0.4249332194488188   0.007867915972067173  0.0001615731226701475     -8.599594887815499
                    167     0.3917697977358974    0.00786880230037687  2.944799466350707e-06     -12.60439933347596
                 167.25     0.4367895189743295   0.007869793108400736  0.0007266870814875063     -7.095818186768322
                  167.5     0.4258714835183552   0.007865974398256349  0.0005210291502749457     -7.428993510640874
                 167.75     0.4196901619408296   0.007863685876220468  0.0005866359229066003     -7.310686089350231
                    168     0.4258117386503377   0.007860409133302187   0.001307036071316438      -6.50998995125066
                 168.25     0.4460991503998032   0.007855791654440107   0.003109663900728689      -5.64382494175899
                  168.5     0.3910943777981177   0.007857644695391649  6.364603868908314e-06     -11.83510702202487
                 168.75     0.4343932749645926   0.007853101328984913   0.002670162423084288     -5.796542811033143
                    169       0.43006184704302   0.007847990431260528   0.004068807816082451      -5.37598310207257
                 169.25     0.4339880570893411   0.007842371486979376   0.007481235952777287     -4.767651354868088
                  169.5     0.4080876548156831   0.007840512701028457  0.0003762594084726912     -7.757762871300923
                 169.75     0.4358900976711113    0.00783492732690302    0.01214321109853545     -4.284228785117024
                    170     0.3991798265273832   0.007833736551927444   0.000193118770626085     -8.425600923376976
                 170.25     0.4001538582575089   0.007830600549177535  0.0003741876273681954      -7.76454936609914
                  170.5     0.3826029299410581   0.007828530524654966  5.615070265118667e-05     -9.661531905860539
                 170.75     0.3909210452016418   0.007825648834134322    0.00031598491297921     -7.934244800922916
                    171     0.4091792311096502   0.007821646342185231  0.0009811322123207673     -6.801743635139942
                 171.25     0.4167218314306002   0.007816317794144968   0.003918605038400528      -5.41764133547198
                  171.5     0.3998887048791209   0.007811771321672972   0.001431738416828803      -6.42506951981351
                 171.75     0.3983217869461536   0.007806795084851041   0.002245347838746933     -5.975735674063317
                    172     0.4455198896219256   0.007801041835929208    0.01225017676796781     -4.279792981330454
                 172.25     0.3739014735850956   0.007796552086120764  0.0001073878411672168      -9.01721736006389
                  172.5     0.4303827731486793   0.007791084011150533    0.02079705383238041     -3.751799303346247
                 172.75     0.4035005277594609   0.007786639801284301   0.004270817775670534     -5.335375897177689
                    173     0.4130426802243345   0.007780519135050364   0.008113559508879415      -4.69443090338425
                 173.25     0.4077941298463795   0.007774295082377623    0.01180231326251872     -4.320472300976186
                  173.5     0.3797383494752325   0.007770238566116851  0.0004182500284258194     -7.660965645493525
                 173.75     0.3683183402463583   0.007766211977613281  0.0003398747667578623      -7.86898617749365
                    174     0.4451657154518416   0.007760328405612415    0.02207696741049208     -3.696031121692829
                 174.25     0.4232010402585674   0.007755104992546301    0.02426803083568093     -3.602079425802068
                  174.5     0.3969879159362367    0.00775019470596044    0.01025235816355934     -4.464364931479695
                 174.75     0.3774802556395239   0.007746764026938377   0.001197515940743962     -6.612066068581936
                    175     0.3570927761243191   0.007744135297039504   0.001569442969969032     -6.341934060502824
                 175.25     0.3707877547809581   0.007740936627291145   0.001475097469527956     -6.404343881537462
                  175.5     0.3741647784368663   0.007736230869218247   0.002879015723487464     -5.736227567491413
                 175.75     0.3601619503987927   0.007731825763126607   0.003064322965606833      -5.67441896231033
                    176     0.4335044474373352   0.007724803526819811    0.04425017631717603     -3.005294896686239
                 176.25      0.420924451703492   0.007719696487813356    0.04189672705063583      -3.06060788299933
                  176.5     0.4469924022115142   0.007714228903318257    0.03752479529100567     -3.171522186408029
                 176.75     0.3884409137068671   0.007709084348084171   0.007636062736542903     -4.764309101094392
                    177     0.3876721417453693   0.007702986530428928    0.01189963986740569     -4.321474390568222
                 177.25      0.401438668460972    0.00769587588481661    0.02613845331945795     -3.535498518404327
                  177.5     0.4608490896235551   0.007692064483947283    0.01946639173570549     -3.830711952899784
                 177.75     0.4427023465537306   0.007686346089229846    0.07039228203967023     -2.546061495052157
                    178     0.4192376416108373   0.007676763319007296    0.06500758667965902     -2.626888645016978
                 178.25     0.4181788498146893   0.007664875181829996    0.09805793126323092     -2.217383974361904
                  178.5     0.4445849011918032   0.007654308330120168      0.107317126780435     -2.128533719273557
                 178.75     0.4746737186317259   0.007646681055608536    0.07918875421020552     -2.433484640538341
                    179     0.4290925124855982   0.007634021305195792     0.1334383973163489      -1.91333596857175
                 179.25     0.4885494304230005   0.007629160637946439    0.07756436756809272     -2.456504669718163
                  179.5     0.4462953460396669   0.007614946418204213     0.1656533551339008     -1.699580308870809
                 179.75     0.4631879990987181   0.007607265699543473    0.06246280463274208     -2.675915584331012
                    180      0.488566457394784   0.007596286703368291     0.1220464875378147     -2.007529087963939
                 180.25     0.4954088916814587   0.007587752297544337     0.1353161696203946     -1.905441196746198
                  180.5     0.4505863934267295   0.007570717220592689     0.2099170730723751     -1.468590271058047
                 180.75     0.4395464719776713   0.007547682620699234     0.3018172056994562     -1.108528508271354
                    181     0.4456258616629803   0.007515449535795373     0.5219139136067483    -0.5651271440349277
                 181.25      0.465335027942437   0.007502684426865767     0.1329344558072423     -1.934473568385278
                  181.5     0.4733095042847943   0.007487080323612318     0.1957391350134046     -1.549628901209315
                 181.75     0.5115884956751783   0.007478780989336612     0.1013755326311229     -2.208689065885193
                    182     0.4524264582246136   0.007446356032033218     0.5599851887827316    -0.5039555174483509
                 182.25     0.4447865037040294   0.007397901488176914      1.028539165942736    0.09750052458631189
                  182.5     0.5336646297647342   0.007396377008765016    0.07012085676277821     -2.588380076329565
                 182.75     0.4951096426312924   0.007381538449421364     0.2289204534819571      -1.40723398437023
                    183      0.538737084698939   0.007376833019715872    0.09789339008400894     -2.257367195110464
                 183.25      0.572543530391497   0.007383111764043336    0.01272622433078876     -4.296730671343531
                  183.5      0.550649020113421   0.007386254813679774    0.08035916546280331     -2.453463671444161
                 183.75      0.517090264313172   0.007374883308313982     0.1479967945243995     -1.844319947330327
                    184     0.5899697176648773   0.007376589055823254   0.003301609677996969      -5.64686916677016
                 184.25     0.4959392418883098   0.007357713313551103     0.3386234172888482     -1.018952821907877
                  184.5     0.4875920055841022   0.007331813663368643      0.435375265819937    -0.7711593870071083
                 184.75     0.4722938557239453   0.007310190867049282     0.3309885733537472     -1.048237404724613
                    185     0.4900450185581456   0.007273444377589965     0.7321606569757638    -0.2593607161842365
                 185.25     0.5359042310200132    0.00726055731300881     0.1652928051491888     -1.749415573111023
                  185.5     0.4997199750319242   0.007227123874666487     0.6668554872544143    -0.3591761273951595
                 185.75     0.5120081614706524   0.007207143250854516     0.3253947239768714      -1.07947900867608
                    186     0.5214969833035866   0.007188813184330161     0.2921499502010745     -1.189797349854502
                 186.25     0.5012426341364556   0.007149536625609284     0.9316939594574623   -0.03553870366183239
                  186.5     0.5004841050277364   0.007104020017078126       1.38291405627418     0.3530183684300761
                 186.75     0.4642679509300028   0.007081767754182046     0.4349153222866475    -0.8069157316763512
                    187     0.4867504439711386   0.007041667421788794      1.165096554682881     0.1728135921928221
                 187.25     0.5250849424149797   0.007021638260268332     0.3927359891099861     -0.917456477833992
                  187.5     0.5634968882260936   0.007017046219556051    0.03856381709312826     -3.238933822847085
                 187.75     0.6221353416848483   0.007021660477467011   0.001211869751813452     -6.698426500048961
                    188     0.5986099877775662   0.007028159378243158   0.002967569285023742      -5.80192259888935
                 188.25     0.6047674964792649    0.00702994079990237   0.002875659549134345     -5.833130300685796
                  188.5      0.582116731255981   0.007031167041113989    0.00969383535356313     -4.617747788088527
                 188.75     0.5834417756904121   0.007028125085009662    0.01395199570416468     -4.254048114213462
                    189     0.6024262946698167   0.007029281018474591   0.005803137179411816     -5.131107550155567
                 189.25     0.5381949383417555    0.00701345870528566     0.3121390715050629     -1.148310835970181
                  189.5     0.5697695069872586   0.007007342911506104    0.04429314731145657     -3.101802078272972
                 189.75      0.601773629929117     0.0070041721379383   0.009485674793111796     -4.643301906486955
                    190     0.6410986938648376    0.00700726143178086   0.001390902594877656     -6.562690797720893
                 190.25     0.6143853932912866   0.007005418029618493    0.00431613155213203     -5.430547260804341
                  190.5     0.5973907952964329   0.007006266614973239     0.0156436246421713     -4.142722199573673
                 190.75     0.6162326059184272   0.007008150449271128   0.006546603478306136     -5.013570457896884
                    191     0.5963801610671866   0.007003293014615536    0.02495814234555367     -3.676010057170052
                 191.25     0.6308119106478114   0.006999154156622248   0.002961065971776978     -5.808252005647586
                  191.5     0.7043557564901832    0.00700889480858303    0.02016155222127614     -3.888633177041652
                 191.75     0.6305945997870154   0.007012312209793019    0.00482576849191017      -5.31795315555898
                    192     0.6749266398879391   0.007011161515526687    0.01351177841190936     -4.288525480320144
                 192.25     0.6859783131274768    0.00701202276472979    0.02220214776579814     -3.791775397741956
                  192.5     0.6487354259915765   0.007010561401546998   0.002431566360496838     -6.003637215598877
                 192.75     0.6857132188486229    0.00700667151503561     0.0365221355082664     -3.294809343942757
                    193     0.7212782506198641   0.007008928603076157    0.03999020261327532     -3.203771301293117
                 193.25     0.6751092961507632   0.007009573527766627    0.03207117497520302     -3.424356129374388
                  193.5     0.6626770862483617   0.007005288212964151    0.01152624935913992     -4.448298331634335
                 193.75     0.6474801110560356   0.007002350579132933   0.004705983591904294     -5.344509948367156
                    194     0.6873724148112104   0.006995960476736564    0.05857655411532898     -2.823923217908076
                 194.25     0.7136542254810457   0.006996102242085038    0.04814608203752718     -3.019997705331108
                  194.5     0.6763340583269811   0.006991502361477713     0.0617488106280707     -2.771820464238653
                 194.75     0.6413908554203497   0.006986918318387243   0.006802620814404883     -4.978243100938696
                    195     0.6528389147619281   0.006982159783356483   0.009739068478083932     -4.620086873997818
                 195.25     0.6142656841427144   0.006977525977158301    0.01225704924967376     -4.390795011892966
                  195.5     0.6531332812769287   0.006972865218742637    0.01546286314296081     -4.159123199867787
                 195.75     0.6896374002595156    0.00696470482738772    0.08872196210766042     -2.413227956290918
                    196     0.7547442661563023   0.006963466445578685    0.07733549586818805     -2.550760192435174
                 196.25     0.7654500935824955   0.006966781304223985     0.1170653825956681     -2.135704712104264
                  196.5     0.7016055947239567   0.006964860377565537    0.05400475491290923     -2.909640984372357
                 196.75     0.7601142660000727   0.006955871444945078     0.1624942391859979      -1.80936197661586
                    197      0.758016856673008   0.006947236223775861     0.2373871400078592     -1.431554416332689
                 197.25     0.8136592790707885   0.006953994769365696    0.09025829627318835     -2.397598841878343
                  197.5     0.8167000510391111   0.006957076115175089     0.1138855870984583     -2.164637031568864
                 197.75     0.8251603734861769   0.006970754435870974    0.09645114840193167     -2.328830536396438
                    198     0.8223138192290317   0.006968640120437634     0.1634475728643374     -1.801678257022503
                 198.25      0.782644865051377   0.006965860091831204     0.1008432558583402     -2.285002165264296
                  198.5     0.7790040702211082   0.006959194011115715     0.1524538614742112     -1.872664974539568
                 198.75     0.7813844558457916   0.006948160302961124     0.2272549680906601     -1.475041127210132
                    199     0.7738938547058789   0.006934352826541808     0.3005609832660607     -1.197452239513794
                 199.25     0.7367161993587907   0.006925379972188802     0.1320618114150272     -2.021127640263261
                  199.5     0.7024042373984378   0.006918242361851528    0.08005581279688971     -2.522704846941196
                 199.75     0.7935808868499362   0.006909234391582802     0.1520965419954256     -1.882216343331089
                    200     0.7547274268558964   0.006893821451486838     0.3462585310783787     -1.061779377406437
                 200.25     0.6845783834534132   0.006885516938543335     0.1431300016584467     -1.946417110744058
                  200.5     0.7233704290878629   0.006878601067085226    0.08934290130833727     -2.418693553437129
                 200.75      0.718210466510687   0.006869265195269022     0.1300619913808992     -2.044522306130843
                    201     0.7722014718258445   0.006849984701175907     0.4437574698636517      -0.82006604873002
                 201.25     0.7926389892701247    0.00683953097461425      0.240625536497463     -1.433629548780236
                  201.5     0.7104053252265308   0.006830881166128077     0.1453383953798173     -1.939072177735265
                 201.75     0.7517902832728883   0.006811334101383201     0.4478619615097125    -0.8165175741728317
                    202     0.7164338547164346   0.006798589696171424     0.2351276849289848     -1.462746741978129
                 202.25     0.7246980269701647    0.00678532339645525     0.2534616764333172      -1.38961605232214
                  202.5     0.7448777670501594   0.006766714519927764     0.4235564587334626    -0.8788881526676827
                 202.75     0.8233388306903163   0.006756824330850685     0.2377869108503806     -1.457662695545814
                    203     0.8496529183608061   0.006761153011726994    0.05387960392161632     -2.941645201970292
                 203.25     0.8412786327579201    0.00676198543463717    0.07347689112726388     -2.631303141108056
                  203.5     0.8061166671933967   0.006755261813707056     0.2383163023999886     -1.455670119562219
                 203.75     0.7542557167194444   0.006728137388837941     0.8357394166257116    -0.2049754369260197
                    204     0.7244272667489803   0.006711322511062301     0.3994703107039657    -0.9456551683295236
                 204.25     0.6645367680051903   0.006714841981376624     0.0348507124689902     -3.384196763356006
                  204.5     0.6987073519571444   0.006710570993515151     0.1525793248170683     -1.908221974928543
                 204.75     0.6736975939454998   0.006706091015950398     0.1124620414785645     -2.213958665842552
                    205     0.7314873975551395   0.006693055696759058     0.4455556325562142    -0.8391980002291177
                 205.25     0.7267966228737722   0.006669206255645643     0.6997326440307162    -0.3913914660581657
                  205.5     0.7129043778179993   0.006650503328874529     0.4854711706303773      -0.75977819619774
                 205.75     0.7127099432841025   0.006629243185850664      0.691846503415102    -0.4087358788663591
                    206     0.6635820539439504   0.006625527890167852    0.06754101948106543     -2.735925482185712
                 206.25     0.6047353299976183    0.00663398935572456    0.03019463421514343     -3.539720072120487
                  206.5     0.6497427901145786   0.006639175654303207    0.02793412007582978     -3.616753950978065
                 206.75      0.626820721431767   0.006644180162346703   0.009773717516167294     -4.666152436936696
                    207     0.6226232345762805    0.00664525549066503    0.01730430758084637     -4.094732038133931
                 207.25     0.6267286700314944   0.006646051068533218    0.02478142799634755      -3.73547328622473
                  207.5     0.6045691121648313   0.006647911030266373    0.04829929398890654     -3.067871023864048
                 207.75      0.604580945837731   0.006646589061904261    0.07356438868697196     -2.647325782404182
                    208     0.5474450901000197   0.006647355557353347     0.2373037419961245     -1.476030594338964
                 208.25     0.5688839997195446   0.006657240651188005    0.06414754223199064     -2.782699782180934
                  208.5     0.5868938005498289   0.006658219631458028    0.03072489763871821     -3.518665191613022
                 208.75     0.6593144626245653   0.006653757201267101     0.0751350741108066     -2.625121472103111
                    209     0.6097702749578278   0.006648993947763842    0.08250307296239873     -2.532289543891836
                 209.25     0.5939371734826969   0.006644983357899508    0.07317123829638739     -2.652926029726725
                  209.5     0.5862365625731227   0.006642446440692401    0.06525999190085033     -2.767731139186536
                 209.75      0.562442113929479   0.006638282320094553     0.1059075681261473     -2.284170683559758
                    210     0.5729684995658094   0.006633116139999921     0.1080796440897289     -2.264647541307149
                 210.25     0.6050811491228383   0.006625916159059792     0.1505359428019383     -1.934400112989258
                  210.5     0.6379874777161989   0.006621290227626259    0.02174019962217931     -3.870137328444661
                 210.75     0.5583131981721972   0.006612458497023447     0.1921220724765697     -1.692504156872926
                    211     0.5497908811498937   0.006602784805808275     0.3564899246164111     -1.075793163916161
                 211.25     0.5776817904242436   0.006596315489079233     0.1324336875673474     -2.066997358863982
                  211.5     0.5903731370474961   0.006588420139441989     0.1359115868445659     -2.042272480414888
                 211.75     0.5732480720465772   0.006577785800547847     0.2322861470184943     -1.507922453525346
                    212     0.6411486879577358   0.006574089932343518    0.03692304597947648     -3.347618578203941
                 212.25     0.6206982647780531   0.006568708721974434    0.06158500982965376     -2.836854876112283
                  212.5       0.59631909704335   0.006557925709444322     0.2246341180725963     -1.544443354914444
                 212.75     0.6158950973870331     0.0065511727473601     0.1303753100298155     -2.089529271417974
                    213     0.6220127849289163   0.006544670263009898     0.1339694455832977     -2.063327867714885
                 213.25     0.5597220881760498   0.006531161718903074     0.3525476187451722      -1.09782010762196
                  213.5     0.5738037026709115   0.006518697814276309      0.360469289371716     -1.077509243371963
                 213.75     0.5793506717023186   0.006503885716388371     0.4144335864954429     -0.940278104776162
                    214     0.5865149134706449   0.006488202524570035     0.4358788117170547    -0.8922408602248845
                 214.25      0.589135627403746    0.00646916869244128     0.6066172877346936    -0.5646449337214239
                  214.5     0.5655094511948073   0.006451050049907068     0.5931489086075198    -0.5899022476361676
                 214.75     0.5781292679264471   0.006428740110066295     0.8710489986016595    -0.2091138311853377
                    215      0.608659794565012   0.006417886269831357     0.2694832122617078     -1.383995723465004
                 215.25     0.5793955964847515    0.00639208913545912      1.232721094643688      0.132449788436846
                  215.5     0.6055720074313411   0.006377620065476299     0.4251918125255423    -0.9342552537681995
                 215.75     0.5954636574541914   0.006357771947892769     0.7549235683428749    -0.3632961382822639
                    216     0.6330661401326185   0.006352845282277819    0.06909021776754809     -2.755274698806436
                 216.25     0.6434757067406907   0.006348729957560538    0.06690599553802788      -2.78804727300185
                  216.5     0.6271679993314061   0.006341360982808271     0.1578257818087632      -1.93100545238564
                 216.75     0.5540570737457678    0.00632455778210571     0.5922679977222193    -0.6111912941415459
                    217     0.5532556904638242   0.006305462250884755     0.8592199278092397     -0.242149443108737
                 217.25     0.6267812368261112   0.006296864129597447     0.2404350435160026     -1.517088925737116
      217.4999999999999     0.6505003432496838   0.006291274684204068    0.08995302217785077     -2.501139380810588
      217.7499999999999     0.6250532130802954   0.006281393895062071     0.3649039667907527     -1.102364513795119
      217.9999999999999     0.5444612529589423   0.006262728220496638     0.7869393415654082     -0.336823563672046
      218.2499999999999     0.5434655818461581   0.006246101967306306      1.095016807460192  -0.009108066383883666
      218.4999999999999     0.5817157930086082   0.006223480327363094      1.687914821290513     0.4199878592509713
      218.7499999999999     0.5228802852512774   0.006210577994664091      0.542329797991991    -0.7174623755320949
      218.9999999999999      0.596533681335052   0.006191518019123241      1.100452978832456    -0.0129331748121251
      219.2499999999999     0.5670576337504049   0.006170088909975164      1.195720916625933    0.06662716609601807
      219.4999999999999     0.5709254036356589   0.006149958354590692      1.990091368098371      0.572790498725862
      219.7499999999999     0.5631787694478764   0.006129602347058727      1.945053406413183     0.5465839501153802
      219.9999999999999     0.5337156792937354   0.006112510595634972     0.8650009259097802    -0.2665224761562401
      220.2499999999999     0.5326731098653061   0.006093813062168929      1.140537119872077   0.006937950845001199
      220.4999999999999     0.6244437672878095   0.006081697380520829     0.4835886556303607    -0.8530721499979361
      220.7499999999999      0.608242780899486   0.006067164273703148     0.6895972463299332    -0.5005915903509092
      220.9999999999999     0.5883553747917365    0.00604822457549311      1.976925463013669     0.5494722490319318
      221.2499999999999     0.6350884081655497   0.006040732461007897     0.2566462344637633     -1.493366751741523
      221.4999999999999     0.6827876335010893    0.00603993016780457     0.2010370179459229     -1.737709131494795
      221.7499999999999     0.6414566011589369   0.006041773433218779     0.1883821728867495      -1.80242032419673
      221.9999999999999     0.6386309643339099   0.006034166272630163     0.3132950170151679     -1.295007652431773
      222.2499999999999     0.6102885556715818   0.006018208221486414     0.8420054465095856    -0.3090145815890546
      222.4999999999999     0.6725378128259653   0.006013420661397239     0.1723196074162113     -1.896245958293801
      222.7499999999999     0.7022409387139612   0.006007084502882825     0.3311822158291581     -1.243982393667852
      222.9999999999999     0.6759493086745945   0.006003447934000913     0.2718449486565815     -1.442024819839935
      223.2499999999999     0.6774224302253512    0.00599463228015766     0.3848564790551284     -1.095855709784693
      223.4999999999999     0.6923997646412094   0.005990075732754605     0.2747626329921264     -1.433579014315153
      223.7499999999999     0.6604108725637534   0.005985487538272602     0.1337943968304964     -2.153948576402911
      223.9999999999999     0.6731183155879091   0.005974853546055339      0.473895808950351    -0.8910435701516816
      224.2499999999999      0.646492102633123   0.005967060365188078     0.2593247445215527     -1.495255120595598
      224.4999999999999     0.6415615794651601   0.005955835621090799     0.4657150051633021    -0.9116452560424789
      224.7499999999999     0.6652126168387447   0.005946947234877006     0.3228193426208875     -1.279619767637749
      224.9999999999999     0.6973642345764506   0.005937052754017851     0.4088592582629029     -1.045006815859539
      225.2499999999999     0.6048911003598257   0.005919987423730081      1.313948939389541     0.1195360221610193
      225.4999999999999     0.6485577824363996   0.005910332224853388     0.4067021720787892     -1.054807444244434
      225.7499999999999      0.678729531261075   0.005897786046254032       0.67721066808245    -0.5470312042910196
      225.9999999999999     0.6303596457319777   0.005885128377206793     0.6428696040952784    -0.6012201762937139
      226.2499999999999      0.649279515375015   0.005873739134004813     0.5290627148988791    -0.7979922417162506
      226.4999999999999     0.6595717310268676   0.005864617341556706     0.3702635953300838     -1.156438234370831
      226.7499999999999     0.6569177521124226   0.005853225349051788     0.5348431727029263    -0.7906242219223755
      226.9999999999999     0.7085546791224139   0.005840575814475162     0.7262545228077176    -0.4868607156265796
      227.2499999999999     0.6985754047699168   0.005829848671014747     0.6507318003931167    -0.5985020223008206
      227.4999999999999      0.691382836750234   0.005820559302899526     0.6471941987023668     -0.605547882441575
      227.7499999999999      0.700179681314312   0.005805508346244843      1.004850369123417    -0.1681895370477128
      227.9999999999999     0.7395292780176385   0.005795674774638095     0.5835548013002542     -0.713340365323367
      228.2499999999999     0.7221548148224121   0.005785087325286736     0.9768628763255784    -0.1999608956579034
      228.4999999999999     0.7325668251888893   0.005772838488195226     0.8914124844381681    -0.2936194773118843
      228.7499999999999      0.764522873944757   0.005765098970070142      0.676827013941543    -0.5703525990532394
      228.9999999999999     0.8018031615837556   0.005763052559389353      0.274534761359578     -1.473045461061583
      229.2499999999999     0.8632468511231763   0.005776113396203855     0.1492993057200553     -2.079906553735329
      229.4999999999999     0.8375120392628912   0.005789100355747483     0.1120845194234658     -2.364360516791897
      229.7499999999999      0.880227171073928   0.005799480801911106      0.115377365402569     -2.333614050629619
      229.9999999999999     0.8949146086041929   0.005817918630263983    0.06154699861108157     -2.958846979610703
      230.2499999999999     0.8773958428496762   0.005829090118975694      0.185598424536453     -1.853144390516975
      230.4999999999999     0.9426241319335045   0.005849589840486088   5.21478882763989e-05     -10.02689068730884
      230.7499999999999      0.926072401060938   0.005868682907337929   0.001284116495501702     -6.819889480284521
      230.9999999999999     0.9356865147075274   0.005883364353873642  0.0003011516512497644     -8.267603190790089
      231.2499999999999     0.9595823818411947   0.005895896954457391  3.480345453729129e-05     -10.42337259301654
      231.4999999999999     0.9549403053957032   0.005908993468208156  6.572076182948425e-05      -9.78545552860531
      231.7499999999999      0.938181858340201   0.005920457767457002   0.000347607404255687     -8.117858454986743
      231.9999999999999     0.9770900470089042   0.005926690762037755  4.344129619628405e-05     -10.19646939977409
      232.2499999999999     0.9545195760325169   0.005931627693874758  0.0001103880225867781     -9.263045623847896
      232.4999999999999     0.9573774931732197   0.005934444731895754   0.000157780931455977     -8.905364894108489
      232.7499999999999     0.9630115358189349   0.005935304919484095  0.0001505812403038653     -8.951924776256364
      232.9999999999999      0.930654700927668   0.005938610614761679   0.001088722851848582     -6.973110125246636
      233.2499999999999      0.983404422330975   0.005939913432022917   8.80859257226161e-05     -9.487338594439562
      233.4999999999999     0.9805995917580751   0.005946832622022581  0.0001305065928465296     -9.093063429953732
      233.7499999999999     0.9469751232697673   0.005944945518882808  0.0002848302722360768     -8.312911087959971
      233.9999999999999     0.9437207879786883    0.00594402782865337  0.0005407325993975659     -7.672034045841923
      234.2499999999999      0.971109677656643   0.005942106385585744  0.0001274069626004091     -9.117895846699888
      234.4999999999999     0.9550125165167462   0.005940053312897327  0.0004130833547836829     -7.941978411992813
      234.7499999999999     0.9399840819302594    0.00593767869774032  0.0009952401527859784     -7.063043587732967
      234.9999999999999     0.9244035273333318   0.005934712488486892   0.003007432159560961     -5.957685446715545
      235.2499999999999     0.9455706345345383   0.005931854649228911   0.001248032407778679      -6.83768548321046
      235.4999999999999     0.9548988586378725   0.005928839366999419  0.0008954212817288199     -7.170223135758709
      235.7499999999999     0.9369527738773391   0.005925926895201951   0.002147286848155333     -6.296048414801873
      235.9999999999999     0.9251507854749333   0.005923897926448177   0.004491349622472748     -5.558442735337384
      236.2499999999999     0.9232398518644266   0.005920669353168774   0.007000311927760062     -5.115186423651069
      236.4999999999999      0.934581260640283   0.005917600525569138   0.004503421674148308     -5.556822111761212
      236.7499999999999     0.9834810166816707   0.005916565336936941  0.0002351520323660712     -8.509357568563903
      236.9999999999999      1.013802373130174   0.005917531820949354  5.320128743488587e-06     -12.29792897793492
      237.2499999999999      1.040339737932043   0.005920848919583306  1.968896976663211e-07     -15.59397770090445
      237.4999999999999      1.005167174130602   0.005923450988069705   1.64017014085925e-05     -11.17104163061889
      237.7499999999999     0.9861319069485617   0.005920681568435388  0.0003345084023203403     -8.156232350352884
      237.9999999999999      1.007265445817863   0.005919399785929864  2.524448336909478e-05     -10.74050321305916
      238.2499999999999      1.034242679606673   0.005919022585566929  6.681113135760868e-07     -14.37247507148486
      238.4999999999999      1.051573493641843   0.005920200652558865  1.309931331621074e-07     -16.00158595415223
      238.7499999999999     0.9707755184955286   0.005918743080151161  0.0002393086313175289     -8.491467748622782
      238.9999999999999     0.9312990267021745   0.005916028918046511   0.008218900515295812     -4.955488765937138
      239.2499999999999     0.9810153314291294   0.005913496919704614   0.000539497406588283     -7.679470591284152
      239.4999999999999      1.051830012042328   0.005914342381644818  2.395901581169843e-07     -15.39879109744564
      239.7499999999999      1.001523483131921   0.005913355450898215  6.108330009072089e-05     -9.857893984347694
      239.9999999999999      1.036405570941021   0.005910767965984462  1.050876319766968e-06     -13.92094574791635
      240.2499999999999      1.047624415807113   0.005911121092214178  7.442007352088084e-07     -14.26595488833168
      240.4999999999999      1.023167492283164   0.005909010989478313  5.286167232289338e-06     -12.30577399606124
      240.7499999999999      1.036496776868835   0.005907131925731536   2.39173148359581e-06     -13.09916792508547
      240.9999999999999      1.019573884627919   0.005904471964741234  1.337747341021365e-05     -11.37806369324026
      241.2499999999999     0.9970840301130652   0.005902060993056113    0.00015302237625654     -8.941460149210315
      241.4999999999999      1.011900694538563   0.005899143055507411  4.916908090416079e-05     -10.07727383614723
      241.7499999999999     0.9574139054151918   0.005896648165754445   0.001074177215458004      -6.99365157220519
      241.9999999999999     0.9669367269627437   0.005894655132030345  0.0006134784326969596     -7.554154781215453
      242.2499999999999     0.9545735544518261   0.005892759504862464   0.001812773337151433     -6.471008343943149
      242.4999999999999     0.9551450203492892   0.005890969079719205   0.002698682538671653     -6.073406422662026
      242.7499999999999     0.9215010785109267   0.005891771165725574    0.01215808598308857     -4.568039520583748
      242.9999999999999     0.9459799898780017   0.005889993391867107   0.004270641879188551     -5.614571627063263
      243.2499999999999      1.023603601899179     0.0058886134757897  2.095624008494319e-05     -10.93188889576117
      243.4999999999999      0.999817072364964   0.005886255301471153    0.00020945608514603      -8.63021179754568
      243.7499999999999      1.038861925166373    0.00588431944998035  4.707188738952637e-06     -12.42596396904235
      243.9999999999999      1.065889048273174   0.005885791209683917  5.219584452713124e-08     -16.92755713792333
      244.2499999999999      1.056650320653936   0.005887789700143324  6.622354904605281e-07     -14.38659931715056
      244.4999999999999      1.051694102971081   0.005886513298763979  2.050018942906618e-06     -13.25683303444174
      244.7499999999999      1.016151534514859   0.005884751221485326  6.352586948577899e-05     -9.823534237814828
      244.9999999999999      1.016203588312876   0.005881765569207689  0.0001055467553317788     -9.316334903768993
      245.2499999999999      1.073890609708321    0.00588132771502347   4.61836044094265e-08     -17.05069380921958
      245.4999999999999      1.071937486171109   0.005880413707452231  1.150064798521482e-07     -16.13848560854245
      245.7499999999999      1.054527233858316   0.005879316263944934  3.089218475295421e-06     -12.84798730891156
      245.9999999999999      1.036533230477389    0.00587652779642784  9.216901394789245e-06     -11.75534093727855
      246.2499999999999       1.03711695320236   0.005873711938999816  1.516611864000702e-05     -11.25779522614518
      246.4999999999999      0.965066463259751   0.005872101216735772   0.001691184611307229     -6.543948876575908
      246.7499999999999     0.9298846438527463   0.005874237124185376    0.01558903975810857     -4.322446353621493
      246.9999999999999      1.007858278940924   0.005872894837345321  0.0002131922540264327     -8.614803890791183
      247.2499999999999     0.9777769987739355   0.005870894015281242  0.0009202508876286346     -7.152692659235937
      247.4999999999999     0.9404965017264941   0.005869401782729833    0.01143012769727021     -4.633585274183428
      247.7499999999999     0.9543081145014973    0.00587102207100036   0.005432721645527324     -5.377121673110492
      247.9999999999999     0.9215514621188921   0.005869819872697381    0.02193606250254221     -3.981634722323763
      248.2499999999999     0.8846113384886366   0.005874802938051677     0.1703581892989505     -1.931014908408141
      248.4999999999999     0.9499274714935527   0.005874544671703147   0.009198741631946533     -4.849895391838642
      248.7499999999999      1.068740184222394   0.005873732963369432  4.707946241266997e-07     -14.73018887201437
      248.9999999999999      1.012254668709294   0.005876442166015222  0.0002791441440936036     -8.344666121846929
      249.2499999999999      0.982469518372163   0.005873533012036251   0.001360384815145339     -6.761366700931895
      249.4999999999999     0.9109547850680105   0.005873435292497158    0.02942986031644699     -3.687141134438893
      249.7499999999999     0.9310883133251282    0.00587340946535912    0.02657279075595208     -3.789267559311493
      249.9999999999999     0.9984047028972641   0.005871263595289333  0.0004171753008403625     -7.943769527626316
      250.2499999999999     0.9678045125105319   0.005868608927342884   0.002452412666483841     -6.172900714167169
      250.4999999999999     0.9804688582370094   0.005865735321230255   0.002249407665597461      -6.25979587120671
      250.7499999999999     0.9580384285062413   0.005863074162258447    0.00907764504003529     -4.865101772488202
      250.9999999999999     0.9941903726372892   0.005860459538097917  0.0008019621019467828     -7.292056548417864
      251.2499999999999     0.9904207387492684   0.005858228618283424   0.001707281087046639      -6.53684126988158
      251.4999999999999     0.9556014584784083   0.005855319291001155    0.01591900879074388      -4.30472619653856
      251.7499999999999     0.9642573039817171   0.005852291617741597     0.0103172940776042     -4.738935803783936
      251.9999999999999        0.9725400144847   0.005849330598321283    0.00558502319062977     -5.353174829862464
      252.2499999999999      1.043095316947765   0.005847565477191084  1.653219789094466e-05     -11.17601063708779
      252.4999999999999     0.9598975321448484   0.005845684390910115    0.02230618463678585      -3.96902298570711
      252.7499999999999      1.042768056618092   0.005843720862921184  2.876138225399458e-05     -10.62294459932344
      252.9999999999999      0.971047700235912   0.005841265801558373     0.0115869216301352     -4.624766105154735
      253.2499999999999      1.007898749437078   0.005838648605256115  0.0005804649394347851     -7.619017151739474
      253.4999999999999      1.032810377243416   0.005836283191987217  3.387886409689324e-05     -10.46046042424869
      253.7499999999999     0.9971111644295062   0.005834317831273249   0.001917248121294919     -6.424942404877017
      253.9999999999999     0.9782698912539313   0.005831440777282845    0.00837698011701252     -4.950839058652748
      254.2499999999999     0.9498168429824901   0.005828830386938208    0.02502014781600539     -3.857092868305568
      254.4999999999999     0.9690712924470669   0.005827153627821167    0.02122449847870331     -4.021905885986749
      254.7499999999999      1.031042808766485   0.005825404609758407  5.254585350468183e-05     -10.02343127428528
      254.9999999999999     0.9950787163924928   0.005823157893330673   0.003208505429831222     -5.911942703257582
      255.2499999999999      1.032179684198808   0.005820606833140599  8.708722096021089e-05     -9.519031241331984
      255.4999999999999      1.025428955377559   0.005818631012096924  0.0001439763808973973     -9.016631643359881
      255.7499999999999      1.022517314026158   0.005816289732383009  0.0002897662563800921     -8.317608779802034
      255.9999999999999      1.097428601877208   0.005817364755954796  1.448142925750571e-08     -18.22138674385966
      256.2499999999999      1.077868936693037   0.005818931898829875  2.685498981261568e-07     -15.30094774033762
      256.4999999999999      1.039620615689035   0.005819380179337011  0.0001113683325820565     -9.273309143630119
      256.7499999999999      1.008455001777435   0.005816623006840214   0.001321129730962043      -6.80038356042426
      256.9999999999999     0.9176079383855005    0.00581807082856204    0.03658777943403383     -3.478907618294819
      257.2499999999999     0.9322113736119961   0.005820485916530822    0.04016609468912163     -3.385183668612788
      257.4999999999999      0.941052589676002   0.005818841390308546    0.03333809578479498     -3.571788712986427
      257.7499999999999     0.9890219570746491   0.005817012586011288   0.005588378461767344     -5.358114646463404
      257.9999999999999     0.9668352515509392   0.005813690337964912     0.0363523089791889     -3.486117379755734
      258.2499999999999     0.9685167196409603   0.005811194210056294    0.05073670347413031     -3.153154965014059
      258.4999999999999     0.9221062514931492   0.005809655584364228    0.05947495958026357     -2.994513975853154
      258.7499999999999     0.9381580952739252   0.005806637086249612    0.05506854633552057     -3.072010346954904
      258.9999999999999     0.9346118507817573   0.005803525717867744    0.08455025751033624     -2.643778905485088
      259.2499999999999      0.920922582165829   0.005802130718498926    0.08740168832299007     -2.610850826719867
      259.4999999999999     0.9297291765221168   0.005799408168748889     0.1227487746091936     -2.271694985457467
      259.7499999999999     0.9293585314829672   0.005795108065295748     0.1780415328872899     -1.900559663196759
      259.9999999999999     0.9361913399658821   0.005789698898832617      0.194072510558281     -1.815278500168724
      260.2499999999999     0.9034301262301199   0.005787808263841534    0.07645498533422515     -2.747134819377786
      260.4999999999999      0.964700322981125   0.005784427954997991    0.07204986760678754     -2.807062685242203
      260.7499999999999     0.9137946889937382   0.005781011265061274    0.09598793285910773     -2.520789530823623
      260.9999999999999     0.9119020101513222   0.005777488104207015     0.1283230275673005     -2.231070899837441
      261.2499999999999      0.939163022566071   0.005772532036420012     0.2175715910458314     -1.703951879071428
      261.4999999999999     0.9079624689221822   0.005767461853474687     0.1612447350435416     -2.004435240494818
      261.7499999999999       0.91892441235781   0.005761796868268232     0.2151310971545349      -1.71709366287382
      261.9999999999999     0.9041442844481803   0.005756544778679703     0.2072189347441723     -1.755477321725292
      262.2499999999999     0.9065441423440432    0.00574971399218633     0.3168073177719758      -1.33214676995616
      262.4999999999999      0.939258212372907   0.005742785815261521     0.3045797677387458     -1.372713199614883
      262.7499999999999      1.035991681275042   0.005742548684718489  0.0002203509674429626     -8.604221205449848
      262.9999999999999     0.9784802617317049   0.005743505089755633     0.0263541516317836     -3.819895155200613
      263.2499999999999     0.9815051104743779   0.005741615327133211    0.02624615472159099     -3.824330563610999
      263.4999999999999     0.9197745301805467   0.005735120005390985     0.3143369932485036     -1.342516328969759
      263.7499999999999     0.9036223657116861   0.005728011382843947     0.4077360004499098      -1.08360231760431
      263.9999999999999     0.9089347805218376   0.005718282539368461     0.5743575237903735    -0.7426700706225519
      264.2499999999999     0.8925283373897051   0.005713493471626727     0.2042555846998092     -1.777387912920794
      264.4999999999999     0.8817382032776602   0.005707554223911922      0.305873336523572     -1.374628958568111
      264.7499999999999     0.8984056292178862   0.005698891038389832     0.5397511978900578    -0.8082107517614912
      264.9999999999999     0.8893185524368659   0.005692487519578789     0.3623475469622151     -1.207839489488894
      265.2499999999999      0.836232029540699   0.005691825849234275     0.1763968672388849     -1.927823173689654
      265.4999999999999     0.8700999860896539   0.005688034851887068     0.3054514139087743     -1.379435093970396
      265.7499999999999     0.9129267838778926   0.005677197826966321     0.7310400272750093    -0.5086646559374929
      265.9999999999999     0.8319283550943574   0.005672411124451543     0.2652877217051209     -1.523161392704933
      266.2499999999999     0.8015744961715539   0.005669368020518371     0.4181090090907681      -1.06877080461456
      266.4999999999999     0.7768923548839756   0.005670729498579369     0.5358026136041691     -0.820507037869062
      266.7499999999999     0.7409883782690628   0.005671129306772738     0.9328158981910855    -0.2659945125960546
      266.9999999999999     0.7920476413291772   0.005672969877264859      0.430685388422622     -1.038500006952975
      267.2499999999999     0.8210908501603169   0.005669306099525491     0.3178832149728143     -1.342839845710994
      267.4999999999999     0.7803377730415572   0.005660064679025305     0.7451256231504184    -0.4926024963578141
      267.7499999999999     0.7703182110177401   0.005652463489354173     0.9487072884118467    -0.2523988668994858
      267.9999999999999      0.762552527091122   0.005644152072252069      1.153968921099186   -0.05800814880771982
      268.2499999999999     0.7839146670961638   0.005635302961059644     0.8945390930393851    -0.3142311257475481
      268.4999999999999     0.7304308321065932   0.005626830129582502       1.35069784929649    0.09633227308099079
      268.7499999999999     0.7402067487707704    0.00561966440496565      1.309499138446323    0.06408131198539084
      268.9999999999999     0.7588678958883817   0.005610163735488418       1.60998457968132     0.2689691438250351
      269.2499999999999     0.7749462681947149   0.005599807210745555      1.518191153906154     0.2084164036228053
      269.4999999999999     0.8407815926775625   0.005594461071196258     0.2260434372062944     -1.697086447072918
      269.7499999999999     0.8787329684467002   0.005587547605101374      0.467458925108293    -0.9717386777702917
      269.9999999999999     0.8080335984279202   0.005581862038460115     0.5273942918854362    -0.8521197716246286
      270.2499999999999     0.8238059036142331    0.00557429177530199     0.4248017414460994     -1.069802798915288
      270.4999999999999     0.7585795370617345   0.005564578367449607      2.116895485308997     0.5345364757300165
      270.7499999999999     0.7462866546807161   0.005554691819068967      1.435971097446166     0.1446489239760395
      270.9999999999999     0.8312875258403617   0.005548350395640379     0.4704416448067751    -0.9724180608805241
      271.2499999999999     0.7406386276617895   0.005538170356970192      2.062533838808021     0.5037640687653634
      271.4999999999999     0.6922249551286188   0.005533596628727696     0.9874343634197883    -0.2336426255296248
      271.7499999999999      0.686382818153084   0.005531634364048563      1.031299405524571    -0.1905324799460769
      271.9999999999999     0.7351951654398938   0.005525397037587037      2.320945274724378      0.619494292767051
      272.2499999999999     0.7254478856879555   0.005515318949273224       1.79490443264304     0.3606459009811153
      272.4999999999999     0.7068195425663785   0.005506152149343474      1.122170788018135    -0.1107043100463553
      272.7499999999999     0.6389458369849511   0.005504445829689945     0.7544191427116793    -0.5080864376080755
      272.9999999999999     0.6584672359744065   0.005501252086452173     0.6656067804282076    -0.6339158469318144
      273.2499999999999     0.6819277733168378   0.005493878341643068      1.134866858294667    -0.1016855806030476
      273.4999999999999     0.6295325868106225   0.005489707269371523     0.8808110156696686     -0.355872616570475
      273.7499999999999     0.6197515264507986   0.005488031085249197     0.7767993538681022    -0.4818390019207618
      273.9999999999999     0.6884053779717298   0.005479807661567627      1.622256723284069     0.2530528582616071
      274.2499999999999     0.6664743782753997   0.005471371121292032     0.6971542687360697    -0.5930546759424412
      274.4999999999999     0.6761915082136321   0.005461476976179847      1.328317716341138    0.04979716554849156
      274.7499999999999     0.6959213837910005   0.005450637414513801      1.746845831552066     0.3217089755901423
      274.9999999999999     0.6463639342887203   0.005442308042396034     0.8879220184443571    -0.3565034762823245
      275.2499999999999     0.6499580457622811   0.005434038984065578      1.071541568018427    -0.1700543482685495
      275.4999999999999     0.6936393745792204   0.005427497702914789      2.351372746577839     0.6146421418696428
      275.7499999999999      0.717518097446518   0.005416859276211706      1.475540406567975     0.1467051154288539
      275.9999999999999     0.6916360261045726   0.005414290639268775      3.008485653756265     0.8586433569986931
      276.2499999999999      0.705838391005959   0.005403793362924991      1.714742972905346     0.2945290181683534
      276.4999999999999     0.6505120680629932   0.005393494872502554      1.322874545272625    0.03316526608388658
      276.7499999999999     0.6797128824909842    0.00538409731467682      1.960569692669353     0.4248493947467323
      276.9999999999999     0.6499765970828253   0.005374167790992751      1.708925597847603     0.2856332373813676
      277.2499999999999     0.6568098726705034    0.00536460431533492      1.444661325784869     0.1158621751127067
      277.4999999999999     0.6707541615399785   0.005355343608948252      1.298007777046185   0.007090114911482347
      277.7499999999999     0.6676144482974052   0.005345205275787625      1.407736215706461    0.08634747956517072
      277.9999999999999     0.6629621473921307   0.005335271926285785      1.621996168685353     0.2261620845446704
      278.2499999999999     0.6771549386186975   0.005327692249350166       2.43323196945741     0.6303032100351811
      278.4999999999999     0.7051803694087371    0.00531905379959242      2.162276513986628     0.5106216759075362
      278.7499999999999     0.7262185318335541    0.00531102740137393      2.305378569921786     0.5731948395720667
      278.9999999999999     0.6692011026171579   0.005302661158821941      2.290119628267025     0.5649774928450119
      279.2499999999999     0.6068077950927885   0.005294669946900787      1.336913033228181    0.02522853118059171
      279.4999999999999     0.6407836644433199   0.005287429544541127      1.290801071545894   -0.01124013204766249
      279.7499999999999      0.705554119411118   0.005280981572468789      2.621460608794919     0.6960082682680551
      279.9999999999999     0.6941184052389808   0.005282729746952514      3.626925397738324      1.020992890394994
      280.2499999999999     0.7266385580286462   0.005279842769429649      2.863489064282105     0.7841017898401301
      280.4999999999999     0.6756879818158411   0.005275626282786629      3.090326290334197     0.8595387170635086
      280.7499999999999     0.7111292337318248   0.005267952038677108      2.498854993182706     0.6456389410380847
      280.9999999999999      0.740928648153043   0.005261722803225318      2.560151950556112     0.6686897519118814
      281.2499999999999     0.7213338615328155   0.005257301073300997      3.055473469219113       0.84471699072978
      281.4999999999999     0.7495812064122822    0.00524980429487645      1.921791778440968     0.3796134047848451
      281.7499999999999      0.791792992400862   0.005247427132833207     0.5513958592422822    -0.8693997661704139
      281.9999999999999     0.7207443427891437   0.005248654302937216      3.632279443204386      1.015996754726651
      282.2499999999999     0.7230893463686858   0.005258922324175285      4.691085314773477      1.273754727751424
      282.4999999999999     0.6590664914548453   0.005249761227493214      1.958300865363332     0.3984244241694753
      282.7499999999999     0.7699563857401766   0.005241731287237461      1.479175448661139     0.1163012825719833
      282.9999999999999     0.7316243845760708   0.005241012898623767      3.711750387166845      1.036182985985105
      283.2499999999999     0.7518281701589296   0.005232417109874576      2.118933360380399     0.4739508012290733
      283.4999999999999     0.7666061478137116   0.005224141232772934      1.864481595037097     0.3444381135493989
      283.7499999999999     0.7292320979150714   0.005235358371421125       4.94939205869626      1.322864688648411
      283.9999999999999     0.7106578664979764   0.005229513515936294      3.207249823392109     0.8878967100890377
      284.2499999999999     0.7224437478074163   0.005250196800611906      5.902118929096662      1.501741625934763
      284.4999999999999     0.7012366130250013    0.00524599038991207      3.631662241999947       1.01531914816697
      284.7499999999999     0.7014735452977415   0.005244806952462113      4.177319754585393      1.155072906238443
      284.9999999999999     0.7171209717414628   0.005247950322853057      4.747485129562451      1.283617254351581
      285.2499999999999     0.6897062505361593   0.005242752898780171      3.639944262181517      1.016979728926961
      285.4999999999999      0.729185534767223   0.005257010808363212       5.96133830523991      1.513022218800885
      285.7499999999999     0.8173250514924254   0.005257050670982934     0.3372088957432626      -1.35931787419771
      285.9999999999999     0.7048239241945635   0.005258077063376799      4.540493119398049      1.240965642609511
      286.2499999999999     0.6942461510192682   0.005259410747394877      4.899987931672714      1.317416374695796
      286.4999999999999     0.7657287617462033   0.005250279887076098      1.915909148004161     0.3766382851385427
      286.7499999999999     0.7828814807635235   0.005245557808158124     0.9289444450629809    -0.3481601188552476
      286.9999999999999     0.7276855149389998   0.005268628789044444      7.013019743695869      1.677703158957665
      287.2499999999999     0.7157926392833265   0.005269079785883067      5.084098940731022      1.356138185199974
      287.4999999999999     0.7698484605071647   0.005260019339572674      1.879228885870673     0.3591608663199206
      287.7499999999999     0.7780985127419773   0.005253256469734579      1.391428847745904    0.05734396868530154
      287.9999999999999       0.75009125175714   0.005243965831422136      1.943523716909128     0.3897453618055697
      288.2499999999999     0.7396766287984381   0.005234701055003873      2.831805339965141     0.7643888124535978
      288.4999999999999     0.7067743850962729   0.005232607155299949        4.7753403628412      1.286539542734815
      288.7499999999999      0.739961698474671   0.005223987347009957      3.163027261538491     0.8729551702977327
      288.9999999999999     0.7363051580312666   0.005219581455348895      4.468649368901136      1.217668063313524
      289.2499999999999     0.8127722930387234   0.005216682234864395     0.3436458242581993     -1.348117482761129
      289.4999999999999     0.7916618680164912   0.005213584606625885     0.5187600880934145    -0.9368814799678412
      289.7499999999999     0.8300980740539835   0.005212077360103101     0.3379705434385436     -1.365653397802026
      289.9999999999999     0.7795406592539811   0.005205579564222631      1.437545531752036    0.08083284815344678
      290.2499999999999     0.7798595567468171   0.005198203389669006      1.634412481999403     0.2077611026881476
      290.4999999999999     0.8055935317712249   0.005194196235707229     0.4236388500560381     -1.143167424448495
      290.7499999999999     0.7886597274102737   0.005188897152096309     0.8728376701717285    -0.4213198681924785
      290.9999999999999     0.7908862176766013   0.005182971692874078     0.8439456121124418    -0.4561240121860963
      291.2499999999999     0.8173320861094353   0.005179748520573576     0.4119197776863869     -1.174005518762311
      291.4999999999999     0.8026766008277446   0.005175880220274021     0.4855928816343316     -1.010210645448391
      291.7499999999999     0.7921284416728239   0.005169626360577858     0.9086310202196188     -0.384851133092689
      291.9999999999999     0.7511047909383267   0.005160847489357671      2.228434500311783     0.5105647665174886
      292.2499999999999     0.7669363938871003   0.005152233250930081        2.2272750589669     0.5083737905146931
      292.4999999999999     0.7335345862000858   0.005157007589661025      5.914462282811283      1.485921709941821
      292.7499999999999     0.7632797472766086   0.005148382780607234      2.323840104763062     0.5500683143045889
      292.9999999999999     0.7183474183979194   0.005152186654034083      5.937397644108113      1.488856785144935
      293.2499999999999     0.7097718489667456   0.005153583064490689      5.424387335726908      1.398761810222555
      293.4999999999999     0.7341686930254634   0.005161164379663225      6.631120343938902       1.60110061716102
      293.7499999999999     0.6558815574826788   0.005154890365686532      1.537301275810904      0.138138947756377
      293.9999999999999     0.7177755281523929   0.005169474569307116       7.15155351486177      1.678265297813604
      294.2499999999999     0.7537666649400009   0.005160590622072239      2.386450469691949     0.5790227747038454
      294.4999999999999     0.7937643928232191   0.005155338703237943      0.898156737037662    -0.3992132293978955
      294.7499999999999     0.8127976535377264   0.005152556780330695     0.5000472689019033    -0.9853949563034029
      294.9999999999999     0.8363671667066683   0.005151440887334087     0.3038280042439073        -1.483852416467
      295.2499999999999      0.847656963844989   0.005153623272951091    0.07486276233351609     -2.884234024503638
      295.4999999999999     0.8502396943695928   0.005154697555197247    0.06875041570732725     -2.969199412996808
      295.7499999999999     0.8004775372606617   0.005150522979470426     0.6643141394741082    -0.7017372435918128
      295.9999999999999     0.7929625359509938   0.005143950325028907      1.136640971229265    -0.1659366363303978
      296.2499999999999      0.745342579531567   0.005135871958866061      3.284578879933232     0.8936527220651577
      296.4999999999999     0.8218516038750915   0.005132201899867348     0.4645688228330733     -1.062946141710356
      296.7499999999999      0.792065686815775   0.005125683200950272      1.340796710700133  -0.004307541609836122
      296.9999999999999      0.778303827378457   0.005117881250981204      1.948695208037642     0.3680651970082371
      297.2499999999999     0.8537864055123604   0.005116608974358644    0.07483446358973386     -2.891820209759151
      297.4999999999999     0.8724498363454208   0.005117109728433073     0.2329292117321971     -1.756266273150548
      297.7499999999999     0.8942531699213353   0.005119752517022937      0.257493183427435     -1.655491292749036
      297.9999999999999     0.8902566613747553   0.005123438020353917     0.2648743041378684     -1.626509550234856
      298.2499999999999     0.8948687289130438   0.005123785543934566     0.3410350657272309      -1.37371180779266
      298.4999999999999     0.8862374744677732   0.005126439742826279     0.3143158168451954     -1.454780964162874
      298.7499999999999     0.8543675162817902   0.005124765455176489    0.08522058151308196     -2.760262910888962
      298.9999999999999     0.8600274347728142   0.005122210467761522     0.1228379604621456     -2.395138471644981
      299.2499999999999     0.8555433278100455   0.005119765567286977     0.1175341635055381     -2.439752946814008
      299.4999999999999      0.775044584666133   0.005112100781997345      2.381362352530763     0.5674478098560505
      299.7499999999999     0.7990557242308969   0.005107277653673929      0.987165170637697    -0.3140867567072578
      299.9999999999999      0.839344863157617   0.005104147970993483     0.2796270331820284     -1.576080414049488
      300.2499999999999     0.8566202835626123   0.005101594945998085     0.1430772222601455     -2.246652916082658
      300.4999999999999     0.8706924558787325    0.00509899214066107     0.2585910339245941      -1.65529994687937
      300.7499999999999     0.8516618054038474   0.005096603622087166     0.1485247707991018     -2.210264529250878
      300.9999999999999     0.8652499251832491   0.005093680821930286     0.2352505293481418     -1.750938896181644
      301.2499999999999     0.8603189288852398   0.005090838649052284     0.2217510347907632     -1.810592773038937
      301.4999999999999     0.8545156264250704   0.005087975679178872     0.2093982990138423     -1.868472420489003
      301.7499999999999     0.9072084555505002   0.005084613459709305     0.5220668439292774    -0.9555759977298652
      301.9999999999999     0.9308688806127188   0.005083685311343029     0.1734366049410462     -2.057742044949115
      302.2499999999999     0.8910103102527308   0.005082244459581769     0.4001775601510654     -1.221929305981386
      302.4999999999999     0.8524792021082866   0.005079524285331318     0.2242324001747622     -1.801690014351277
      302.7499999999999     0.8459886551174365   0.005076609733132281     0.2073046624274765     -1.880757467914431
      302.9999999999999     0.8142744111717323   0.005072738426065015     0.6249562478474631    -0.7780282026250633
      303.2499999999999     0.8167076606787893   0.005069145682513579     0.6724113599395072    -0.7055480467634316
      303.4999999999999     0.7707369180647732   0.005062927567139333      2.877495616585229     0.7470298620861763
      303.7499999999999     0.7903448396368769   0.005058995415465046      1.650192648827579     0.1902246042998126
      303.9999999999999     0.8486005274336019   0.005056118555290879     0.2468790340082135     -1.710093060926518
      304.2499999999999     0.8824189841751011    0.00505332274935531     0.3902917133701405     -1.252650202126828
      304.4999999999999      0.883109572864297   0.005050400672864318     0.4547866466821948     -1.100294659850752
      304.7499999999999     0.9275516882568878   0.005049038213014512     0.1932013718130117     -1.956659847225139
      304.9999999999999     0.9462318863081228   0.005053397328349235    0.07770466710213075     -2.866614565118677
      305.2499999999999     0.8895981665330297   0.005050939626193639     0.5170838696747528    -0.9718112660741317
      305.4999999999999     0.8946575739066037   0.005047316737425749     0.5471832230582726    -0.9159501725645849
      305.7499999999999      0.919901802225025   0.005045377539956307     0.3028798449430193     -1.507781980734712
      305.9999999999999     0.9347957245969397   0.005043430727356223     0.2323375526390455      -1.77331280885842
      306.2499999999999     0.9276212076197003   0.005042196289658197     0.2620161950552608     -1.653342567781502
      306.4999999999999     0.8703325566568217   0.005039012281206229     0.3420570052680898     -1.387403149570713
      306.7499999999999     0.8922411340939042   0.005034623012688975     0.6672936895250389    -0.7200217285852707
      306.9999999999999     0.9305878245907006   0.005032024185591658     0.3084051515719166     -1.492353970257193
      307.2499999999999     0.9686064528450474   0.005032995650826348    0.04390619382817213     -3.441519878468849
      307.4999999999999     0.9516459275672093   0.005033197550264896    0.04006468141923732     -3.533039980119155
      307.7499999999999     0.9899709062798869   0.005034516700828088    0.00629824193465619     -5.383002571633259
      307.9999999999999     0.9522624713466519   0.005034789409104013    0.04478964451264858     -3.421241978415156
      308.2499999999999       1.00622767788509   0.005035366502392751  0.0009572916882193551     -7.266751466868791
      308.4999999999999     0.9947745967890103   0.005038232309800606   0.004695723249386905     -5.675883205836216
      308.7499999999999     0.9595217513247133   0.005036944522396765    0.04365641469220412     -3.446440760127007
      308.9999999999999     0.9748200392646976   0.005036223146750999    0.03237734456409511     -3.745475279858063
      309.2499999999999      1.019280050542139   0.005037768122470716  0.0003084694336839095     -8.398760011566056
      309.4999999999999      1.011754064177239   0.005038684851513973  0.0008579030866804014     -7.375709674328901
      309.7499999999999     0.9770820265601294   0.005038783054378203    0.03257744226359135     -3.738805952520416
      309.9999999999999     0.9624287997256435   0.005036591315711744    0.05636489298477914      -3.19101461483286
      310.2499999999999     0.9613236580394597   0.005034492178933154    0.06658474800381003     -3.024802436494125
      310.4999999999999     0.9663281336764323   0.005032138750707396    0.08087175246621985     -2.830880952014553
      310.7499999999999     0.9947580561792622   0.005030828948734645    0.00557116694493713     -5.506401332894718
      310.9999999999999       1.00771522284873   0.005030200259147246   0.001403733625495806     -6.884995283296172
      311.2499999999999      1.020895320813372    0.00503060242666936  0.0003863691692204209     -8.175012867695896
      311.4999999999999      1.005089823803961   0.005030335099955165   0.002057437259045647     -6.502642880254977
      311.7499999999999     0.9869832139059722   0.005028885563496256    0.01269026450046159     -4.683557115400089
      311.9999999999999      1.067972492932365   0.005028965086271864  4.519794318986294e-07     -14.92625031087016
      312.2499999999999      1.053928465521316   0.005030734476441534  7.500983009903623e-06     -12.11674584815641
      312.4999999999999      1.051745318041681   0.005031873212777344  1.564807886906469e-05      -11.3812054443498
      312.7499999999999      1.074869208914247   0.005033301181496213  3.522546510424594e-07     -15.17467077785158
      312.9999999999999      1.083144794005193   0.005035200233319278  1.482829123181283e-07     -16.03952588728198
      313.2499999999999      1.069793291632994    0.00503659696521951  6.228047260359601e-07     -14.60413752268889
      313.4999999999999      1.011996422367902   0.005035207765910329   0.001576172334919472     -6.768136517063607
      313.7499999999999      1.041213723614892   0.005033436872058159   0.000119711640930327     -9.346157036458246
      313.9999999999999      1.056602521848153   0.005032479085116431  1.034104882781507e-05     -11.79531190020123
      314.2499999999999      1.068955687213495   0.005031861512743084  1.089970530432878e-06     -14.04540526344241
      314.4999999999999      1.090362895428288   0.005032708080188896  5.204501912073443e-08      -17.0870338783911
      314.7499999999999      1.080018649798519    0.00503200400727152  3.880696476891123e-07     -15.07809805608134
      314.9999999999999      1.106028762153095   0.005031642131470639  1.897173287473243e-08     -18.09640467344036
      315.2499999999999      1.097816273117206   0.005031204429104702  3.453049254018342e-08     -17.49759901970635
      315.4999999999999      1.116603313442559   0.005030864880072174  1.765696537744204e-08      -18.1683789415468
      315.7499999999999      1.074999623545006   0.005030270259555026  9.602814259641774e-07     -14.17240109395515
      315.9999999999999      1.056153707456394   0.005028374123347303  1.533634554507424e-05     -11.40202368765842
      316.2499999999999      1.118266366405558   0.005026902837972887  2.446098993729452e-08      -17.8432175420947
      316.4999999999999      1.030984713396304   0.005025491139540912  0.0002058846576116719     -8.805506634868751
      316.7499999999999      1.021365662468562   0.005024473781210043  0.0005678635887143833     -7.791143963254086
      316.9999999999999      1.048442179168978   0.005022812465212413   5.54356543178144e-05     -10.11813292537836
      317.2499999999999      1.086602491321354   0.005021351553547163  2.433716959817757e-07     -15.54681218069564
      317.4999999999999      1.070855974369409   0.005020007608058446  1.695066154302619e-06     -13.60619270231245
      317.7499999999999      1.063221950848423   0.005018111884261826  6.360900495092423e-06     -12.28412222183381
      317.9999999999999      1.063264089511725   0.005016199287732614  8.412994410549769e-06     -12.00489592358579
      318.2499999999999      1.103102695131619   0.005014815829829084  3.837058894444084e-08     -17.39541324960014
      318.4999999999999       1.09612899723031   0.005013567025598824  7.814504164603587e-08     -16.68438694856173
      318.7499999999999      1.094339958491828   0.005012025530491973  1.276995780398388e-07      -16.1935806100857
      318.9999999999999      1.047847262779067   0.005010178668600146   7.91256002120479e-05     -9.764837877812324
      319.2499999999999      1.062196927651207    0.00500826752277982  1.306304788604441e-05     -11.56646839699117
      319.4999999999999      1.041919119685004   0.005006400155629859   0.000186461377824099     -8.908404667480777
      319.7499999999999      1.074450819140244   0.005005086478929797  2.531873691167699e-06     -13.20793161156418
      319.9999999999999      1.048309672316363   0.005003343144350354  0.0001266661603113596     -9.295684636348405
      320.2499999999999      1.072455621154834   0.005001895747672942  4.416387662303886e-06     -12.65220683964301
      320.4999999999999      1.065211246041514   0.004999963799146317  1.299699763376652e-05      -11.5731968689457
      320.7499999999999       1.07049180088976   0.004998135601222392  9.884850081197123e-06     -11.84727766736576
      320.9999999999999       1.06582027033836   0.004996575878298983  1.836126347731697e-05     -11.22834986755582
      321.2499999999999      1.035679137615325   0.004996367243335387  0.0003108144784451404     -8.399438621835177
      321.4999999999999      1.040374176170573   0.004994550647475167   0.000338959274470089     -8.313118507276693
      321.7499999999999      1.034879680205316   0.004992793879506591  0.0004555158024586503     -8.017919863296392
      321.9999999999999      1.044870411553741   0.004990888931616587  0.0003179962851673893     -8.377692183367477
      322.2499999999999      1.017019602739608    0.00498963786894981   0.001197792809232868     -7.051746768444734
      322.4999999999999      1.021511237231717   0.004988589719665837  0.0009595748842969258      -7.27370231468641
      322.7499999999999      1.086404044699356   0.004986931755687862  4.399166787957385e-07     -14.96169501506917
      322.9999999999999      1.041896964794382   0.004985176650151927  0.0005199398589645174     -7.887163932547609
      323.2499999999999      1.086849800754717   0.004983673914805233  5.553017865938298e-07     -14.72942212117189
      323.4999999999999      1.057416567812709   0.004982044088108766  4.880774960137076e-05     -10.25361655088363
      323.7499999999999      1.092932282650276   0.004980481279436281   3.59734321498446e-07     -15.16420890772087
      323.9999999999999      1.061348184930162     0.0049786531251877   3.98695362610358e-05     -10.45657399300554
      324.2499999999999      1.099599248324858   0.004977411236074115  1.970686130909851e-07     -15.76663931803995
      324.4999999999999      1.094710296626058   0.004976937628042426  4.600630462038068e-07     -14.91892289488897
      324.7499999999999      1.114184081333593   0.004975355941185367  3.661880571967066e-08     -17.45004235976062
      324.9999999999999      1.098988781336449   0.004974474493663858  4.205078780472918e-07     -15.00931824989793
      325.2499999999999      1.108461404748737   0.004973176146030936  1.055342199636851e-07     -16.39200723995419
      325.4999999999999      1.087273205419725   0.004971412486444061  8.713708103788707e-07     -14.28132958173249
      325.7499999999999      1.079510414042579   0.004969725749333212  3.701051802722732e-06     -12.83536421309802
      325.9999999999999      1.066716824403555   0.004967859230073958  3.457138959883662e-05     -10.60133046202956
      326.2499999999999      1.087526115641531   0.004966051043435899  1.557925239696816e-06     -13.70136599360062
      326.4999999999999      1.044195309764382   0.004964418873300347  0.0005842789490349609     -7.774671153482209
      326.7499999999999      1.038969271761401   0.004964208630654155  0.0008523066321115284     -7.397145666598898
      326.9999999999999      1.064112578403507   0.004962486829366175  5.499492314552761e-05     -10.13819805421752
      327.2499999999999      1.029462389527361   0.004960816754800327  0.0006219929179645011     -7.712846818470103
      327.4999999999999      1.017452603525308   0.004960467736178316   0.001714456875018284     -6.698994264291314
      327.7499999999999      1.028264108376604   0.004960176374148178  0.0008394085311336818     -7.413207107094709
      327.9999999999999      1.086223912847566   0.004958513579923328  2.370454696367689e-06     -13.28315811461333
      328.2499999999999      1.142917305700491   0.004958006057810752  1.696272309738513e-08       -18.223079366804
      328.4999999999999      1.096128949504073   0.004958398180990227   1.06982133780415e-06     -14.07877151900793
      328.7499999999999      1.080116006723494   0.004956650917259255  5.614618099699375e-06     -12.42124205476629
      328.9999999999999      1.087593599927935   0.004954884351786156  3.678332311220354e-06      -12.8445126197462
      329.2499999999999      1.100814855573499   0.004953719363661264  9.104544430893514e-07     -14.24101865580672
      329.4999999999999      1.073456459588912   0.004951924726012812  2.204611926627229e-05     -11.05443299677083
      329.7499999999999      1.062229756923966   0.004950196268905345  7.536872764547826e-05     -9.825526258376136
      329.9999999999999      1.030028673765827   0.004948574036156779   0.001009309238090108     -7.231225005976105
      330.2499999999999      1.004962327955161   0.004949038740320295   0.003073923899443231     -6.117442389281716
      330.4999999999999     0.9872063008355735   0.004949251100113549    0.01708415995416256     -4.402202653771358
      330.7499999999999     0.9804491397811463   0.004949449338631157    0.03532378277799975     -3.675757845897898
      330.9999999999999      1.014423822610787   0.004949050321037377   0.002632735174111615     -6.272371641970792
      331.2499999999999     0.9854571140681775   0.004948561792787566    0.02846157423491997     -3.891938749209578
      331.4999999999999      1.002087346043435   0.004947753051071229   0.004140970270276376     -5.819726972113951
      331.7499999999999     0.9979066655277451   0.004946655979399981    0.00853690394089273     -5.096480447296931
      331.9999999999999     0.9374995280714993    0.00494697666470618      0.317021595042809      -1.48184413184489
      332.2499999999999     0.9530239561689205   0.004947666424136046    0.07134839854970393      -2.97309970710754
      332.4999999999999      1.032061223710018   0.004946296790658466   0.001264099888395922     -7.006591150010626
      332.7499999999999      1.028430457154967   0.004944635083240861   0.001590221460330082     -6.777414184726802
      332.9999999999999      1.017863247306526   0.004942919039282685   0.002916884951619125      -6.17111833695586
      333.2499999999999     0.9980408439978952   0.004941236589212027    0.01036602290353656     -4.903441590911233
      333.4999999999999      1.022468031053679   0.004939539886961881   0.002663507647159953      -6.26267453670409
      333.7499999999999     0.9740715395950388   0.004937613760255116    0.06556246107687722      -3.05970517925001
      333.9999999999999     0.9488308271016709   0.004937081260231288     0.1017657960345101     -2.620142267307693
      334.2499999999999     0.9657049691264509   0.004936710514222885     0.1123772623167836     -2.521029795710851
      334.4999999999999     0.9631935723762457   0.004935693437396561     0.1306369596357016     -2.370675289014776
      334.7499999999999     0.8769474571647353   0.004935785361404222     0.5368444909082383    -0.9573703764562674
      334.9999999999999     0.8283903691288661    0.00494312850602545     0.5403592032210315    -0.9493581006090078
      335.2499999999999     0.8660967873673558   0.004947700295192285      0.410187400454356     -1.224053630392679
      335.4999999999999     0.8108050307866944   0.004950822940798735     0.9897375393513487    -0.3425970320972955
      335.7499999999999     0.8711565453311858   0.004954598411634898     0.5640022153402994    -0.9042163449409372
      335.9999999999999     0.8391360991285243   0.004955518132347763     0.4378064450719129      -1.15731200536868
      336.2499999999999     0.8683954708722352   0.004954201965596392     0.6191741607806577     -0.810967951918018
      336.4999999999999     0.8676003722544529   0.004951077800035256       0.70469299995971    -0.6822231045585491
      336.7499999999999      0.829828038449984   0.004951360303217529     0.6734036972803175     -0.727583297003106
      336.9999999999999     0.9137715923222941   0.004948702980219211     0.5628406892549837    -0.9074685031707633
      337.2499999999999     0.8987565638277951   0.004944359466690562     0.6944946830303712    -0.6981587102226225
      337.4999999999999     0.8778946613029768   0.004940113031500977     0.7413456477685222    -0.6337354521685233
      337.7499999999999     0.8936119526294999   0.004935528053586855     0.8924094346282759    -0.4492059381398958
      337.9999999999999     0.9247965027944318   0.004932271724095894     0.3972130627987738      -1.25931814501915
      338.2499999999999     0.9917139509658085   0.004931728703027293    0.02192419166464211      -4.15631039607227
      338.4999999999999     0.9721183753978059   0.004934185580542493     0.1033140591335174     -2.605629544846727
      338.7499999999999     0.9227121119619218   0.004930580347527104     0.4966611583581443     -1.036225923406789
      338.9999999999999     0.9556205880431542   0.004928862778860395     0.1070957510090525     -2.570759050405377
      339.2499999999999      0.949090820479544   0.004926870731395146     0.1283237485865807     -2.390330238808294
      339.4999999999999     0.9665546249888838   0.004924852756429977     0.1662570713721044     -2.131761051534192
      339.7499999999999     0.9517677626380517   0.004922827354595763       0.14188655143293     -2.290679806011911
      339.9999999999999     0.9635397285153332   0.004920379502875809     0.1956193201076882     -1.970034453200219
      340.2499999999999     0.9514552042033639   0.004918147123868783     0.1728859353167669     -2.094026739394736
      340.4999999999999     0.9367443988712078   0.004914964584821662     0.3917306901492241     -1.276731504934565
      340.7499999999999     0.9474936094276926   0.004912325858914437     0.2216428968963138     -1.846775599548878
      340.9999999999999     0.9386687349511832    0.00490892606950947     0.4247227316308674     -1.197098887112528
      341.2499999999999     0.9039699145292134     0.0049046943436129     0.7874386709386989    -0.5806123764379878
      341.4999999999999     0.8577371597738389   0.004903556863264175     0.3841624185112025     -1.298564381456355
      341.7499999999999     0.9047802442907796   0.004901307170896307     0.9240487487671988    -0.4213238739735308
      341.9999999999999     0.8595558727987699   0.004899679736588058     0.5177866255299672     -1.000857561068749
      342.2499999999999     0.8427584915142531   0.004899927225840159      0.399516427889722     -1.260115403116653
      342.4999999999999     0.8468840974573545    0.00489869650213604     0.4079356565267518     -1.239512034609234
      342.7499999999999     0.8362214731700941   0.004895811026705491     0.7219287082470884     -0.669284302784214
      342.9999999999999     0.8796888965257382   0.004891844488993028     0.8394564952984747    -0.5192665602439566
      343.2499999999999     0.8978484439665948   0.004886648029572151      1.048985839160293    -0.2975049388889715
      343.4999999999999     0.9006995678083829   0.004881418828716688      1.185016983451814    -0.1766423350499891
      343.7499999999999     0.8583976988724011   0.004877669780180334     0.5939428896897884    -0.8681398705408977
      343.9999999999999     0.8691698999735313   0.004873883543983008     0.9180859136290335    -0.4334086060649359
      344.2499999999999     0.8654261935287419   0.004869508892131029     0.9543261046406661    -0.3955921114337052
      344.4999999999999     0.8866541884979329   0.004864794001395259     0.9343276087879933    -0.4177391343791633
      344.7499999999999      0.850872406972827   0.004861311223411375     0.5381423965205617    -0.9701592384727848
      344.9999999999999     0.8605980971988323   0.004857880732081478     0.8844893429954638    -0.4739778973816827
      345.2499999999999     0.8486882122037762   0.004854448050974698     0.6233007524035968    -0.8246660822364323
      345.4999999999999     0.8432609892128964   0.004850801589013423     0.6699624789300836    -0.7532249651421598
      345.7499999999999      0.865121602710318    0.00484591027980036      1.215604373069961    -0.1584588753028006
      345.9999999999999     0.8559554845804401   0.004841469654371471     0.9548603039705706    -0.4008072682896993
      346.2499999999999     0.8721157256924541   0.004836092004924369       1.25483718854139    -0.1287225712592839
      346.4999999999999     0.8792130435644917   0.004831025765677204      1.119800333817202     -0.243626147758565
      346.7499999999999     0.8722906971983971   0.004825015496887517      1.545106606431958    0.07707149271399599
      346.9999999999999     0.8720691776131717   0.004818740611625319       1.83005876994212     0.2450253283288534
      347.2499999999999     0.8430349195883496   0.004814524785841259     0.8017405039451209    -0.5811683015464282
      347.4999999999999      0.841423549969414   0.004810067079452705     0.9404865540441242    -0.4224822598525032
      347.7499999999999     0.8752057005815894   0.004803885290190534      1.869587688323803     0.2633075822241233
      347.9999999999999     0.8826280441301594    0.00479831907763264      1.438777670793685  0.0002242150572030567
      348.2499999999999     0.8689302066696053   0.004791728988670074      2.296814195286639     0.4665789717721049
      348.4999999999999     0.8363269421167242   0.004787496456167943      1.027830120524735    -0.3383778475081249
      348.7499999999999     0.8510678639874757   0.004782880028921656     0.9994974930400602    -0.3672951144429419
      348.9999999999999     0.8790591905312599    0.00477661035811187       2.06371183872386     0.3564020269426487
      349.2499999999999     0.8065872973359993   0.004772307805627575      1.165075785258576    -0.2162192215399485
      349.4999999999999     0.8595053544660854     0.0047671586121541      1.337960283178005   -0.07893863659658004
      349.7499999999999     0.9013403214963589   0.004762071589827058      1.342563028792753   -0.07657208612312455
      349.9999999999999     0.8763928893760509   0.004756144464474255      2.593592004685035     0.5806457800991984
      350.2499999999999     0.8556144405479554   0.004751497519827492      1.338263411815612   -0.08200271491862601
      350.4999999999999     0.8353956856766115   0.004747031377490094      1.160844628399282    -0.2251680451564516
      350.7499999999999     0.8593327469339485   0.004741359677582234       1.69630018605822     0.1529381018296974
      350.9999999999999     0.9226636412673271   0.004739317409142209      0.529583680377622     -1.011606333762141
      351.2499999999999     0.8912167056591181   0.004736079604128835      1.265949685540442    -0.1408030769402002
      351.4999999999999     0.9155250269725876   0.004732698521218692     0.7082878354786685    -0.7222445316687961
      351.7499999999999     0.9095323244802849   0.004728466991334494      1.114369921037277    -0.2699451641523655
      351.9999999999999     0.9257463513026647   0.004726810678743407     0.5909633519658946    -0.9045859364957444
      352.2499999999999     0.9507974265355166   0.004725114976671638     0.2515586246329491     -1.759022685094984
      352.4999999999999     0.9312597475369402   0.004722868088122651     0.5805846740895511    -0.9231387263304616
      352.7499999999999      0.919750937455439    0.00472024259542897     0.8025565665916684    -0.5999281056421605
      352.9999999999999     0.9173669929759261   0.004716373752755078     0.9696745163402752     -0.411589945113617
      353.2499999999999     0.9139614587789781   0.004711506378357436      1.224748621421204    -0.1790920643736574
      353.4999999999999     0.8971976911634953   0.004706018688982933      1.576689580185883    0.07233434546641601
      353.7499999999999     0.9465905155231397   0.004703534011492544     0.3037923928973553     -1.574931948222913
      353.9999999999999     0.9561599462109589   0.004701824617145882      0.245564926831326     -1.788078611932789
      354.2499999999999     0.9497615236304547   0.004700234572884277     0.3678179536686507     -1.384390100494157
      354.4999999999999     0.9771324769674816   0.004699087188491461    0.08489921754521505     -2.850757490019125
      354.7499999999999     0.9659422053605762   0.004699640720449712     0.2200863965727162     -1.898084397448077
      354.9999999999999      1.023411495501062    0.00470159790511776   0.002979584339234334     -6.199904403681741
      355.2499999999999       1.05318542035512   0.004704586803170615  0.0001808650663309434     -9.001056708968317
      355.4999999999999     0.9924507404416409   0.004707125992494026     0.0236032029260364     -4.129130692603849
      355.7499999999999     0.9483240831550729   0.004704793640765898     0.4258588841606762     -1.236900695673025
      355.9999999999999     0.9359448227147936   0.004701487739744475     0.5942976870062232    -0.9043312923395734
      356.2499999999999     0.9687117460614223   0.004699298994289071     0.2256659478930004     -1.873121495172583
      356.4999999999999     0.9892083511635222   0.004697872283065469     0.0342059274412756     -3.760081995209827
      356.7499999999999     0.9819988350557157   0.004696399096389577    0.06505431167724861     -3.117572091099677
      356.9999999999999     0.9871763915532002   0.004695035764784884    0.05134538119758759     -3.354509926614002
      357.2499999999999      1.023303022747638   0.004695436608453716   0.003820250583186358     -5.952683520898007
      357.4999999999999     0.9960605879502439   0.004694569364609081    0.02589934644591801       -4.0389665207759
      357.7499999999999      1.006098006117076   0.004693782125666681   0.006196117713494161     -5.469429040204963
      357.9999999999999      1.012074798378155   0.004692993682729603   0.005020853871715259     -5.679919937827244
      358.2499999999999      1.058776751707861   0.004693336046379797  0.0001180506132632973     -9.430088822133452
      358.4999999999999       1.07207465386594   0.004695018875959127  3.700367193018745e-05     -10.58982663855505
      358.7499999999999      1.008978271348913   0.004694418191630351   0.007223694380533652     -5.315849948512205
      358.9999999999999      1.002796183583216   0.004692959961075808    0.01249977558139924     -4.767816445931984
      359.2499999999999      1.035780156443524   0.004691945423296702   0.001644433303287158      -6.79634751449723
      359.4999999999999     0.9791346529823348   0.004690210290918154      0.102848869406543     -2.660852598743995
      359.7499999999999     0.9563374287396478   0.004688174691716743     0.3402129596308319      -1.46497555317914
      359.9999999999999     0.9982241316235982   0.004686613657129641    0.02509052318204545     -4.072390142426988
      360.2499999999999     0.9652222769147402    0.00468433818928421     0.3083525319060419     -1.564122285106618
      360.4999999999999     0.9978972091227307   0.004683388012997457    0.03103778135820674     -3.860363643425039
      360.7499999999999      1.010765189021251   0.004681849924996008   0.009654096392408922     -5.028515004895231
      360.9999999999999     0.9857337107042921   0.004680071836954376    0.07538194218597896     -2.973709429375761
      361.2499999999999     0.9490807169664686   0.004678278753133758     0.5214171229774192     -1.040110045906602
      361.4999999999999     0.9546377072445338   0.004675283461034985     0.4955898847742684     -1.091552107974483
      361.7499999999999     0.8701423096746698   0.004673051428972699      2.967328287922183     0.6976388880635349
      361.9999999999999      0.950857023413051    0.00467204363742616      0.655248817418281    -0.8129790186328949
      362.2499999999999     0.9083492932933218   0.004667436205346064      1.617202801461398    0.08947255681421348
      362.4999999999999     0.9015943459824081   0.004663034689144819      1.936006082532949     0.2684582249274167
      362.7499999999999     0.9060875913931252   0.004659637939619364      2.087243482949485     0.3429466747732214
      362.9999999999999     0.9617569362748174   0.004657161820100208     0.3802919209000084     -1.360245259939765
      363.2499999999999       1.00669856688604   0.004656700356204004    0.01586908618423805     -4.536910570929118
      363.4999999999999      1.021014777325955   0.004657073548449032   0.005635986109478918     -5.572031255341342
      363.7499999999999       1.02545106967918    0.00465687264473875   0.004977758320194586     -5.696266871986885
      363.9999999999999      1.019843247079071   0.004656235609411497   0.007750207964110935     -5.253663652111353
      364.2499999999999      1.010472864991767   0.004655666010375147    0.01475365503688696     -4.610014815851159
      364.4999999999999     0.9626629967179563    0.00465292254282721     0.4468994142915737     -1.199761570397254
      364.7499999999999     0.9698060295475045   0.004651110238610533     0.3390290097622514     -1.476399011409196
      364.9999999999999      0.979064337857161   0.004649157520236869     0.1365870853196127     -2.385942218112538
      365.2499999999999     0.9385762633125962   0.004645857671082773      0.633608969127272    -0.8521826463633781
      365.4999999999999     0.9345304542029632    0.00464324007048154     0.7837682568928054    -0.6400648421848034
      365.7499999999999     0.9127737935257905   0.004638895718953458      1.848359719521836     0.2169395912486476
      365.9999999999999     0.9452504320886627   0.004636256930158164     0.6630499532508196     -0.808832965525662
      366.2499999999999     0.9445131823766738   0.004632781201947183     0.7840776333427291    -0.6419252248508631
      366.4999999999999     0.9239651894660788   0.004628610547422398       1.06471974437536    -0.3368670237373045
      366.7499999999999     0.9493060174530183   0.004624907960453587     0.9703264234342501    -0.4305016375242853
      366.9999999999999     0.9387970243538466   0.004621018617497945     0.9540465226727711    -0.4482630448071194
      367.2499999999999     0.9112168120683277   0.004615663838311314      2.317739219654708     0.4382125747560658
      367.4999999999999     0.8998380534323367   0.004610498128253533       2.35792630787514     0.4542830919296875
      367.7499999999999     0.9493969785464503   0.004607223430114559       1.12368983152179    -0.2875922172307278
      367.9999999999999     0.9881807860054023   0.004606221721328571    0.08144165682958289     -2.912295807229568
      368.2499999999999       1.00869419762459   0.004605303747923212    0.01962540110650024     -4.335557311739747
      368.4999999999999      0.986986558383969    0.00460453617831199     0.1029218712100997     -2.678578529969744
      368.7499999999999     0.9195842382697338   0.004599894458127898      1.635961048553009    0.08642842553274162
      368.9999999999999     0.9290241124444872   0.004596145321187004      1.009341399443661    -0.3973193458162386
      369.2499999999999     0.9413895866213268   0.004592182206600169      1.110883108067902    -0.3023247335283299
      369.4999999999999     0.8900626410867953   0.004588279829830252      1.536867935705159    0.02141636377562614
      369.7499999999999     0.9180974967423904   0.004583779613082615      2.017583323762701     0.2925889588844638
      369.9999999999999     0.9449418870389568   0.004579261693179356      1.342976292463621     -0.115409315274166
      370.2499999999999     0.9480426654640897   0.004574363035113175      1.566766046996925    0.03764575126814802
      370.4999999999999     0.9168006129112195   0.004569142825633138       2.41461681373016     0.4690308643008522
      370.7499999999999     0.8871754266711656   0.004564727770611166       1.72190636633313     0.1299555450469771
      370.9999999999999     0.8800918417317463   0.004560514216520288      2.669919274235473     0.5676482587776752
      371.2499999999999     0.8639788331226139   0.004557519092504851      2.363140865186362      0.444934663340645
      371.4999999999999     0.8972489453722672   0.004553886589662591      2.448824950076014     0.4797539984097138
      371.7499999999999     0.9041057608103226    0.00454866068388439      2.966128202495285     0.6702549385027092
      371.9999999999999     0.8793978767290637   0.004543577663049815      3.070109388263098      0.703592562790561
      372.2499999999999     0.9386192662058909   0.004539322953012207      1.371620635999339    -0.1030645044224783
      372.4999999999999     0.9547365127093675   0.004536177596682012     0.9838362558751687    -0.4360464467992935
      372.7499999999999     0.9898400172163647   0.004535502247711954    0.09661831099322153        -2.756886537035
      372.9999999999999      1.015123201594954   0.004536583032625293    0.01336485454022727     -4.734788083147866
      373.2499999999999     0.9882001188861758    0.00453692353016663     0.1245381749056529     -2.502729201260592
      373.4999999999999     0.9677278632124166   0.004535394416144087     0.4706739340381332     -1.173513020511733
      373.7499999999999      0.992454060270649   0.004534698824717272     0.1021079229944033      -2.70180164918979
      373.9999999999999     0.9872917042360124   0.004533281665296903     0.1622057333379622     -2.239279046699212
      374.2499999999999     0.9222145069279943   0.004528389254921412      2.052426875522655     0.2975538753214807
      374.4999999999999     0.8827929389604532   0.004525120174361623      2.910956879138658     0.6462906234899304
      374.7499999999999     0.8305322533206364   0.004526316499770878       1.01609915784789    -0.4059559480438043
      374.9999999999999     0.8241311400958593   0.004526972706719817      0.816089802416285    -0.6250128014143367
      375.2499999999999     0.7999909973934469   0.004530638791435997      1.266786359464057    -0.1844891517288942
      375.4999999999999     0.8787240289671875   0.004527690532862735      3.857471238294548     0.9283884797706782
      375.7499999999999     0.8637936587573943   0.004522652793574357      2.561120486318053     0.5177082128613372
      375.9999999999999      0.823253980161979   0.004520906271414672      0.925240636189908    -0.5008243145562804
      376.2499999999999      0.848899489096736   0.004518207844172124      1.177800614851187    -0.2600711286290676
      376.4999999999999     0.8381657225775916   0.004514831290946132      1.341780441830428    -0.1304701229623256
      376.7499999999999     0.8721603492259097   0.004511487225148319      3.724642668599987     0.8897624174083261
      376.9999999999999      0.842920722298545   0.004507492432475672      1.433525117064194     -0.065957837854503
      377.2499999999999     0.8376573691480359   0.004503814193530166      1.665492821052739    0.08321034182835939
      377.4999999999999     0.8618370737107109   0.004498898371445314      2.617058686356425     0.5340482460495718
      377.7499999999999      0.871024590623444   0.004495066285680008      4.240671103347343      1.015866587403372
      377.9999999999999      0.842183039716669    0.00449056006304235      1.795771476878488     0.1555767886003738
      378.2499999999999     0.8279638096632097   0.004487198653794611      1.221954201767337    -0.2301553816045991
      378.4999999999999      0.822816944204061   0.004485014160207551      1.112504353742065    -0.3244800614887409
      378.7499999999999     0.8951823646925333    0.00448061761994666      2.595062688817859     0.5215362096287156
      378.9999999999999     0.8627454103981057   0.004476354577328204      3.434626502222554      0.800881828794047
      379.2499999999999      0.857062058496683   0.004471526246839376      2.676356791659171     0.5503508934299725
      379.4999999999999     0.8297402434107556   0.004467469606381249       1.58853973368832    0.02780198975119351
      379.7499999999999     0.8642618829076905   0.004463666660765989      4.265322389331608      1.014652954378995
      379.9999999999999     0.8437832366077122   0.004458971508949968      1.965891170897574     0.2390284379028835
      380.2499999999999     0.8883569243483546   0.004454178454355639      2.480075735896132     0.4702963697408289
      380.4999999999999     0.8843205110103448   0.004449839423312781      3.410626490147583      0.787928643991837
      380.7499999999999      0.911324747385056   0.004445773832589016      2.961829172202064     0.6459256226839069
      380.9999999999999     0.8783771101129034   0.004443235937509887      4.879327910033042      1.144555050010507
      381.2499999999999     0.8365500793987972   0.004439666791043149      2.123266777325249     0.3116997991735088
      381.4999999999999     0.8580938106200018   0.004435079397408856      3.570030403185682     0.8302842673567673
      381.7499999999999     0.8295102136638826   0.004430708830222628      1.841610308777906     0.1673645720204507
      381.9999999999999     0.8079413952308595   0.004428269172506445      1.228377002789994    -0.2381327728892454
      382.2499999999999     0.7651552494127832   0.004427647037731504      2.761760872288522     0.5719014109698216
      382.4999999999999     0.7966721684054392   0.004425822333784092      1.517750741590897   -0.02714979978031107
      382.7499999999999     0.8458036546419995   0.004421878168611513      2.111436058700777     0.3020974806295573
      382.9999999999999     0.8638395154518627   0.004419144800675454      4.934770080762364      1.150416912889988
      383.2499999999999     0.8445822255282034   0.004414560529371242      2.434637801372936     0.4428709245983569
      383.4999999999999     0.8461015481351591   0.004409829280050282        2.6071368397845     0.5102532368873052
      383.7499999999999      0.885075098340367   0.004405707314023612      3.874598054699253     0.9055073840661193
      383.9999999999999     0.8366235462625496   0.004401303975860377      2.518225760538799     0.4736200826869865
      384.2499999999999     0.8280252668555707    0.00439723753878496      1.900753539963663     0.1913915564310315
      384.4999999999999     0.8536854446044222    0.00439262560626132      2.711310396586963     0.5455238327315813
      384.7499999999999     0.9031919689742699   0.004388518676400423      3.229333335459659     0.7194320942835267
      384.9999999999999     0.8186091754431948   0.004385352435532211      1.127555562311918    -0.3335132967873712
      385.2499999999999     0.8284879359548759   0.004381138201655904      2.183705428151149     0.3264963628291672
      385.4999999999999     0.7884373502277476   0.004377970789600722      1.714756386773565     0.0840209862323455
      385.7499999999999     0.7827790066349438   0.004374192584032792      1.989711677749901     0.2318763304852643
      385.9999999999999     0.7650508141884413   0.004371793802497471      2.969498111266294     0.6317309956750541
      386.2499999999999     0.7663909119015878   0.004370261915336821       3.43644567881089     0.7774252837415301
      386.4999999999999     0.7212833178409087   0.004376939600398931      7.425409021265993       1.54942216625138
      386.7499999999999     0.6783448573246244   0.004378600370798024      1.950136618345363     0.2127931913286534
      386.9999999999999     0.6245217832958659   0.004387555200512136     0.4860222763594286      -1.17456401273347
      387.2499999999999     0.6368692050137577   0.004394476700963074     0.6390703390561704    -0.8992276595049141
      387.4999999999999     0.6607596489075209   0.004397042897826268      1.457799193685139   -0.07397521958713935
      387.7499999999999     0.6112810993185079   0.004400063872966651     0.6682376220619567    -0.8533277524056632
      387.9999999999999     0.6350855040829884   0.004405204632743961     0.6714418557057289     -0.847376505237836
      388.2499999999999     0.6211522654393807   0.004408348976738527     0.5089541962415306     -1.123732379307968
      388.4999999999999     0.5781873189956255   0.004413439138756848       1.03891746602203    -0.4090018541791632
      388.7499999999999     0.5912698051898845   0.004416024672015204      0.897505322177976    -0.5547316954728603
      388.9999999999999     0.5547078500368802   0.004419649931835512      0.595722377277218    -0.9637554011246798
      389.2499999999999     0.5651914407094252   0.004424339617957791      1.004091819888089    -0.4406308631553036
      389.4999999999999     0.5536009577495667   0.004431683311719073     0.6609048002628142    -0.8572013441141412
      389.7499999999999      0.523249181478127    0.00443542454301559     0.3364033061329236       -1.5316565489328
      389.9999999999999      0.525224194651303   0.004440840996874415     0.4059893737456478     -1.342419883303168
      390.2499999999999     0.5015737483626578   0.004444808350641613     0.5601740425493481     -1.019606363709396
      390.4999999999999     0.5202819518493551   0.004446899773584978     0.3974465722451538      -1.36232295283517
      390.7499999999999     0.5417727689290212   0.004448006289892999     0.5512235274047315     -1.034994267938887
      390.9999999999999     0.5140768400983154    0.00444867224862429     0.3496357977425277     -1.490092926351274
      391.2499999999999     0.5130320879920747   0.004448661595279486     0.3934827750315274      -1.37195006275183
      391.4999999999999     0.5185701270556629    0.00444976315928102     0.5288292567021452     -1.076074156012308
      391.7499999999999     0.5284368064657493   0.004449294555970268     0.5417257743043112     -1.052085162942025
      391.9999999999999     0.4799590283939975   0.004450267763639171     0.3065236585460056     -1.621331433987264
      392.2499999999999     0.5039633507910097   0.004450713871952748     0.5760297465314411    -0.9903668351183358
      392.4999999999999     0.4979670675895868   0.004450535291599526     0.7364339315615064    -0.7447467366289523
      392.7499999999999     0.4715426444138645   0.004451105301940814     0.2192249038431628     -1.956340032901591
      392.9999999999999     0.4893193863773478   0.004450380452513406     0.5897169812615344    -0.9669583252363645
      393.2499999999999     0.4757048288283574   0.004450234076349064     0.2974754787982753     -1.651302148137537
      393.4999999999999     0.4577532140757516   0.004450456633552074     0.2336852555029796     -1.892608788548334
      393.7499999999999     0.5174723421365377    0.00444857217658359     0.5858375270027031     -0.973964962783625
      393.9999999999999     0.4869233082957337   0.004448047858067198     0.5889768121086526    -0.9687385107521729
      394.2499999999999     0.5126932363227027   0.004445658284646992     0.5455571852603707     -1.045855057518887
      394.4999999999999     0.5015671110980269   0.004443276376735991       0.80562287958294    -0.6565828730638225
      394.7499999999999     0.4751704805270477   0.004441468736301725       0.33285514991226     -1.540898113434333
      394.9999999999999     0.4723692581776932   0.004439762533020177     0.3265206498732502     -1.560496557397668
      395.2499999999999     0.5044696543541953    0.00443720305338525     0.7894989341070093    -0.6781679231160435
      395.4999999999999     0.5167762023453226   0.004434387436668975     0.7306876385384137    -0.7562150944060332
      395.7499999999999     0.4935637692096356   0.004431423353035586     0.8615007096111152    -0.5921939309746872
      395.9999999999999     0.4821405045409323   0.004429014639842487     0.5404279271013214     -1.059052228028953
      396.2499999999999     0.4660154326777943    0.00442752323589574     0.2574737074086685     -1.800832695254535
      396.4999999999999      0.482333842171443   0.004425263609071718     0.6183903809426178    -0.9251408499808287
      396.7499999999999     0.4683927174351796   0.004423262248101012     0.3233203558303818     -1.574069507288754
      396.9999999999999     0.4615038624047045   0.004421481022107094     0.2975330750786243     -1.657590533359163
      397.2499999999999     0.4606279521936273   0.004419836976693207     0.3319650840072064      -1.54845803469897
      397.4999999999999     0.4714109413980284   0.004417962405340534     0.4225837204605137     -1.307524464104685
      397.7499999999999      0.463849502980217   0.004416071800335124     0.4153003726119019     -1.325338025915981
      397.9999999999999     0.4434531785535404   0.004414101936110594     0.3964928269058998      -1.37212829047528
      398.2499999999999     0.4072276027326792    0.00441478963015743    0.02066488362807601     -4.326194641113815
      398.4999999999999     0.4029661121451089   0.004415250248609813    0.01800165272428306     -4.464062556141888
      398.7499999999999     0.4046769112041911   0.004416002319820083    0.02273254443094807     -4.230558234315748
      398.9999999999999     0.4236101571752035   0.004415949889681733    0.06553670327791833     -3.171757339186211
      399.2499999999999     0.4520877242814444   0.004414209152648212     0.4049537691071204     -1.350989040864376
      399.4999999999999     0.4507721689883148   0.004411883519100645     0.4841711417962612      -1.17285049865864
      399.7499999999999     0.4303964507446398   0.004410891177388305     0.1136901460869378     -2.622037160557875
      399.9999999999999     0.4242019527132613   0.004409631657161881    0.08148717233316428     -2.955353867049002
      400.2499999999999     0.4451866467615983   0.004407661896980437     0.5622172227614386     -1.024357982384047
      400.4999999999999     0.4710082828721012   0.004405388845681099      0.492374461617575     -1.157522584689866
      400.7499999999999     0.4623512520386174   0.004403095559523383      0.478842015454139     -1.185912090517333
      400.9999999999999     0.4484314189177752   0.004400603506923377      0.642180759055512    -0.8929791293355268
      401.2499999999999     0.4648382477844315   0.004398252889939711     0.5604122683425244      -1.02971054379706
      401.4999999999999     0.4702618087195135   0.004395843502438539     0.6048708401694193    -0.9539162579078275
      401.7499999999999     0.4897835980320568    0.00439373770592672     0.8731434110593147    -0.5873105470646779
      401.9999999999999     0.5110417399614936   0.004391433767165233     0.7106762469972624    -0.7937178922395167
      402.2499999999999     0.5011855742630914   0.004389037248734313      1.074257675895168    -0.3810955762492599
      402.4999999999999      0.527366300575946   0.004386929240684691     0.6488356026072529    -0.8857817731591159
      402.7499999999999     0.5043528906644009   0.004384403901932844      1.061733389407496    -0.3938788408939491
      402.9999999999999     0.5117566630698244   0.004382280354968518     0.8591434994772121    -0.6060854617053731
      403.2499999999999     0.5116296233260744   0.004379496626730379     0.9648446827411747    -0.4906897115024982
      403.4999999999999     0.5006772195482014   0.004376033058712234      1.372474338318416    -0.1390775459255758
      403.7499999999999     0.5167227566697162   0.004373396314459752      1.155570103040734    -0.3117016489399751
      403.9999999999999     0.4910804411369308   0.004370574641351055      1.035057159605008    -0.4224842135549278
      404.2499999999999     0.5253063551281011   0.004368208096704248     0.8176825291920955    -0.6587636080975695
      404.4999999999999     0.4947973296462401    0.00436510681102608      1.326951328791567    -0.1753086268335012
      404.7499999999999      0.473645742443636   0.004362631698197502     0.6370716591198257    -0.9096330220300222
      404.9999999999999     0.5263012156129143   0.004359945199069903     0.8981637481765619     -0.566778754164632
      405.2499999999999     0.5061899593804842   0.004356932113594086      1.347627226782037    -0.1617217604906663
      405.4999999999999     0.4728001516066553   0.004354388008480246     0.7237883624057836    -0.7839075349581307
      405.7499999999999     0.4198613779150764   0.004354595714518208    0.07406050701714209     -3.063476446737927
      405.9999999999999     0.4567599880743711   0.004353481775135754     0.5299020945832554      -1.09592244643753
      406.2499999999999     0.4779970060839955   0.004351059301947882     0.7280444522469225    -0.7788092014847462
      406.4999999999999     0.4350192862999617   0.004349482602415896      0.237889661896287     -1.897726784991658
      406.7499999999999     0.4475551162580498   0.004347364726939915     0.7353025179298437    -0.7697387865619133
      406.9999999999999     0.4599750254370056   0.004344973422746286     0.6216823008619266    -0.9381418078526298
      407.2499999999999      0.423630813839272   0.004343782737818524    0.09893175886252335     -2.776414766637525
      407.4999999999999     0.4664073116619764    0.00434132790059617     0.7986850112687659    -0.6884437332093961
      407.7499999999999     0.4035145246308042   0.004340624041852811    0.02162556612613154     -4.297696283800736
      407.9999999999999      0.449347227348346   0.004338606118899521      0.808890406288325    -0.6763740762160704
      408.2499999999999     0.4922623221327626     0.0043351921126209      1.388372611380885     -0.136937158809264
      408.4999999999999     0.4382561509116696    0.00433314485630858     0.4331639417291598     -1.302180793933883
      408.7499999999999     0.3888006398642194    0.00433389764697205   0.005705203817049405     -5.631744646486794
      408.9999999999999     0.4786892147368651   0.004331923127492267     0.8216164423699597    -0.6623053869926809
      409.2499999999999     0.4608150445765926   0.004329224289488135     0.7911724834055943    -0.7006862622995372
      409.4999999999999     0.4261677691515209   0.004327906935080774     0.1248423025310715     -2.547455242323024
      409.7499999999999     0.3929182340042575    0.00432880007910941    0.01006204360461859      -5.06552997046534
      409.9999999999999     0.4728421410014815   0.004326713287574776     0.9696073297515164    -0.4978912690933063
      410.2499999999999     0.4387188858377004   0.004324808513669326      0.524099880864591     -1.113540498138758
      410.4999999999999     0.4738534211666836   0.004321793123676951      1.083540155058138    -0.3879313698831213
      410.7499999999999     0.5170119770617944   0.004319298004986335      1.351971950112777     -0.167178242104601
      410.9999999999999       0.51778387199445   0.004318230184523088      1.494751077565329   -0.06703003427349166
      411.2499999999999     0.4844162319289614   0.004315872512202722      1.044169834165916    -0.4263137015787809
      411.4999999999999     0.4281872681879073   0.004314511631064491     0.1688834948081234     -2.248397405611443
      411.7499999999999     0.4974109641535978   0.004311130496783013      1.735809779287855    0.08083883929286056
      411.9999999999999     0.5005468371168652   0.004307480462127341      1.998617515876061     0.2209734903515759
      412.2499999999999     0.4229991439271797   0.004306257336677617     0.1415795445753174     -2.426659770623528
      412.4999999999999     0.4797987942476956   0.004303323234243018      1.112373541595168    -0.3659517352557529
      412.7499999999999     0.5121319206715208   0.004300497654883067      1.523998005308701   -0.05176746465037679
      412.9999999999999     0.4883490260881398   0.004297308191692453      1.450597356024104    -0.1018710967434606
      413.2499999999999     0.5181622476499168   0.004293763617342178      1.777244007087596     0.1003921394663311
      413.4999999999999     0.5062324492894907    0.00429148518794289      1.804698200405854     0.1151908837388036
      413.7499999999999     0.4524227782083959   0.004288967630353782     0.8308133020208432    -0.6611394803926997
      413.9999999999999     0.4833427394749986   0.004285769190155803      1.350106382493084    -0.1763519280045426
      414.2499999999999     0.4938432981349978   0.004282201907427738      1.988173246928985     0.2098482296764322
      414.4999999999999     0.5582261881143598   0.004280390569017743     0.8269325986032966    -0.6678231912484968
      414.7499999999999     0.5101986592065615   0.004277749532056616       1.87745860760821     0.1515107561480531
      414.9999999999999     0.5278207348118823   0.004275489739995727     0.9996048047883712    -0.4793319811892158
      415.2499999999999     0.5250181571509267     0.0042724994217147      1.318270844669157     -0.203315450418173
      415.4999999999999     0.5086405637459063   0.004269188415910789      2.088891472582404     0.2562219092596016
      415.7499999999999     0.5147786127733136   0.004265467991284379      2.259348366060395      0.333792978592264
      415.9999999999999     0.4952732547076368   0.004261706089254202      2.286031655799809     0.3446516207418033
      416.2499999999999     0.5209475812649708   0.004258181877580441      1.978948555868319     0.1995725883914664
      416.4999999999999     0.4833872336814422   0.004254910706130886      1.517317233574027   -0.06681778904837618
      416.7499999999999     0.4756000626708888   0.004251932687274089       1.31616780526689    -0.2097373968671004
      416.9999999999999     0.5087489401065699   0.004248409246872479      2.435678996146667     0.4049348214426681
      417.2499999999999     0.5033975561402284    0.00424477538952081      2.659594870367253     0.4920273506526357
      417.4999999999999     0.5289882496139781   0.004241816844096162      1.236970935586914    -0.2741780870818041
      417.7499999999999     0.4962101916915793   0.004238299398529214      2.685965375840826     0.5003669481922175
      417.9999999999999     0.4881827413269635    0.00423467255896415      2.151800308952773     0.2777754892771255
      418.2499999999999     0.4692840744861582   0.004232186269331474      1.157540034285508    -0.3428195614424686
      418.4999999999999      0.478040110690149   0.004229021786091194      1.581751978700666   -0.03133157268620575
      418.7499999999999     0.4613731818682777    0.00422661511070615     0.9301196919297102    -0.5628759003903329
      418.9999999999999     0.4384864640719808   0.004225536381585892     0.5579715204811743     -1.074136512252939
      419.2499999999999     0.3906444946706193    0.00422733326259524   0.009198261832864285      -5.17900474686911
      419.4999999999999     0.3879345461498599   0.004230793777218305   0.008568025292042127     -5.249163727038007
      419.7499999999999     0.3765211853000433   0.004232681266650128   0.002118495907336657     -6.646048621093637
      419.9999999999999     0.3265019922514302   0.004236014019205971   0.006712183180427369      -5.49204364419326
      420.2499999999999     0.3477425014008415   0.004239459402820987   0.001285276856421829     -7.144180732350734
      420.4999999999999     0.3533696450934638   0.004241376186816095   0.001372874456139291     -7.077796167817235
      420.7499999999999     0.3605852540785848   0.004242554262643917   0.001510039010295056     -6.982289648318163
      420.9999999999999     0.3401821648857214   0.004243805960801495   0.002077374899280174     -6.663025113881358
      421.2499999999999     0.3603359399041791   0.004244292245576998   0.001761709246865007     -6.827731061710846
      421.4999999999999     0.3430672736975524   0.004244260611499885   0.002096767204620004     -6.653626283604858
      421.7499999999999     0.3323117624992208   0.004244140964397577    0.00552119955802974     -5.685456058637148
      421.9999999999999     0.3512371478019191   0.004243418124688213   0.001892706353988008      -6.75621379762722
      422.2499999999999     0.3524544853082095   0.004243078575434433   0.002227053823124752      -6.59362200042517
      422.4999999999999     0.3588946676153632   0.004242580307489452   0.002606931378081776     -6.436245182081739
      422.7499999999999      0.363438214805488   0.004241511220986571   0.002297247263291639     -6.562959451854276
      422.9999999999999     0.3379140984493471   0.004240767863540456   0.003683102313320467     -6.091090872038138
      423.2499999999999     0.3367452437861329   0.004239975171014458    0.00474432747610316     -5.838083539560573
      423.4999999999999     0.3552337422241026   0.004239294458194723   0.003186787174815527     -6.236180533666841
      423.7499999999999     0.3530598480611785   0.004238200928921279   0.003432389358328621     -6.162195147170349
      423.9999999999999     0.3684825882657968   0.004236975955373331    0.00186918550122089     -6.770238069891774
      424.2499999999999     0.3440440027007646   0.004235939572520317   0.003686035029153085     -6.091434116825033
      424.4999999999999     0.3755516562403573   0.004235008274206519   0.002485145199863333     -6.485874271500198
      424.7499999999999     0.3747048551123455   0.004233883405826035   0.002775943027690699     -6.375480487733121
      424.9999999999999     0.3478779486068247   0.004232825548239833   0.003757067838809182      -6.07308207030072
      425.2499999999999     0.3600466196081646   0.004231660844736418   0.003939443240183047     -6.025956687326873
      425.4999999999999     0.3750669114082829   0.004230512359569073   0.003323390405848114     -6.196282062390988
      425.7499999999999     0.3380908517225628   0.004229394641488329   0.005660904591318752      -5.66394806844986
      425.9999999999999     0.3799952802437743   0.004228328853206492   0.004872526260382969      -5.81417125501259
      426.2499999999999     0.3429876497694585   0.004227181666591607   0.005553915182697848     -5.683552026036027
      426.4999999999999     0.3733101273519304   0.004226048332558327   0.004276789445780802     -5.945120687044576
      426.7499999999999     0.3512889812865236   0.004224927522600499   0.004755756647450541     -5.839232725455894
      426.9999999999999     0.3420777161135743   0.004223833497940115   0.006816929909642829     -5.479438303587854
      427.2499999999999      0.361927644691008   0.004222628170827514    0.00415948493265133     -5.973741665908365
      427.4999999999999     0.3526050553266178   0.004221587633794278   0.005965056585980244      -5.61346082606649
      427.7499999999999     0.3406652457761769   0.004220386046355571   0.008019521580738135     -5.317785270872721
      427.9999999999999     0.3279430021739959   0.004219362337351376   0.008872587902578206      -5.21694011720671
      428.2499999999999     0.3516021614510582   0.004218293315869266   0.006917579354947221     -5.466094118778816
      428.4999999999999     0.3467570315307715   0.004217061928206482   0.007833559883479731     -5.342034928354227
      428.7499999999999     0.3462602270683541   0.004215840114902553   0.009432480481849944     -5.156582651020891
      428.9999999999999     0.3285359130391748   0.004214719162692587    0.01019704440608184     -5.078909766383426
      429.2499999999999     0.3467736494709683    0.00421364682267248    0.01108843245078208     -4.995359696961211
      429.4999999999999     0.3405335560860898   0.004212464632835438    0.01111809364789135     -4.992968902279301
      429.7499999999999     0.3227351077432448   0.004211275360642412   0.009415592453171737     -5.159458017254334
      429.9999999999999     0.3181216742792526   0.004210164714259477    0.01801222049807343     -4.511038426187833
      430.2499999999999     0.3314351484055079   0.004209073890803311    0.01155687728021654     -4.955067301393214
      430.4999999999999     0.3520893170595081   0.004207846415520303    0.01082801199922739     -5.020503185265713
      430.7499999999999     0.3311092279393611   0.004206695773957729    0.01385302946881809     -4.774409211069619
      430.9999999999999     0.3179902931135586   0.004205544558116929    0.02151516947254005     -4.334428610967444
      431.2499999999999     0.3463635089982398   0.004204361884149191    0.01479174513856253     -4.709398847263726
      431.4999999999999     0.3528647876821766   0.004203152256860193    0.01312155530300042     -4.829499539689385
      431.7499999999999     0.3311408386608349   0.004201950015422395    0.01619296430557313     -4.619465089036799
      431.9999999999999     0.3516489888759716    0.00420084095166085    0.01656874923246422     -4.596787565176712
      432.2499999999999      0.317888696068109    0.00419964687124782    0.02517825889885853     -4.178609318227537
      432.4999999999999     0.3820001960253394   0.004198565088136242   0.006832953110778063     -5.483090866903886
      432.7499999999999     0.3522489499584401   0.004197469853606708     0.0189382191508216     -4.463926656274658
      432.9999999999999     0.3350221370337672    0.00419631984911717     0.0154853264177681     -4.665489834148816
      433.2499999999999     0.3173837223520829   0.004195166507948932    0.03289970849594915     -3.912193813180011
      433.4999999999999     0.3314312782663911   0.004193976232020617    0.02066887285487394      -4.37731253469335
      433.7499999999999       0.32530980583807   0.004192816576240776    0.02250638315261616     -4.292418955092554
      433.9999999999999     0.3483795031347323   0.004191647308396715    0.02359439093116472     -4.245487821333561
      434.2499999999999     0.3368415724841797   0.004190451556162086    0.01878884275143806     -4.473518920651522
      434.4999999999999      0.334200602424009     0.0041892212758166    0.02502712706710335     -4.187115458830379
      434.7499999999999     0.3304522792579661   0.004188014690805241    0.03122091025697378     -3.966275770029512
      434.9999999999999     0.3357752123067049   0.004186908435133993     0.0306180456548184     -3.986038461370981
      435.2499999999999     0.3456661671271847   0.004185692918815052    0.02507269754080525     -4.186138872772528
      435.4999999999999     0.3508955765309901   0.004184614925725898    0.02892201998629988     -4.043572712767137
      435.7499999999999     0.3282047907532226   0.004183370852564655    0.03587430510804915     -3.828451992048449
      435.9999999999999     0.3498876866256057   0.004182146124671268    0.03462658938790488     -3.864144233653411
      436.2499999999999     0.3449315933148543   0.004181112381120644    0.03360469305889345     -3.894347579134378
      436.4999999999999     0.3388194005406719    0.00417988418463681    0.03380949670082799     -3.888565372106927
      436.7499999999999     0.3294445096784249   0.004178687803037714    0.04294278511866902     -3.649724716153631
      436.9999999999999     0.3179099067734235   0.004177544354411765    0.03497683074400395     -3.855181179313691
      437.2499999999999     0.3198340853381351   0.004176347706947459     0.0335235462375106     -3.897905466774952
      437.4999999999999     0.3381536018481223   0.004175202159318919    0.04022929143137419     -3.715832490350532
      437.7499999999999     0.3419541051887709   0.004173957274606089    0.04218680788882229      -3.66861850631671
      437.9999999999999     0.3169001504857187   0.004172728345844776    0.05082788359237633     -3.482575446684614
      438.2499999999999     0.3159591062908829   0.004171495387193137    0.06636615131366427     -3.216128907038447
      438.4999999999999     0.3272609344315632   0.004170286100684849    0.04717437533758873     -3.557755149225656
      438.7499999999999     0.3254457891743214   0.004169038886436086    0.05016381312997278     -3.496611202590855
      438.9999999999999     0.3400073672732597    0.00416787865550845    0.05072465170041839     -3.485771431814728
      439.2499999999999     0.3286606912336344   0.004166604987096683    0.06308394860784287     -3.268022732343727
      439.4999999999999     0.3353980573533857   0.004165328600493611     0.0612757624119174     -3.297411101757015
      439.7499999999999     0.3316348307703985   0.004164153059812337    0.07456327101435549     -3.101429693467281
      439.9999999999999     0.3245081666608075   0.004162880654082921    0.06644998467778615     -3.216933787609814
      440.2499999999999      0.343777976137037      0.004161607178053    0.05617689018550959     -3.385183835531833
      440.4999999999999     0.3442875732413196   0.004160353539513821    0.06586176025671769     -3.226432581776466
      440.7499999999999     0.3302467415715333   0.004159040604644431    0.09431215678523082      -2.86769612054969
      440.9999999999999     0.3659609385469683   0.004158014154184858   0.004192270463155335     -5.981310584405327
      441.2499999999999     0.3626395498883597    0.00415697336810378   0.006808475603402008     -5.496635139688272
      441.4999999999999     0.3551371171373391   0.004156030231130923    0.02680234118055445     -4.126541053251811
      441.7499999999999     0.3606556405947975    0.00415487516110749    0.01252087945871644     -4.887910651834275
      441.9999999999999     0.3431858881395881   0.004153708297170914    0.07890333851589565     -3.047365600693666
      442.2499999999999     0.3493684471852236   0.004152462359915611    0.07006197007256498     -3.166509006550202
      442.4999999999999      0.335896635966561   0.004151171575049285     0.0921990339535206     -2.892250387317858
      442.7499999999999     0.3630658980787089   0.004150104574786259    0.01073536513692297     -5.042913664632737
      442.9999999999999     0.3338397439893259   0.004148902597008416     0.1095731629678091      -2.72015429582476
      443.2499999999999     0.3387942216080851   0.004147653467327596     0.1149925798341833     -2.672180293872239
      443.4999999999999     0.3397402420606143   0.004146349731836147     0.1278115285514108     -2.566805531615019
      443.7499999999999     0.3707741666114022   0.004145269891361041   0.005406682489850118         -5.72998705614
      443.9999999999999     0.3498856797676424   0.004144059342459797    0.07906696253847642     -3.047619696290491
      444.2499999999999     0.3228695852847844   0.004142873421977678    0.07535961810166786     -3.095929468771612
      444.4999999999999     0.3579359280490562   0.004141764852554388    0.02664798549648683     -4.135755095223919
      444.7499999999999     0.3704037634154146   0.004140757325516634   0.006627196996426225     -5.527530002763748
      444.9999999999999     0.3879819116208571   0.004139699912814057    0.01119295393839788     -5.003682873674024
      445.2499999999999     0.3570210090807054   0.004139426566890321    0.03534098784332704     -3.853989954852547
      445.4999999999999     0.3577378673186593   0.004138505160517883      0.037034132220894     -3.807416011577795
      445.7499999999999     0.3455060496512956   0.004137180815715085      0.121163306557926     -2.622436771626216
      445.9999999999999     0.3594863459826317   0.004135999252355267    0.03416229622283525     -3.888739098999971
      446.2499999999999     0.3653905114506729   0.004134884948770578    0.01584570110061801     -4.657232897807563
      446.4999999999999     0.3336990794154969   0.004133640720904962     0.1476092459732476     -2.425863540301969
      446.7499999999999     0.3717712557760562   0.004132662731658648   0.008798258008333259     -5.246114965010392
      446.9999999999999     0.3462924706085066   0.004131340751823214     0.1351971496857088     -2.514254569024842
      447.2499999999999     0.3518032730014638   0.004130168771176976    0.09761461073978454     -2.840245188492615
      447.4999999999999     0.3713576691267186   0.004129036295417092    0.01043588037654199     -5.076296699878499
      447.7499999999999     0.3683593933812346    0.00412792155581861    0.01428649729334619     -4.762501770727425
      447.9999999999999     0.3252214713964251   0.004126644683026319     0.1080635271079358      -2.73940672222441
      448.2499999999999     0.3307040623790218   0.004125485309603042     0.1657927348263138     -2.311668555220272
      448.4999999999999     0.3147212413804067   0.004124442228595604    0.09705493211653446     -2.847382719716522
      448.7499999999999     0.3575128156042109   0.004123339747432972    0.05592580423798092     -3.398901300518236
      448.9999999999999     0.3325684571599916   0.004121910040622431     0.1940966015490627     -2.154918002457686
      449.2499999999999     0.3232236621408758   0.004120778031633295     0.1243384365288548     -2.600541478976423
      449.4999999999999     0.3643332570267125   0.004119883676814174    0.02717443725427698     -4.121488987981716
      449.7499999999999     0.3561846420504137   0.004118687315475252    0.07496166864790021     -3.107079243701948
      449.9999999999999     0.3010307165468513   0.004116879524823635     0.5885642111857498     -1.046809131571554
      450.2499999999999     0.3579962631225604   0.004115877389954638    0.07300426148210412     -3.134220796941094
      450.4999999999999     0.3422696958663058   0.004114461468193078     0.1739106028086329     -2.266541296378342
      450.7499999999999     0.3743683334698977   0.004113414903615122    0.01309391551727331      -4.85318942344722
      450.9999999999999     0.3677944179325741   0.004112321803445143    0.02296536721274886     -4.291615549302374
      451.2499999999999      0.338471154132472   0.004110865980884634     0.2146134876836014     -2.057118255916628
      451.4999999999999     0.3368018952366701    0.00410954037639241     0.2505598851028277     -1.902581495806175
      451.7499999999999      0.331704323934042   0.004108069636969781     0.2591991616962085       -1.8690406679908
      451.9999999999999     0.3289609994807751   0.004106616352150563     0.2647742788286043     -1.848113539277416
      452.2499999999999     0.3427835066537968   0.004105140699019321      0.230272228846234     -1.988088411692147
      452.4999999999999     0.3457416497364374   0.004103642430124959     0.2401649533758384     -1.946389671841801
      452.7499999999999      0.340890126516539   0.004102167857802542     0.3078642329184492     -1.698416178382336
      452.9999999999999     0.3344823346756519   0.004100580968406899     0.3516574740592601      -1.56580436167237
      453.2499999999999     0.3259121272405893   0.004099094481560948     0.2402505631406821     -1.947142158753018
      453.4999999999999     0.3336209973799132   0.004097416702907683     0.4063060627118041     -1.422127214426414
      453.7499999999999      0.320667743288031   0.004096241816957271     0.1394158933077334     -2.492059214324405
      453.9999999999999     0.3099323026818185   0.004094894876620007     0.2466637535604998     -1.921823508349219
      454.2499999999999     0.3202720525245344   0.004093608643587316     0.1589772802366555     -2.361402451328761
      454.4999999999999     0.3304848143778876   0.004091862016004458     0.4332401464035618     -1.359298329753727
      454.7499999999999     0.3439914290735481   0.004090327515064406     0.3346090552178006     -1.618002746857363
      454.9999999999999     0.3808884413691552     0.0040903108194761   0.009741490412576383     -5.154575553871195
      455.2499999999999     0.4008742725761855    0.00409013726597502    0.02302044057993605     -4.294629568768187
      455.4999999999999     0.4635237230763479   0.004090110590018644      1.198123428284253    -0.3425068309404379
      455.7499999999999     0.5105247619285259   0.004092550596306717      3.007062679060554     0.5782967787793118
      455.9999999999999     0.4484127503742967   0.004094205659400996      1.088998700330535    -0.4370039919395698
      456.2499999999999     0.4904454144249853   0.004093785893148457       2.90378382960336     0.5436494807469583
      456.4999999999999     0.4812135187960703    0.00409355313501195       2.02533841797969      0.183314773915159
      456.7499999999999     0.4366566421999065   0.004094471793176532     0.5562149038897928     -1.108798183630902
      456.9999999999999     0.4292469348057393   0.004093061682354223     0.2499149383617916     -1.909176760724787
      457.2499999999999     0.4502235233452829   0.004090949660842324      1.174363260151542    -0.3623321342826228
      457.4999999999999     0.4630956965870002   0.004089892860290616      1.313607112980598    -0.2505397139974344
      457.7499999999999     0.4134002524630505   0.004089459964742885    0.04924250990845291     -3.534420445388227
      457.9999999999999     0.3724774610639451   0.004088378831469534    0.02026827402118303     -4.422385316571267
      458.2499999999999     0.3593079564652871   0.004088037314648961    0.07229871935353742     -3.150719244975498
      458.4999999999999      0.324517465482296   0.004087797124576919     0.3043293269039445     -1.713473989899639
      458.7499999999999     0.3872469008290432   0.004088208981386171    0.01291495088688207     -4.873098045710075
      458.9999999999999      0.399976721866418   0.004087211043103813    0.02548444093838519     -4.193659694171861
      459.2499999999999      0.351150613168053   0.004086317125741086     0.1833933052675383     -2.220313479887992
      459.4999999999999     0.3464053505052423    0.00408529702647308     0.3397984709583506     -1.603843495173221
      459.7499999999999     0.3112938303246894   0.004085202603078991     0.2319447577335932     -1.985720087725547
      459.9999999999999     0.3356545341950597   0.004084670072527298      0.518208143149252     -1.181972699986527
      460.2499999999999     0.3806647621925588   0.004083764364702439    0.01278840547900855     -4.884032501817348
      460.4999999999999     0.4122078938873771   0.004082828822453747    0.04758368064011041     -3.570310695977856
      460.7499999999999      0.370084309102505    0.00408176799719028     0.0267880930494897     -4.145102914947932
      460.9999999999999     0.3811526824581966   0.004080765421686492    0.01468254762464677     -4.746646515522251
      461.2499999999999     0.3667380255336153    0.00407976699337062    0.03673210552365859     -3.829899581876597
      461.4999999999999     0.3598873051873113   0.004078906100181213    0.08490711579256717     -2.992203898357151
      461.7499999999999     0.3461921861174079   0.004077488112015457     0.3913289233170767     -1.464561059289917
      461.9999999999999     0.3391312814947972   0.004075717598846345     0.5432061867507417     -1.137054847041969
      462.2499999999999     0.3248558421539366   0.004074303840159688     0.3730475131671501     -1.513184953735545
      462.4999999999999     0.3282502678030784   0.004072641263450937     0.5474924288291941     -1.129950260717143
      462.7499999999999      0.329741753784146   0.004071138029531964     0.6471215318573225    -0.9631339513358551
      462.9999999999999      0.356202932565805   0.004069909908211769     0.1325699393360231     -2.548859427894106
      463.2499999999999      0.360442863056241   0.004068651184926352     0.1058645223898859     -2.774118915411032
      463.4999999999999     0.3687183814523537   0.004067532233849074    0.04212585224143297     -3.695892537209604
      463.7499999999999     0.3685816428787611   0.004066642018817318    0.04941996486508164     -3.536418550019129
      463.9999999999999      0.327657531522049   0.004064909713748692     0.6814404939846269    -0.9129901785394819
      464.2499999999999     0.3393606355158532   0.004062995757924827     0.6230891547829397     -1.002980454670335
      464.4999999999999     0.3446589821387747   0.004061133944127329     0.5439336724420252     -1.139301096775119
      464.7499999999999      0.364213672508778    0.00406001222196577     0.0833813631321336     -3.014979837045174
      464.9999999999999     0.3483567323742575   0.004058264221130627     0.4479999862076409     -1.334042089657046
      465.2499999999999     0.3317433901690473   0.004056080603396473     0.8138556791282399    -0.7375904511014184
      465.4999999999999     0.3583250621364182   0.004055000342127248      0.153988377835591     -2.402762738835433
      465.7499999999999     0.3272056772703705   0.004052777077446433     0.8308349295407297    -0.7177571630918125
      465.9999999999999     0.3452127268068339   0.004050974907390066     0.6493798023660633    -0.9646153145229827
      466.2499999999999     0.3242656733594423   0.004049182190775321     0.6745060836630306     -0.927095014093224
      466.4999999999999     0.3355383020606836   0.004046958508038744     0.8824936323818094    -0.6588734550721324
      466.7499999999999     0.3290224336366829   0.004044509196352523      1.123345756127615    -0.4181636409902402
      466.9999999999999     0.3630765990033957   0.004043371393113687     0.1175729328086451     -2.675452948744278
      467.2499999999999     0.3568715246595488   0.004042039566709376      0.193919489474239     -2.175398163696941
      467.4999999999999     0.3675887435431738   0.004040940131589971    0.08172007400987795     -3.039813595398855
      467.7499999999999      0.352932892768788   0.004039430099266049     0.3039412700769307     -1.726652532049652
      467.9999999999999     0.3679165991984458   0.004038259827540301    0.09144199465449708     -2.928071945262292
      468.2499999999999     0.3428766550730876    0.00403615590563768     0.7998440179723355     -0.759881180121468
      468.4999999999999      0.352613225291309   0.004034581199671659     0.3668871999053543      -1.53963369370341
      468.7499999999999     0.3664643957465518   0.004033496726373992     0.1187259483032871     -2.668139086158157
      468.9999999999999     0.3449458334827576   0.004031300054969727     0.8592751811363054    -0.6894125022695462
      469.2499999999999     0.3389656725810509   0.004029030921765362     0.9985356186457512     -0.539774936387757
      469.4999999999999     0.3613923314706288   0.004027770477349608     0.2009425811337739     -2.143358449049809
      469.7499999999999     0.3343841315131706   0.004025225439315497      1.176718641128103    -0.3765246914561909
      469.9999999999999     0.3782530695475204   0.004024211218182738    0.02031288935520208     -4.436006092549887
      470.2499999999999     0.3350410351021955   0.004021571470858565      1.328304141026713    -0.2562595766746503
      470.4999999999999     0.3489721233145301   0.004019543698381397     0.7100442968504298    -0.8830948953977059
      470.7499999999999     0.3523140430887068   0.004017734863579237     0.5269654137097753     -1.181737446934136
      470.9999999999999     0.3503000525824563    0.00401568363847873      0.755981417497425    -0.8213662418853096
      471.2499999999999     0.3345525422323956   0.004012880981531969      1.499253109090142    -0.1373588733128695
      471.4999999999999     0.3396282871514646   0.004010180211338948      1.418732033331936    -0.1932356435292336
      471.7499999999999     0.3696319365361673   0.004008959399902946      0.119372086734686     -2.668813541182731
      471.9999999999999     0.3503076588345034   0.004006779037910163     0.8620388622537958     -0.692302602158526
      472.2499999999999     0.4018320180117574   0.004005879880065774    0.03146223227229218     -4.003039538949507
      472.4999999999999     0.3623535123313793    0.00400461018524261     0.2306133744527259     -2.011401793334091
      472.7499999999999      0.409631125084027   0.004004253698786696    0.04157545472465477      -3.72472345848582
      472.9999999999999      0.379930444126078   0.004004368901368701     0.0212454803534381     -4.396060467823355
      473.2499999999999     0.3923340650725851    0.00400374901637514     0.0191211754180455      -4.50156308390198
      473.4999999999999     0.3834922473257047   0.004003088194246538    0.01997694372993679     -4.457945734884625
      473.7499999999999     0.4320413084196263   0.004002163957820076      0.383120514123332     -1.504405839475737
      473.9999999999999     0.4034363907736349    0.00400145786832374    0.03915849501516085     -3.785314494703946
      474.2499999999999     0.3954516829613889   0.004000450400427415    0.02763087626023738     -4.134249834332416
      474.4999999999999     0.3853172087990074   0.003999437256979707    0.02275308947614879     -4.328736038946316
      474.7499999999999     0.3922277730496865   0.003998412423651343    0.02767301864408774     -4.133235371168576
      474.9999999999999     0.4033735948568719   0.003997398166431468     0.0461808243599487     -3.621382295868595
      475.2499999999999     0.3986050619032565    0.00399644481262823    0.04507730072203438     -3.645806662804385
      475.4999999999999     0.4076999606508498   0.003995700525495008    0.05393392696109752     -3.466612004741135
      475.7499999999999     0.4012847621856362   0.003994754111834196    0.06114095990163858     -3.341426596994875
      475.9999999999999      0.409402327072682   0.003993841081646529     0.0656447088844602     -3.270580195129001
      476.2499999999999     0.4083987477759713   0.003992805734527957    0.07578793823662745     -3.127157312530219
      476.4999999999999      0.390881939032751   0.003991756660315636    0.03352062197553284     -3.943198411185941
      476.7499999999999     0.4095884110929728   0.003990830876781487    0.08668438907285754     -2.993317381977912
      476.9999999999999     0.4165473417665003   0.003989699525263788     0.1074608970045668       -2.7787476880252
      477.2499999999999     0.3785288484285538   0.003988743612447929    0.03194539134401323     -3.992086419987752
      477.4999999999999     0.3873979316177265   0.003987816507316913    0.03464739842920066     -3.911124160494709
      477.7499999999999     0.3826166240259899   0.003986807172942577    0.03577899324085881     -3.879238998255997
      477.9999999999999     0.3899142890334749   0.003985768626134302    0.04391996472062575     -3.674491474327464
      478.2499999999999     0.4183842284384013    0.00398461060708949     0.1436350680325042     -2.489875215774891
      478.4999999999999     0.4129145375435678   0.003983460138557526     0.1137524796755789     -2.723414961650757
      478.7499999999999     0.4008307363383511   0.003982341248887067     0.0748514606730086     -3.142215116563198
      478.9999999999999     0.4241782335877128   0.003981073800085304     0.2319117816603016     -2.011682011928462
      479.2499999999999     0.4042452499570899   0.003979939587898965      0.099964212204554     -2.853511757498859
      479.4999999999999     0.3873126166236523   0.003978855049600609    0.04850756473908538     -3.576876780027734
      479.7499999999999     0.4063353286967383   0.003977710193800187     0.1209081535504203     -2.663853120402642
      479.9999999999999     0.4211742095445554   0.003976553615922968     0.2254493449608914     -2.041079623832621
      480.2499999999999     0.3722929962329443   0.003975474705994577    0.09999370386747451     -2.854339255191824
      480.4999999999999     0.4134126820837007   0.003974327898722731     0.1514072628245178     -2.439761679059577
      480.7499999999999     0.4226286808823811   0.003973503292016668     0.2795221307089301     -1.826861025750491
      480.9999999999999     0.4445508360580683   0.003971489049921078      1.255719263608599    -0.3249857360079829
      481.2499999999999      0.456851154403698   0.003969365951420663      1.175580382434764     -0.391467022639191
      481.4999999999999     0.4626976182597168   0.003967233870595968      1.533902933002445     -0.125950845052789
      481.7499999999999     0.4282882954397878   0.003966524077595688     0.3694688295266472     -1.549634099452224
      481.9999999999999     0.4301412759374094   0.003964917460650804      0.458519537937367     -1.334102700335904
      482.2499999999999     0.4817513151738019   0.003962274673524164      2.347257978089809     0.2982307391627578
      482.4999999999999     0.5185576330299602   0.003961443679519908      2.797413815883499     0.4734685147868427
      482.7499999999999     0.4922459806689715   0.003962157820452502      3.484534531478676     0.6932878901280053
      482.9999999999999      0.505665588449756   0.003959877129580617      3.309864955164305     0.6412850236559406
      483.2499999999999      0.570058041181285   0.003959166212858822      1.249028999232062    -0.3334354631353556
      483.4999999999999     0.5434795707917141   0.003960876327292963     0.6013703321122991     -1.063914408220284
      483.7499999999999     0.4738750138592204    0.00395914604031827      1.930313046503141     0.1018751828934956
      483.9999999999999     0.4976483038584721   0.003956461196704766      3.778473588140797     0.7728347411968627
      484.2499999999999     0.4633677618692703   0.003953739308819978      1.706733811198148   -0.02259207907635883
      484.4999999999999     0.5381068091547729   0.003952372465354942     0.7150113279914292    -0.8929762330759848
      484.7499999999999     0.5040848433036511   0.003950267344639659      3.994760423796091     0.8269315044596898
      484.9999999999999     0.4823739496114035   0.003947360879146738      2.650242847740524     0.4158631374500265
      485.2499999999999     0.4558319225346622   0.003944927857719471      1.358029961626091    -0.2533696036978202
      485.4999999999999     0.4289364082975584   0.003943360627639036     0.5027182080804364      -1.24752754019668
      485.7499999999999     0.4872749513485356     0.0039405787513401      3.302604956310864      0.634203778743029
      485.9999999999999     0.5066582772840512   0.003938046222588661      4.156386855691281     0.8634955075346993
      486.2499999999999     0.5481340530026613   0.003937447561763511     0.7464541802312558    -0.8537237196915063
      486.4999999999999     0.5254145791059954   0.003935399377487187      1.903475418635895     0.0818583905901991
      486.7499999999999     0.5104028275939388   0.003932925154059917      4.127610750036315     0.8552468289528472
      486.9999999999999     0.5409950669871183   0.003931646129723342     0.7701739811011987    -0.8239160022253394
      487.2499999999999     0.5510594227706779   0.003929809375598278     0.8993277338708059    -0.6693522001290865
      487.4999999999999     0.5185238166105641   0.003927039485600483      3.177926307264032      0.592279347134791
      487.7499999999999     0.5397549058405889   0.003925534158302901     0.8653317162002331    -0.7089752881217807
      487.9999999999999     0.5390651994197181   0.003923936601154322     0.9691350556779318    -0.5960912783326839
      488.2499999999999     0.5283929728344137   0.003921982323120973      1.792191474530478    0.01820101636869173
      488.4999999999999     0.5643113602425019   0.003920345602438622      1.239918894151877    -0.3506095794187568
      488.7499999999999     0.5656538436015367   0.003918473048347951      1.444777730480327    -0.1981778233281352
      488.9999999999999     0.5441044818851922   0.003916727762052263      1.064479514734213    -0.5040928509956653
      489.2499999999999     0.5543052949324917   0.003914764240785139      1.033376605014531    -0.5342485568292019
      489.4999999999999     0.5519496507305048   0.003912930122219467      1.149338673699958    -0.4283621669294418
      489.7499999999999     0.5360616302341132   0.003910824090613054      1.180355192028049    -0.4022718427295318
      489.9999999999999     0.5448522865934105   0.003908543334218825      1.282133826107637    -0.3201448653775774
      490.2499999999999     0.5229041066826406   0.003905657141640915      2.783376265975947     0.4542553634633399
      490.4999999999999     0.5324264607948507   0.003903166554844365      1.621656659498463    -0.0865989458903336
      490.7499999999999     0.5485844977161424   0.003900964876209189      1.359328369043313    -0.2636207045915637
      490.9999999999999     0.4922217390040116     0.0038985344699134       4.25382638008693     0.8765842454238819
      491.2499999999999     0.5570583851237597   0.003896412800777101      1.309269680191836    -0.3023095418480709
      491.4999999999999     0.5451664058326992   0.003893938280904685      1.570623768082721    -0.1209414607600314
      491.7499999999999     0.5333390446132773   0.003891291873188099      1.744114933982804   -0.01684693335602322
      491.9999999999999     0.5543380987566339   0.003888844304326541      1.620440573881639    -0.0910252718160202
      492.2499999999999     0.5382188579645828    0.00388627316547831       1.70144933563601   -0.04290428128116971
      492.4999999999999     0.5479392041690816   0.003883682859287199      1.833413536728139    0.03112808113828516
      492.7499999999999     0.5208257972534369   0.003880903734045679      3.445908550903435     0.6614202849016992
      492.9999999999999     0.5330281610916673    0.00387816893612908      2.088393212313522     0.1599227281719606
      493.2499999999999     0.5137232274410057   0.003875762211750484      4.317851548284508     0.8856649322730158
      493.4999999999999     0.5404985796051692   0.003873163587446751      2.028108455069088     0.1293398379279882
      493.7499999999999     0.5661102704091092    0.00387070858888975      1.607527520158079    -0.1037004777398002
      493.9999999999999     0.5169159515991977   0.003868805530354517      4.645596405757115     0.9570302095425487
      494.2499999999999     0.5766746495578541   0.003866994813748519      1.194102862033979     -0.401962530923125
      494.4999999999999     0.5333376050692711   0.003864335048616115      2.311027416687832     0.2576464549196483
      494.7499999999999     0.5263620880347243   0.003861488932572368      3.053927536747596     0.5356459593589045
      494.9999999999999     0.4923794366385316   0.003859852229240297      4.614350305414563     0.9479646165584512
      495.2499999999999     0.5568847346429453    0.00385751008286603      1.696662386055313   -0.05315042473443059
      495.4999999999999     0.5149883860395079   0.003856061447519219      5.165552721846523      1.059823059211588
      495.7499999999999     0.5164207952092084   0.003854946872715237       5.67203053389329      1.153069035248302
      495.9999999999999     0.5172698072350339   0.003854683089337116      6.141609565308762      1.232540285175723
      496.2499999999999     0.5449058225846474   0.003852026495154361      2.147788393325187     0.1812026678836412
      496.4999999999999     0.5115752745158606   0.003851170287658795      5.935795822117028      1.197542818902224
      496.7499999999999     0.5766121495926256   0.003849792691944693      1.297830093936449    -0.3231223507963271
      496.9999999999999     0.5588652660263032   0.003847493369261569      1.748310583991629    -0.0257635583381703
      497.2499999999999     0.5113934778602428   0.003847645355722097      6.505312792774991      1.288245198309601
      497.4999999999999     0.5352496969137305   0.003844906371890414      2.408469946116008      0.293905558041858
      497.7499999999999     0.5451950010400116   0.003842158789166339      2.372401109002403     0.2781015989961731
      497.9999999999999     0.5212126115869888   0.003840471555929012      5.268183771359364      1.075445465062502
      498.2499999999999     0.5386588334347345   0.003837744337443164      2.644859628459189     0.3856674124994689
      498.4999999999999     0.5425616234223409   0.003835038710902379      2.964260599845059     0.4989717913618401
      498.7499999999999     0.5553605718602472   0.003832433091912324      2.123199975928658     0.1645888840329313
      498.9999999999999     0.5642055555627182   0.003830241854518256      1.811879859805165   0.005457488721496052
      499.2499999999999      0.597094272081051   0.003828864733233529     0.7460671484456238    -0.8822066893121697
      499.4999999999999     0.6468698266378414   0.003829301169815594      1.030383719346158    -0.5592217624837452
      499.7499999999999     0.5832908884275346   0.003828404678247696      1.127939034787889    -0.4689950749926818
      499.9999999999999     0.5539616473022972   0.003825792380009133      2.446786392853986     0.3047057284085392
      500.2499999999999     0.5909557834307367    0.00382390308940635      1.020842806396838    -0.5699351437231277
      500.4999999999999     0.6186309016510851   0.003823278044153178     0.5038580995350193     -1.276187780472769
      500.7499999999999     0.6011685664691531   0.003822947277857416     0.8054219218023423    -0.8072027113237491
      500.9999999999999     0.5906338438727886   0.003821031541097501      1.153781178311243    -0.4482704097316212
      501.2499999999999     0.6021141694587009   0.003819177425628469     0.9179132184997658    -0.6774527229871306
      501.4999999999999     0.6558409327819583   0.003818141066227354      1.433323687085813    -0.2320756863923036
      501.7499999999999     0.5721446738838782   0.003816358077282109      1.658684188571183   -0.08651414724639311
      501.9999999999999     0.6075920845637607   0.003814545791778365     0.9643528036401048    -0.6293118360669678
      502.2499999999999     0.5493154671424602   0.003811894880872298      2.745566147890175     0.4162783474570122
      502.4999999999999     0.5309759577940804   0.003809793217854101      2.933540586314241     0.4819496361240524
      502.7499999999999     0.5394610484973049   0.003807764278152578       3.23864245936895     0.5803610984892247
      502.9999999999999     0.5720998383370993   0.003805436949466926      1.868083279162967    0.02950837837077575
      503.2499999999999     0.5385973357207896   0.003803185240330027      3.515981421553061     0.6613222698392073
      503.4999999999999     0.5790911645705116   0.003800938702911592      1.702331864916839   -0.06458830304330571
      503.7499999999999     0.5665956769907777   0.003798457791129759      2.131547452755979     0.1596079967442336
      503.9999999999999     0.5556430853745691   0.003796104071911067      2.698883441257924     0.3949780810220814
      504.2499999999999     0.6120339991967899   0.003794742205117762     0.7795762518111212    -0.8472236581883067
      504.4999999999999     0.5521048926731206   0.003792176069704889      3.204614427340537     0.5656964320947041
      504.7499999999999      0.591638048677838   0.003790295950852663      1.220913240206337     -0.399792123154265
      504.9999999999999      0.576277329633042   0.003787852062140797      2.060754953919666     0.1230361556065194
      505.2499999999999     0.5464761993072333   0.003785259560002093      3.432368980274951     0.6325297853202958
      505.4999999999999     0.5573223096364512   0.003782865121914257      2.881710219597315     0.4570302726724754
      505.7499999999999     0.5652290592885818   0.003780311659808245      2.379223342021592     0.2647452007048823
      505.9999999999999     0.5883772532580832   0.003778211490970671      1.350181754530689    -0.3023453992606149
      506.2499999999999     0.5815707047984708   0.003775891054204064      1.804238179669238    -0.0130605254946516
      506.4999999999999     0.5697158796814565   0.003773298247361576       2.55217564357006     0.3330603118677355
      506.7499999999999     0.5462436011324867   0.003771248750658348      3.765883347088661     0.7215532719259142
      506.9999999999999      0.537056532984418   0.003768812919285777      3.693248752413746     0.7014312050149466
      507.2499999999999     0.4997047877513231   0.003767154950605618      4.253574141726615     0.8422443028339616
      507.4999999999999     0.5286441195304826   0.003765266067792582      3.425966364029953     0.6253667467323846
      507.7499999999999     0.5599383393095286   0.003762715750933072      2.857868482958639     0.4433816694031452
      507.9999999999999     0.5498839872784548   0.003760444815487875      3.934936709035184     0.7625966872701456
      508.2499999999999     0.5826702165982353   0.003758159424157752      1.864778104313032    0.01523602703718925
      508.4999999999999     0.5354375439901995    0.00375583633865817      3.912140658469662     0.7555603314991449
      508.7499999999999     0.5262478479264999   0.003753460657272384      3.965785509283842     0.7685468398625876
      508.9999999999999     0.6090829937395625   0.003751961951547684      1.030910509593779    -0.5791140708615258
      509.2499999999999     0.5824433437970691   0.003749720728413669      2.104508583734097     0.1339279900004605
      509.4999999999999     0.6125060956407224   0.003748149203836656     0.8887824661720261     -0.728475958633552
      509.7499999999999     0.5939945526470582   0.003746703109278792      1.340180548306003    -0.3181547379037507
      509.9999999999999     0.5724811188641948   0.003744290806608415      2.692195943876937     0.3787540621526349
      510.2499999999999     0.5686189224219921   0.003741875900531049      2.984665342236863     0.4812393280083937
      510.4999999999999     0.5905357827262196   0.003739669075589148      1.690421308813152   -0.08786044468738102
      510.7499999999999     0.5315514586984412   0.003737623905483895      4.065774832243243     0.7892190628520014
      510.9999999999999     0.5394503955603259   0.003735607320765542      4.561048600264847     0.9036275985118211
      511.2499999999999     0.5688576911200963   0.003733653254690843      3.256803504812799     0.5662980107825535
      511.4999999999999     0.5715780481265865   0.003731137592654818      3.447973642199108     0.6226645174237007
      511.7499999999999     0.5845022173642074   0.003728762366584053      2.164053879395172     0.1562242693640094
      511.9999999999999     0.6003695787498421   0.003727168206334839      1.092502801641308    -0.5277153990324204
      512.2499999999999     0.5745617578797977   0.003724755284570684      3.531116198934499     0.6447798161257027
      512.4999999999999     0.5462553598034645   0.003722599689832221      4.400162244893778      0.864228316887736
      512.7499999999999     0.4841682567258524   0.003720709335665191       2.94991946769752     0.4638568398735244
      512.9999999999999     0.5548365151870511   0.003719104076299326      3.996518696467304      0.767071093099245
      513.2499999999999     0.5583711803137644   0.003716637445141043       3.56254064555855     0.6514579389644541
      513.4999999999999     0.5774299651790162   0.003714213385783104      3.503408676688334      0.634067955140395
      513.7499999999999     0.4816351470487436   0.003712093498496135      2.822371012809734     0.4173379563940247
      513.9999999999999     0.5125488605803697   0.003713623060764434      6.711317914530088      1.283967945783249
      514.2499999999999     0.5456128800884316   0.003711686941509047      4.788464007631834     0.9458608052645753
      514.4999999999999     0.4950536791300038   0.003709743274577719      4.522724427869363     0.8882418750321877
      514.7499999999999      0.514733883381491   0.003711298172524371       7.45095575857956      1.387888678293371
      514.9999999999999     0.4752766238941631   0.003709908791935575      1.942593600510311    0.04319591686482924
      515.2499999999999     0.5212014456496752   0.003709376646634499      5.808788929929037      1.138400583309959
      515.4999999999999     0.5350469433059503   0.003707251346958279       4.57994663917712     0.9001427096693109
      515.7499999999999     0.5449216582877711   0.003705496394404713      5.169597333304108      1.020776666858097
      515.9999999999999     0.5954303594243815   0.003703650388402949      1.406673074943789    -0.2812890429924177
      516.2499999999999      0.549056425315567   0.003702575902606768      5.060089983888425      0.998577671076502
      516.4999999999999     0.5674007084313984   0.003700215699460736      3.796835367246087     0.7107236740146965
      516.7499999999999     0.5147264172003299   0.003702003552021247      8.217294709241346      1.483279854981258
      516.9999999999999      0.577732395268872   0.003699698741274938      3.598434147849498     0.6569148242094952
      517.2499999999999     0.5434889106418596   0.003698348487094446      5.737488113390806      1.123072506051176
      517.4999999999999     0.5685232284525155   0.003696144204079522      4.194926576262119     0.8093306436026836
      517.7499999999999     0.5421476564420231    0.00369501797946921      6.073310548261432        1.1790539090201
      517.9999999999999     0.4797937255776875   0.003693872359986882      2.665794439209614     0.3553420793000195
      518.2499999999999     0.5532998028183855   0.003692201983998221      4.937562551480417     0.9712594597459245
      518.4999999999999     0.4708056187158425   0.003690747978236478      1.628074611287726    -0.1386081245586852
      518.7499999999999     0.4434606081070744   0.003690400131142662      1.009542067765798    -0.6166036441749875
      518.9999999999999     0.4875957585640067   0.003689522852118333      3.833005861436803     0.7173110941650231
      519.2499999999999     0.4606707781485158    0.00368820088448943      1.412931840559243    -0.2810297236403923
      519.4999999999999     0.4879159618246347   0.003686676334156125      4.291010522440634      0.829412225167396
      519.7499999999999     0.4474219273615809   0.003685457459993126      1.274305211947418    -0.3850396054357147
      519.9999999999999     0.4638661585863736   0.003684034513696484        1.6207730708184    -0.1449236362427262
      520.2499999999999     0.4396005618911972   0.003682965258274807     0.8342253475085769    -0.8093688706073093
      520.4999999999999     0.4701988714311092   0.003681458003154109      1.770363244105287   -0.05734174434424383
      520.7499999999999     0.4494740822442768   0.003679756528579124      1.363339437726212    -0.3190516145517488
      520.9999999999999     0.4905965936952257   0.003678108346994807      5.179181833151856      1.015210317646638
      521.2499999999999     0.4746482623848163   0.003676069504811494      2.322596693787337     0.2126945736177049
      521.4999999999999     0.4724849149849599   0.003674001636997258      2.316075556087581     0.2093202523026672
      521.7499999999999      0.467731434423868   0.003671882619667716      1.980180993918658    0.05205739476657532
      521.9999999999999     0.4532677598477494   0.003670272134163446      1.303504330169623    -0.3665132761005144
      522.2499999999999     0.4189690004249335   0.003669884479844545     0.2116225196933821     -2.184626336957253
      522.4999999999999     0.5042430819934174   0.003668163191394031      4.450383548465694      0.860845964342334
      522.7499999999999     0.4407166152262301   0.003666594692900235      1.022031387116628    -0.6107798052551281
      522.9999999999999      0.479050345577174   0.003664648438882927      3.080314031728538     0.4919285942146532
      523.2499999999999     0.4611170263229433   0.003662624115743415      1.738210560786563   -0.08079933002592303
      523.4999999999999     0.4725345423337383   0.003660338714238075      2.647793078505007     0.3394468177099519
      523.7499999999999     0.4452872290168039   0.003658586469163837      1.501642015902849    -0.2281993138997988
      523.9999999999999     0.4483338369793367   0.003656901728535417      1.705292694003326    -0.1014823320658017
      524.2499999999999     0.4520002193356473   0.003654940733790471      1.647825236136832     -0.136299104962447
      524.4999999999999     0.3874027964571196   0.003654910794027068    0.04147654120026199     -3.818390960268025
      524.7499999999999     0.4060332439564959   0.003654822311416668     0.1071355270496904     -2.869448523995878
      524.9999999999999     0.4137453255024109   0.003654448216086952     0.1378113556200323     -2.617759765090192
      525.2499999999999     0.3819193601380138   0.003654118192532821    0.03679190728588017      -3.93845792795819
      525.4999999999999     0.4156951383023513   0.003654196514157307     0.1743858841328715     -2.382443836078934
      525.7499999999999     0.4144856061953984   0.003653623041470321      0.178457376124715     -2.359521568872213
      525.9999999999999     0.4176067642493351   0.003653033871522536     0.2389380757020821     -2.067828200842728
      526.2499999999999     0.3953924149306674   0.003652266053079264    0.04636915623986246     -3.707608328337659
      526.4999999999999     0.4376373714367174   0.003651034880483313     0.8682953704798072     -0.778048040086432
      526.7499999999999     0.3944534171129562   0.003650615007541175    0.04864162843507611     -3.660215276685694
      526.9999999999999     0.3822676269579131    0.00365046219503362    0.04145683324422966     -3.820084130283924
      527.2499999999999     0.4070955712937652   0.003649645915306141     0.1315961828139445     -2.665222475859203
      527.4999999999999       0.37710229017809   0.003649042916321982    0.04521271410924378     -3.733747390348827
      527.7499999999999     0.3384226063910696   0.003648145012224257      1.297812219554518    -0.3769366014260447
      527.9999999999999     0.3436975624638726   0.003648170978353682      1.058482964612087    -0.5807727050098052
      528.2499999999999     0.3377238949160254     0.0036486912294714      1.480260559455887    -0.2452487007655638
      528.4999999999999     0.3217970974953513   0.003649286053548366     0.4137938011777376     -1.519691310084097
      528.7499999999999     0.3770786165948378   0.003648986351733437    0.05161866019388196     -3.601257985789784
      528.9999999999999     0.3707276373140723   0.003648049812484068     0.1116440366032751     -2.830082349548271
      529.2499999999999     0.4119083884768973   0.003647056364302408     0.1863274573365102     -2.318164625932627
      529.4999999999999     0.3837977666749116   0.003646181108632943     0.0521011124136563      -3.59272399343631
      529.7499999999999     0.4150293021349576   0.003645227157216256     0.2392371575364533     -2.068716607113651
      529.9999999999999      0.380577152302263   0.003644583738502557    0.06111398132889431     -3.433607816498661
      530.2499999999999     0.3928743354246856   0.003643860180902722    0.05131605873980362     -3.608543293699197
      530.4999999999999     0.3765795010440911   0.003642998784450094    0.07033414009786416     -3.293526142053173
      530.7499999999999     0.3381028263549938   0.003641345640664692      1.600398070305245    -0.1692296756810408
      530.9999999999999     0.4007690314847497   0.003640516633159953    0.09759078059467843     -2.966682010138934
      531.2499999999999     0.3675717807662692   0.003639691758316163     0.1597022095110834      -2.47438075494763
      531.4999999999999     0.3704008170302791   0.003638838266636612     0.1440308693768362     -2.577898521276179
      531.7499999999999     0.3759834564785873   0.003638097826552794    0.08913377054538928     -3.057991390670177
      531.9999999999999     0.3920877510899878   0.003637210773337823     0.0585833467231726     -3.477923054305106
      532.2499999999999     0.4102147067414629   0.003636319688793137     0.1986763125806974      -2.25694161560242
      532.4999999999999     0.3905128589435997   0.003635576433486599    0.06387938249839752     -3.391826307938448
      532.7499999999999     0.3893067077888308   0.003634685626918494    0.06949632804099262      -3.30779410229161
      532.9999999999999     0.3797870906996906   0.003633776785985718    0.08593052705928471     -3.095778952536991
      533.2499999999999     0.3731798935897686   0.003632994681872365     0.1289145464112645       -2.6903835984044
      533.4999999999999       0.31302180666305   0.003632452973434048     0.1657448594225358     -2.439232856879495
      533.7499999999999     0.3290648149503569   0.003631948680398069      1.137960740690741    -0.5128281953704054
      533.9999999999999     0.3178760781646818   0.003631962936603418     0.2222785999979142       -2.1458858357128
      534.2499999999999     0.3164789137675842   0.003631749511063246     0.2065201292823797     -2.219478264582335
      534.4999999999999     0.3311512390771639   0.003630105031063936      1.413422933458752     -0.296559405841026
      534.7499999999999     0.3266666851073635   0.003629007656519446      1.114408308975896    -0.5345525252499275
      534.9999999999999     0.3369735417566275   0.003627464218714622      1.840686513110418   -0.03316291394134843
      535.2499999999999     0.3240113002877859   0.003626164908241789     0.8491040801789536     -0.807233280766674
      535.4999999999999     0.3159523848445136   0.003625520513294652     0.2333674759391524     -2.098978412742913
      535.7499999999999     0.3962983419778393   0.003624917894965002    0.07837802993928973     -3.190215345636582
      535.9999999999999     0.3167294979354762   0.003624031428122757     0.2820567719445761     -1.909895211749177
      536.2499999999999     0.3239267556172137   0.003622730931617657     0.9507952090685716    -0.6950638026896813
      536.4999999999999     0.3349697568249191   0.003620745583599391      1.972839999214985    0.03431873276726849
      536.7499999999999     0.3541121976286004   0.003619606973446908     0.4708114402033012     -1.398767518079629
      536.9999999999999     0.3695887191162875   0.003618657227168678     0.1825492534277459     -2.346467598029174
      537.2499999999999     0.3438119128866621     0.0036169242614822      1.289833397550975    -0.3916982887552445
      537.4999999999999      0.365625016800415   0.003615922203948918     0.2166476765332354     -2.175971290225657
      537.7499999999999     0.3449044869354633   0.003614244554410087      1.301837052852694    -0.3831761197171439
      537.9999999999999     0.3739722614032787   0.003613308789302736      0.147251223485703     -2.562826595649867
      538.2499999999999     0.3636228059464126   0.003612316821018144     0.2398820318663385     -2.075094027962516
      538.4999999999999     0.3850748943996104   0.003611529190230128    0.07653357235860424     -3.217729861761248
      538.7499999999999      0.360421066672731    0.00361054173773743     0.2792279570498427     -1.923704316223617
      538.9999999999999     0.3496252408635268   0.003609028824075436     0.9510220644947897    -0.6986146657528565
      539.2499999999999     0.3415715558315396   0.003607090987835424      1.777158250839875   -0.07391813553899018
      539.4999999999999     0.3440209209506373   0.003605177658746695       1.70842535774947    -0.1138922091732226
      539.7499999999999     0.3326477444311569   0.003603233092382234      1.986976381496624    0.03661023787266479
      539.9999999999999     0.3620026034948353   0.003602480260927716     0.2936363585068431      -1.87562594618486
      540.2499999999999     0.3470242343631014   0.003600658465453481      1.500531959712424    -0.2448989419044118
      540.4999999999999     0.3512932633667112   0.003599186753152908     0.9730403898332325    -0.6784571317553284
      540.7499999999999     0.3747590746917135   0.003598344214654837     0.1517285699690867     -2.537023641803659
      540.9999999999999     0.3371620048023849   0.003596369175810701      2.473231268477797     0.2536149130336688
      541.2499999999999     0.3542771467579643   0.003595099708673261     0.6654722547791365     -1.059521969400847
      541.4999999999999     0.3755989996149092   0.003594166549030775     0.1555473418746943     -2.513328378959164
      541.7499999999999     0.3823400011688002   0.003593342624831809    0.09851617750648957      -2.97028700583362
      541.9999999999999      0.354679823845565   0.003592021367163629     0.6977408415343558     -1.013027796157555
      542.2499999999999     0.3570034786162491   0.003590753089264917     0.5591460145232282     -1.234818041363921
      542.4999999999999     0.3324420759787791    0.00358866884396358      2.295968365781091       0.17710067581965
      542.7499999999999     0.3195947236666481   0.003587670411347933      0.515053939114377      -1.31781592903786
      542.9999999999999     0.3376920336464564   0.003585848180320393      2.806981749994304     0.3772694705058748
      543.2499999999999     0.3170179103496168   0.003584802563327834     0.3862324916203012      -1.60644774414983
      543.4999999999999     0.3190461995499481   0.003583834736083481     0.5526384977456728     -1.248453182643449
      543.7499999999999     0.3102800587209938   0.003582871028588159     0.2757025241584858     -1.944103725994347
      543.9999999999999     0.3098292515606745   0.003582055417121272      0.306878669973897     -1.837201409562521
      544.2499999999999     0.3196896382937917   0.003580863043157625     0.6559530574020574     -1.077897569328097
      544.4999999999999     0.3863678466259343   0.003580145770313003    0.09218412223698867     -3.040399218470266
      544.7499999999999     0.3646073406793647    0.00357935007936716     0.3227341891903191      -1.78758035914915
      544.9999999999999     0.3632906970566727   0.003578274537060976     0.3777959994881328     -1.630355564357843
      545.2499999999999     0.3375030080570177   0.003576202622315327      3.072445362083456     0.4649399340834592
      545.4999999999999     0.3056503739128661   0.003575239997796781     0.3884974309780261     -1.603271778479965
      545.7499999999999      0.332058655449737    0.00357325795243202      2.680675897044868     0.3277113717079748
      545.9999999999999     0.3340288843999961   0.003571111431581064      3.357316295317131     0.5521834431498966
      546.2499999999999     0.3342856756406216   0.003569042978052328      3.706018919961358      0.650420356795181
      546.4999999999999     0.3065601521377447   0.003568077463637304     0.4104296747115196     -1.550359118552913
      546.7499999999999     0.3245007463668016   0.003566584808490041      1.350541795121079    -0.3597210194538859
      546.9999999999999     0.3211072974699318   0.003565244380112477     0.9370246758340516    -0.7256484235755629
      547.2499999999999     0.3037953328010298      0.003564260469621     0.4899621666126301     -1.374305874165393
      547.4999999999999     0.3031680129882159   0.003563463904814617     0.5439856710552374     -1.269934656433237
      547.7499999999999      0.309681253573659   0.003562571033541627     0.4174483419009797     -1.534947352442663
      547.9999999999999     0.2733264197285044   0.003560925643092403      2.424882357127653     0.2239681711012118
      548.2499999999999     0.2935119950288425   0.003559484714059601      1.541395007794561     -0.229531716003119
      548.4999999999999     0.2877162964387116   0.003557687368646673      2.508751420871541     0.2570605429601893
      548.7499999999999     0.2832814898931204   0.003555708777150198      3.235905360259405     0.5110278082164996
      548.9999999999999     0.3219454879172629   0.003554213857429383      1.136569643252772    -0.5356868199659375
      549.2499999999999     0.3426388976750144   0.003552159581229165      2.416840820953266     0.2181816299552679
      549.4999999999999     0.3006005398186129   0.003550996780321928       0.67266521773826     -1.061114536239228
      549.7499999999999     0.2995829953977241   0.003549814740859537     0.8030256875282868    -0.8843085224029129
      549.9999999999999     0.2921036643429603   0.003547884741863783      2.150808786575899     0.1003601669838133
      550.2499999999999     0.2855638850213108   0.003545791973724895      3.274099551055887     0.5199690631610014
      550.4999999999999     0.3141482151250158   0.003544791952066169     0.4420968792427605     -1.482582129321223
      550.7499999999999     0.3466657028816366   0.003543152124750726       1.90487348842315   -0.02240300499323293
      550.9999999999999     0.3699862113777797   0.003542764952165294     0.2804812796812109     -1.938176175898191
      551.2499999999999      0.362325196874404    0.00354204786054203     0.4364990138128118     -1.496099474206933
      551.4999999999999     0.3558599555802172    0.00354095299375726     0.7302285715866565    -0.9818371466524891
      551.7499999999999      0.319838027354263   0.003539689531530915     0.9993589886797024    -0.6684375592717495
      551.9999999999999      0.371871575509195   0.003539382607995847     0.2630560377777623     -2.003271253446067
      552.2499999999999     0.3559595924333435   0.003538225790908428     0.8016916175569083    -0.8892412120815785
      552.4999999999999     0.3303445468407956   0.003536184268102801      2.980741178230449     0.4233848797988261
      552.7499999999999     0.3519689985266296   0.003534645296954775      1.252713024773684    -0.4439107895932959
      552.9999999999999       0.33284089043184   0.003532693776496562      3.907774945192789     0.6931934709474238
      553.2499999999999     0.3249306153962918   0.003530864871914788       1.89924001676124   -0.02883870063751097
      553.4999999999999     0.3237131688234637   0.003529027473113185      1.821655314414793   -0.07106743199151501
      553.7499999999999     0.3288768889712646   0.003526947803301659      3.299243786447945     0.5222907757995007
      553.9999999999999     0.3465751821905791   0.003525042285899479      2.123241752729583     0.0810011188372881
      554.2499999999999     0.3538239793969563   0.003523599412890398      1.179024300810199    -0.5076651024096068
      554.4999999999999     0.3355874990258584   0.003521713013624267      4.592109720335111     0.8514517126062946
      554.7499999999999     0.3473506870170194   0.003519829404383867      2.207582514896855     0.1184751931529508
      554.9999999999999      0.318566893203072   0.003518489464560452      1.047749879647868    -0.6271587016808222
      555.2499999999999      0.334109782149192   0.003516810227629269      4.955735146499676     0.9262645520434082
      555.4999999999999     0.3990225611689163   0.003516487657548581    0.09761672093169395     -3.001079175081842
      555.7499999999999     0.3581595021388433   0.003515344535050723     0.8189551156866134    -0.8744238242246071
      555.9999999999999      0.325566450775266   0.003513427914797919      2.694476975207031     0.3159609252922823
      556.2499999999999     0.3158880398072693   0.003512212965213046     0.7619530467955961    -0.9474593930985596
      556.4999999999999     0.2987373248158173   0.003510873620157031     0.9822875343573368    -0.6938416702598706
      556.7499999999999     0.2888393759661341   0.003509249989894832      3.126255527288612     0.4634029450279498
      556.9999999999999     0.2923194503566412   0.003508115351140434      2.614362357583842     0.2842638209913119
      557.2499999999999     0.2816551036222103   0.003506636642922398      3.950032629428525     0.6965458334362273
      557.4999999999999     0.2599141085778675   0.003506341983382866     0.1594304095890083     -2.513409794175892
      557.7499999999999     0.2693212631176825   0.003505141437062506      1.714929161249198    -0.1382327157726614
      557.9999999999999     0.2646882924206379   0.003504233159065529     0.7980633747286076    -0.9034309188009819
      558.2499999999999      0.291233172127366   0.003502609517691985      3.179059093866652     0.4782581749950494
      558.4999999999999     0.2809717306529244    0.00350076915155628      4.267644736484378     0.7722094302823064
      558.7499999999999     0.2749760988062526   0.003499081785462353      3.159349448316189     0.4710313599260776
      558.9999999999999     0.2784109369006845   0.003497381652817528      4.353651625099516     0.7911941735784637
      559.2499999999999     0.2772156505200742   0.003495618301499321      4.399600377165499     0.8011886210092302
      559.4999999999999     0.2570743260035084   0.003494990066559246    0.08591163947581808     -3.134940788133208
      559.7499999999999      0.295516165248209   0.003493235961749021      2.013042453307766     0.0186403895400816
      559.9999999999999     0.2701822118306425   0.003491433657774572      2.360643556664408     0.1774113546636601
      560.2499999999999     0.2671394885494537   0.003489747304636116      1.620298018392884    -0.1993959404172253
      560.4999999999999     0.2887773829628708    0.00348782640666064       3.92680247858108     0.6852688493497614
      560.7499999999999      0.296301570266483   0.003486088805373417      1.978444294360956 -0.0007441151654875828
      560.9999999999999      0.295426855857134    0.00348422097189915      2.443569850136147     0.2098691424109072
      561.2499999999999     0.2756284177999737   0.003482372003999432      4.327593160388199     0.7808898445491812
      561.4999999999999     0.2840782661506524   0.003480619132716888      4.816508877506927     0.8874241932628282
      561.7499999999999     0.2734649508489636   0.003478671814392374      3.976231753969735     0.6951497709631321
      561.9999999999999     0.2929466997565304   0.003476669900911657      3.539177184940204     0.5781338143539942
      562.2499999999999     0.2817212188905378   0.003475328605195708      5.663995584634097      1.047983251276245
      562.4999999999999     0.3103664052685778   0.003474248048565067      0.488511187010224     -1.402850203082992
      562.7499999999999     0.2760528465324564    0.00347278911203561      5.246811666106894     0.9707432774554836
      562.9999999999999     0.2774068423612765   0.003471690108688568      6.096583825743664      1.120534761384758
      563.2499999999999     0.2720935861734345    0.00346981013811237      4.285745690760783     0.7675590748865763
      563.4999999999999     0.2713945370537013   0.003467962499423199      4.261944180356366     0.7614573193234574
      563.7499999999999      0.262308485925682   0.003466973409383481     0.5070249645513077     -1.367748402574274
      563.9999999999999     0.2847420614948679   0.003465549419095177      5.563974707632081      1.027348548157677
      564.2499999999999     0.2688175537567532   0.003463604989765163      3.178014454543863     0.4667312048809683
      564.4999999999999     0.2568884889548999   0.003462839325069946    0.09158260458973451     -3.080260427588202
      564.7499999999999      0.266188731638485   0.003461112139291476      2.012618725697492   0.009191324911609863
      564.9999999999999     0.2750168267878961   0.003460046740675088      6.301558325052853      1.150243691079704
      565.2499999999999     0.2811432009482385   0.003459512414759373      7.083862816365427      1.267111650245915
      565.4999999999999      0.291886320129486   0.003457624572864011      4.296395532359299     0.7665228737850841
      565.7499999999999     0.2915249675179222   0.003455883110283391      4.795182678366753     0.8758544706436766
      565.9999999999999     0.2871144015238448   0.003454736895496532      6.128055653378549      1.120788453966617
      566.2499999999999     0.3083908572655725    0.00345364493534477      0.561252860783229     -1.269988929197586
      566.4999999999999     0.2916968877865196   0.003452144072615639      5.392151627847179     0.9921046396820502
      566.7499999999999     0.2975017313713949   0.003450389481021779       2.41153773962127     0.1869163652208232
      566.9999999999999     0.2691109782177741   0.003448548697705805      3.830313340260811     0.6490647243729213
      567.2499999999999     0.2731728518911574   0.003447419657588946      6.139800229879332      1.120582868892472
      567.4999999999999     0.2794178710910872   0.003447422851804644      7.837564450109721      1.364719718889894
      567.7499999999999     0.2777676384658109   0.003447774067247311      8.260181769009616      1.417340055380287
      567.9999999999999      0.254989103797497   0.003447042376443603    0.06263668350549702     -3.464722955597346
      568.2499999999999     0.2625932789318828   0.003445856500105719     0.7880114014454078    -0.9329055883623171
      568.4999999999999     0.2685165898290345    0.00344402400748486      3.991060974029135     0.6888622984299756
      568.7499999999999     0.2750139930571373   0.003444061616727524      7.911598515527369      1.373145963975948
      568.9999999999999     0.2603506669194399   0.003443137599505843     0.3864484639476711     -1.646208974410614
      569.2499999999999     0.2679785627931816   0.003441247782699604      4.008682518552468     0.6924614087315176
      569.4999999999999     0.2670323243116058   0.003439313788538891      3.599902247679831     0.5843433003236985
      569.7499999999999     0.2828478405750373    0.00343927945347622      7.864870795040061      1.365832734023944
      569.9999999999999     0.2685578299494123   0.003437583695308436      4.959466720801982     0.9042316666535744
      570.2499999999999     0.2814513900256356   0.003438691737083277      9.117933237967627      1.513498887064496
      570.4999999999999     0.2788320505762988   0.003440822076316898      10.12300959428821      1.618686066138044
      570.7499999999999     0.2858497039232241    0.00344041826458091      7.650004212561772      1.338463888276902
      570.9999999999999     0.2838278941635938   0.003441431780656286      9.234094512282212      1.526954796621414
      571.2499999999999     0.2836541645071127   0.003443416496465395      10.07255729453081      1.614443409620521
      571.4999999999999     0.2716000770367084   0.003442538889132571      6.992196193552136      1.249168583247481
      571.7499999999999     0.2643211429737545   0.003440825827838573      2.201708665107113    0.09310987092123774
      571.9999999999999     0.2609723134281371    0.00343967274936688     0.7783042782589155    -0.9470967550000674
      572.2499999999999     0.2609522341830278   0.003438474013965146     0.8436336845146685    -0.8668444920724601
      572.4999999999999      0.285636900785196    0.00343997583759385      9.798631122367919      1.585871779176464
      572.7499999999999     0.2498490825613489   0.003439274780336002    0.01802098389984401     -4.712793161125293
      572.9999999999999     0.2781467036759545   0.003442465970761137      11.31062540606072      1.730095289110215
      573.2499999999999     0.2794461472439259   0.003447288747741101      12.52988897411872      1.833869597171524
      573.4999999999999      0.270521425507312   0.003446154868128246      6.916598357145271      1.239347797640834
      573.7499999999999     0.2972897131399823   0.003444475037273216      2.389654064687224      0.176084758798915
      573.9999999999999     0.2806104180564317   0.003450137997876866       13.2579612576605      1.891177088498989
      574.2499999999999     0.2816150484821504   0.003456271658628887      13.70226534897864      1.925916263126571
      574.4999999999999     0.2600456075390862   0.003455166307353389     0.6839082386964357     -1.071896295739778
      574.7499999999999     0.3057571880005698   0.003454098931464192     0.6675852914499637     -1.096361860283257
      574.9999999999999     0.3054078682699518   0.003453065367766242     0.7450446382387186    -0.9868841591108273
      575.2499999999999     0.2382333897504077   0.003452474265555186  1.057183921057352e-05     -12.15006098066893
      575.4999999999999     0.3028176305026207   0.003451294658124147      1.026536446472921    -0.6668954764622952
      575.7499999999999      0.265041072613368   0.003449410359104415      3.090673456691033     0.4347569575856872
      575.9999999999999     0.3082126760582739   0.003448363052204936      0.688121548858696     -1.067725508736975
      576.2499999999999     0.2991163570463131   0.003446794409411318      1.857339283490995   -0.07524574949401013
      576.4999999999999     0.2641031805450308   0.003444964620741437       2.66787242609771     0.2863595825185428
      576.7499999999999     0.2720338781986577   0.003444646421348133      8.383765208411795      1.431283023592298
      576.9999999999999     0.2848952367690086   0.003447720289139657      11.85056871353111      1.778253723246049
      577.2499999999999     0.2685409049978654    0.00344626531711914      6.375579333342496      1.157930727897652
      577.4999999999999     0.2724539819108343   0.003446530932150083      9.312435287373308      1.536883470165514
      577.7499999999999     0.2836316543013876   0.003451698141297891      13.50437038291597      1.910044327178491
      577.9999999999999     0.3100895395326082   0.003450645994934014     0.6230949598626141     -1.166330252608979
      578.2499999999999     0.2929948130449835   0.003448857756855864      5.410737101897055     0.9945930601127723
      578.4999999999999     0.2562842770019071   0.003447999598695978     0.2498256875173583      -2.08103298058632
      578.7499999999999     0.3071190118812607   0.003446864684669357     0.8411842908341652    -0.8673148420021543
      578.9999999999999     0.3059600612029688   0.003445726337747057     0.9881894939564718    -0.7065814463948753
      579.2499999999999     0.2853614091242286   0.003449713356218667      12.89728358771417      1.863472494277336
      579.4999999999999     0.3018424899319233   0.003448283260185967      1.388719917945842    -0.3655764608128196
      579.7499999999999     0.2885907346410785   0.003449456981845803      10.59900805491342      1.667141876344669
      579.9999999999999      0.312437188148627   0.003448439664280501     0.6371090591626865     -1.144727935830851
      580.2499999999999      0.275914733200724    0.00345120058231825      12.14295302278178      1.803635806021531
      580.4999999999999     0.3001337183284829   0.003449644241480745      1.753269116648735    -0.1320821435179544
      580.7499999999999     0.2965348559323502   0.003447702339628489      3.243845420547057     0.4826321421412562
      580.9999999999999     0.2724806743567837   0.003448393624518228      10.22516887974537      1.630925361919712
      581.2499999999999     0.2812611483173882   0.003456228626172267      15.86696165746418      2.072581703655478
      581.4999999999999     0.2861833718064671   0.003460256877831895      13.53582739467554      1.914847516910902
      581.7499999999999     0.2589846536172826   0.003459266761256866     0.6462299095626878     -1.127378656218283
      581.9999999999999     0.3066652720091215   0.003458011586446514      1.086001057866716    -0.6086394292759671
      582.2499999999999     0.2860264698572568   0.003463077757335743      14.37838428416227      1.976048343597959
      582.4999999999999     0.2764608534255538   0.003467117687763934      13.76676575616806      1.933745657555787
      582.7499999999999     0.2654292535922278   0.003465165043687433       3.97623881564876     0.6912612516938151
      582.9999999999999      0.262224720425727   0.003463600480164306      1.933602490636539   -0.03014187504605386
      583.2499999999999     0.2431741753570527   0.003463193776747486  0.0004598468590438192     -8.374261181611791
      583.4999999999999     0.2839348165877648   0.003471098501562477       16.6092759365023      2.122597082810455
      583.7499999999999     0.2797942994363379   0.003480065958623879      17.46455599519686      2.175389339863778
      583.9999999999999     0.2671390346334136   0.003478155347519711      5.846706571600283       1.08054524143625
      584.2499999999999      0.287046346746563   0.003482738376633637      14.76198257007547       2.00803864204806
      584.4999999999999     0.2645802816290534   0.003480786184300965      3.822158513604725     0.6562381394943653
      584.7499999999999     0.2926772510302964   0.003479086668969301      6.890646655775639      1.245099380006866
      584.9999999999999     0.3168275011146597   0.003478161710964889     0.7841062746943241    -0.9285421658786268
      585.2499999999999     0.3144953896524064   0.003477361026701613     0.6918720018226178     -1.053915991244131
      585.4999999999999     0.2997371569230075   0.003475858221933476      2.010677838762819    0.01247795454310418
      585.7499999999999     0.2983747272699944   0.003474061499022432      2.606125020109208     0.2713534590590984
      585.9999999999999     0.3052401765739635   0.003472793073603288      1.370957406280242    -0.3713668397588802
      586.2499999999999     0.3318076970770942    0.00347084919240392      3.704000733032776     0.6219774399833256
      586.4999999999999     0.2798505163085571   0.003480115211866969      18.17451951444386      2.215250623789454
      586.7499999999999     0.3099161545454792   0.003479015036765434     0.8942862141286688     -0.796815549459614
      586.9999999999999      0.345800235377048   0.003477610808254894      1.949906600193923   -0.01770838001453987
      587.2499999999999     0.3607498776797878   0.003477365402451218     0.5095291933747954     -1.359828553828573
      587.4999999999999      0.353131379410503   0.003477359690537667      1.109911498202375    -0.5812817857567586
      587.7499999999999      0.348135129563099    0.00347645218736427      1.821716031461892   -0.08604414409952703
      587.9999999999999     0.3176965754329678   0.003475317840115681     0.9475957290207222    -0.7399767370042636
      588.2499999999999     0.3563945399190239   0.003474222634435534     0.8782201134204211    -0.8163226291972546
      588.4999999999999     0.3238777635017792   0.003473222331306069      1.905490165980405   -0.04201329351078192
      588.7499999999999     0.3626186999013303     0.0034725850681983     0.4757243382024653     -1.429852783660139
      588.9999999999999     0.3171846837167197   0.003471691678847051     0.9997445619219439    -0.6874488427863924
      589.2499999999999     0.3568894428592635   0.003470908288876155     0.9076884355971829    -0.7842731401982381
      589.4999999999999     0.3213533924799992   0.003469465653545162      1.582986544804872    -0.2285214899344668
      589.7499999999999     0.3423700832336532   0.003467916761459891      2.423120209569372     0.1967747464635701
      589.9999999999999     0.3209500844424222   0.003466436368196357      1.634913374222238    -0.1971184589180529
      590.2499999999999     0.3131744596689823     0.0034653137823837     0.8431433511440759    -0.8596504631599903
      590.4999999999999     0.3093599993763147   0.003464128756084044      1.042432422195309     -0.647817353222919
      590.7499999999999     0.3126928597674548   0.003462960651445422     0.9383787065356264    -0.7533131331103884
      590.9999999999999     0.3057567619855626   0.003461569127243577      1.481504543888489    -0.2970552163938514
      591.2499999999999     0.3116554227811404   0.003460315505183581      1.112691327302878    -0.5836938915068451
      591.4999999999999     0.3234520874057729   0.003458687353158865      2.139686019480455     0.0697128750303158
      591.7499999999999     0.3268905145680513   0.003456841532898887      3.004166750404106     0.4085201994620825
      591.9999999999999     0.3265230001832208   0.003454968905605911      3.109045564304003     0.4422938811797132
      592.2499999999999     0.3169155814361299    0.00345364303417702      1.329721621233009    -0.4074361239222664
      592.4999999999999      0.314464730720815   0.003452322923182379      1.214455483307289    -0.4984922327686637
      592.7499999999999     0.3124712139805945   0.003450999064193929       1.29551459279505     -0.434263604636676
      592.9999999999999     0.3182512272816394   0.003449520564317715      1.680687762151609    -0.1743970163617694
      593.2499999999999     0.3380074899662774   0.003447564079007502      3.551303740129916     0.5731473416569102
      593.4999999999999      0.320066270481384   0.003445993291057749      2.025654516438427     0.0112696947967124
      593.7499999999999     0.3209986083152865   0.003444369758781401      2.287394719600869     0.1323190741115673
      593.9999999999999     0.3131337975490308   0.003443013638209073      1.440418157196659    -0.3305547588924182
      594.2499999999999     0.3337342851088266   0.003440993279910234      4.392497799047149     0.7838228511169787
      594.4999999999999     0.3304209143295884    0.00343902990052779      4.162437354139678     0.7294548683324399
      594.7499999999999     0.3156010259399207   0.003437572662976467      1.693017411707823    -0.1705573740410909
      594.9999999999999     0.3273544757892974     0.0034356182838726      3.795907421639487     0.6362850340758677
      595.2499999999999      0.332736840676976   0.003433626401441077      4.852990528986076     0.8813767186515042
      595.4999999999999     0.3108397931591282    0.00343220826281088        1.5561744366824    -0.2564009750264123
      595.7499999999999     0.3413762087439942   0.003430443347990167      2.886659743663778     0.3609541816752411
      595.9999999999999     0.3576877142231647   0.003429558466373146     0.8892448693184515    -0.8167864747141694
      596.2499999999999     0.3217536927807425   0.003427897069364828      2.680732400896469     0.2862016521911339
      596.4999999999999      0.314656949726297   0.003426399968300124      1.818920425659049    -0.1020820723133152
      596.7499999999999     0.3543949308643464   0.003425566368875459      1.197469044547288    -0.5203583416356007
      596.9999999999999     0.3501693560047173   0.003424204426567185      1.746454571619422    -0.1433784284103251
      597.2499999999999     0.3849238263468437   0.003423741038611902    0.07515942886690168     -3.289245241947999
      597.4999999999999     0.3665994413172941   0.003423305587384691     0.3483836930474075     -1.755679572828663
      597.7499999999999     0.3853616399418705   0.003422847092224558    0.08100816615674508     -3.214567987540229
      597.9999999999999     0.3849406548740117   0.003422600634919586    0.08802326042299866     -3.131588857531349
      598.2499999999999     0.3582265834655085   0.003421606126114146     0.9577617417943782    -0.7448815301121455
      598.4999999999999     0.3615553518350071   0.003420606592825047     0.6899196026102047     -1.073197667223764
      598.7499999999999      0.383267268921092   0.003420023707936452    0.09613300404689337     -3.044210467117422
      598.9999999999999     0.3873245081070427    0.00341948236428886     0.0954479956741955     -3.051519906339716
      599.2499999999999     0.4224780367932446   0.003419512970421032     0.2434342427432447     -2.115245651399311
      599.4999999999999     0.4033025660960263   0.003419625209273256     0.1059727194450569     -2.946877987340197
      599.7499999999999     0.4261939972021329   0.003419700462854855     0.2949679768290341     -1.923170881136349
      599.9999999999999     0.3930894195113785   0.003419702401902074    0.07066119621969322     -3.352140540417594
      600.2499999999999     0.3697196432730525   0.003418896827715524     0.2837058444119875     -1.962334765417063
      600.4999999999999     0.4092593932126166   0.003418185225236845     0.1496949515963003     -2.601881300013051
      600.7499999999999     0.3632464688188647    0.00341731816966596     0.6069150419623852     -1.202345741751544
      600.9999999999999     0.3792393790003147   0.003416609532799826      0.112818352613649     -2.885162920765772
      601.2499999999999     0.3801742412559329   0.003415888949903091     0.1178897074244676     -2.841403370619069
      601.4999999999999     0.3819931059253005   0.003415133953428245     0.1222413222299475     -2.805376782439714
      601.7499999999999     0.3715796057356477   0.003414403916774204      0.257121236624178     -2.062040000982402
      601.9999999999999     0.3679199851672192   0.003413560860999378     0.4060903268060442     -1.605259039847984
      602.2499999999999     0.3860674359688447   0.003412892051733276     0.1155485004506539     -2.862340241730374
      602.4999999999999      0.375676994897041   0.003412105167380969      0.176543240013949     -2.438695357505534
      602.7499999999999     0.3439015676406256   0.003410450432352418      2.721406808760521     0.2961579671175166
      602.9999999999999     0.3448285807843502   0.003409187097298857      2.785855547121082     0.3191935366812466
      603.2499999999999     0.3285378463133693   0.003407313844689187      4.445261722438971      0.785927636707091
      603.4999999999999     0.3485759148316746   0.003405770990602598      2.285955777177278     0.1204202002891376
      603.7499999999999     0.3365578293399734   0.003403869512520053      4.789775919264775     0.8595611430278327
      603.9999999999999     0.3283479759872034   0.003402122079394688       4.66053547494576     0.8316943654902144
      604.2499999999999     0.3148453432756499   0.003401101295980632       1.95849800357488   -0.03555821824223642
      604.4999999999999     0.3483956716045918    0.00339965761842204      2.491647371564696     0.2047834500543579
      604.7499999999999     0.2898452508321352   0.003400448354576141      11.24629327486192      1.712110516841931
      604.9999999999999      0.310355352351451   0.003399294942759772      1.803995140824732    -0.1182635943358802
      605.2499999999999     0.3103370656900724   0.003398161426719978      1.915919740388606    -0.0584030447234094
      605.4999999999999     0.3402063978735131    0.00339640242535582      3.742718702534882     0.6106936716361324
      605.7499999999999     0.3705202808499076   0.003395565307808382     0.3319255485041452     -1.812209690443393
      605.9999999999999     0.3755798694421011   0.003394872504125556     0.2007321717013822     -2.315352895025974
      606.2499999999999     0.4737531346527664   0.003394747617838268      2.089368861477733    0.02725609633647456
      606.4999999999999     0.4386919813662257   0.003396204017390066     0.7346701399384821      -1.01751069002595
      606.7499999999999     0.3844790405833628   0.003396356590012309     0.1291865429684994     -2.755629946521972
      606.9999999999999     0.4302248443649274   0.003396552861392163     0.3424873051841084     -1.780594996863085
      607.2499999999999     0.4155098880991598    0.00339648120498559     0.2008958738887868     -2.314063952272564
      607.4999999999999     0.4538205572210207   0.003396330265721698      1.174336857225864    -0.5484362362006608
      607.7499999999999     0.4626852454168838   0.003396520139146966      1.398433094525851    -0.3737315521111213
      607.9999999999999     0.4271169754557192   0.003396441815491803     0.3365243406444464     -1.798191801740975
      608.2499999999999     0.4245264777958085   0.003396087491939427      0.330107744424316     -1.817547510962826
      608.4999999999999     0.4687958629570873   0.003395717342417833      1.745340631321455    -0.1523705894763349
      608.7499999999999     0.5028510775707828   0.003395690865541836      3.220851790709268     0.4603177284055342
      608.9999999999999      0.478552860361257    0.00339501752614732      2.406642171259185     0.1687060466178564
      609.2499999999999     0.4806404578565314   0.003394867037312745      2.683205796784725     0.2774415057027113
      609.4999999999999     0.4669823867232002   0.003393972614661945      1.708068695382835     -0.174470950391962
      609.7499999999999     0.4591412493725384   0.003393247790139232      1.300618016595568    -0.4472083009311299
      609.9999999999999     0.4506384420889596   0.003392323008536516      1.387427470173702    -0.3828691312654338
      610.2499999999999     0.4523157943732622   0.003391234306257259      1.406303397376883    -0.3696768477762977
      610.4999999999999     0.4825475126265538   0.003389831481354626      2.921240941076556     0.3609533527064294
      610.7499999999999     0.4370911659104318   0.003388950465677453     0.6608175259254154     -1.125592621288922
      610.9999999999999     0.4750226145169641   0.003387454936732245      2.444267603860596     0.1819890500795657
      611.2499999999999     0.4726322829162016     0.0033860630946812      2.380581133404374     0.1551771863438043
      611.4999999999999     0.4773582292004658   0.003384544602406416      2.852411285851192     0.3355487023347101
      611.7499999999999     0.4664426098918108   0.003383276394998463      1.831092520634497    -0.1080779806170032
      611.9999999999999     0.4579034744116262   0.003382018441691143      1.379080283065449    -0.3919458439633291
      612.2499999999999     0.4766950994843365   0.003380634734046344      3.017853554806671     0.3907739554917242
      612.4999999999999     0.4821323478095745   0.003378926013699613      3.242763736935037     0.4621485202472232
      612.7499999999999     0.4908100126059146   0.003377202451902578      3.824536121180639     0.6266495114869999
      612.9999999999999     0.4743108639886713   0.003375620220447682      3.036809104570593     0.3955510412139165
      613.2499999999999     0.4680836372262847    0.00337422711187971       2.14825533886003     0.0489869738752299
      613.4999999999999      0.473209294472117   0.003372541414834172      3.097791328686884     0.4145206093680277
      613.7499999999999      0.465776916198007   0.003371123440380692      2.016763096338834   -0.01509551025160384
      613.9999999999999      0.493641820455963   0.003369356286088604      3.907406977385262     0.6457603271895528
      614.2499999999999     0.4613556978876511   0.003368016805106909      1.693818359099352    -0.1905259123032918
      614.4999999999999     0.4576430648138428   0.003366767902488423      1.534305916695553    -0.2898040507400236
      614.7499999999999     0.4487337127793293   0.003365456906143783      1.555965696101667    -0.2761752476579143
      614.9999999999999     0.4632925099662673   0.003364013226344474      1.995865150483215   -0.02762307319480456
      615.2499999999999     0.4764050992711764   0.003362233802008046      3.507874256038529     0.5357804412996021
      615.4999999999999     0.4996600256281785   0.003360559146883664      3.351443211498878     0.4896630726028959
      615.7499999999999     0.4265888402181655   0.003359885447610201     0.3702890538580752     -1.713399834036379
      615.9999999999999     0.4954975195849591   0.003358258211311268      3.943007962107489     0.6515309615114669
      616.2499999999999     0.4652912179518189   0.003356807529735747      2.246762678648371    0.08864539023478603
      616.4999999999999     0.4843398168038366   0.003355067673195386      3.416855259404468      0.507357191577716
      616.7499999999999     0.4812168465845274   0.003353280333146777       3.70201667486875     0.5869814263236136
      616.9999999999999     0.4497657167974134   0.003352052603079073      1.655464925773267    -0.2181805959234231
      617.2499999999999     0.4835840295374759   0.003350282084247539      3.811131963656978     0.6151354321211494
      617.4999999999999     0.4738650152237718   0.003348523367553724       3.55634348000916     0.5454170047650533
      617.7499999999999     0.4982607824713687   0.003346857332831906      3.803416211769446     0.6120860991446238
      617.9999999999999     0.4897031207925212   0.003345138203390305      4.409165023303975     0.7593579807912467
      618.2499999999999     0.4778250249139247   0.003343407019032316      4.053315583611281     0.6746901987127992
      618.4999999999999     0.4892762576802514   0.003341605539961162      4.589753266121491     0.7984422972882189
      618.7499999999999      0.444703531859498   0.003340438861300078      1.417948141406124    -0.3765223130069693
      618.9999999999999     0.4644604744167143   0.003338966168599222      2.308100720298278     0.1102508532942824
      619.2499999999999     0.4629096242204101   0.003337473610593742      2.299529684577794      0.106083371057887
      619.4999999999999     0.4635491897796343    0.00333593579941964       2.49510662864756     0.1872493419981643
      619.7499999999999     0.5047153520036461   0.003334262028511097      3.715934055053381       0.58504608589305
      619.9999999999999     0.5291902240964473   0.003332899064805965      2.780997753788516     0.2948169200747323
      620.2499999999999     0.5177042194564312   0.003331893240776596      5.520817141811667     0.9802312027200948
      620.4999999999999     0.4859732081798201   0.003330129182393263      4.302770525753352     0.7304348575301139
      620.7499999999999     0.4427718777261582    0.00332915058004732      1.244465807058332    -0.5104118051676215
      620.9999999999999     0.4314134926959484   0.003328782167691093     0.4192743581701681     -1.598458621638311
      621.2499999999999     0.5046648470700318   0.003327166653032035      3.914478015593631     0.6349677153097808
      621.4999999999999     0.4434471571204116   0.003326102556520666      1.416338490648196    -0.3819591338976799
      621.7499999999999     0.4605460087531305   0.003324742668631507      2.201952640690465    0.05890144612452004
      621.9999999999999     0.4828638215885362   0.003323064630653644      4.388669048968765     0.7480780791227093
      622.2499999999999     0.4532997100234449   0.003321818938819617      1.687831908878319    -0.2078780455519456
      622.4999999999999     0.4661043257721913   0.003320243810541632       2.78136621534677     0.2911451057367796
      622.7499999999999     0.4654428231369859   0.003318751907389049        2.9318160455814      0.343375459785311
      622.9999999999999     0.4692933507776517   0.003317085212609187       3.28451549610971     0.4564702378291544
      623.2499999999999     0.4822633649818156   0.003315318355979639      4.595755871043748     0.7918515321292156
      623.4999999999999     0.4741675300077031    0.00331359124326006      4.076333966542466     0.6713952531081092
      623.7499999999999     0.4537691278155003   0.003312323144933084       1.75450688897458    -0.1719977205861755
      623.9999999999999     0.4903091914094529   0.003310566992818158      5.014361217580619     0.8775901478255032
      624.2499999999999      0.475055469220003   0.003308825822062652      4.394046340559997     0.7450085473936918
      624.4999999999999     0.4613083825818852   0.003307631768828321      2.876036669880899     0.3208102829430484
      624.7499999999999     0.4925123355734732   0.003306028842976529      5.188666179861592     0.9103890270842846
      624.9999999999999     0.5100139186170151   0.003304711333879069      4.817704528005833     0.8358113401074447
      625.2499999999999     0.4722613577738896   0.003303117898264623      4.136104446753728      0.682785867281942
      625.4999999999999     0.4589483835627463   0.003301662626269099      2.402459653878849     0.1390838733093694
      625.7499999999999     0.4981670336640293   0.003299976803153617      4.225257181653706     0.7031602066961727
      625.9999999999999     0.4746427316165594   0.003298326322221336      4.768673784978977     0.8236480357160449
      626.2499999999999     0.4784213762277419   0.003296570366805302        4.9556331041565     0.8615722128874694
      626.4999999999999     0.4728085390014613   0.003294821744935878      4.787459847593876      0.826516672625321
      626.7499999999999      0.455953223370436   0.003293471232928146      2.062171353274622   -0.01613378553312877
      626.9999999999999     0.4958386735678562   0.003291778541279008      4.865549283872287     0.8417722604874072
      627.2499999999999     0.4521135553666643   0.003290479089646795      2.009391909582194   -0.04297004487627542
      627.4999999999999     0.4556749693460306   0.003289571721569608      2.257933739459964    0.07337213823595881
      627.7499999999999     0.4774922346437357   0.003287863349329197       5.42036738039031     0.9485661486635092
      627.9999999999999     0.4384449353780239   0.003287087816378502     0.8660101454014569    -0.8856920074072823
      628.2499999999999     0.4298401448339753   0.003286788788766815      0.415657546225487     -1.619817890606193
      628.4999999999999     0.3719077749041538   0.003287349365355775     0.3000673701673476     -1.945502049040935
      628.7499999999999     0.4233041296839328   0.003287885342779976     0.3474616701455457     -1.798691679389825
      628.9999999999999     0.4258409455834679    0.00328757041246244     0.4350523724866606     -1.573975405863475
      629.2499999999999     0.4285078343746764   0.003286874325735784     0.4797600141618706       -1.4763675731382
      629.4999999999999     0.3710751240728944   0.003286285769278768     0.3425961369261177     -1.813280350139072
      629.7499999999999     0.3577684119472067   0.003288176568562233      1.033526031829887    -0.7085258982517019
      629.9999999999999     0.3841663598511164    0.00328879193246427     0.1305834590492738      -2.77705778288157
      630.2499999999999     0.3826755259511966   0.003288828435403943     0.1426128801530522     -2.688925411487296
      630.4999999999999     0.3746463526956338    0.00328832883397829      0.255829398218872     -2.104700350092869
      630.7499999999999     0.3362873848913282   0.003287853829913629      4.838530183009807     0.8350106512370826
      630.9999999999999     0.4187101378026408    0.00328745767284354     0.2444795352210339     -2.150344514615481
      631.2499999999999     0.3925932561647241   0.003286837804113864    0.07437917351446864     -3.340488716160466
      631.4999999999999     0.4634969525746694   0.003285429822365639      3.511834249493768     0.5138006037508202
      631.7499999999999     0.4529183201187554   0.003284690629055352      2.230273069930791    0.05956113875497547
      631.9999999999999     0.4638632524325592   0.003283583946110389      3.722337927688646     0.5714520756718912
      632.2499999999999     0.4409637203171623    0.00328261373149756       1.18881096158948    -0.5702417726780147
      632.4999999999999     0.4877887429433529   0.003281598521779164      5.145020574484639     0.8945246633265189
      632.7499999999999     0.4549538783626346   0.003281047542874443      2.474737703677308     0.1624617935692954
      632.9999999999999     0.4945597268385561   0.003279779985458587      5.649277501821124     0.9874686409817901
      633.2499999999999     0.4555356690120119   0.003279330179289993      2.634243179952623     0.2243997476564377
      633.4999999999999     0.4385242369153938   0.003278436007534874      1.000892747267187     -0.743576532045837
      633.7499999999999     0.4397344223893596   0.003277334943561546      1.187089286001732    -0.5733004551576821
      633.9999999999999     0.4713789113280905   0.003275764763623906      4.699931825768492     0.8022639981341717
      634.2499999999999      0.468472324727096   0.003274226047493714      4.269689550367091     0.7057872767902567
      634.4999999999999     0.4461760256202166   0.003273034104046444      1.914529990874858   -0.09664579054686173
      634.7499999999999     0.3994863612117893   0.003272752742058986     0.0817285043897415     -3.250556361859946
      634.9999999999999     0.4400844379776347   0.003271883609332713      1.322093190996755    -0.4672532849917927
      635.2499999999999     0.4668859461111184   0.003270299289579807      4.266709072035646     0.7038889647946948
      635.4999999999999     0.5502061012673594   0.003270968228733652      3.734930523604105     0.5709798897048681
      635.7499999999999     0.5276477697654581   0.003271175608645834      2.826900758645992     0.2924950441544373
      635.9999999999999      0.511443177230021   0.003270734977519849      5.375147364361849     0.9349653509264241
      636.2499999999999     0.5280847249055449   0.003270173843930109      2.968836384050176     0.3411778701821856
      636.4999999999999     0.5885275743760254   0.003271143964289192       1.21815939494924    -0.5493545759953613
      636.7499999999999     0.6006159122166582   0.003273567488063971     0.7469239403874339     -1.037746916716933
      636.9999999999999     0.5973893841074651   0.003276462523247967     0.8928232928072053    -0.8584376194519208
      637.2499999999999     0.6071328833415517   0.003278847574357009     0.7672066735012923     -1.009342408315989
      637.4999999999999     0.6908231626911043   0.003283229461851523      1.677677687288278    -0.2255973246049016
      637.7499999999999     0.6032565839235017   0.003287612105276591     0.8168205045781969    -0.9440097742697418
      637.9999999999999     0.6078948242690939   0.003288482703400483     0.8421497249920044    -0.9132065486281792
      638.2499999999999     0.6213347176355332    0.00328900795334353     0.3190770574253461     -1.883572023430343
      638.4999999999999     0.6296724142712969   0.003289538032054179     0.3242716571145854     -1.867261890235346
      638.7499999999999     0.6178458402885006   0.003290190840773845     0.3756032046754322     -1.720111792883539
      638.9999999999999      0.651977557612599   0.003290194921950775     0.7799130359352072    -0.9894614108472333
      639.2499999999999      0.619225795432567   0.003290290657064184     0.3787076136162766     -1.711850295936034
      639.4999999999999     0.6331553304005558   0.003290184933071669     0.3649836088692833     -1.748794422515888
      639.7499999999999     0.5474772286356109    0.00328882427086905      4.135322737103448     0.6782601491872262
      639.9999999999999      0.571247172388034   0.003287721904404148      2.863310523191029     0.3103380129131909
      640.2499999999999     0.6028940676333255   0.003286754088306047     0.8942218817666866    -0.8537362289962901
      640.4999999999999     0.6154894174649047   0.003286127279878123     0.4800632541784862     -1.475963014130917
      640.7499999999999     0.6170713099454925   0.003285445574554463     0.4656694579575646      -1.50661229511478
      640.9999999999999     0.6003055047011792   0.003284532375715795     0.9443136409834795    -0.7999079935485139
      641.2499999999999     0.6199959850894706   0.003283896391565872     0.4386268461588369     -1.566910957246886
      641.4999999999999     0.5687765278737231   0.003282389976540834      3.035488218598622     0.3671087200595085
      641.7499999999999     0.5321749323851802   0.003280980619638827      3.125985246442979     0.3960564967178267
      641.9999999999999      0.559015735192078   0.003279929611012595      2.362525108426149     0.1157176075851372
      642.2499999999999     0.5295991760519452   0.003278606859544324      3.221366683078392     0.4253889367150751
      642.4999999999999     0.5400256337163873   0.003277862583862996      3.886980625506537     0.6129888633838072
      642.7499999999999      0.511344765766683   0.003277292683772907       5.54410689428847     0.9679178602963454
      642.9999999999999     0.4813405002180875   0.003277576883963202      5.305908111687127     0.9240899694880206
      643.2499999999999     0.4303045991640737   0.003280117690082345      0.493081584322077      -1.45103669307337
      643.4999999999999     0.4634154631115072    0.00328143954760974      4.271264781561419     0.7083568349741723
      643.7499999999999     0.4936620951110411   0.003281355201908147      6.110973551882107      1.066507243570592
      643.9999999999999     0.5380023178416067   0.003279838325759026       3.75849429778589      0.579977191978729
      644.2499999999999     0.5569219964611342   0.003278369994146863      2.885917590216337     0.3153538880373183
      644.4999999999999     0.5273550726194948    0.00327696261292974      3.302349561425181     0.4497158014011865
      644.7499999999999      0.574626881572511   0.003275625038741165      2.817258534034233     0.2904376006963793
      644.9999999999999     0.6218345098097603   0.003276137081376982     0.4246794799004908     -1.601590913033675
      645.2499999999999     0.6077151862677052   0.003276118371525773      0.935231598114038    -0.8121371463235989
      645.4999999999999     0.5739410793551007   0.003275300242390446      3.036261651142442     0.3652012178659689
      645.7499999999999     0.6104991558283019   0.003274681130568913     0.8456318247647473    -0.9132860725372761
      645.9999999999999     0.5884869514515219   0.003274591383731552      1.228534333785407    -0.5398204094634509
      646.2499999999999     0.5941638404757137    0.00327382745344953      1.136873211104539    -0.6175938904906541
      646.4999999999999     0.5998251158372292    0.00327322150296725      1.015036839620735    -0.7311357866784025
      646.7499999999999     0.6209516368937437   0.003273269220723561     0.4719068227212804     -1.497019837961802
      646.9999999999999     0.6924538447273136    0.00327348719650007      1.855478096192863    -0.1278371284752846
      647.2499999999999     0.6763873412582008   0.003275645442498425      1.024317109279406    -0.7212942757020107
      647.4999999999999     0.6277333792489356   0.003275513446104814     0.3692427813415894     -1.741661635799274
      647.7499999999999     0.6773943657042742   0.003275176553500189      1.090655830950689    -0.6586843905825568
      647.9999999999999      0.661493418254945   0.003275654404934666     0.8328339003971895    -0.9282387513122438
      648.2499999999999     0.6499100827014319   0.003275696328446822      0.753099372789392     -1.028862987611637
      648.4999999999999     0.6585977830654475   0.003275178054158652     0.9299320664198999    -0.8181068698298751
      648.7499999999999     0.6236963865290205   0.003274464373295431     0.4481920775440597     -1.548214451119239
      648.9999999999999     0.6533654811260234   0.003273628296099719     0.9048106680558928    -0.8459659860317845
      649.2499999999999     0.7538384315977017    0.00327417087470667      1.183470394111828    -0.5773195596298643
      649.4999999999999     0.7519748223282612   0.003277215063277884      1.291594316469382    -0.4889640075841205
      649.7499999999999      0.725692899810049   0.003277946701976277      3.778548592013507      0.584721823648923
      649.9999999999999     0.7430784822269999   0.003277805949454286      1.759051917704422    -0.1798861012509632
      650.2499999999999     0.7770299003803477   0.003280046786658884      1.251013877835874    -0.5200233514212267
      650.4999999999999     0.6955652416956761   0.003279688370215281      2.028016703396723   -0.03702863187241136
      650.7499999999999     0.6908779142333153   0.003278442605887914      1.901569523113739    -0.1017872584351778
      650.9999999999999     0.7605235558224887   0.003278399456842911       1.37193883177747    -0.4282550848757921
      651.2499999999999      0.744033122673692    0.00327913317883817      1.748955737157017    -0.1852373618315198
      651.4999999999999     0.6754596527193016   0.003278427397057445      1.104047266926913    -0.6454887462687474
      651.7499999999999     0.7324792096907782   0.003277015258549231      3.228630473541502     0.4271557085240472
      651.9999999999999     0.7582839110839227   0.003276789758753504      1.333196917422173    -0.4573913964361419
      652.2499999999999     0.7566454143413648   0.003276764844035466      1.377043744809803    -0.4250397677007819
      652.4999999999999     0.8194890027736188   0.003278176402396278     0.6201571518640957     -1.222330432165257
      652.7499999999999      0.836168093493308   0.003280496178523487      1.305202211425309    -0.4774826978079434
      652.9999999999999     0.8459920166888421   0.003283300060478078      1.367872469430764    -0.4297297394036441
      653.2499999999999     0.8671051483234397   0.003285334007306617      2.414818143685118     0.1392569419583185
      653.4999999999999     0.9280250860674557   0.003289729210044787     0.5541042592689679     -1.331432524660192
      653.7499999999999     0.9088128278848652   0.003294830270866269      1.591249199411095    -0.2749613394784392
      653.9999999999999     0.9403869632570707   0.003299261926520317     0.6539160812288964     -1.162912829853065
      654.2499999999999     0.9353218398713961   0.003303460331508929     0.5842766759927612     -1.274245506442721
      654.4999999999999     0.9171371335662322   0.003305945622729112      1.259053646684505    -0.5057524468437625
      654.7499999999999     0.9007834883208139    0.00330648365751022      1.667596183217227    -0.2245668989380694
      654.9999999999999     0.9391816401477237   0.003307824031490256     0.7013349567824113     -1.090314460836659
      655.2499999999999     0.9377217638113297   0.003310257609114546     0.7167311675410595     -1.067863798228745
      655.4999999999999     0.9360721046169473   0.003311079054059947       0.70601668742167     -1.082677633483149
      655.7499999999999     0.9400874630098534   0.003311094796171761      0.810269696359883    -0.9449446021907502
      655.9999999999999     0.8828973814536126    0.00331145065938294      2.215362770386452    0.06096716533748219
      656.2499999999999     0.8867770135351798   0.003310286101649188      1.831806920277549     -0.129497873724725
      656.4999999999999     0.8817671449711247   0.003309126764919086      2.490325792538827     0.1772625168748482
      656.7499999999999     0.8688907936681253   0.003307786367911611      2.444877666832987     0.1584389195401055
      656.9999999999999     0.8452637348900734   0.003306781261839374      1.452294199942989     -0.362715562012501
      657.2499999999999     0.8512307560646255   0.003305910767366673      1.246829986997867    -0.5155190350495285
      657.4999999999999      0.880273059120079   0.003304501610685213      2.673746685904706     0.2469310425123506
      657.7499999999999     0.9039164955030619   0.003303305671134394      1.784388044407786     -0.157836152958592
      657.9999999999999     0.9176765263027044   0.003302677938635599      1.292682252437528    -0.4803824016662666
      658.2499999999999     0.8971945054993387   0.003301797120237402      1.597228225506998    -0.2690986927079645
      658.4999999999999     0.8968406698613121   0.003300661571543094      1.661105652766008    -0.2302290016182864
      658.7499999999999     0.8777004118840038   0.003299260304673279      2.720339133126686     0.2626194843224126
      658.9999999999999     0.9267499799650696   0.003298699792101258     0.6437931376635697     -1.178684793604935
      659.2499999999999     0.9208378716961243    0.00329819564390809      1.183535229413003    -0.5699539017233953
      659.4999999999999     0.9190392037974222   0.003297461175656726      1.362896145365075    -0.4290705769023373
      659.7499999999999      0.945772602614394   0.003297266835373315     0.7606314938556146     -1.012347746914961
      659.9999999999999     0.9236048839042749   0.003296601962866047      1.032940402908175    -0.7065336377642664
      660.2499999999999     0.8959013569494469    0.00329559545080341      1.680744620600233    -0.2200115759175783
      660.4999999999999     0.9482695029843192   0.003294869944005229     0.7649579252334411     -1.007403112657164
      660.7499999999999     0.9404151423192079   0.003294857191269323     0.8701180736064109    -0.8785988965372185
      660.9999999999999     0.9293020547047149   0.003294049768450533     0.5964926846926204     -1.256405923534188
      661.2499999999999     0.9605887215897465   0.003293658286774777     0.2490199909192225     -2.130058575384563
      661.4999999999999      1.014143554026903   0.003293762305978303   0.007022246421275826     -5.698477002400813
      661.7499999999999     0.9261925946780679   0.003294423765307453     0.8321704033318678    -0.9233221390776946
      661.9999999999999     0.9062638975849595   0.003293194091978857      1.862011884991652     -0.118319858572084
      662.2499999999999     0.9457739345002437   0.003292351579363857     0.8580447610786653    -0.8933322993056443
      662.4999999999999      0.921668967642851   0.003291280120040897      1.324159930892596     -0.459780535475573
      662.7499999999999     0.9762812926840497   0.003290840067979844    0.08329303643182244     -3.226082820323256
      662.9999999999999     0.9296078468566649   0.003290398473698329     0.6728821616476739     -1.137011747491547
      663.2499999999999     0.9276614693650266   0.003289693328356733     0.8196929204201361    -0.9398665117450514
      663.4999999999999     0.9913767404140962   0.003289375228998971    0.06195929134172683     -3.522415416864323
      663.7499999999999      1.018098141172466   0.003290522268583511   0.005928224095602356     -5.868819655129971
      663.9999999999999     0.9795068080629679   0.003290628004084247    0.07168659431235189     -3.376208451497964
      664.2499999999999     0.9466532578975831   0.003289813989354227       0.89694626543905    -0.8497636612372356
      664.4999999999999      1.012601696569293    0.00328983078027504   0.008487016691561215     -5.510216965145943
      664.7499999999999     0.9723154138953954   0.003289620293200129     0.1415581936336177     -2.696107601058127
      664.9999999999999     0.9740788881255618    0.00328904986261436     0.1259675057378388     -2.812967931507962
      665.2499999999999       1.01859925840403   0.003288559406841096   0.006428338678668328     -5.788424908598053
      665.4999999999999      1.058805024122912    0.00329037304778307  5.751499828563952e-05     -10.50429922044832
      665.7499999999999      1.088653842226294   0.003291876291055509  1.643231089529128e-06     -14.05922373714647
      665.9999999999999     0.9922645983828446   0.003292716201537653    0.06003331206241467     -3.552978215209673
      666.2499999999999      1.044269104745582   0.003292698323723387   0.000351177461428131     -8.694346849091767
      666.4999999999999       1.06543508098984   0.003292725942649011  3.924329356455474e-05     -10.88584957997769
      666.7499999999999      1.008215301452898   0.003292547804958404    0.01034105034614662     -5.311807523074192
      666.9999999999999      1.063953318358272   0.003292254635175795  4.897357845804659e-05     -10.66449235366999
      667.2499999999999      1.129216763229222   0.003293408524513544  2.613468400262173e-08     -18.19991482441691
      667.4999999999999      1.029873563551644   0.003293798113672655   0.001521064360969929     -7.228138973686156
      667.7499999999999      1.064697594684697    0.00329330155437971  5.128515098496808e-05     -10.61805409136442
      667.9999999999999      1.035110709666628   0.003292889047488091  0.0008830859298975702     -7.772158099618607
      668.2499999999999      1.006558456402029   0.003292299445522347    0.01117280599570188     -5.234521611738542
      668.4999999999999      1.001487585271346   0.003291727960741499    0.01403311139882394     -5.006758361725188
      668.7499999999999       1.01245983610398   0.003291139148290029    0.01033524117640078     -5.312797362461952
      668.9999999999999      1.094753993487454   0.003290920754604301  9.356433988990929e-07     -14.62269938965805
      669.2499999999999      1.108704038635337   0.003292460879598311  1.066316467651305e-07       -16.794085585168
      669.4999999999999      1.101357677791857   0.003292661985425945  4.996922651161826e-07     -15.24941240879702
      669.7499999999999      1.112381780593322   0.003293667810279328  7.106058405482961e-08     -17.19956661020645
      669.9999999999999      1.095057314379385   0.003293908404940346  1.063235474909646e-06     -14.49395450196158
      670.2499999999999       1.05852398687991   0.003293555340227404  6.737149259863872e-05     -10.34515631893352
      670.4999999999999      1.067894594795445   0.003292974366895747  4.043537418543381e-05     -10.85584970097393
      670.7499999999999      1.003888363608887   0.003292456497437865    0.01314973381176817     -5.071555183847641
      670.9999999999999      1.038593446521244     0.0032921198612043  0.0007112305368681686      -7.98881760834532
      671.2499999999999      1.078772053864639   0.003291561037914206  6.223420013978073e-06     -12.72766439174648
      671.4999999999999      1.009894698168524   0.003291156939604905     0.0132636353315889     -5.063325380483033
      671.7499999999999      1.054669615051987   0.003290621096381408  8.234016519143719e-05     -10.14541056811664
      671.9999999999999      1.042407698084898   0.003290045030587344  0.0005283790932743844     -8.286630663161603
      672.2499999999999      1.035917143932707   0.003289458135908958  0.0009585084924646117     -7.691244647233495
      672.4999999999999        1.0235877210287   0.003288910124162122   0.004103280695040588     -6.237247577828915
      672.7499999999999      1.047478814852825   0.003288326523302297  0.0002653928010986532      -8.97575614407762
      672.9999999999999      1.068198777336071   0.003287831001527255   4.29879309877852e-05     -10.79619844181723
      673.2499999999999      1.025159038964524   0.003287286385857477     0.0036588503974444      -6.35237922501845
      673.4999999999999      1.055929558074048   0.003286760061143724   8.51014841205942e-05      -10.1135991498579
      673.7499999999999      1.036391034507014   0.003286202951708754  0.0009585394448745483     -7.692202426122713
      673.9999999999999      1.011317238208301   0.003285663002502501    0.01325793043188772     -5.065426286372151
      674.2499999999999      1.031280174404112    0.00328513210886867   0.001707655521546241     -7.115062385074898
      674.4999999999999       1.00445189256301   0.003284636262292834    0.01503859794270175      -4.93971463050434
      674.7499999999999      1.003914242741391   0.003284307405890953     0.0161633955612242      -4.86768569499429
      674.9999999999999      1.087750835583777   0.003283877529111029  1.994542276765817e-06     -13.86790643422125
      675.2499999999999      1.105827238327102   0.003283940468146681  2.522088291978942e-07     -15.93579970449382
      675.4999999999999      1.105625716294879   0.003284229067161257  2.999875822935633e-07     -15.76222817661698
      675.7499999999999      1.077096556981198   0.003284048140788929   9.68473706482929e-06     -12.28771792225758
      675.9999999999999      1.084202632524897   0.003283666910817638  3.018258206060886e-06     -13.45370525012289
      676.2499999999999      1.063731907769662   0.003283145664911393  6.978726453228691e-05      -10.3130923771714
      676.4999999999999      1.001533543923571   0.003282785660824343     0.0180582926791157     -4.757293285467518
      676.7499999999999      1.012544873707974   0.003282621252259245    0.01368601697134399     -5.034573723649133
      676.9999999999999      1.028716844233476    0.00328208678301485    0.00263522798719319     -6.682141506404453
      677.2499999999999      1.048489953250899   0.003281524179687805  0.0002378827712370579     -9.087259922833988
      677.4999999999999      1.015239069299687    0.00328105581058295    0.01119880333970256     -5.235618449746967
      677.7499999999999      1.036270657639146   0.003280556654277083   0.001145985037260702     -7.515312960357904
      677.9999999999999     0.9959687367582639   0.003280053408167222    0.03878817968142739     -3.993615383669988
      678.2499999999999     0.9871419501993784   0.003280238858316742    0.08146391001192238       -3.2515142991054
      678.4999999999999     0.9791319036600451     0.0032804665094329    0.08927553754372128     -3.159877486297391
      678.7499999999999      1.004949731025025   0.003280422461324179    0.01914318005696679     -4.699671909052986
      678.9999999999999      1.010197607211683   0.003280046784891134    0.01904030502552504     -4.705174906276471
      679.2499999999999      1.020058461376688   0.003279475256546363   0.007408026895436895     -5.649343086972168
      679.4999999999999       1.02578121400813   0.003278893193153489   0.004106438058554161     -6.239528717074027
      679.7499999999999      1.074302633807318   0.003278635190545254  1.791169405282971e-05     -11.67446488678304
      679.9999999999999      1.135069872583368   0.003279093852779261  2.721709912207823e-08     -18.16368865989099
      680.2499999999999      1.086246060428978   0.003280032576867404  2.888358812635156e-06     -13.49880411048851
      680.4999999999999      1.027608087572444   0.003279590181468462   0.003598959440246317     -6.371227412519948
      680.7499999999999      1.048083276751183   0.003279011375155392  0.0002805674754779025     -8.922989703450362
      680.9999999999999      1.082843368979324   0.003278688269295249  4.553454444737153e-06      -13.0440163326868
      681.2499999999999      1.086755838591193    0.00327843694383266   3.59631962463929e-06     -13.28006815738187
      681.4999999999999      1.029187348554552   0.003277926228483115   0.003194167077954484     -6.491053308343871
      681.7499999999999       0.99444220186501   0.003277495208800666    0.05329772138528028     -3.676617587418497
      681.9999999999999      1.033592068772339   0.003277155827593115   0.001820774955845555     -7.053352510872141
      682.2499999999999       1.00426416042026   0.003276635497397632    0.02121025683159493     -4.598288631298185
      682.4999999999999      1.004218021382407   0.003276450784594902    0.02291246863059425     -4.521148639011303
      682.7499999999999      1.003530544003775   0.003276448772172981    0.02453844434765565     -4.452589452531239
      682.9999999999999      1.046121959284719   0.003275894378082207  0.0004073365205479589     -8.551115320755255
      683.2499999999999      1.008902728004931   0.003275403334607827    0.02540572365162473     -4.418175135376295
      683.4999999999999     0.9812443033360541   0.003274995132199317    0.08626619399681781     -3.195836464233152
      683.7499999999999     0.9537027857944251   0.003274827270015943      0.554325514091543     -1.335573431266095
      683.9999999999999      1.014621568941739   0.003274577593526991    0.01431263031490625     -4.992259373802584
      684.2499999999999     0.9985526465449371   0.003274084265688524    0.03324003918684165     -4.149797276389599
      684.4999999999999      1.010011661346575   0.003273774502316916    0.02552088973691136     -4.414149718280368
      684.7499999999999     0.9868996553899622   0.003273349987094951    0.09108566754936592     -3.141976255030028
      684.9999999999999      0.925094210964626   0.003273202382324944      1.101883264866025     -0.649045760388625
      685.2499999999999     0.8593246246497891   0.003275486087452629      2.228542660185135     0.0559787751907025
      685.4999999999999     0.8840956174352097   0.003278454353627083      2.537918235976581     0.1868808677682392
      685.7499999999999     0.9371173540087694    0.00327870789272015     0.8761440711346552    -0.8766106899241238
      685.9999999999999     0.8833313778894401   0.003278420199240306      2.828517631183391      0.295279066221672
      686.2499999999999     0.9286692962151413   0.003278603589855639     0.8697439708355656    -0.8839741628530379
      686.4999999999999     0.9949148836907996   0.003278185019944045    0.05560100503806251     -3.634099442758124
      686.7499999999999     0.9682238063830925   0.003277550524385972     0.2276808675592761     -2.224549344910628
      686.9999999999999     0.9908461114402963   0.003277068551961351    0.08834616705232137     -3.171378538971051
      687.2499999999999     0.9779902265620047   0.003276634730099269     0.1126868553452749     -2.928160962742712
      687.4999999999999     0.9062646053348111   0.003275745409996659      1.977086477443441   -0.06366562847961292
      687.7499999999999     0.9374844550242367   0.003275553642486753      0.940616413608074    -0.8065683162940159
      687.9999999999999      0.928031465484504   0.003274810895303553     0.9629206922500494    -0.7833594626858902
      688.2499999999999     0.9687665509963963   0.003274318476113433     0.2339765019557172     -2.198260201882491
      688.4999999999999     0.9562332003501659   0.003273660148685367     0.4094322473022898     -1.638910533917401
      688.7499999999999      0.958552549372618   0.003273132584126655     0.3301148730238195     -1.854402444640874
      688.9999999999999     0.9507581770549244   0.003272242381490826     0.8096883296570668    -0.9574657528513277
      689.2499999999999     0.9367520941222067   0.003271366244278877     0.9610797889837834    -0.7863254998219303
      689.4999999999999      1.008143092822848   0.003270999135121796    0.02988986774777684     -4.256975605936884
      689.7499999999999      1.044257869105032   0.003271588533877127  0.0005609320286412678     -8.232470526479668
      689.9999999999999     0.9834864121229768   0.003271291200983992    0.09666378671938196     -3.083167030772051
      690.2499999999999      1.025423161981678   0.003271080854448633   0.004998511341519725     -6.045330038510383
      690.4999999999999      1.040336869069318   0.003271734943636082  0.0009450670812948113     -7.710769602237735
      690.7499999999999      1.020511736579161   0.003271373719270992   0.008395593859131498     -5.526673619760787
      690.9999999999999      1.015449411199313   0.003271315889367651    0.01545902520212147     -4.916205336858138
      691.2499999999999      1.035627128049857   0.003271379056700166   0.001585730889084333     -7.193333586054459
      691.4999999999999     0.9784238442683836   0.003271317531298785     0.1211514982673921     -2.857356008978948
      691.7499999999999      1.041431535694465   0.003270939363456308  0.0009720587937886777     -7.682852419886371
      691.9999999999999      1.081151280930235    0.00327187024931172  6.552281331065251e-06      -12.6821708737982
      692.2499999999999      1.050409152770673    0.00327197152812975  0.0002400142324534192     -9.081254980218562
      692.4999999999999     0.9963289154130486   0.003271631434462748    0.05274246848462956     -3.688880887003484
      692.7499999999999      1.034479429941316   0.003271182090819837   0.001947236670584664     -6.988027950947949
      692.9999999999999       1.05653031205074   0.003270902100472375   0.000100296345600784     -9.954150842538631
      693.2499999999999      1.052796205463753   0.003270626618637224  0.0001666247590157019     -9.446619995446131
      693.4999999999999      1.051115345877039   0.003270409923158739  0.0002432370715737287     -9.068394013972636
      693.7499999999999      1.056337215647027   0.003270028571759593  0.0001323864273290371     -9.676822072682603
      693.9999999999999      1.104843643104755   0.003270240643330928   3.93536947420588e-07     -15.49506266848623
      694.2499999999999      1.114612790788299   0.003271522191667648   6.24210496984463e-08     -17.33594326766697
      694.4999999999999      1.057055993922509   0.003271288480215781  0.0001362455662599255     -9.647703090973495
      694.7499999999999      1.023366898129257   0.003270721452257238   0.007099831116322113     -5.694509056233243
      694.9999999999999       1.02492959562522   0.003270175055566258   0.006650327337762255     -5.760081047271627
      695.2499999999999     0.9543199147026069   0.003270074936273806     0.6146204585961121     -1.233772803999096
      695.4999999999999     0.9535445134891738   0.003271203885571625     0.7073925565686138     -1.092846809382577
      695.7499999999999     0.9792864599291006   0.003271437981074805     0.1243259281964208      -2.83145443346827
      695.9999999999999     0.9530265444893886   0.003271239798052481     0.7861583632222235    -0.9872633334909536
      696.2499999999999     0.9005221670902763    0.00327157482277245      2.153620507068093    0.02058648604848505
      696.4999999999999     0.9287232781917325   0.003272695966984335     0.9894607229599401    -0.7568164713422917
      696.7499999999999     0.9276690925562532   0.003272909293170817      1.114760127859763     -0.637516831485598
      696.9999999999999      0.950493636921192   0.003272612025052488     0.9678640539789849    -0.7789105539601953
      697.2499999999999     0.8875665874538666   0.003272378974010635      2.143783824002667    0.01625428239640524
      697.4999999999999      0.894278282521896   0.003272873122347564       1.78511333125019     -0.166685228818939
      697.7499999999999     0.9039968194190681   0.003272467919507123      2.253563207566385    0.06622166431798374
      697.9999999999999     0.8485009627452952   0.003273028381041844       1.42807759332102    -0.3897904965134659
      698.2499999999999     0.8543944085036972   0.003274213222948016      1.619478839910075    -0.2636533660728791
      698.4999999999999     0.8314141711685419   0.003276267124017542      1.279964884666889    -0.4982980167022873
      698.7499999999999     0.8101934444709589   0.003278141200528106     0.5861966290223803     -1.278658809438016
      698.9999999999999      0.767873097618453   0.003280057126843708      1.822317034358393    -0.1438657366023144
      699.2499999999999     0.8022564060181407   0.003284008520183222     0.7052470628139841     -1.091977670571501
      699.4999999999999     0.8934236439983575    0.00328327379619273      1.859310258394081    -0.1227887394151186
      699.7499999999999     0.7952612368240822   0.003284164794854993     0.8778757697946016      -0.87297317890883
      699.9999999999999     0.8115104562525276   0.003285134206552055     0.6100955604669114     -1.236567534883235
      700.2499999999999      0.829113453002327   0.003285034754272179      1.244890380078905    -0.5234106532795031
      700.4999999999999     0.8692164899757134   0.003283855834819578      2.580736693342162     0.2052578268351409
      700.7499999999999     0.8880848175282344    0.00328268395980563      2.265369872050687    0.07456404997945522
      700.9999999999999     0.9416893340057426   0.003282010640728027      1.051030102459086    -0.6936083947324579
      701.2499999999999     0.9421604363925971   0.003281786748828455      1.112354408553614    -0.6369684904044054
      701.4999999999999     0.9187214821507856   0.003280905465558772      1.568065230695999    -0.2938733996137053
      701.7499999999999     0.8932257732740488   0.003279759723168015      2.030370935742617    -0.0358466948490172
      701.9999999999999     0.9290971871843795   0.003278909794229135       1.05907575563259     -0.686927776296009
      702.2499999999999     0.9407187633859172   0.003278306875365879      1.213983277689584    -0.5506013521851763
      702.4999999999999     0.8093984919211664   0.003277812990706845     0.7018091894438973     -1.098752655690993
      702.7499999999999     0.8084220337685046   0.003278458534655873     0.7676552046199134     -1.008876608735238
      702.9999999999999     0.8292978282470003   0.003278493951961247      1.321823478576893    -0.4654390003206593
      703.2499999999999     0.8077179359352502   0.003278419012866041     0.8267640529162666    -0.9347099943205659
      703.4999999999999     0.8062282115543828   0.003278246820195531     0.8924359360362063    -0.8583271375554781
      703.7499999999999     0.8737843216819535    0.00327738542390412      2.651831208984166     0.2304610385153197
      703.9999999999999     0.9362535742496079   0.003276852702361649       1.11542750560043    -0.6357141984573734
      704.2499999999999     0.8930418137840335   0.003276298549372933      2.156383439394069    0.02331141618682465
      704.4999999999999     0.8481477443290431   0.003275291883694477      1.537396628932881     -0.315337887626103
      704.7499999999999     0.8617933951310319   0.003274044001436939      2.625364336300315     0.2194102369511198
      704.9999999999999     0.8331878059806448   0.003273309833528395      1.447354656034161    -0.3762961931675626
      705.2499999999999      0.835876953539467   0.003272430254836645      1.479760149645701    -0.3544224430928998
      705.4999999999999     0.8807059451206827   0.003271058151087643      3.305459623952186     0.4488536963196882
      705.7499999999999     0.8907582198934187   0.003269866412746692      2.348448523951102     0.1066686764979781
      705.9999999999999     0.9043179962116641   0.003268809471762478      2.360330910898262      0.111392305636199
      706.2499999999999     0.8926686503103221   0.003267856488852795      2.395009368534242     0.1256860417762794
      706.4999999999999      0.895900732073295   0.003266770974429791        2.4975849377932     0.1672909047771681
      706.7499999999999     0.9363744702461945   0.003265992077910537      1.188161224841824    -0.5758648709583188
      706.9999999999999     0.8533891660071968   0.003265203357072678      1.629281394866227    -0.2603742624614165
      707.2499999999999     0.8898536355438811   0.003263920421587225      2.700915170599805     0.2446843610584449
      707.4999999999999     0.8935827372663989   0.003262960946146227      2.707310703022558     0.2467554677535509
      707.7499999999999     0.8704634429878678   0.003261670774754584      2.803828419922358     0.2813899850437479
      707.9999999999999     0.8648106067767456   0.003260381075739637      2.920010836770199     0.3215960476835921
      708.2499999999999     0.8294790450164424    0.00325957675443838      1.467438144387903     -0.366719884235097
      708.4999999999999     0.7511413451102644   0.003260306813772139       1.46283231603592    -0.3696395582016908
      708.7499999999999     0.7645566816475947   0.003262576276665415      1.858275116185541    -0.1296695099875268
      708.9999999999999     0.7966001809759694   0.003263839540271891     0.8681858095885704    -0.8902806082049514
      709.2499999999999     0.8074847869249108   0.003263761449717358     0.9217720361469331    -0.8304123488802292
      709.4999999999999     0.7629356796457286   0.003263345821310214       1.84163690990471    -0.1384275670487698
      709.7499999999999     0.7769852950292031   0.003263774457416542      1.276893875602545     -0.504520558964466
      709.9999999999999     0.7431429091101593   0.003263965054586937      1.911570658789493    -0.1009673934571927
      710.2499999999999     0.7415047805205366   0.003264212440862667      2.201838690645146    0.04047593805376412
      710.4999999999999     0.7485323936596261   0.003264081114174499      1.634142134714374    -0.2577390964044827
      710.7499999999999     0.7546499447899905   0.003263570663853247      1.550915892600538    -0.3101678162462066
      710.9999999999999     0.7497787703753646   0.003262607575854127      1.742112140995251    -0.1942103659988647
      711.2499999999999     0.7551970160143615   0.003261940262658203      1.674646269117266    -0.2339112114715661
      711.4999999999999     0.8378920737991803   0.003261100751774743      1.529553979789817    -0.3247943940251365
      711.7499999999999     0.7738068714958464   0.003260195881600033      1.503632039114984    -0.3421645420531536
      711.9999999999999     0.7606168017724939   0.003259464978377685      1.832587108115791    -0.1445436091366746
      712.2499999999999     0.7549251780884469    0.00325852906482227      1.830400952972363    -0.1460244334743863
      712.4999999999999     0.7579693136481208   0.003257668557375929      1.898485108930015    -0.1097673326206553
      712.7499999999999     0.7202109494644593   0.003256613972278433      3.884578803348274      0.605867195846005
      712.9999999999999     0.7567634065959924   0.003255801824525663      1.998293510759858   -0.05910320945401121
      713.2499999999999     0.7332793870306556    0.00325456670486602      3.221024427921714     0.4179232415331607
      713.4999999999999     0.7198792366180364   0.003253843104298215      4.019328665215458     0.6391163186013703
      713.7499999999999     0.7889805210780508   0.003253375887739352     0.9602181930985015    -0.7927369067067984
      713.9999999999999     0.7710879697759554   0.003252590774808006       1.79176762708563    -0.1691808887421697
      714.2499999999999     0.7814309211696199   0.003251645053111706      1.206555303277415    -0.5649048814801105
      714.4999999999999     0.7660406200851724   0.003250441631237145      2.239252200455076    0.05309748193409215
      714.7499999999999     0.8008942299088715   0.003249624125578813     0.8921399146172272    -0.8674283305233861
      714.9999999999999     0.8123539493735504   0.003249218057359478     0.7633566686948543     -1.023450894326841
      715.2499999999999     0.8726428229780632    0.00324854806478575      2.926922157700232     0.3203241972530821
      715.4999999999999     0.9145400698181971   0.003250770822588167      1.646277496506798    -0.2544265419115534
      715.7499999999999     0.8957372942617908   0.003251732408996114      2.792620435692677     0.2743329197861321
      715.9999999999999     0.8870436661972225   0.003252154353432314      3.052531674358593     0.3634535954353505
      716.2499999999999      0.918332875661183   0.003253593874383236      1.662659157351649    -0.2436569471575787
      716.4999999999999      0.896866853068742   0.003253313168739523      2.914597062259662     0.3175701320237925
      716.7499999999999     0.8576373823737936   0.003252504919583139      2.303018058947977    0.08181054349600927
      716.9999999999999     0.8249375667726533   0.003251646109947918      1.004054263383136    -0.7486279322698907
      717.2499999999999      0.848349075341662    0.00325059874224783      1.614104963040149    -0.2742155544046556
      717.4999999999999     0.8628688642621936   0.003249286078547438      3.063135010086055     0.3660388459227127
      717.7499999999999     0.8730542443084581   0.003248215196766536      3.064152115263822     0.3660412091285803
      717.9999999999999     0.8946419553425654   0.003248059875295519      3.108275438609034     0.3802905449233844
      718.2499999999999     0.8687296327179798   0.003246872410693803      3.331741067535491     0.4493518455319629
      718.4999999999999     0.9300431905413946   0.003246996408065087      1.056347257216856     -0.699288002581039
      718.7499999999999     0.9397896549152583   0.003247739026175392      1.369057506618172     -0.439753741051399
      718.9999999999999      0.885475548103874    0.00324672361120475      3.280021865237969     0.4336610940648461
      719.2499999999999     0.9253669933662787   0.003246174211415145      1.372427465393575     -0.437777181062854
      719.4999999999999     0.8886855903945378    0.00324513736693681      3.429444399364386     0.4777205837424289
      719.7499999999999     0.9152016407991469   0.003244406089010737      1.761327510011994    -0.1888352609842623
      719.9999999999999     0.9155814048413046    0.00324364958603285      1.911703343193643    -0.1071416040834992
      720.2499999999999     0.9414462278186801   0.003243151211730872      1.372199160178597    -0.4388752301568616
      720.4999999999999     0.8895708695494999   0.003241925165668806       3.57980807825189     0.5196411670705775
      720.7499999999999     0.9317001481796859   0.003241384903131492      1.064499121040095    -0.6933303053928799
      720.9999999999999     0.8968858918733467   0.003240335737574475      3.243807355516283      0.420589334016375
      721.2499999999999     0.9215182674764123   0.003239333326280107      1.803871010431686    -0.1665329005137682
      721.4999999999999     0.8839420525879893   0.003237988988962895      3.649478984345913     0.5377015053149464
      721.7499999999999     0.8194112402852025   0.003238227312030576     0.6859271071538234     -1.133793223293565
      721.9999999999999     0.8215597885265535   0.003238639311148373     0.8035545965722423    -0.9753922345311278
      722.2499999999999     0.8453237837836033   0.003238235047972991      1.761711496284618    -0.1905211420511943
      722.4999999999999     0.8494404315970905   0.003237314544894546      1.696033161479585    -0.2287991308656529
      722.7499999999999     0.8065078097207307   0.003237006703762337      1.018560986302852    -0.7387954833942986
      722.9999999999999     0.8080285917336121   0.003237046648679427      1.036729461382927    -0.7211029674638114
      723.2499999999999     0.8345838705803762   0.003236335037554663      1.633219345257389    -0.2668407090529027
      723.4999999999999     0.8576793245007359   0.003235201239319622      2.513223280623954     0.1638218750023734
      723.7499999999999     0.8109305348399846    0.00323440753203199     0.9425223925387987    -0.8171851959704881
      723.9999999999999      0.791542869204632    0.00323397932146745      1.029531429962768    -0.7290182193609096
      724.2499999999999      0.800126936803385   0.003233882616873634     0.9663518984308255     -0.792379125852812
      724.4999999999999     0.8876121702464355   0.003233230801912814      3.865088962881156     0.5936312221693012
      724.7499999999999      0.934660318982302   0.003234653789635631      1.210381193164472    -0.5669781150691694
      724.9999999999999     0.9265718266942585   0.003234520076029491      1.457032254160523    -0.3815531350871249
      725.2499999999999      0.948710504201482    0.00323429891268304      1.073379238222038    -0.6872113392066335
      725.4999999999999     0.9715023789507903   0.003235813683621165     0.1972921249382424     -2.380624722256182
      725.7499999999999     0.9754528476936301   0.003236982781480516     0.1592725804940533     -2.594331908951407
      725.9999999999999     0.9726045828926477   0.003237943658972814     0.2008176407411281     -2.362254950327505
      726.2499999999999     0.9798520357168354   0.003239576508012314     0.1321349993787772     -2.780323905354062
      726.4999999999999      0.958956563849545   0.003239986544740493      0.391477817706147     -1.694092610731218
      726.7499999999999     0.9718837576798796   0.003239906410677545     0.2250043604009103     -2.247926416370248
      726.9999999999999      1.003900758339216   0.003240340269499396    0.02976453891004248     -4.270594580526018
      727.2499999999999     0.9985467146884079   0.003240688952346138    0.04183305643744396     -3.930117844070955
      727.4999999999999     0.9798249640764894   0.003241269926773922     0.1426502920584012     -2.703229310986419
      727.7499999999999     0.9474718568658297   0.003240536215873756      1.183032397002274    -0.5880155778368495
      727.9999999999999     0.9223379655001602   0.003239591720594061      1.870910568216707    -0.1299628058289066
      728.2499999999999     0.9882125828765942   0.003239250832255207     0.1053912299024244     -3.006569138396644
      728.4999999999999     0.9915877691345554   0.003239251041609614    0.09490474875249837     -3.111374754749013
      728.7499999999999     0.9810282805299597   0.003239122798488602     0.1405888581705831     -2.718448358438599
      728.9999999999999     0.9567746248683805   0.003238449663262273     0.5661501657198029      -1.32563657197264
      729.2499999999999     0.9817323806190996   0.003237961268064514     0.1442933784169748     -2.692798171130406
      729.4999999999999     0.9590168605947303   0.003237303404977018     0.4336557125279871     -1.592599010715668
      729.7499999999999     0.9584291171161735   0.003236596252870599      0.495003912014804     -1.460502737778859
      729.9999999999999     0.9397357112773724   0.003235665521519754      1.562804654621331    -0.3111186680297272
      730.2499999999999     0.9219710423448761   0.003234992142847346       1.98655036125663   -0.07140921589957272
      730.4999999999999     0.9284495954663992   0.003234084929996576      1.469732392947708    -0.3730090017489414
      730.7499999999999     0.9632465765637578   0.003233433365806697     0.3244861523093102     -1.883803246196819
      730.9999999999999     0.9519113860046027   0.003232593579892359      1.030122924477119    -0.7288724425440494
      731.2499999999999     0.9812961733779331   0.003232019707237839     0.1601822393410627     -2.590171240611677
      731.4999999999999     0.9768273877620748    0.00323144206159183     0.2026590423275577     -2.355137172945368
      731.7499999999999     0.9050065193993414   0.003230481284920768      2.420686751793438     0.1248470496388709
      731.9999999999999     0.9154041665951751   0.003229690869874033      2.103907959970595   -0.01565238736744596
      732.2499999999999     0.9236031428662513   0.003228806977184418       1.97417152209435   -0.07957382279956839
      732.4999999999999     0.9417241680001904   0.003227897678671795      1.541352521066503    -0.3273440194964963
      732.7499999999999     0.9311567459211806   0.003226934791901531       1.32531382483256    -0.4786533766021653
      732.9999999999999     0.9135624604295929   0.003225848732601143      2.139878925819918  0.0001099764789319982
      733.2499999999999     0.9253882808950699   0.003224796764096678      1.933523462393726    -0.1016214667144411
      733.4999999999999     0.9383839103518145   0.003223760039692559      1.716222492366081    -0.2211613200424738
      733.7499999999999     0.9638429584929824   0.003223197671938383     0.3339006622460788      -1.85837317881399
      733.9999999999999     0.9569649418399101   0.003222488701939421     0.6859526479371216      -1.13862809289481
      734.2499999999999     0.9752329422535495    0.00322193336186771     0.2192605181475351     -2.279348436016816
      734.4999999999999     0.9899295727777954   0.003221522631377031      0.112826037114001     -2.943889389156311
      734.7499999999999     0.9583215125783336   0.003220827438511821     0.6165775265111151     -1.245768279360602
      734.9999999999999     0.9542759851792697   0.003220032844464793     0.9674093715175639    -0.7955773344252399
      735.2499999999999     0.9657670640923988    0.00321939720018181      0.333761350965999     -1.859970285100236
      735.4999999999999     0.9348793603047214   0.003218455276557708      1.479690055650899    -0.3711012020983158
      735.7499999999999     0.9320733343780669   0.003217530779385854       1.46479190246145    -0.3815079497948355
      735.9999999999999     0.9229699884347861   0.003216902222216839      2.273916889634272    0.05808733751475416
      736.2499999999999     0.9386168171176341   0.003215832973867125      1.906863763472425    -0.1182890649450274
      736.4999999999999     0.9233854616598131   0.003214669048519208      2.368186487988292    0.09801351711978336
      736.7499999999999     0.8927023688030892   0.003213663471971529      3.735976542286521     0.5535854336746403
      736.9999999999999     0.9074193268177567   0.003212747690455725      2.370125684694921    0.09823417183623054
      737.2499999999999     0.9090675992610614   0.003211637419377757      2.382575702225236     0.1031276741447336
      737.4999999999999     0.8485826515771029   0.003211729688028799      1.833056028234202    -0.1590411923145603
      737.7499999999999     0.8079000561079699   0.003212691632393252      1.178988389822811    -0.6000694881807566
      737.9999999999999     0.8799226645153783   0.003212646755185541       3.65139925291042     0.5303702200615615
      738.2499999999999     0.8750482774839489   0.003211598891366205      3.299017444340344      0.428558227372125
      738.4999999999999     0.9209425848617865    0.00321041421304558       2.69209226347048     0.2248832887922507
      738.7499999999999     0.9177954564384738   0.003209208480553249      2.751554919308777     0.2463551418003881
      738.9999999999999     0.9669449356995391   0.003209316318434329     0.3328104665978783      -1.86595955362786
      739.2499999999999     0.8900723423447281    0.00320802444159762      4.136773600291579     0.6537361065747305
      739.4999999999999     0.8947437566933371   0.003206754781785586      3.769625225652298     0.5603996784783963
      739.7499999999999     0.9363440569972515   0.003205712148923462      1.845457031078376    -0.1541741375777101
      739.9999999999999     0.8728097356975459    0.00320453296939939      3.497616468994241     0.4848127252650407
      740.2499999999999      0.934725792099018   0.003203595602937832      1.764489460493508    -0.1997001667979398
      740.4999999999999     0.9033555222408989   0.003202564255109112       2.82772632591164     0.2715894262118203
      740.7499999999999     0.8472688426470757   0.003202145081021161      1.977183116502507   -0.08634127638950299
      740.9999999999999     0.9130646265846268   0.003201096042657286      2.409781800715916     0.1111941060153633
      741.2499999999999     0.9116269378224596   0.003199957474979951      2.523682648470649     0.1570213610949379
      741.4999999999999     0.9208641698657162   0.003198724215797813        2.9432853546089     0.3104431099919533
      741.7499999999999      1.011567341345529   0.003199023747235425    0.02513974481659196     -4.452294904852463
      741.9999999999999     0.9708930745701183   0.003199755463220188     0.2805549746027539     -2.039746558949935
      742.2499999999999      1.033419817798668   0.003200098729623662   0.002206164026612123     -6.885153706570675
      742.4999999999999     0.9812451292362804   0.003201409422581776     0.1816388619853071     -2.473979043355529
      742.7499999999999     0.9800170787239048   0.003201258996168653     0.2101730620633419     -2.328115176614691
      742.9999999999999      1.003353528268752   0.003201446760727792    0.03232373387411135     -4.200186066116064
      743.2499999999999     0.9820975134412088   0.003201244305568266     0.1916265140555474     -2.420502823726581
      743.4999999999999     0.9236512914817888    0.00320015668362013      2.718497030642261     0.2314435748054927
      743.7499999999999     0.8872566479787749   0.003199374143150095      4.311933927424165     0.6925063581894475
      743.9999999999999     0.9459703824305935   0.003198657828768667      1.349675487789489    -0.4692398853075114
      744.2499999999999     0.9633599276455059   0.003197989768319744     0.4074734312152095     -1.667092495649779
      744.4999999999999     0.9211844613739916   0.003196764100488152      3.216129787654201     0.3984824241837734
      744.7499999999999     0.8973241581520939   0.003196210684511848      3.652547901552968     0.5255555635720336
      744.9999999999999      0.932605806810948   0.003195286581071883      1.724634018234728    -0.2251437175836317
      745.2499999999999     0.9315194349977601   0.003194284548520449      1.826449837533631    -0.1680981253138359
      745.4999999999999     0.9209840468858864   0.003193012779863316      3.387666755309363     0.4492709650830835
      745.7499999999999     0.9576697704550471   0.003192260158022518      0.737562978219885     -1.075509983569379
      745.9999999999999      0.973529913761882   0.003191835583436913     0.2619057450368433     -2.111009785160452
      746.2499999999999     0.9522485083542356   0.003191060907265593      1.162772084402916    -0.6206750462478656
      746.4999999999999     0.9270383029328755   0.003189972970260135      2.480427772703775     0.1366081150259599
      746.7499999999999     0.9128097619433293   0.003188880530560891      2.649945517122766     0.2023736417998772
      746.9999999999999     0.9049109563633358   0.003187970318196818      2.897944378368877     0.2915507382536695
      747.2499999999999     0.9013367290657456   0.003187023852830962      3.351213746146702     0.4365747495645877
      747.4999999999999     0.9239603633938759   0.003185798023841297      3.155288605977202     0.3759474193730534
      747.7499999999999     0.8740271185331149   0.003184594814638751      3.619767571218858     0.5128995183501349
      747.9999999999999     0.9395516325172097   0.003183870150137196      2.135831269981872   -0.01488195307597944
      748.2499999999999      0.925771609158627    0.00318276903451515      2.970072546571571      0.314502599679804
      748.4999999999999     0.8584095892007324   0.003182230951206704      2.716519596637707     0.2250986459534855
      748.7499999999999     0.7745821953217562   0.003183535985622246      1.577300240860965    -0.3181281613389776
      748.9999999999999     0.8193893079916368   0.003186016938908294     0.7611183888281631      -1.04603019775884
      749.2499999999999     0.7497466626163201    0.00318817603498129      1.901103834509094    -0.1299517023470247
      749.4999999999999      0.762161574505994   0.003190792090842837      2.162592301395391 -0.0002585308050541353
      749.7499999999999      0.773691026386332   0.003191925337684596       1.72060542731955    -0.2285348523755939
      749.9999999999999     0.7774786530715267   0.003192595765165692      1.604356451485409    -0.2982783459963271
      750.2499999999999     0.8227883186401009   0.003192689643194602     0.9253929870543685    -0.8485084336980122
      750.4999999999999     0.8189630692276191   0.003192071200998335     0.8291086825064719    -0.9585694090503063
      750.7499999999999     0.7943198058281113   0.003191644845181826      1.004973101366849    -0.7663381770578137
      750.9999999999999     0.7798126086050993   0.003191614507588417      1.508345933590701    -0.3602948165522483
      751.2499999999999     0.8035067265240264   0.003191239456010363      1.168935022807499    -0.6153328798453493
      751.4999999999999     0.7945819772535275   0.003190828836203986      1.060535397707654    -0.7127807836631793
      751.7499999999999     0.8074965193480499   0.003190233927195564      1.279418478329589    -0.5253354563459049
      751.9999999999999     0.7988031592560408   0.003189618935787206      1.061327648389982     -0.712413286079582
      752.2499999999999     0.7700925896271055   0.003188743641473165      2.132628301374895   -0.01485320299089844
      752.4999999999999     0.7277408967003981    0.00318819366501655      3.781602439511242     0.5577669900449347
      752.7499999999999     0.7340092467003884   0.003188047231595724      3.245071067478402     0.4047104640176262
      752.9999999999999     0.7373358259499216   0.003187795070144907      2.861153402451726     0.2787189455716419
      753.2499999999999      0.782616917217603   0.003187166654509516      1.286171407236768    -0.5210331326658303
      753.4999999999999     0.7800104782909764   0.003186297654073187      1.644615737317717    -0.2754689674048701
      753.7499999999999     0.7946195132981319   0.003185477486801773      1.134449057263519    -0.6470860466270608
      753.9999999999999     0.7843369321186674   0.003184600521066363      1.241902763988302    -0.5568638161152201
      754.2499999999999     0.7496354339369314   0.003183909074701451      1.962895081827374   -0.09930518613017059
      754.4999999999999     0.7987916150444808   0.003183363376265709      1.152643742258876    -0.6318388491626449
      754.7499999999999     0.7523195462430046   0.003182449844301805       2.14010120182588   -0.01333095278669226
      754.9999999999999     0.7553918935164409   0.003181637586432268      2.192278356834773    0.01050201440294436
      755.2499999999999     0.7698096253882065   0.003180590433627183      2.251186708466841    0.03668899091266283
      755.4999999999999     0.7962708374865888   0.003180062099879232      1.210433081999012    -0.5839564233143522
      755.7499999999999     0.7791564131482981   0.003179242585140434      1.827623925535832    -0.1721756532555357
      755.9999999999999     0.8088283694379561   0.003178450423251323      1.278771975650369    -0.5295413496198595
      756.2499999999999     0.8179402249441153   0.003177798190999996     0.8477187903877696    -0.9408531118432748
      756.4999999999999     0.8165947997167126   0.003177183254254342     0.8806112348393614    -0.9029793551713307
      756.7499999999999     0.7733637346992468   0.003176202002856787      2.139093855202052    -0.0157669112686478
      756.9999999999999     0.7981812803407755   0.003175332291567607       1.26174666614549    -0.5439260731400293
      757.2499999999999     0.7902537915494505   0.003174453364997665      1.213651640233511    -0.5830662143137683
      757.4999999999999     0.8110213541397808   0.003173661921046828       1.18600469053612    -0.6063590059465255
      757.7499999999999     0.8226660561432716   0.003172924102520392      1.060994688132458    -0.7179749170820279
      757.9999999999999     0.8260671309539453   0.003172149488190243      1.291754451020518    -0.5214245987632042
      758.2499999999999     0.7937438505810289   0.003171264225991566       1.36429249588158    -0.4670690686829243
      758.4999999999999     0.7880500563084857    0.00317039298092745       1.23352213365469    -0.5681062131975574
      758.7499999999999     0.8921392559530347   0.003169758439836847      4.404722940314138     0.7044973810565134
      758.9999999999999     0.8641104511125234    0.00316926598726694      3.322386126678042     0.4223478861941278
      759.2499999999999     0.8512373156956546   0.003168987908227344      1.866712886351132    -0.1542440283878289
      759.4999999999999      0.823248202871987   0.003168163427136239      1.187311462134504    -0.6069918276951273
      759.7499999999999       0.83357137270902   0.003167232468779134      1.666332175483598    -0.2683522855144413
      759.9999999999999     0.7995533404991005   0.003166344477467004      1.346475500536682    -0.4817671637723536
      760.2499999999999     0.8287390918800177   0.003165502220504512      1.626820481783002    -0.2928961550861242
      760.4999999999999     0.7992886677992419   0.003164627266565629      1.418538410055077    -0.4301730285366704
      760.7499999999999     0.8082344697309458   0.003163804626354013      1.453585095796881     -0.406027078956158
      760.9999999999999     0.7863507504292245   0.003163010350719784      1.296229125622928    -0.5208517692364742
      761.2499999999999     0.7763459363364918   0.003162092920080719      2.182232024457297  -0.000253020473483601
      761.4999999999999     0.7974122981421423   0.003161187382508694      1.497109536408105    -0.3773513784046644
      761.7499999999999     0.8297869360062702   0.003160236855836427      1.767072395070935    -0.2118642204795231
      761.9999999999999      0.894373819592352   0.003159789543041825      4.358111465839063     0.6907088758071153
      762.2499999999999     0.8053602159644967   0.003159137928282371      1.570481599914039    -0.3301538560243497
      762.4999999999999     0.7860660913778039   0.003158602623613313      1.369550554295506    -0.4672230172214781
      762.7499999999999     0.7920039603829747   0.003157723342445699      1.511948881017777    -0.3685845877323802
      762.9999999999999     0.8189456451308017    0.00315690793638652      1.072752726080651    -0.7120143292534422
      763.2499999999999     0.8798445625724473    0.00315598243653476      3.907586943643548      0.580384508625606
      763.4999999999999     0.9069320536193259   0.003156314752667535      2.947770020466554     0.2986187260002752
      763.7499999999999     0.8929968008047086    0.00315701726732557      4.712600931856386     0.7680322867843152
      763.9999999999999     0.8687902809513363   0.003155968277719355       3.72004101084874     0.5311946814013376
      764.2499999999999     0.9152461137936956   0.003155222125924913       2.95972406938921     0.3023195793602517
      764.4999999999999      1.025018873946961   0.003158818650313041   0.006557913836598594     -5.808719989210804
      764.7499999999999     0.9596917144136314    0.00316220910293038     0.6152447402135263     -1.266299634968878
      764.9999999999999     0.9112169406005929   0.003162230259389089      2.896591495438583     0.2829768935147537
      765.2499999999999     0.9715904097858352    0.00316250318651097     0.2937200108985125     -2.005599810406129
      765.4999999999999     0.9409496050478827   0.003162284174321694       2.03249200978936    -0.0712781250978365
      765.7499999999999     0.9567927793274656    0.00316247036777091     0.9019948749400987    -0.8836283194433593
      765.9999999999999     0.9954277138379669   0.003163088019460975    0.06696608104345161     -3.483855631844093
      766.2499999999999      0.979826200592914    0.00316423536553138     0.2335272501775183     -2.234380432585774
      766.4999999999999      1.032782859234217   0.003165566274784032   0.002518064290862312       -6.7637682165576
      766.7499999999999       1.03174934981672   0.003168090805167843   0.003114940751585916     -6.550251373250482
      766.9999999999999     0.9828507692871136   0.003168743300836053     0.1958488454837109     -2.408912402325806
      767.2499999999999     0.9392520952689909   0.003167810657775772      2.320738167223502    0.06309065289026924
      767.4999999999999     0.9855249159803701   0.003167442604714928     0.1640986026883616     -2.586198645690672
      767.7499999999999     0.9914212972523789   0.003167492892652793     0.1137000085895398     -2.953086776062359
      767.9999999999999      1.050918492366679   0.003168299407931469  0.0002541088708952668     -9.056388140399802
      768.2499999999999      1.037858592459562   0.003169769363557109   0.001784293948898077     -7.106909022327003
      768.4999999999999      1.080989348984454   0.003170859848691713  6.931773479945535e-06     -12.65722743009589
      768.7499999999999      1.076995395520401   0.003173105040799379  1.255832063224632e-05      -12.0622518596229
      768.9999999999999      1.051825191611802   0.003173811462016985  0.0002454390252223366     -9.089364154513939
      769.2499999999999      1.043582703811735   0.003173892116498197  0.0007828592299373169     -7.929434392095368
      769.4999999999999       1.00318554816209    0.00317353135428269    0.03387353071107805     -4.162111777575762
      769.7499999999999      1.003837199179032   0.003173010137611391    0.03665020749446086     -4.083490844353291
      769.9999999999999      1.016399800595527   0.003172703529555549    0.01419449875385643      -5.03215209103568
      770.2499999999999     0.9697582808945183     0.0031722078191222     0.3329459276915758     -1.877182725875561
      770.4999999999999      1.018658312905966   0.003171747616612456    0.01215694354009135     -5.187407415811828
      770.7499999999999      1.000472932942931   0.003171230012752253     0.0418759443521674     -3.950759570884396
      770.9999999999999      1.055524652774575   0.003171093658020593  0.0001702182848405723     -9.456187747938012
      771.2499999999999      1.054000049918389   0.003171065897681867  0.0002165445226598346     -9.215481970335853
      771.4999999999999        1.0392407568136    0.00317073952161664   0.001634001750491077     -7.194593725752872
      771.7499999999999      1.028768861123116    0.00317044728301651   0.004878637034442858     -6.100852080427226
      771.9999999999999      1.025839807253857   0.003169982965315998   0.006995520245643931     -5.740594448300427
      772.2499999999999      1.056063647111631   0.003169641127627857   0.000192269694868615     -9.334828501003214
      772.4999999999999       1.04905733898913    0.00316942087672023  0.0004028637613619698     -8.595198594599951
      772.7499999999999      1.088462275327254   0.003169157228854167  3.240100954292799e-06      -13.4182757385342
      772.9999999999999      1.088870209094648   0.003169737085831108  3.419232641044337e-06     -13.36428112256105
      773.2499999999999      1.112725799283783   0.003170287677976882  9.073198798538637e-08     -16.99336889183695
      773.4999999999999       1.07539390507601   0.003170720327578825  1.697556526639372e-05     -11.76161215314669
      773.7499999999999      1.113349478849351   0.003170630595565161  9.393336924451299e-08     -16.95858501245127
      773.9999999999999      1.126349753729612   0.003170934695604662  2.951662543753454e-08     -18.11612111986811
      774.2499999999999      1.088346816132852   0.003170838016574754  4.093505134042594e-06     -13.18394840520131
      774.4999999999999      1.074675695392249    0.00317038947868362   2.06915515175536e-05     -11.56376599873102
      774.7499999999999      1.045600290810675   0.003169992379506552  0.0006837794427329799     -8.065981323298255
      774.9999999999999      1.086997797372576   0.003169597952845759  5.202126397737052e-06     -12.94467370498881
      775.2499999999999      1.116925064631952   0.003169496236973057  6.852381347175337e-08     -17.27434721344695
      775.4999999999999       1.08922468481107   0.003169296702312556  4.531281535137265e-06     -13.08283141884183
      775.7499999999999      1.124610749002167   0.003168893801240229   3.41808788415198e-08     -17.97005224180108
      775.9999999999999      1.078968657726119   0.003168686871636478  1.327450053193582e-05     -12.00818371302217
      776.2499999999999      1.116005329565153   0.003168238888616405  8.887423910665885e-08     -17.01470299513604
      776.4999999999999      1.069894072892633   0.003167907174773451  4.012664182680262e-05     -10.90223424967663
      776.7499999999999      1.094121157241162    0.00316748211164422  1.897731848394583e-06     -13.95374952592767
      776.9999999999999      1.113846201761066    0.00316717361317176  1.178094898727329e-07     -16.73319278704476
      777.2499999999999      1.113319989639957   0.003166836693945277  1.367616839143729e-07      -16.5841281207715
      777.4999999999999      1.131228185920309   0.003166569237064926  3.429139990244477e-08     -17.96755786645575
      777.7499999999999      1.042045508155622    0.00316619106418675   0.001224985180799171     -7.484132586721578
      777.9999999999999      1.089448864633786    0.00316594139568309  5.034788101236173e-06     -12.97852402982991
      778.2499999999999      1.118073365124144   0.003165476543169985  9.329215154647897e-08     -16.96706160518148
      778.4999999999999      1.104417748112841   0.003165131589652892  4.323494315823763e-07     -15.43367243777379
      778.7499999999999      1.122930848054302   0.003164748261458633  4.640023629457469e-08     -17.66572313374063
      778.9999999999999      1.052344958295631   0.003164337346526374  0.0003186672174893534     -8.831254903328071
      779.2499999999999      1.078442763497333   0.003163997889010614  1.591671953541895e-05     -11.82813943815709
      779.4999999999999      1.100010058487873   0.003163508322199002  8.897753774574719e-07     -14.71245051341706
      779.7499999999999      1.057339078767966   0.003163101085915093  0.0001948385025485592     -9.323621994671981
      779.9999999999999      1.017230002637237   0.003163510264292725    0.01498445182767494     -4.980895268844007
      780.2499999999999      1.027942084117372   0.003163707502589582   0.006255344945099303     -5.854409752063669
      780.4999999999999      1.053071060948629   0.003163333677933837  0.0003312582239809102     -8.792821283728289
      780.7499999999999      1.053709005019236   0.003162978248095932   0.000343039419795893     -8.757986486326581
      780.9999999999999      1.116763116478415   0.003162614983101214  1.294514241959528e-07     -16.64039627998188
      781.2499999999999      1.096482242851637   0.003162216984642147  1.590489073120554e-06     -14.13203099960284
      781.4999999999999      1.071101713655459   0.003161841046378637  3.929581917469274e-05     -10.92507332226822
      781.7499999999999      1.061499131164501    0.00316143274350686  0.0001139395907527624     -9.860652193766864
      781.9999999999999      1.070577149114558    0.00316094215554262  4.502428273214397e-05     -10.78927382657367
      782.2499999999999      1.115688619406136   0.003160502120358993  1.669628476848509e-07     -16.38659896716706
      782.4999999999999      1.069411922005681   0.003160193771583448  5.469051124439796e-05     -10.59502234952551
      782.7499999999999      1.109716675208442   0.003159764167787151  2.222431035791064e-07     -16.10083196144042
      782.9999999999999      1.107093670953142   0.003159416780698489  3.658694560884979e-07     -15.60243715978655
      783.2499999999999      1.059281479680789   0.003158955625563804  0.0001845191359037158     -9.379351270251782
      783.4999999999999      1.022715301313459   0.003159042850256659    0.01002220991435602      -5.38451793383786
      783.7499999999999      1.062174304588865   0.003158725940935457  0.0001274360337332656      -9.74956261517484
      783.9999999999999      1.052269742525825   0.003158304112915459  0.0004220848535083848     -8.552104341824453
      784.2499999999999      1.019437806846136   0.003157901034548638     0.0137952695369914     -5.065357318189103
      784.4999999999999      1.033427029254387    0.00315795590041923   0.003331708992307658     -6.486180307158119
      784.7499999999999      1.047217907444211   0.003157498403440808  0.0006754928811993083     -8.082123232340546
      784.9999999999999      1.059726787464646   0.003157043986083869  0.0002029538178420486     -9.284731323524229
      785.2499999999999     0.9913864401894542   0.003156750423132972     0.1240770008179609     -2.869145143144191
      785.4999999999999      1.001386663836706   0.003157328599598393    0.04412254260333105     -3.902893529556958
      785.7499999999999     0.9514197388766182   0.003157590855581726      1.305835703189663    -0.5151827919972293
      785.9999999999999     0.9396443205273792   0.003158184352830075      2.467857099787953     0.1215121309682384
      786.2499999999999     0.9781241770409497   0.003159044940559228     0.2808161279008045      -2.05162078777703
      786.4999999999999     0.9626772677812637   0.003159091575105849     0.5050965400441263     -1.464556552293679
      786.7499999999999      0.959693217915381   0.003158961172297134     0.7351791672004137     -1.089233176727588
      786.9999999999999     0.9538908697175446   0.003158857928906653      1.257229722001516    -0.5527141482998694
      787.2499999999999     0.9967510790537816   0.003158652959503474    0.07113731478345475     -3.424832963377687
      787.4999999999999      1.001005532054825   0.003158163757716095     0.0501968221456897      -3.77364815154636
      787.7499999999999     0.9490910730166179   0.003157614440503311      1.493175496553742    -0.3811134862484107
      787.9999999999999     0.9268004029093075   0.003157818315375651      2.938600329324949     0.2959794094021035
      788.2499999999999      0.941184459567426   0.003157156107646632      2.366623164001205    0.07930040749596805
      788.4999999999999     0.9375877620846391    0.00315671546941352      2.685136892228626     0.2054284265992389
      788.7499999999999     0.9365548632033306   0.003156036960920287      2.673843685138634     0.2009987711308843
      788.9999999999999     0.9606790861056896   0.003155405816397419     0.7104048766684985     -1.124638471251106
      789.2499999999999     0.9123074298370317   0.003154531699040667      3.121365751229347      0.355275337671718
      789.4999999999999     0.9238481573673664    0.00315364706823651       3.59793863255904     0.4970852991827439
      789.7499999999999     0.9276596497067429   0.003153215371997651      3.033098037357766     0.3261718742246599
      789.9999999999999     0.9673748083923669   0.003152790070146246     0.4355085284455493     -1.614788465167983
      790.2499999999999     0.9453397758398884   0.003151908676397667      1.758972272377471    -0.2190974620624483
      790.4999999999999      1.007094779039446   0.003151542671952359    0.04225758816968655      -3.94791463233087
      790.7499999999999      0.965010510769447   0.003150940186095589     0.5314600515270789     -1.416261728458144
      790.9999999999999     0.9889517677586912   0.003150408681377043     0.1557591943330247     -2.643747268637466
      791.2499999999999      1.028494519172546    0.00315054436953627   0.006847389774595614     -5.768147863257012
      791.4999999999999      1.014320129661412   0.003150497860382782    0.02180122460432386     -4.610064007748615
      791.7499999999999     0.9847173905520445   0.003150017083274706     0.2016373572090444     -2.385711943008621
      791.9999999999999      1.002197765993088   0.003149566237824325    0.05062441730780262     -3.767891885271327
      792.2499999999999       1.01860119823381   0.003149278840753389    0.01674571495811221     -4.874274752410239
      792.4999999999999     0.9856978823672503   0.003148976775663675     0.2056502202385072     -2.366336309180605
      792.7499999999999      1.043375565935695    0.00314862253402673   0.001160415875485021     -7.543847121110426
      792.9999999999999      1.021545394438181   0.003148464319237888    0.01380269481304705     -5.067811976073308
      793.2499999999999     0.9672066451189668   0.003147867462019783     0.4910252191347673       -1.4963699250768
      793.4999999999999     0.9342844269190279   0.003147227137249858      2.412027659259736    0.09515417467595817
      793.7499999999999     0.9670988272359363   0.003146828464264635      0.522499142503368     -1.434572190148869
      793.9999999999999     0.9301028337271818   0.003145819650373843      2.674747457710597     0.1980940811482303
      794.2499999999999      0.973563453195618   0.003145392221114991     0.3309288133687323     -1.891748759871632
      794.4999999999999      1.004027727264001   0.003144933089344096    0.05087178942622442     -3.764489492392215
      794.7499999999999      1.049930632210816   0.003144794528281913  0.0005839590904970557     -8.231766435668101
      794.9999999999999      1.005180197788685    0.00314453260566659    0.05287154140636669     -3.726060153209684
      795.2499999999999      1.049732887101257   0.003144299489629075  0.0006454177010946733     -8.131857087385775
      795.4999999999999      1.077064405700987   0.003144812033016579  2.222279799446953e-05      -11.5004731006551
      795.7499999999999      1.081651357332063   0.003145031190480943  1.147826287064273e-05     -12.16106705158362
      795.9999999999999       1.03067509885909    0.00314534391465236   0.005535021004048522     -5.982572043812941
      796.2499999999999      1.000577818254043   0.003144881240077817    0.06117899767119965     -3.580010558489284
      796.4999999999999     0.9794101524745604   0.003144427845322723     0.2997775631421525     -1.990917949864989
      796.7499999999999       1.00617449404349   0.003144144634725154    0.05580437358173381     -3.672196518903326
      796.9999999999999       1.02046449750548   0.003143682079802472    0.01644545563491071     -4.894146706092338
      797.2499999999999     0.9801509547890337    0.00314314196294705     0.3092364342123251      -1.96026157339345
      797.4999999999999      1.002375111512568   0.003142724587818127     0.0644775439706088     -3.528183507242863
      797.7499999999999     0.9939200780024684    0.00314220330096041     0.1110053754315806     -2.985087772232824
      797.9999999999999     0.9950862268463896   0.003141790546760474     0.1036692498286135     -3.053592225360436
      798.2499999999999      1.021691921929467   0.003141318927947142    0.01595501632614853     -4.925174606273048
      798.4999999999999      1.028037754382208   0.003140858991407426   0.008776326259754358     -5.523036416445303
      798.7499999999999      1.041391402937846   0.003140508698116108   0.001596975463786512     -7.227094343998044
      798.9999999999999     0.9626797308784372   0.003139929347918399     0.6924972449305249     -1.155086083122187
      799.2499999999999     0.9084495434471584    0.00313976192046732      3.256280185008922      0.392897109125259
      799.4999999999999     0.9446918799491048   0.003139581704289587       1.96159928373724    -0.1139856852886319
      799.7499999999999     0.8828714833081579   0.003139351732460179      4.291252710602256     0.6687596586644458
      799.9999999999999     0.8320915516890179   0.003143059727594018      1.901934982039803    -0.1437668222094879
      800.2499999999999     0.8869367601793241   0.003144673509972192      4.877689117293207     0.7985462757665781
      800.4999999999999     0.9332359640726845   0.003144004952617649      2.522921786379281     0.1390797560001223
      800.7499999999999     0.9286839697500957   0.003142984635607692      3.161162472475097     0.3642773375846462
      800.9999999999999     0.9129155189845385   0.003142227247539473      3.353739153307168     0.4231723887745817
      801.2499999999999     0.9937817953696124   0.003141848081836823     0.1258424556299335     -2.859748681393991
      801.4999999999999     0.9928062950200699   0.003141470404925777      0.147376804653129     -2.701907065509824
      801.7499999999999      1.069263985303105   0.003142710798597923  6.346520148179529e-05     -10.45176843405934
      801.9999999999999      1.045932864925546   0.003144075849602387   0.001058223257719945     -7.637479312458932
      802.2499999999999      1.016911764777375   0.003144214981644545    0.02203105845241519     -4.601573185508959
      802.4999999999999      1.053264420139338   0.003144186902702799  0.0005159535350041983     -8.355773887512248
      802.7499999999999      1.096316483456422   0.003145658144056874  1.832067187697201e-06     -13.99587784558576
      802.9999999999999       1.06452126957341   0.003146851276240005  0.0001160649279059849     -9.846793804810176
      803.2499999999999      1.029229625396172   0.003146805097258466   0.007965248894508035     -5.618114767046125
      803.4999999999999      1.063069375791436   0.003146830693713853  0.0001499214470404997     -9.590838632824049
      803.7499999999999      1.076417292677867   0.003146978250733463  2.788484027242286e-05     -11.27282003203227
      803.9999999999999      1.088032664363223   0.003147274051870431  6.535017804486708e-06     -12.72363415134712
      804.2499999999999      1.011780043214945   0.003146964875282571    0.03350056880097351     -4.181589767233571
      804.4999999999999      1.001879652900532   0.003146491867171242    0.07028241471658982     -3.440780881235111
      804.7499999999999     0.9222935068695474    0.00314578469687097      4.067289400419943     0.6172047850306808
      804.9999999999999     0.9558174628766382   0.003147194071704049       1.21346533802964     -0.591843895638092
      805.2499999999999     0.9420238365989568   0.003146619160201817      2.589052002103092     0.1657850175786956
      805.4999999999999     0.9745371258475272   0.003146791996005081     0.3433489149852443     -1.854459946827198
      805.7499999999999     0.8682599298369623    0.00314624872634461      3.905210025795625     0.5766870655521471
      805.9999999999999     0.8395428329061011   0.003149952546543157      1.689178744877725    -0.2602055135768175
      806.2499999999999     0.9216020783829595   0.003150212027580815      4.272109442578148      0.667742118068146
      806.4999999999999     0.9893349326824272   0.003149836978486528     0.1954928457820126     -2.416716158812865
      806.7499999999999       1.00015157671528   0.003149530632251855    0.08045375771948127     -3.304654624535081
      806.9999999999999     0.9970917179993961   0.003149071107008506     0.1075928661288648     -3.014128773442092
      807.2499999999999     0.9521903790840925   0.003148210383062541      1.540416019148107    -0.3529486814822997
      807.4999999999999     0.9579623867456893   0.003147642291399614       1.10524218846883    -0.6851171830521748
      807.7499999999999     0.9303050784889489   0.003146635451481025      3.010128515126977     0.3164811825066781
      807.9999999999999     0.9419830272071812   0.003145650889363105      2.750621179512929     0.2260122356628453
      808.2499999999999     0.9941274118825432   0.003145162451888819     0.1496936369790743     -2.685134313530687
      808.4999999999999      1.041291399346186   0.003145421922542683   0.001781333117159892     -7.116280577763247
      808.7499999999999      1.013363558375525   0.003145986010864456     0.0297609983269109     -4.300264528422535
      808.9999999999999       0.95424874447709   0.003145202219858264      1.508411266257006    -0.3749002204449537
      809.2499999999999     0.9429688847746833   0.003144659320968917      2.671626471970694     0.1965576499888952
      809.4999999999999      0.994039411487048   0.003144188871905601     0.1598148750487134     -2.620018580805033
      809.7499999999999     0.9846899436909033   0.003143729524212194     0.2476515610320013     -2.182158037674382
      809.9999999999999     0.9736359061548061   0.003143212915507038     0.3762873706939356     -1.763992008220998
      810.2499999999999     0.9569823155437975   0.003142394307400959      1.336063091043044    -0.4971230372926269
      810.4999999999999      0.975510684768205   0.003141805579815266     0.3763639371455136     -1.764236388465337
      810.7499999999999     0.9833785014345824   0.003141256283568372     0.2866836758898529     -2.036588398207696
      810.9999999999999      0.981219650390358   0.003140670701537133      0.345931175170585     -1.848914425834012
      811.2499999999999      1.008392336555661   0.003140369077569501    0.05357840995419379       -3.7141041205309
      811.4999999999999      1.052715703685001   0.003140435986054126  0.0005882829794891697     -8.225776191613015
      811.7499999999999      1.035073540117982   0.003141447720591668   0.003702750165739491     -6.385831058974972
      811.9999999999999      1.049271896575211   0.003141630881830287  0.0008497854370092657     -7.857619975948701
      812.2499999999999      1.050492854227595   0.003141791483557824    0.00083764471489654     -7.871958704652731
      812.4999999999999      1.036905990559799   0.003141526879312343   0.003217860564231731     -6.526164975027934
      812.7499999999999      1.005679578874174   0.003141125096409274    0.06806052331110474     -3.474612237029334
      812.9999999999999      1.016256685644717    0.00314066401520545    0.02613907867821093     -4.431724932460074
      813.2499999999999      1.023249134757363   0.003140319844495578    0.01586465716402568     -4.931172170480755
      813.4999999999999     0.9753193295116496   0.003139784735673633     0.4133437889065169     -1.671156734335392
      813.7499999999999     0.9419266724045978   0.003138971289135277      3.134830161885031     0.3546347663396188
      813.9999999999999     0.9887804648119705   0.003138733929859229     0.2357126619189018     -2.233157601194355
      814.2499999999999     0.9130156379938169   0.003138064715929578      3.501644612293142     0.4650036620032676
      814.4999999999999     0.9413361751253941   0.003137994300666837      3.446397805646799       0.44907804659099
      814.7499999999999     0.9750496643012423   0.003137547810661536     0.4403511937737049     -1.608576522727121
      814.9999999999999     0.9567715865845157   0.003136761302866384      1.437806783511542    -0.4255256418018521
      815.2499999999999     0.9995287497185852   0.003136277991615375     0.1001846737914341     -3.089538677116801
      815.4999999999999      1.037210890606189   0.003135866332869252   0.003327812790477718      -6.49436989509228
      815.7499999999999      1.017367541692473   0.003135505706447473    0.02659365532588007     -4.416127505039332
      815.9999999999999     0.9728136729604425      0.003134958198811     0.4766637829199801      -1.53016341670747
      816.2499999999999      1.026265343161921    0.00313457582592434    0.01298504316654491     -5.133298610096578
      816.4999999999999      1.014761826315941   0.003134272026750941    0.03195381703286854      -4.23290206035767
      816.7499999999999     0.9890673151891115   0.003133746698418209     0.2457644942944892     -2.192987587683396
      816.9999999999999     0.9956038988309049   0.003133226596862592     0.1562731991203125     -2.645921554578356
      817.2499999999999      1.002469621614296   0.003132750111533326    0.08794666086022113     -3.220948888953725
      817.4999999999999      1.000430497705357   0.003132248911456967       0.10746837294676     -3.020642793989747
      817.7499999999999     0.9674637870206282   0.003131700159104289     0.5838979406085613      -1.32828839451137
      817.9999999999999     0.9455650389327719   0.003130712294618803      2.476186106630398     0.1161447022960245
      818.2499999999999      0.986592305654143    0.00313031081210371     0.2857132243730903     -2.043469745340849
      818.4999999999999     0.9679514745359129   0.003129681167892585     0.6027738444950543     -1.297117429880149
      818.7499999999999     0.9706111161312208    0.00312906828462293     0.5653687354204935     -1.361377206806319
      818.9999999999999     0.9949015277516653   0.003128554804501692     0.1782384151554243     -2.515897402549857
      819.2499999999999      0.931597123420441   0.003127758874545772      2.939735658459299     0.2868010360306592
      819.4999999999999      1.002187387266006   0.003127316077674114     0.1014719851621127     -3.079632736078814
      819.7499999999999      1.023253590190181   0.003127020744438051    0.01816611693929492     -4.799951776991106
      819.9999999999999     0.9898686610662972   0.003126604138411272     0.2670416948997726     -2.112238359084305
      820.2499999999999     0.9775920280604186   0.003126061406909346     0.4669682060677681      -1.55355559188297
      820.4999999999999     0.9887480240641807   0.003125597939820523     0.2957957369065713     -2.010295898020265
      820.7499999999999     0.9486918373846968   0.003124644291475391      2.127406549582524   -0.03761125726623295
      820.9999999999999     0.9412625996923112   0.003123743186366558      3.717867009895587     0.5203467785720731
      821.2499999999999     0.9720276485484615   0.003123274035308361     0.5801364389026751     -1.337445504468407
      821.4999999999999     0.9922632083816644    0.00312274120766492     0.2516889797711416     -2.172685315461686
      821.7499999999999       1.00210858989114   0.003122287569951135     0.1084724025607729     -3.014528926729751
      821.9999999999999     0.9599534230644273   0.003121539494671589      1.079483239311136    -0.7170266103450407
      822.2499999999999     0.9468601269248782      0.003120726808878      2.519012287288939     0.1300974387003457
      822.4999999999999     0.9183083334863487    0.00311972867895202      4.160716094380544     0.6315978709389531
      822.7499999999999     0.9697611567037522   0.003119451438384397     0.6444631441245338      -1.23351584088548
      822.9999999999999     0.9733297762555121   0.003118815438117316     0.6169029258317166     -1.277425700278999
      823.2499999999999     0.9741823694196554   0.003118171988826478     0.6267853356769917     -1.261739597972495
      823.4999999999999     0.9680386606287703   0.003117492193558867     0.7277918302303105     -1.112546687422122
      823.7499999999999      0.989628760054776    0.00311698834136087     0.3125634952944401     -1.957915747822366
      823.9999999999999     0.9649748542998132   0.003116326059680405      0.810924760483682     -1.004760602688435
      824.2499999999999     0.9722809173040169   0.003115769106307745      0.733606985206834     -1.105141173148442
      824.4999999999999     0.9015109432365761   0.003115068485467083        3.6796896109132     0.5072441787064788
      824.7499999999999      0.959811002488153   0.003114635078350802      1.185607438383767     -0.625468117707898
      824.9999999999999     0.9286943355892359   0.003113544535355212      3.588347115569902      0.481618119409313
      825.2499999999999     0.9164768763913012   0.003112586589658554      4.032999431915552     0.5981290936486314
      825.4999999999999     0.9426575514840655   0.003111655010037192      3.614786997545284      0.488352311489611
      825.7499999999999      0.905359292763863   0.003110750283241397       3.52964845463667     0.4642268610323786
      825.9999999999999     0.8678520895547748   0.003110256231551871      4.058201299273517     0.6036095953171706
      826.2499999999999     0.8574093791516592   0.003110084704712717      2.749729321814448      0.214317077707206
      826.4999999999999      0.776761117793338   0.003111976414956791       2.28190011250921    0.02843114336328989
      826.7499999999999     0.8121014637112154   0.003114030807741822      1.231796449214904    -0.5874437644254317
      826.9999999999999     0.7803503915846035   0.003115872474719165       2.06763334686816   -0.06892151903634487
      827.2499999999999     0.7524007609523369     0.0031186376977234      2.319973004243819    0.04711645787403146
      827.4999999999999     0.8006972427856347   0.003120418982063326      1.578377650224447     -0.337470564970319
      827.7499999999999     0.7747556614945222   0.003120598586547991       2.46590432239186     0.1087480806082245
      827.9999999999999     0.7823237111699166   0.003121819045214665       1.90650341717148    -0.1481486108252946
      828.2499999999999     0.7494611771459853   0.003122857660945063      2.255602385622632    0.02033020743161545
      828.4999999999999     0.7300860995819966   0.003124127564165486       3.89509189356894     0.5670369737304704
      828.7499999999999     0.7298550310108324   0.003125447375209601       4.09286526383456     0.6169873485374009
      828.9999999999999     0.7823068913403377   0.003125231654263024      2.019434413792036   -0.08950947391750823
      829.2499999999999     0.7814627454158323   0.003124446980644761      2.290372432137183     0.0361363770399754
      829.4999999999999     0.7313935967494828    0.00312403397512662       4.15500975056904     0.6316045196929522
      829.7499999999999     0.7442139449924356   0.003123864924165378      2.094379112130049   -0.05350722689484126
      829.9999999999999     0.7196503179670817   0.003123338302917515      3.970908138827564     0.5860618548125753
      830.2499999999999     0.7243274312316932   0.003122661666804938      4.464367225121575     0.7029778591043495
      830.4999999999999     0.6758411766710933   0.003122909894988058      1.086483617118029    -0.7101236949262298
      830.7499999999999     0.6717225998973755   0.003123966947313926     0.9226917262976092    -0.8731918023586748
      830.9999999999999     0.6471398459000753   0.003126860925136879     0.6626126001468031     -1.203370533841292
      831.2499999999999     0.7155583540127327   0.003126938264426258      3.271670749313523     0.3935197597139025
      831.4999999999999     0.6877382996713454   0.003126661078051213       1.43831324199781    -0.4283986085271198
      831.7499999999999     0.7096146565684048    0.00312617767502499      2.290170176960968    0.03660183333438938
      831.9999999999999     0.6785273170073748   0.003125804270058439      1.162471439088954       -0.6415954566121
      832.2499999999999     0.7565109543744801   0.003125207230933559      2.314287699002981    0.04676718290692984
      832.4999999999999     0.7341231248917708   0.003124174874138834      3.853766120857592     0.5563857286606823
      832.7499999999999     0.7487808626666832   0.003123178555589864      2.358691211636383    0.06512278215430728
      832.9999999999999     0.6865665243842567   0.003122540212718588      1.373933609179927    -0.4755106481921306
      833.2499999999999     0.6995398480481804     0.0031223519457958      1.948035215033693    -0.1264275335525095
      833.4999999999999     0.7526410423573864   0.003121375095973994      2.681260020465707     0.1927251187807489
      833.7499999999999     0.8509297529449653   0.003121608992860647      1.985242034667151    -0.1077459524973955
      833.9999999999999     0.8240215085298673   0.003121901330729966      1.367041867926942    -0.4807439607998274
      834.2499999999999     0.7936706999454769   0.003121718034447728      1.607741883575009      -0.31862122271605
      834.4999999999999     0.7737394090054311   0.003121003451883521       2.60949219990592     0.1654748495308616
      834.7499999999999      0.833820368525752   0.003120912220200699      1.960037632673808    -0.1207463519995121
      834.9999999999999     0.7873267749232096   0.003120434987991209      1.588714320532445    -0.3309378657293309
      835.2499999999999     0.8024944273773108   0.003119653127904864      1.649671903409037    -0.2935371223496828
      835.4999999999999     0.8288130887902566    0.00311974992856599      1.911183043946506    -0.1463600702003842
      835.7499999999999     0.7460983721114504   0.003119028682779722       2.29215288859969    0.03517777292196996
      835.9999999999999     0.7828821750568693   0.003118112866297387      2.180699626312498   -0.01496163966295916
      836.2499999999999     0.7434323045647202   0.003117141625189743      2.429462872737567    0.09275126626661867
      836.4999999999999     0.7718189656657533   0.003116369504752553      2.619388535020466     0.1677742482148637
      836.7499999999999     0.7724307079315382   0.003115432496626836       2.80696813394427     0.2366375680244349
      836.9999999999999      0.755349640259055   0.003114518599010386        2.6229652742759     0.1685446965476061
      837.2499999999999     0.7339465261642105   0.003113459124387789       4.07473576350918     0.6087049052571046
      837.4999999999999     0.7143205272217166    0.00311293911496591       3.14973252000421     0.3510495051430664
      837.7499999999999     0.7061186885919764   0.003112429162980472      2.195306084472662   -0.01011037707356345
      837.9999999999999     0.7775896277996053   0.003111485192786927      3.134427125000932     0.3457112255311358
      838.2499999999999     0.7137460774072559   0.003110447048994116      3.166837776637777     0.3556646419662366
      838.4999999999999     0.7003366794071917   0.003110193211296115      2.061396022864322   -0.07376707839643511
      838.7499999999999     0.7629350654574254   0.003109268358700697      2.435222951152694    0.09259039471078979
      838.9999999999999     0.6981135282076248   0.003108476046484922      2.139784574213464   -0.03699761616080528
      839.2499999999999     0.7187623701872284   0.003107758467265413      4.351377562313301     0.6725588294517769
      839.4999999999999     0.7887591071115638   0.003107045843634327      1.666762631952003    -0.2872797762249047
      839.7499999999999     0.7276640879342882   0.003105996404350327      4.719210383979336     0.7531406983942709
      839.9999999999999     0.7359128027770866   0.003104903207279274      3.814562443584508     0.5399731434342331
      840.2499999999999     0.7454358055647903   0.003103922695560064      2.495267596432615     0.1152273110033798
      840.4999999999999     0.7228974496020146   0.003102831186112277      4.912800569706271     0.7923237777806665
      840.7499999999999     0.7222622013775987   0.003101789819316593       5.13549036571334     0.8363192767988479
      840.9999999999999     0.6973832629594968   0.003101091606303473      2.236264166769345   0.004725508691989858
      841.2499999999999     0.6779322999719731   0.003100917576165652      1.217808391234146    -0.6030844600976838
      841.4999999999999     0.6917886218752451   0.003100432574835349      2.058240849681499      -0.07844205922465
      841.7499999999999      0.714693251909533   0.003099486889325367      3.705766011449438     0.5092912035673767
      841.9999999999999       0.70890040547822    0.00309855194655546      2.456065178000657     0.0976600737935986
      842.2499999999999     0.7983648228352364   0.003098009658668252       1.72015776958291    -0.2586594899369281
      842.4999999999999     0.7189034623805043   0.003097081666724669       5.02046393953739     0.8121472551769491
      842.7499999999999     0.6304229744882883   0.003097377649794336     0.3611883293969531     -1.819635297280831
      842.9999999999999     0.6095605903880954   0.003098434537607238     0.8546096963228301    -0.9580487764849255
      843.2499999999999     0.6371255883285164   0.003099197709036279     0.3775864233060133     -1.774647888883956
      843.4999999999999     0.6232363884563724    0.00309955441888754     0.4437594674316793     -1.613049600803452
      843.7499999999999     0.6266310870171486   0.003099633900876576      0.427434689326862     -1.650505130513108
      843.9999999999999     0.6427773509814697   0.003099807561407638     0.4922263244864821     -1.509311989301796
      844.2499999999999     0.6702365167350727   0.003099287259507172     0.8743391179283122    -0.9349501657885546
      844.4999999999999     0.6428694565021866   0.003098974274873964     0.5241428084960411      -1.44675528158672
      844.7499999999999     0.6835880632219959   0.003098368766662994      1.193446048259096    -0.6241146329308521
      844.9999999999999      0.717269850157139   0.003097338833765582      4.845171293262056     0.7766905387052588
      845.2499999999999      0.658765282303264   0.003096719964963828     0.8870704382953265    -0.9213227752355655
      845.4999999999999       0.63833336167364   0.003096462436047709     0.4506871670698393     -1.598556875557654
      845.7499999999999      0.674006148387385   0.003095833094014321      1.183306213086603    -0.6334659226476438
      845.9999999999999     0.6904515722699395   0.003094961198041285      2.001561074588292      -0.10813258028861
      846.2499999999999     0.6663100261117807   0.003094438266316311     0.7785554408478688      -1.05254404552733
      846.4999999999999     0.6948593400020536   0.003093602573160058      2.411982043183322    0.07794976437558632
      846.7499999999999     0.7265699746800914   0.003092826188262088      5.255261076266579     0.8564796187627529
      846.9999999999999     0.7866409714718036   0.003092933266706303      1.823307782297915    -0.2020631305732244
      847.2499999999999     0.7518232500665151   0.003092690056168298      2.938517496349702       0.27511111899608
      847.4999999999999     0.7441258861290443   0.003092207598814943      2.634426573222508     0.1657154453795133
      847.7499999999999     0.7304024804800501   0.003091356255469391      5.298680892331488     0.8642324508239968
      847.9999999999999     0.7121156594577754   0.003090343679909068         3.307349760824     0.3925941374264366
      848.2499999999999     0.6956217934991491   0.003089379361696575      2.527090418505309     0.1232034628915094
      848.4999999999999     0.7007293394283399   0.003088415967316877      2.450222263644903    0.09200170507155335
      848.7499999999999     0.7286186489650162    0.00308741860042811      5.640628030160512     0.9254953867907363
      848.9999999999999     0.6690279277930261    0.00308676506879054     0.9090177532059703    -0.9001023780542163
      849.2499999999999     0.6355034804803331    0.00308656783214922     0.4294821882666122     -1.649950632378257
      849.4999999999999     0.6458988702506758   0.003086579039187276     0.6641048050052757     -1.214087295300819
      849.7499999999999     0.5973304776049214   0.003086771176545628     0.9819277319032605    -0.8229473109514346
      849.9999999999999     0.5835700765905564   0.003087829865805006      1.509573084289184    -0.3925399421676092
      850.2499999999999      0.526540929460645   0.003089855050931505      3.062548272268005     0.3155361560875371
      850.4999999999999     0.5420476413031379   0.003091830698954191      3.975740272103756     0.5771389746684804
      850.7499999999999     0.5465643310455185   0.003093874856315979      3.995095234743566     0.5826563587776613
      850.9999999999999     0.5556107558606423   0.003094451303697978      2.925304371254998     0.2711737767302903
      851.2499999999999     0.5296737467088902   0.003094391089126338      3.216297312193439     0.3659865787023032
      851.4999999999999     0.5283295582831479   0.003094917862084713       3.36608160761967     0.4116753442826362
      851.7499999999999     0.5671155565163575   0.003094680162384457      2.706398467742514      0.193467970260048
      851.9999999999999     0.5474552804317979   0.003094431422737608      4.058616952541849     0.5986110816734529
      852.2499999999999     0.5852540502499485    0.00309384609646223      1.382033833435329    -0.4788641478753398
      852.4999999999999     0.5747435271095678    0.00309301321250569      2.770738723956042     0.2164243746734997
      852.7499999999999     0.5687985800891556   0.003092150460178848      3.053443638480436     0.3133014434071402
      852.9999999999999     0.5811693833086055   0.003091433540657851      1.995833951591858    -0.1121384665711941
      853.2499999999999     0.6047221346915758   0.003090784215182047     0.9740510070584463    -0.8297021207945299
      853.4999999999999     0.5936757552603192   0.003090066576532723      1.114057979863942    -0.6956335395698071
      853.7499999999999     0.6071150307888833   0.003089368911907722      1.016869081621677    -0.7871401495247363
      853.9999999999999     0.6072005407347948   0.003088713883148644      1.065385445928805     -0.740743922793654
      854.2499999999999     0.5815172631941143   0.003087833017234727      2.042360434781735   -0.09025959195412822
      854.4999999999999     0.5319878050883668   0.003086949690319746        3.3675350094584      0.409529110880698
      854.7499999999999     0.5109684320677779    0.00308721617923795      4.978128684602642     0.8004884634924568
      854.9999999999999     0.5611808669257408   0.003086682553932496      2.132721584279035   -0.04733955251338821
      855.2499999999999     0.5460074662531617   0.003085632727930637      4.381991449886141      0.672424661745781
      855.4999999999999     0.5390858858744203   0.003084612252239194      3.782552724395787     0.5249897042260183
      855.7499999999999     0.4848198425503825   0.003083912691171033      4.618412615691923      0.724414838662589
      855.9999999999999     0.5232662576227274   0.003083448338240044      3.439397128957404     0.4295094011078703
      856.2499999999999     0.5061242766177614   0.003082863239302702      3.870140378839837     0.5473142055315188
      856.4999999999999     0.5025161183366588   0.003082428964908949      3.894200113553145     0.5533708442555392
      856.7499999999999     0.5037717360533264    0.00308176746081209      4.046369603666128     0.5914880055114271
      856.9999999999999     0.4895090619319447   0.003081588321791319      5.563906834331411     0.9099103197510069
      857.2499999999999      0.516973770322037   0.003080816074656076      5.067573685952264     0.8162212985626032
      857.4999999999999     0.5456916368241942   0.003079782273216975      4.584462605654934     0.7156964329993836
      857.7499999999999     0.4991369663046983   0.003078808142846665      4.366561508802774     0.6666830520237742
      857.9999999999999     0.4824194613880835   0.003078359136556778      4.940606712248985     0.7900494842989632
      858.2499999999999     0.4702090837905707   0.003077711250573042      4.332099466415865     0.6584031472564397
      858.4999999999999     0.4564070487378094   0.003077939423973435      2.400522531838989    0.06811142740003429
      858.7499999999999     0.3755698552729327   0.003078823422101891     0.2072647069103964     -2.381046369877666
      858.9999999999999     0.3907851093269586   0.003080465159901723    0.08013819014335222      -3.33075750894951
      859.2499999999999     0.3547309931109667   0.003083332215268453      1.174531732677335    -0.6449549197347345
      859.4999999999999     0.3806538470505163    0.00308492131029878     0.1390024627250002     -2.778572841484864
      859.7499999999999     0.3332954548941753    0.00308566037383388      4.519523861683191     0.7033369792412918
      859.9999999999999     0.3233625174895996   0.003087693422670026      2.621301195611021     0.1592598182870369
      860.2499999999999     0.3323948751228825   0.003089113075698041      4.644124965041859     0.7316516288293835
      860.4999999999999      0.352889757143602   0.003089613198351034      1.445854206092214    -0.4350891652200924
      860.7499999999999     0.3480049127467433   0.003089471235645441      2.170726646618934   -0.02877343594936209
      860.9999999999999     0.3413757291292566   0.003089537943258682      2.950394302631516     0.2781250073732159
      861.2499999999999       0.31742194837362   0.003089669448605534      1.900574657820647    -0.1616149602041746
      861.4999999999999     0.3650687114473959   0.003090161891364911     0.4474232897271561     -1.607862056758691
      861.7499999999999     0.3690635043669782   0.003089728528703753     0.3680996868838357     -1.803153619721793
      861.9999999999999     0.3977644212951084   0.003089317184074091    0.06683087148302358     -3.509475429542546
      862.2499999999999     0.3818589349637814   0.003088886716415377      0.141779330421386     -2.757508063942246
      862.4999999999999     0.3651926957577316    0.00308851974857728     0.4849169421739307     -1.527921088355134
      862.7499999999999     0.3473112083609121   0.003087926709576215      2.510488776312501     0.1161420009618683
      862.9999999999999     0.3575753021441035   0.003087634063250446      1.025803707094933    -0.7789538306270207
      863.2499999999999     0.3647360776747131   0.003087256655099917     0.5287950064597436     -1.441706913716118
      863.4999999999999     0.3935018646106361   0.003086858878898718    0.07117153298783749      -3.44734369102455
      863.7499999999999     0.3410894802990075   0.003085911958744029      3.326785684094892     0.3970184393263683
      863.9999999999999     0.3048503026867229   0.003085960674593732      1.401430665541961    -0.4674787332716152
      864.2499999999999     0.3000027762903476   0.003085936055152166      1.859854849870229    -0.1844818830046705
      864.4999999999999     0.2922132604974073   0.003085762546374276      6.484504617275697      1.064378868624634
      864.7499999999999     0.3007991457739372   0.003085730955191185      1.833562760348347    -0.1987858572436395
      864.9999999999999     0.3013589672545251   0.003085404357575349      1.851196490452891    -0.1893204602095842
      865.2499999999999     0.3024454141388838   0.003084889290920058       1.82637015573616    -0.2029891166803673
      865.4999999999999     0.2990287168390224   0.003084364558140227      2.367439270788832    0.05631919002167854
      865.7499999999999     0.3107914283346178   0.003083821196504036      1.623125965927459    -0.3213119879867591
      865.9999999999999     0.2950857379164095   0.003083003935995247       4.18159103084111     0.6247608663256754
      866.2499999999999     0.3279007169952666   0.003082097945136301      3.939088664122883     0.5647245464006014
      866.4999999999999     0.3173785098975762   0.003081288875408387      1.997972928357688    -0.1143542564993288
      866.7499999999999     0.3130249752445111   0.003080491508817547      1.816412416557982    -0.2098828416950257
      866.9999999999999      0.333908980197996   0.003079471660128106      5.076415668387875     0.8175281160582366
      867.2499999999999     0.3285130176138477   0.003078535868217068      4.317783218520129     0.6553608804340876
      867.4999999999999     0.3849047910335651   0.003078207859237376     0.1333175319480398      -2.82250933695989
      867.7499999999999     0.3137319998303921   0.003077547556397625        1.9265508743416    -0.1519710384817522
      867.9999999999999     0.3197873050039695   0.003076652286043298      2.375296074356946    0.05712881558955037
      868.2499999999999     0.3148763122054972   0.003075846914231394      2.096154161619878   -0.06815076601298016
      868.4999999999999     0.3322315162412871   0.003074870062380262      5.258858045946732      0.851341183119753
      868.7499999999999      0.329159871449186   0.003073834142202422      4.830687329911838     0.7660790877309872
      868.9999999999999     0.3152040853374483   0.003072996927843727      2.218707367014674   -0.01225732014527829
      869.2499999999999     0.3498939136496272   0.003072182026005278      2.140969409350884   -0.04818857448482868
      869.4999999999999     0.3576048733411812   0.003071568393520912      1.067216093404848    -0.7445935781514239
      869.7499999999999     0.3151284350411538   0.003070694164425489      2.338810004511928    0.03971054040859934
      869.9999999999998     0.3388125488111173   0.003069714758992376      4.156836397504369     0.6145035857354936
      870.2499999999998     0.3413848679818822   0.003068753955429865      3.593567797118574      0.468581763086285
      870.4999999999998     0.3122847042707171   0.003067917446462595      2.280344729493365    0.01349024113570669
      870.7499999999998     0.3081847597841012   0.003067149132449716      1.784935163323219    -0.2317047624430637
      870.9999999999998     0.3315037078642395   0.003066176400329463      5.608676996751966     0.9129108126570634
      871.2499999999998     0.3112626510807406   0.003065298553458291      2.303158715145514     0.0225911443712529
      871.4999999999998      0.330408820486518   0.003064313613121527      5.670244146926398     0.9232204142696835
      871.7499999999998     0.3375454019638089   0.003063298945149481      5.092491160939088     0.8154241925539467
      871.9999999999998     0.3273280595028802   0.003062270833167922      4.852415160835177     0.7667979326359641
      872.2499999999998     0.3120954436231614   0.003061364574188382      2.498462365685796      0.102700882007465
      872.4999999999998      0.288686798234759   0.003061592365590112      10.70000270642779      1.557343793171861
      872.7499999999998     0.2835892896871299   0.003063836886095617      14.43742948416707      1.857656756151305
      872.9999999999998     0.2752057142748873    0.00306421246841598      10.35836150979226      1.525749299091946
      873.2499999999998     0.2524694058465024   0.003063959151875764    0.05381014882128254     -3.734420632405659
      873.4999999999998     0.2993522333212049   0.003063274965257403      2.445593138408586     0.0819369168832588
      873.7499999999998     0.2738709406316758   0.003063134128149492      9.658964363778782      1.455489687689877
      873.9999999999998     0.2805008877933319   0.003065441731828232      14.92874258624247      1.891644704950901
      874.2499999999998     0.2840385672444473   0.003067752560421332      15.10649836149597      1.904234872051944
      874.4999999999998      0.271035294508949   0.003067084441480883      7.707930986447705      1.231141851283305
      874.7499999999998      0.272333915089003   0.003066698766541467      9.102943244163075      1.397364094578542
      874.9999999999998     0.2882796547194353   0.003067324820413113      12.15883022174875      1.687026097995631
      875.2499999999998     0.2749290678076168   0.003067604307985262      11.41108139977983      1.623646474375442
      875.4999999999998     0.2657040510839981   0.003066629440819024       3.71882118216188     0.5021504252420946
      875.7499999999998     0.2786845915633248   0.003068461407535024      14.71746910256833      1.878376065580502
      875.9999999999998     0.2736653233614991   0.003068558308380278       11.0317773648992      1.590152441591325
      876.2499999999998     0.2838160698274645   0.003071042727632006      15.96717823658401      1.960717046972345
      876.4999999999998     0.2651860110142361   0.003070054039809189      3.474201206494336      0.435224385188038
      876.7499999999998     0.2868153580583658   0.003071682811312062       14.5610874434655      1.868742922701359
      876.9999999999998     0.2810927225983866   0.003074601553428506       16.8160858454529      2.013675873091977
      877.2499999999998     0.2997935929677401   0.003073760452771026      2.348833137794534     0.0449850201739385
      877.4999999999998     0.3017580994879142   0.003072906013088391      2.174487617366476   -0.03241860625380694
      877.7499999999998     0.2712689329672063    0.00307236310546958      9.092717847203673      1.398085500529123
      877.9999999999998     0.2820987750040082   0.003075642635880716       17.5127354407159      2.054606859668903
      878.2499999999998      0.280964908360591   0.003079168710968648      17.93185270261162      2.079402910801704
      878.4999999999998      0.288507221979854   0.003079842959481097      12.98141613903029       1.75656205269109
      878.7499999999998     0.2951453269869376   0.003078810269056377      4.265939681919526     0.6433703640129718
      878.9999999999998     0.2786386626522351   0.003081372362039705      16.67804325570669      2.007632786320685
      879.2499999999998     0.2813738677015775   0.003085458253524092      19.09345998479663      2.144210693283537
      879.4999999999998     0.2917798206425353   0.003084663340180653      8.177188917409168      1.295955599088002
      879.7499999999998     0.2967489176415628   0.003083699319192048      3.580618901724646     0.4698302542181771
      879.9999999999998     0.2872229899317573   0.003085420676621275      15.38984064817584      1.928560240807251
      880.2499999999998     0.2820438709308968   0.003089844975739094      19.79324278321887      2.181626163107954
      880.4999999999998     0.2935749727155069   0.003088814467683651      6.357910186304008        1.0456517234125
      880.7499999999998     0.2935096719807463    0.00308781474512816       6.67683971898694      1.094273055385574
      880.9999999999998     0.2683111238181113   0.003086792097031842      6.157336774573899      1.012941374862549
      881.2499999999998     0.2893441108801856   0.003087270547687438      12.99484173667717      1.760004509129347
      881.4999999999998     0.2953473009433851     0.0030862167012999      5.247916765814121      0.852941800832156
      881.7499999999998     0.2841740055401835   0.003090334230480127      19.69728858438286      2.176924878466922
      881.9999999999998     0.2926077708860469   0.003089540260621242      8.515946200898409      1.338127363708668
      882.2499999999998     0.3002399874504272   0.003088630247612615      2.645741454411462     0.1688436933652729
      882.4999999999998      0.267558520023476   0.003087590823854491       5.93865937567706     0.9770391689677201
      882.7499999999998     0.2891512787419523   0.003088575769623872      14.27977593300268      1.854718971739996
      882.9999999999998     0.2966694871208395   0.003087521344804208      4.602269235595086     0.7220827464115988
      883.2499999999998     0.2798963646448376    0.00309137942791093      19.61354619551929      2.173002505275828
      883.4999999999998     0.2920943815476593   0.003090830786352155      9.980353831973327      1.497223098712032
      883.7499999999998     0.2938701294165998   0.003089930601380679      7.943522144664648      1.268670040745072
      883.9999999999998     0.3062163539464554   0.003089161572060108      1.708296203007258    -0.2684391432743745
      884.2499999999998     0.2984740665564278   0.003088156274213299      3.774385677721416     0.5239765101382374
      884.4999999999998     0.2754966438136354   0.003088699811923191       13.5987127995466      1.805890007932014
      884.7499999999998     0.3014501274677511   0.003087793040625108       2.65593496760477     0.1724179928614117
      884.9999999999998     0.2820358463289795     0.0030926690357095      21.36483887356188      2.258945648382897
      885.2499999999998     0.2827912015604021   0.003097848052752247      21.90291836613292      2.285492217821265
      885.4999999999998     0.2802068369853119   0.003102744061848699      21.74019141907979      2.279614225012472
      885.7499999999998     0.2755252936432608   0.003103387081599582      14.29418499251752      1.860511569924022
      885.9999999999998     0.2583421743633454   0.003102881289737324     0.4877892876128624      -1.51737598868889
      886.2499999999998      0.278585750734855   0.003106569093099172      20.17869191110246      2.206310760746526
      886.4999999999998     0.2943707587879033   0.003105572994900886      7.468082649810404      1.212001167835657
      886.7499999999998     0.2756898653349539   0.003106642482692528      15.45747808924623      1.939800097665932
      886.9999999999998     0.2901022515442719    0.00310686121071333      13.33022776598565      1.791811817550198
      887.2499999999998     0.2835218050522433   0.003112031267340689      22.71707341875316      2.326557065615421
      887.4999999999998     0.2840065543634145   0.003117261476827799      22.97750992800569      2.339635430170426
      887.7499999999998     0.2725232306833061   0.003116805809917086       11.3230478386753      1.631813616005761
      887.9999999999998     0.2693861703101959   0.003115798822698464      7.866484039822262      1.267261408306344
      888.2499999999998     0.2863697482234896   0.003119216278674113      20.55651036277716      2.228924111520899
      888.4999999999998      0.288586764353483   0.003120806234272039      17.31408990844853      2.057776629700134
      888.7499999999998     0.2740254419451466   0.003120906154974044      13.59141400006804      1.815726301031014
      888.9999999999998     0.2802933496640848   0.003126247801744351      23.71482599045903      2.374098559062766
      889.2499999999998     0.3311723679154541   0.003125274359508123      5.183705100622189     0.8532067825969873
      889.4999999999998      0.295519301034619   0.003124237871565458      6.397152511475763      1.063207980864844
      889.7499999999998      0.271301455616239   0.003123574095393618      10.57983659813661      1.566092508724919
      889.9999999999998     0.2726636725397442   0.003123378771164679      12.67743509595248      1.746903641632058
      890.2499999999998     0.2951090391549977   0.003122304087207591      7.076114664379302      1.163460836859008
      890.4999999999998     0.2894365564708322   0.003123215151258412      16.10519167905949      1.986169290211567
      890.7499999999998     0.2841201162655215   0.003128654519679779      24.35803044099803      2.401629270855381
      890.9999999999998     0.3013960174478282   0.003127750365103922      2.656439238674897     0.1854652441360532
      891.2499999999998     0.2895208935305705   0.003128817302942965      16.73163582417479      2.026121000016113
      891.4999999999998     0.3051268687503159   0.003128032084313745      1.837815225344903    -0.1828537943942923
      891.7499999999998     0.2906641211042244   0.003128396104085654      14.94608453562582      1.913134445211182
      891.9999999999998     0.2974419703198185     0.0031272708002557      5.120768657673331     0.8416298688605351
      892.2499999999998     0.2745904445244224   0.003127654129466509      15.10837142559426      1.923696870634729
      892.4999999999998     0.3021588694646445   0.003126791161629692      2.683843739814801      0.195421926221281
      892.7499999999998     0.2706122984348363   0.003126062372653102      10.43518652620663      1.553122237331409
      892.9999999999998      0.306577461138012   0.003125291738800413      1.792236632575834    -0.2088433722475252
      893.2499999999998     0.2748555831224677   0.003126020596028193      16.10999358233494        1.9873652566637
      893.4999999999998      0.290317648139738   0.003126723169752293      16.07805306207706      1.985605360969265
      893.7499999999998     0.2783884352302899   0.003129896480575598       21.4989704444504      2.277169615630954
      893.9999999999998     0.2961108146592686    0.00312878541808066      6.816081012264952      1.128094196201934
      894.2499999999998      0.306711945879606   0.003128007643926866      1.827633477521824    -0.1884171480770649
      894.4999999999998     0.3058433226800237    0.00312721566466563      1.985102476534871    -0.1060217798424533
      894.7499999999998     0.2987180434470876   0.003126202343032168      4.542545069343118     0.7214710391469663
      894.9999999999998     0.2877039395204433   0.003129158609473891      21.34040763794149      2.269531138542535
      895.2499999999998     0.2946602352221635    0.00312815257757893       9.13933280427041      1.421194622190822
      895.4999999999998     0.2781103628887241     0.0031311563204289      21.54993077664103      2.279939609341721
      895.7499999999998     0.2751076022315607   0.003132202767578079      17.45769299043306      2.069681564430201
      895.9999999999998     0.2941768519017421   0.003131317169275546      10.07978307001637        1.5201501157085
      896.2499999999998     0.3037886309753002     0.0031304766594063      2.482808951280906     0.1187404784175382
      896.4999999999998      0.297182466812895      0.003129323883194      6.403591790309375      1.065840656878983
      896.7499999999998     0.2765617416588653   0.003131405376499282       20.0547779295016      2.208113969185941
      896.9999999999998     0.2578593434221193   0.003130991714749579     0.3660047162228442     -1.795594626425734
      897.2499999999998      0.284643380587969   0.003135685954284918      24.87261333754803      2.424779924799325
      897.4999999999998     0.2909140351734433    0.00313610102704534      16.08090415331492      1.988777445078067
      897.7499999999998     0.2916602703624679   0.003136208803699179      15.21695862119624      1.933589825011644
      897.9999999999998     0.3030942818409224   0.003135293540964918       2.76697293011466     0.2286413580648499
      898.2499999999998     0.3020620366208006   0.003134404178431381      3.236662234076105     0.3851463626790576
      898.4999999999998     0.3095228922249111   0.003133651327006727      1.926972878664612    -0.1336861650065904
      898.7499999999998     0.3099339897159977   0.003132923533704912      2.019785776177518   -0.08687730342703012
      898.9999999999998     0.2747587855914426   0.003133866759907981      17.79036233051595      2.089089134443501
      899.2499999999998     0.2860654132706456   0.003137892887439367      24.28246282079983      2.401470552130635
      899.4999999999998     0.2727458338164566   0.003137908511318215      15.10794897140403      1.926942163291536
      899.7499999999998     0.2970549475816366   0.003136805330421771        6.9386645755931      1.148478840291504
      899.9999999999998     0.3023894022271092   0.003135891850948776      3.268345854940259     0.3953622549940024
      900.2499999999998     0.2779692032803647   0.003138915368630991      22.75574387789392      2.336859545165536
      900.4999999999998      0.285733544184554    0.00314311373252856      25.00384039150573       2.43240800911135
      900.7499999999998     0.2895856422927698   0.003144680019690988      19.94738248015493      2.206974710397267
      900.9999999999998     0.3060224402160684   0.003143867088895099      2.269510740782385    0.03318251195868258
      901.2499999999998     0.2574237424913474   0.003143425497717451     0.3081160461157496     -1.963801028488471
      901.4999999999998     0.3088815655429808    0.00314265937938492      2.079084669661637   -0.05483825098148404
      901.7499999999998     0.2914074073993384   0.003143029211970731      16.77451780995708      2.033212627191385
      901.9999999999998     0.2937225335467347   0.003142423505474929      12.72262690826978      1.756541011030575
      902.2499999999998     0.2899823062369493   0.003144033104905152      20.31884660245814       2.22521990071269
      902.4999999999998     0.2685883907318347   0.003142898018106715      7.840165233865271      1.272569857109961
      902.7499999999998      0.281876521645529   0.003147581409887212      26.40334730324112      2.488289782684504
      902.9999999999998     0.2456448616105953   0.003147253912256817   0.001300289771979369     -7.430473201853979
      903.2499999999998     0.2730456834360659   0.003147298821601482      15.84130140713486      1.977329747802316
      903.4999999999998     0.2817110317291809   0.003152071265577298       26.9326555309644      2.509563929232197
      903.7499999999998     0.2653948346559012   0.003151010762771264      4.105395177694193     0.6281899213548754
      903.9999999999998     0.2669230551018645   0.003149871834845277      5.898287490081415     0.9901884547619082
      904.2499999999998     0.2613568180558713   0.003149187994526389      1.428155072990243     -0.428307270114367
      904.4999999999998     0.2656491729149713   0.003148093814617902      4.677946769781446     0.7578210579491023
      904.7499999999998     0.2735471217036876   0.003148370860047571       16.9921253799692      2.047799792802509
      904.9999999999998     0.2675289673852195   0.003147178065600154      7.063778038613852      1.169650877694395
      905.2499999999998     0.2931693392261778   0.003146721127092944      14.20277664180398      1.867963119567678
      905.4999999999998     0.2589363088820363   0.003146227040843687     0.6423615430560468     -1.228235375250253
      905.7499999999998      0.263800155705232   0.003145281272955772      3.283046297939757     0.4028396991044677
      905.9999999999998     0.2739768678405744   0.003145819781933933      18.06685523082399      2.108318212263605
      906.2499999999998     0.2730838255063542   0.003146060104480825      17.16260426803995      2.057048393160123
      906.4999999999998     0.2857089641721609    0.00315011841520154      26.34833023005787      2.487009585601625
      906.7499999999998     0.2574893908063977   0.003149646893662408     0.4030284473505532     -1.693293144021444
      906.9999999999998      0.259785125610928   0.003149037236477905     0.9754628554509182    -0.8095817929415049
      907.2499999999998     0.2775621878700038   0.003151485442682704      23.35887490148891      2.367015541367822
      907.4999999999998     0.2828744634448494   0.003156165779769527      27.88617297845888      2.545653541101097
      907.7499999999998     0.2927525779261526   0.003155831063854745      15.12826945452643       1.93398165306969
      907.9999999999998     0.2877192190656336   0.003158845451591745      24.94390790820692      2.435000855025901
      908.2499999999998     0.2649419425874516   0.003157842408324246      4.344900660117846     0.6870565448851247
      908.4999999999998     0.2937714565017367   0.003157171184877473      13.59987267925879      1.827901500134701
      908.7499999999998     0.2956215788715497   0.003156083888748342      10.34764073137727      1.554255165658997
      908.9999999999998     0.2771836081117762    0.00315825400133354      23.39518735299972      2.370714313451315
      909.2499999999998     0.3081040909847726   0.003157488108621506      2.037862620905643   -0.07015702984846663
      909.4999999999998     0.2871384515009325   0.003160922111860187      26.17767467791729      2.483935365807705
      909.7499999999998      0.268842533887086   0.003159745240854502      9.375335218299691      1.456738369443916
      909.9999999999998     0.2699624609249003   0.003158744268844998      11.66863294613219      1.675243499446454
      910.2499999999998       0.28660634763228   0.003162546205781284      27.19729267012322      2.522659535874039
      910.4999999999998     0.2632694688043583   0.003161624024843293      3.140602405954176       0.36366509528492
      910.7499999999998     0.3021723393727834   0.003160737848840068      3.233317280818794     0.3924787661867813
      910.9999999999998     0.2767242422099783   0.003162521202584608      23.03227874718383      2.356430851488709
      911.2499999999998     0.2670041919180684   0.003161297234144413      7.179394957237768      1.190362209451201
      911.4999999999998     0.3041964569775388   0.003160490853763298      2.663850580876578     0.1986646490927766
      911.7499999999998     0.2752071915391147   0.003161645147161823      21.49698898991279       2.28717002390296
      911.9999999999998     0.3056942871815334   0.003160830701499792      2.414400688564355     0.1004506047373575
      912.2499999999998     0.3660779058436474   0.003160924571127546     0.3370049769154645     -1.868628372597922
      912.4999999999998     0.3568669874669583   0.003161196368531138      0.796388170702972      -1.00855336953706
      912.7499999999998      0.361248446966958   0.003161183114713971     0.5361720121841221     -1.404189252980809
      912.9999999999998      0.338981322052521   0.003160741717038464      3.176976575698792     0.3749013400520032
      913.2499999999998      0.358047810136588    0.00316058886497335     0.7608408757212309     -1.054408044750586
      913.4999999999998      0.338359564939403   0.003159859602661291      3.485085376252183     0.4671847764358278
      913.7499999999998     0.3515498742619212   0.003159441813145711      1.297523983357195    -0.5209821720016614
      913.9999999999998     0.3449277041143339   0.003158692436250353      2.249327413918281      0.028954037592278
      914.2499999999998     0.3490330594049414   0.003158213641377102      1.702602141910172    -0.2496710458749338
      914.4999999999998     0.3142889117211377   0.003157531568647368       1.90831683760099    -0.1358231728944803
      914.7499999999998     0.3150338920136977   0.003156774451036975      1.921846739342781    -0.1289980326427999
      914.9999999999998     0.3282700243947652   0.003155797344369692      3.809424821300757     0.5548840375575441
      915.2499999999998     0.3263142469352789   0.003154855661389287      3.261906224631342     0.3994191389969329
      915.4999999999998     0.3266161147106302   0.003153929416664398      3.477853485044267     0.4632290353775476
      915.7499999999998     0.3299758681474039   0.003152919945136181      4.459594254480974      0.711551414983014
      915.9999999999998      0.338128601710282   0.003151928127908877      3.680753550178451      0.519296507206999
      916.2499999999998     0.3383401400729386   0.003150980170385114      3.736758123334826     0.5340966304644423
      916.4999999999998     0.3242697690459013   0.003150137535464171      2.723276963544603     0.2174466723472043
      916.7499999999998     0.3307359610686204   0.003149085425636721      4.695980776401059     0.7619836957607211
      916.9999999999998     0.3207975345833302   0.003148356920856307      1.905816230417894     -0.140044274210474
      917.2499999999998      0.319092281197933   0.003147607995262554      1.850998714194025    -0.1694672260323126
      917.4999999999998     0.3240853421892403    0.00314672780496119       2.80693156277502     0.2466196742540032
      917.7499999999998     0.3287276776577719   0.003145667891147026      4.540921362257934     0.7273208055640656
      917.9999999999998     0.3439108908064127   0.003144847960628703      2.518693263547813     0.1376704038440355
      918.2499999999998     0.3172120069828869   0.003144130371887048      1.926865845310966     -0.130403253573589
      918.4999999999998      0.324576224377168   0.003143214311977085      3.141572220954593     0.3581339617263343
      918.7499999999998     0.3158659299676436   0.003142470124648032      2.038776292233404   -0.07447643707334899
      918.9999999999998     0.3110122364100341    0.00314168774967977      2.164363378732007    -0.0149489405223202
      919.2499999999998     0.3218739924774796   0.003140888393223643      2.373896510609633    0.07720302732608218
      919.4999999999998     0.3226724460580287    0.00314002795845053      2.646873481691925     0.1857754663228488
      919.7499999999998     0.3243244860929831   0.003139107139215035      3.268091148294457      0.396309113922151
      919.9999999999998     0.3295407284823915   0.003138023789840072      4.882563750469656     0.7974283133503317
      920.2499999999998     0.3377487268189834   0.003137137424738411      4.066206871841801     0.6141859655633679
      920.4999999999998     0.3482847194000188   0.003136434013215287      1.903869483461528    -0.1448604873571989
      920.7499999999998     0.3235153743670618   0.003135584224744551      3.102692167999361     0.3432503254494572
      920.9999999999998     0.3508349113723986   0.003134950473184813      1.555188044117432    -0.3476255198123268
      921.2499999999998     0.3367859517773046   0.003133900710886353      4.478239077263999     0.7096730054462538
      921.4999999999998     0.3413325126793925   0.003132988183716795      3.165220123642173     0.3623744801611727
      921.7499999999998     0.2910672471477321   0.003133497528665136      19.37916088080503      2.174512746563449
      921.9999999999998     0.2656006553059157   0.003132766780439326      5.554903055991351     0.9247621780200288
      922.2499999999998     0.2740054710065747    0.00313367729040238      19.86275896919376      2.199218375232248
      922.4999999999998     0.2768778930988794   0.003135968508041864       24.1601705291856      2.395808128970133
      922.7499999999998     0.2681962504146264   0.003135074416005912      9.135936516203715      1.423033252345819
      922.9999999999998     0.2745193100102463   0.003136320393986633      21.66657745987861      2.286985764943982
      923.2499999999998     0.2962424038461077   0.003135413799602505      9.190547466503856      1.429101302684178
      923.4999999999998     0.3186955232219156   0.003134696823335207      2.162868721327619   -0.01786744815815324
      923.7499999999998     0.2761571250889729   0.003136646445578744      24.29971180826792      2.401783346003943
      923.9999999999998     0.3034998374650816   0.003135811507691776      2.924290354485645     0.2841044693553071
      924.2499999999998     0.2984970091738749   0.003134664625659004      6.077501127245581      1.015280440829726
      924.4999999999998     0.2744459552185259   0.003135961425254097      22.51951821645842      2.325482848491277
      924.7499999999998     0.2599745178177204   0.003135461039215485      1.141590787159385    -0.6566364204997299
      924.9999999999998     0.2997740619190186   0.003134634712057061       4.98161549607794     0.8164315204919929
      925.2499999999998     0.2581443518802196   0.003134258909332083     0.5944882055969766     -1.309497011421617
      925.4999999999998     0.2600627142400805   0.003133689394960863      1.229838702397238    -0.5827413073939097
      925.7499999999998     0.2699499264997369   0.003132883923788932      12.94083783514484      1.770506633654457
      925.9999999999998     0.2680274264745625   0.003131833648457611      9.492120440214578       1.46024532753614
      926.2499999999998     0.2731608648781162   0.003132505375983826      20.76068747142871      2.243058934167979
      926.4999999999998     0.2713361699902632   0.003132285402380842      17.07832307115254      2.047737538556085
      926.7499999999998     0.2647078906809935   0.003131236011935594      5.169804336615833     0.8524272977253631
      926.9999999999998     0.2490280147654845   0.003130909051025402   0.008440953569108752     -5.565171963369957
      927.2499999999998      0.264097308955333   0.003129932639975774      4.693220880115706     0.7552952223600482
      927.4999999999998     0.2691878530484034    0.00312897978789916      12.73300686242627      1.753069229843126
      927.7499999999998     0.2639116523471567    0.00312796776456879      4.759716004662589     0.7687361580045777
      927.9999999999998     0.2923830730001462   0.003127621287898533      16.79063587315209       2.02925872345921
      928.2499999999998     0.2727177420849978   0.003128251668875098      21.01844482839597      2.254039290873354
      928.4999999999998      0.274755058614604    0.00313008849377355      24.76526851205302      2.418668122547564
      928.7499999999998     0.2799769496335485   0.003132883709952541      27.44357113283543      2.522250468444178
      928.9999999999998     0.2746280611541858   0.003134755159857899      25.18364308176598      2.436910409062278
      929.2499999999998     0.2912226067162745   0.003134765182220366       19.1211272579074      2.161512769407358
      929.4999999999998     0.2755141424903456   0.003137022790462085      26.49864309525496       2.48853235920275
      929.7499999999998     0.2975741719076864   0.003135834354649908      7.518496613543289       1.22842611731509
      929.9999999999998     0.2881780857691537   0.003137285451334709      24.37838038354705      2.405219246987313
      930.2499999999998      0.297398968166355   0.003136106808900704      8.005124784575756      1.291228732767254
      930.4999999999998     0.2925322164392518   0.003135693639928707      17.30818821816967      2.062194740546508
      930.7499999999998     0.2755079147569381   0.003137902828444895      26.77779619168294      2.499292368805002
      930.9999999999998     0.2672855812034651    0.00313670831887395      9.466762381826692      1.459125548418156
      931.2499999999998     0.2680726083861911   0.003135564842072116      11.15261074117655      1.622647585696093
      931.4999999999998     0.2697885965201306   0.003134816601791062      15.26409200118421      1.936238451408517
      931.7499999999998     0.2894613833812038    0.00313566440400008      22.96286855740939      2.344884220789888
      931.9999999999998     0.3065520459775302   0.003134935325802369      2.260998666562565    0.02657978492598222
      932.2499999999998     0.2940798000706169   0.003134156541068828      14.66706724100464      1.896129385980307
      932.4999999999998     0.3031379593810355   0.003133271203532274      3.348528902475806     0.4187633247935752
      932.7499999999998     0.2684464125100862   0.003132214390960695      12.49989985619863      1.735625497575297
      932.9999999999998     0.2967631894252376   0.003131028368760232      9.627529733757584      1.474152815273626
      933.2499999999998     0.3503927680730742   0.003130886628384715        1.5247592988544    -0.3686825696791563
      933.4999999999998     0.3245630775064877    0.00313041555507157      3.276180494547944     0.3960086586690344
      933.7499999999998     0.3437344957742038    0.00312986599685731      2.545778484937407     0.1435913195913014
      933.9999999999998     0.3132598440438828    0.00312949745723739      2.065145273200845   -0.06576235373290604
      934.2499999999998     0.3154234658561507   0.003128818243794846      2.077160879667048   -0.06017798778601974
      934.4999999999998     0.3179731379377671   0.003128109411971131      2.118196759774248   -0.04084142071598193
      934.7499999999998     0.3226106505141801   0.003127296258631969      2.777423662717021     0.2298572113408405
      934.9999999999998     0.3315842329504138   0.003126401205285925      4.732798190775971      0.762563816887762
      935.2499999999998     0.3247285833844759   0.003125611742736212      3.515140858144544     0.4648742568484232
      935.4999999999998     0.3321394683203334   0.003124655364242387      4.876802259354414     0.7919783612625043
      935.7499999999998      0.318007980310478   0.003123940422160138      2.208380874812064 -0.0004805907847053213
      935.9999999999998     0.3428148407277323   0.003123259508425016      2.754079131319261      0.220124941093061
      936.2499999999998     0.3550297713211246   0.003122875563320375      0.958232870698763    -0.8357455809784847
      936.4999999999998     0.3498536853963895   0.003122312793610895      1.671041402599801    -0.2798143290998532
      936.7499999999998     0.3544117233122406   0.003121867409163454      1.075522770634009    -0.7205971697662712
      936.9999999999998     0.3641541094568322   0.003121722402018558     0.3761826950904925     -1.771130823733263
      937.2499999999998     0.3611757316678463   0.003121471090834344     0.5383801621963404     -1.412721315763705
      937.4999999999998     0.3439535316132136   0.003120695253396198      2.659790585990595     0.1844678444889828
      937.7499999999998     0.3246534910315913   0.003119790018170212      3.610259923842478     0.4897101057471899
      937.9999999999998     0.3470422948053978    0.00311909012787152      2.232342415593686   0.008757415607091078
      938.2499999999998     0.3393761779287177   0.003118244567972258      3.631205921924182     0.4949996452562379
      938.4999999999998     0.3682601931001098   0.003117806218580238     0.2849340466783906     -2.050203283980138
      938.7499999999998     0.3409078339638524    0.00311700659897689      3.368898124149698     0.4196234798887833
      938.9999999999998     0.3212972894886305   0.003116204717475294      2.697141118296009     0.1969728288592996
      939.2499999999998     0.3620108297564269   0.003115764984021395     0.5077779729216511     -1.473071648043993
      939.4999999999998     0.3223153275679403   0.003114955200997626      3.023877812434275      0.310919459235647
      939.7499999999998     0.3586862603066704   0.003114712121887431     0.7421728135062732     -1.093871792151599
      939.9999999999998     0.3494254903096396   0.003114034578140471      1.881403210148595    -0.1638982985070427
      940.2499999999998     0.3578215101129394    0.00311357506240725     0.8257812397436878    -0.9874891424915399
      940.4999999999998     0.3759692372924005   0.003113233543912515     0.1277161310485758     -2.854118656017692
      940.7499999999998     0.3684244840981915    0.00311281270564645     0.2976848244305914     -2.008028626643639
      940.9999999999998     0.3497393094122482   0.003112139314625346      1.879701786619903    -0.1654118504120784
      941.2499999999998     0.3449549634428929   0.003111420106554981       2.78637810497244      0.227986467332673
      941.4999999999998     0.3572956799895449   0.003110874718950757     0.8914514822843138    -0.9118356817240955
      941.7499999999998     0.3844218402894687   0.003110694979980871    0.08663781315748841     -3.243008112472456
      941.9999999999998     0.3796852747517127   0.003110306896110098    0.09993785905810093     -3.100320656582131
      942.2499999999998      0.357815857193613   0.003109887180493366     0.8754929752462534    -0.9302170645870383
      942.4999999999998     0.3842439018765497   0.003109479187448583    0.09167907808296313     -3.186841196313804
      942.7499999999998     0.3965779905308736   0.003109268736214031     0.0417960164341329     -3.972402041876809
      942.9999999999998     0.3689355816777652   0.003108831094211748     0.2910314131220934     -2.031912629932437
      943.2499999999998     0.3554160047165467   0.003108271676654379      1.101504718770138    -0.7010913508215232
      943.4999999999998     0.3787445439974804   0.003107852769717834     0.1080527438588884     -3.023039104772855
      943.7499999999998     0.3533228165941693   0.003107248231052061      1.383245443695367    -0.4736653325336322
      943.9999999999998     0.3756653939384758   0.003106837234802381     0.1436801609788305     -2.738395674360027
      944.2499999999998     0.3627053389301436   0.003106384313860533     0.5300965446727041     -1.433072042220664
      944.4999999999998     0.3761011751734966   0.003105975664436485     0.1415684042644602     -2.753479729425585
      944.7499999999998     0.3442100347038113   0.003105205988727036      2.960438306821062     0.2865820254042695
      944.9999999999998     0.3442005796616139    0.00310437667557954      3.039553743895185     0.3126882937404802
      945.2499999999998     0.3574890287600068   0.003103841835980581     0.9768780209300806    -0.8225882020068354
      945.4999999999998     0.3592568913519664   0.003103369117761941     0.8485901746499507    -0.9635259538249219
      945.7499999999998     0.3463623922692724   0.003102628903537402      2.728830611202227      0.204287592639939
      945.9999999999998     0.3374342008739983   0.003101703671137857      4.344108286418013       0.66893667924239
      946.2499999999998     0.3340795958252093   0.003100889786801683      4.988495834356573      0.806988163870722
      946.4999999999998     0.3120752894226303   0.003100233641627554      2.177223064085462   -0.02230764485623884
      946.7499999999998     0.3382973339655069   0.003099424222221776      4.326209569478491     0.6640727672423226
      946.9999999999998     0.3469134408405997   0.003098680046752888      2.695591947503048       0.19075869349917
      947.2499999999998        0.3462961974808   0.003097857920348717      2.915468899469492     0.2689061807683862
      947.4999999999998     0.3056473286654756   0.003097256400255946      2.564994667934281     0.1406377245278647
      947.7499999999998     0.3015842019271589   0.003096546609905675      4.271693913362581     0.6504625805699606
      947.9999999999998     0.3622351350604676   0.003096175049848457     0.6056278114986378     -1.303157522018667
      948.2499999999998     0.3419062955876117   0.003095297528319673      3.680256872438682     0.5010312227248443
      948.4999999999998     0.3294118947602263   0.003094360465994846      4.957941220520138     0.7987364655137971
      948.7499999999998      0.323998919270063   0.003093536494129791      3.609677933918982     0.4810981235809372
      948.9999999999998     0.3220281041842213   0.003092719287760164      3.091308338372916     0.3258097813283993
      949.2499999999998     0.3217691447426089   0.003091973967146045      3.111881213336769      0.332201783575352
      949.4999999999998      0.306246128070283   0.003091293306849754        2.5358717085087     0.1272916336596488
      949.7499999999998     0.3192062383617588   0.003090606694844287      2.618500197060182     0.1591337602470208
      949.9999999999998      0.316179589400584   0.003089908042914189        2.3616238699997    0.05565543106109927
      950.2499999999998     0.3173198670530583   0.003089184281463952      2.518413205688661     0.1197007296289394
      950.4999999999998     0.3436023111376285   0.003088313716912107      3.553736238872925     0.4637893682008175
      950.7499999999998     0.3190782831562963   0.003087529490715789      2.795569373954723      0.223571688271652
      950.9999999999998     0.3392881337629866   0.003086606200010452      4.297490410772391     0.6532680343327621
      951.2499999999998     0.3299742856898814   0.003085603121603576      5.164748756728774     0.8367682347887159
      951.4999999999998     0.3176442329407178   0.003084821485857215      2.682033164908003      0.181233578245341
      951.7499999999998     0.3147617204319148    0.00308413667681763      2.507194684290014      0.113600882434766
      951.9999999999998     0.3380538586098819   0.003083211269102299      4.724889806074513      0.746980550123331
      952.2499999999998     0.3626446279474402   0.003082744315830954     0.5940427733008418     -1.326819104142398
      952.4999999999998     0.3479159515868815   0.003082049559783074      2.687976630112984     0.1825481828761504
      952.7499999999998     0.3602549580670334   0.003081602237762621     0.8071429573062379     -1.020640173768309
      952.9999999999998     0.3516753173186092    0.00308097411992821      1.815344065874629    -0.2103145253461856
      953.2499999999998     0.3584676865879824   0.003080516328783535     0.9878734969107921    -0.8189387696030187
      953.4999999999998     0.3515261157311204   0.003079866818492811      1.898865944587837    -0.1656921707522868
      953.7499999999998      0.356009933591836   0.003079294635230641      1.241273493012609    -0.5909969434393889
      953.9999999999998     0.3283644576242096   0.003078294892068046      5.060681269660529     0.8140415869686717
      954.2499999999998     0.3440611103620482   0.003077461548110838      3.690962449078097      0.498156972070712
      954.4999999999998     0.3621122592126422   0.003076993743641785     0.6962546177862948     -1.169922155080323
      954.7499999999998     0.3894382109295901   0.003076673282039176    0.06347465000903751     -3.565101117984556
      954.9999999999998     0.3637402021736331   0.003076244160576196     0.5879250969254805     -1.339281663643664
      955.2499999999998     0.3570155631320044   0.003075679571578183      1.193208396374017    -0.6316636765414538
      955.4999999999998     0.3620220032885327   0.003075168066369123      0.753519880886271     -1.091475683807323
      955.7499999999998     0.3781214728021726    0.00307480975218804     0.1208579565746058     -2.921731668187765
      955.9999999999998     0.3606156485828574   0.003074306756784787     0.9145998789753632    -0.8980245319475312
      956.2499999999998     0.3584880462098521   0.003073732900614977      1.141187209291632    -0.6768734790894674
      956.4999999999998     0.3853250164201774   0.003073385141516311    0.09214202934071189     -3.193479851854669
      956.7499999999998     0.3613656360754908   0.003072981337865266     0.8915722534304616    -0.9239559504943856
      956.9999999999998      0.418092422919479   0.003072769392724163     0.1230800452117925     -2.904176486661827
      957.2499999999998     0.3568208354749229   0.003072278392941925      1.311099572808006    -0.5385497751801535
      957.4999999999998     0.3870406717489067   0.003071899007176064    0.08452954348993996     -3.280193601905669
      957.7499999999998     0.3794077905297432   0.003071531820669244     0.1175589575709823     -2.950474265892017
      957.9999999999998     0.3829609672231103    0.00307117004663775     0.1090291687649928     -3.025916580288258
      958.2499999999998     0.3555527608711001   0.003070577991577216      1.439788954864894    -0.4454730042821453
      958.4999999999998      0.370977084244263   0.003070153939435175      0.257623469194337     -2.166363841058635
      958.7499999999998     0.4095309139410123   0.003069841129307873    0.07542507482485551     -3.394825053803442
      958.9999999999998     0.3454755849960766    0.00306908315070757      3.514151354950073     0.4463415670797345
      959.2499999999998     0.3568576768869123   0.003068554569503073      1.391258869296339    -0.4804197376545181
      959.4999999999998     0.3821169040754652   0.003068208517829875     0.1156211011524627     -2.968178319648779
      959.7499999999998      0.351858903904674   0.003067540934476477      1.975512852467249    -0.1301310838921149
      959.9999999999998     0.4004144992871876   0.003067165469570125    0.05001343337303359     -3.806545169655008
      960.2499999999998      0.343408196099316   0.003066358099753923      3.974747676537957     0.5686164764118796
      960.4999999999998     0.3735327346679323    0.00306594990779098     0.1949203633688073     -2.446642117223593
      960.7499999999998     0.3630014697746446   0.003065438382857985     0.7738732452376462     -1.067991959578905
      960.9999999999998     0.3833770765468715   0.003065038030214518     0.1146500379885723     -2.977646323880943
      961.2499999999998     0.3468024803001156   0.003064248155157098      3.355124826293089     0.3984558522073901
      961.4999999999998     0.3564082853297774   0.003063695502851111      1.486975226769248     -0.415469487316647
      961.7499999999998      0.353278130342989   0.003063057728065711      1.836145359948706    -0.2047532270317037
      961.9999999999998     0.3743849149050634    0.00306267669063233     0.1824243100729548     -2.513966024965138
      962.2499999999998     0.3992207050427533   0.003062445599728237    0.04898980333381434     -3.828764648153618
      962.4999999999998      0.392534452231452   0.003062177963318946     0.0523167150873777     -3.763148306082425
      962.7499999999998     0.3769995860550128   0.003061994762855338     0.1501809795954173     -2.708682957414237
      962.9999999999998     0.4029493055306523   0.003061682419368219    0.05953464255929239     -3.634067695605161
      963.2499999999998     0.3839595002587582   0.003061311481868286     0.1173515946895898     -2.955572717369132
      963.4999999999998     0.3910927876553919   0.003060919692914789    0.06152370500778635     -3.601452669865009
      963.7499999999998     0.3897645717899788   0.003060580662361479    0.07338401105742717     -3.425279905949846
      963.9999999999998     0.3442665617523409   0.003059762440792401      4.039617063687324     0.5826518177291721
      964.2499999999998      0.401375464692124   0.003059434937882004     0.0578165394603975      -3.66408551907153
      964.4999999999998     0.3086756564296301   0.003058942034227201      2.284647601194585    0.01244554275628578
      964.7499999999998     0.3254095778299377   0.003058674482233475      4.421076645376761     0.6725295349723229
      964.9999999999998     0.3349761350084844   0.003058000322190404      5.387132742491648     0.8699391347679328
      965.2499999999998     0.3071876239109386   0.003057534770564715      2.490283122000293    0.09817000560458575
      965.4999999999998     0.3044469254769018   0.003057073853826363      3.180309117465831     0.3426012375995013
      965.7499999999998     0.2550277674898151   0.003057399650194141     0.1921990850935346     -2.463494138222701
      965.9999999999998     0.3165508067580696   0.003057973864739826      2.728233652276284     0.1895715841665351
      966.2499999999998     0.2995253567601706   0.003057153992607772      6.039534233840614     0.9839759480203807
      966.4999999999998     0.3023926336255551   0.003056604308104266      4.197458998710216     0.6199485756915191
      966.7499999999998     0.2959140448963735     0.0030558422766273      11.54829090935659      1.631757348965866
      966.9999999999998     0.2643493277574656   0.003055172156408549      5.743826790774465     0.9331262571028044
      967.2499999999998     0.2863434566782293   0.003057097198051927      26.31033509926845      2.455592306431599
      967.4999999999998     0.2858713230691758   0.003059108744851774      26.98072833286519      2.481411096632553
      967.7499999999998     0.2685216542111413   0.003058252080159524      12.78631277017442      1.734383458336755
      967.9999999999998     0.2536507050883772   0.003058036797343584     0.1107725571994159     -3.014338436235113
      968.2499999999998     0.3004413388166871   0.003057325448978639      5.508299241056747      0.891961042564677
      968.4999999999998     0.2925596437645503   0.003057013524146575      18.09271497843557      2.081112474006605
      968.7499999999998     0.3165055457528076   0.003056277172774578      2.747332572313685     0.1959926695763173
      968.9999999999998     0.2832881833067158   0.003058085125626283      27.12131780517229      2.486273634915444
      969.2499999999998     0.2892276594310366   0.003059097217128284      24.29226632908501      2.376442524224248
      969.4999999999998     0.3062822543168053   0.003058382356355646      2.834127258220402     0.2277848160727936
      969.7499999999998     0.2898058722482235   0.003059162775461927      23.86947781023268      2.358906476687241
      969.9999999999998     0.3033596386864951   0.003058341494394162      3.904684346717008     0.5482143578951147
      970.2499999999998     0.3011938082650155   0.003057365850905835      5.149124065061697     0.8245449651950103
      970.4999999999998     0.2999788558056168   0.003056339677011243      6.178709926021668      1.006492153067536
      970.7499999999998      0.306856258777666    0.00305558493404325      2.858840888182479     0.2355519381396165
      970.9999999999998     0.2984718094559245   0.003054532551088697      7.913326493122446      1.253339443180307
      971.2499999999998     0.3038223432010632    0.00305364480673175      4.108296933732379     0.5975091042734282
      971.4999999999998     0.2910277480262229   0.003053979694979444      22.11739126539493      2.280974429490448
      971.7499999999998     0.2942980664389556   0.003053237498955031      15.80187065937577      1.944495469149862
      971.9999999999998     0.3175488482503936   0.003052490497211091       2.85916252147882     0.2346512084155689
      972.2499999999998      0.309218715675591   0.003051771834182851      2.517642557616766     0.1072099590949248
      972.4999999999998     0.2962982103848893    0.00305071681967508      11.94263189131381      1.663655733174341
      972.7499999999998     0.3081322142623399   0.003049966785398408      2.756181996562904     0.1971417252284882
      972.9999999999998     0.3125732169498273   0.003049246152718658      2.573989192185641     0.1285159445934384
      973.2499999999998     0.2950819493495579   0.003048397637689661      14.79174922823936      1.876850265856323
      973.4999999999998     0.2857832662702145   0.003050326813360991      28.12441125256135      2.520051301105775
      973.7499999999998      0.281421175299741    0.00305201109284339      27.27071663852428       2.48977886115807
      973.9999999999998     0.2840971806439044   0.003053962223664739      28.57883780134533      2.537270981421849
      974.2499999999998     0.2951925783465115   0.003053117796073678      14.66990193696322      1.870125841498305
      974.4999999999998     0.3025267932988257   0.003052168734561808      4.950615779615582      0.783529004455505
      974.7499999999998     0.2750109396662804   0.003053064704285964      25.12665684314077      2.408239852654499
      974.9999999999998     0.2752066120864769   0.003054119261450484      25.77012200989742      2.433871653400721
      975.2499999999998     0.2834540404110471   0.003056059676324561      28.75103537938277      2.543964815739508
      975.4999999999998      0.285104544784306   0.003058136641484795      29.61050758645352      2.574099711401536
      975.7499999999998     0.2818712344454723   0.003060007153769261      29.08935517155884      2.556954196627659
      975.9999999999998     0.2722159842262707   0.003059902720410094      20.96853900659552      2.229570933827982
      976.2499999999998     0.2759153376285112   0.003061046359655708      26.78913070477351      2.474917676888753
      976.4999999999998     0.2724012933422038   0.003061107678446958      22.15075235391971      2.284812936356763
      976.7499999999998     0.2613753248942525   0.003060469415169758      2.252902725650947  -0.001047569867343951
      976.9999999999998     0.2734149615224737   0.003061095730757327       24.7898695834224      2.397372656236027
      977.2499999999998     0.2671757955207556   0.003059983077691276      10.14223990697838      1.503282894917445
      977.4999999999998     0.2878161327971377   0.003061387471279481      28.07797057053616      2.522018175845047
      977.7499999999998     0.2849519251187398   0.003063437176228505      30.35271656689478      2.600588204496991
      977.9999999999998     0.2960236620045233   0.003062345638604719      12.71867214200491      1.730416969232589
      978.2499999999998     0.2851107850550715   0.003064467637547046      30.85766720288648      2.617423751865493
      978.4999999999998     0.2874064810612831   0.003066241231617032      29.92833095959456      2.587422649696227
      978.7499999999998     0.2809731368796988   0.003067730235117503      29.18503682331992      2.562758728677033
      978.9999999999998        0.2740011439231   0.003068333764876208      25.72322967983053       2.43669376614448
      979.2499999999998      0.303024373864729    0.00306743361500088      4.546499811199224     0.7033635578664122
      979.4999999999998     0.2933955805272908   0.003066777228745845      18.16359404076876      2.088211148156422
      979.7499999999998     0.3030504866885821   0.003065921418072362      4.637162781168178     0.7226154968883136
      979.9999999999998      0.295351832886466   0.003064926103785631       14.4757367463716      1.860662016658065
      980.2499999999998     0.2868696129056314   0.003066800383065982       30.8829863682068      2.619004864147508
      980.4999999999998     0.3040117490125074   0.003065929800419282      4.235795703905076     0.6320867193206593
      980.7499999999998     0.2732144413649736   0.003066231643441303      24.64162136339014      2.393050905752934
      980.9999999999998     0.3012901640340168   0.003065262358332997      5.991444150082748      0.978630277689832
      981.2499999999998     0.2742928603480435   0.003066073234273086      26.80026167787689       2.47697395490916
      981.4999999999998     0.3052462777177816   0.003065247188291785      3.805339407236358     0.5246980397472423
      981.7499999999998     0.2778630708422895   0.003066299169309423      28.26254003577794      2.530173243525134
      981.9999999999998     0.2937348340380522   0.003065534240213281      17.90132147237452      2.073261030330482
      982.2499999999998     0.2889088967174546   0.003066523290626755      28.02839669259312      2.521927242326692
      982.4999999999998     0.3054153406635962   0.003065745062876543      3.784931301177049     0.5194830009289427
      982.7499999999998     0.2787311074942981   0.003066842608150936      28.74503903441418      2.547278400235503
      982.9999999999998     0.3009797853901177   0.003065840309546459      6.346525330167873      1.036393803079312
      983.2499999999998     0.3404386501279765   0.003065139185193432      3.967345914995506     0.5663549526193069
      983.4999999999998      0.318527135996572   0.003064725008134274      2.741762089951867     0.1967232948069232
      983.7499999999998     0.3303760818880481   0.003063930775010983      4.811388185897627     0.7588489424692232
      983.9999999999998     0.3478008058019821   0.003063363985469153      2.830626206339359     0.2281762525317554
      984.2499999999998     0.3531427481557174   0.003063044013067927      1.696443625802079    -0.2838920907595962
      984.4999999999998     0.3641011927736453   0.003062986509419257     0.6006283558338017     -1.322223851322503
      984.7499999999998       0.38112055947581   0.003063125102441794     0.1166879207638694     -2.960651944415968
      984.9999999999998     0.3475579117327202   0.003062723456151256      2.990434412964388     0.2828878411909247
      985.2499999999998     0.3806960971384892   0.003062531658264009     0.1209618568647862     -2.924873465152338
      985.4999999999998     0.3751078305659449   0.003062506037733291     0.1576211445361155     -2.660162760103886
      985.7499999999998     0.3783755593019015   0.003062242964767111      0.133986890716075     -2.822701034575461
      985.9999999999998     0.3469090342956537   0.003061662371329883        3.2449802139515     0.3642319170411826
      986.2499999999998      0.388689657199441   0.003061447316469567    0.07449598095394576     -3.409957681353469
      986.4999999999998      0.354870749159916   0.003060908915817501      1.546420163604437    -0.3771807716976068
      986.7499999999998     0.3192082708724835   0.003060350455975451       2.85243206288232     0.2348660605221148
      986.9999999999998     0.3217595277688753   0.003059635121748456      3.203720087224187     0.3507729666894457
      987.2499999999998     0.3635165586202238     0.0030592473869425     0.6657785053727979     -1.220464667296712
      987.4999999999998     0.3192664326877886    0.00305852666603263      2.979315013513032      0.277791368425968
      987.7499999999998     0.3254729932325426    0.00305769930631571      4.078889019438047     0.5916520619146924
      987.9999999999998     0.3903879691658739   0.003057376963552094     0.0639065317074332     -3.564611721033377
      988.2499999999998     0.3612798886865776   0.003057052652371896      0.915834827487245    -0.9023033463589213
      988.4999999999998     0.3543389018314503   0.003056469385204989       1.65667220387428    -0.3097640147993937
      988.7499999999998     0.3420127604484165    0.00305563914124634      3.998126733852787     0.5709793544097468
      988.9999999999998     0.3448742720652644   0.003054814037034951      3.834241495503552     0.5288549868508409
      989.2499999999998     0.3589514011973133   0.003054270673225901      1.233800495517204    -0.6051952913917625
      989.4999999999998     0.3915376866033455   0.003054055311428497    0.05905434523088519      -3.64466219840898
      989.7499999999998     0.3702498652409353   0.003053841114773597     0.2707524229191158     -2.121985626826609
      989.9999999999998     0.4148086591640521   0.003053659885205655     0.0902209615981312      -3.22098801784442
      990.2499999999998     0.3865257075908292   0.003053533110699999    0.09605461362152633     -3.158374402993004
      990.4999999999998     0.3964916577493833   0.003053450855576553    0.04509475232402067      -3.91455237935849
      990.7499999999998     0.3556014851305112   0.003052890213878573      1.590350511058978    -0.3517921705868302
      990.9999999999998      0.398736359286133   0.003052552884711805    0.04740099266484148     -3.864969219060644
      991.2499999999998     0.3767254272384387   0.003052419807339677     0.1493659284555656     -2.717256795387291
      991.4999999999998     0.4109063891714304   0.003052204964222325    0.07443120835229544     -3.413851052238097
      991.7499999999998     0.4186437041509137   0.003052102086214874     0.1169929188334117     -2.961646669746167
      991.9999999999998     0.3950514601885905   0.003051789412441228    0.04973756905704602     -3.817101966371736
      992.2499999999998     0.4280782181677498   0.003051668499150319     0.2307704057151115     -2.282478850187919
      992.4999999999998     0.4170364394495673   0.003051591476537923     0.1080186717675812      -3.04162329270474
      992.7499999999998     0.4028078290977264   0.003051392747940578    0.05641457769358458     -3.691264921828655
      992.9999999999998     0.4019220201808316   0.003051108789965841     0.0566308376309536     -3.687531908181087
      993.2499999999998     0.4567994535093964   0.003050800819088268       1.30447324350598    -0.5506319285018703
      993.4999999999998     0.4324850386162012   0.003050928138020827     0.2612587498368227     -2.158633494948664
      993.7499999999998     0.4432931067377453   0.003050968378112058     0.7646823107854889     -1.084671132938355
      993.9999999999998     0.4651440739657612   0.003050876729083581      2.137216897807844   -0.05690189369953919
      994.2499999999998     0.4762644144322679   0.003050926225337814      2.746641789402162     0.1939888601540927
      994.4999999999998       0.41707878463471    0.00305059767777892     0.1119219258352968     -3.006451572932902
      994.7499999999998     0.4320376121428407   0.003050198194386514     0.2619928812037909     -2.156066739051951
      994.9999999999998     0.4098931936560658   0.003049837399695208    0.07322900387553627     -3.430910793819684
      995.2499999999998     0.4007275447184109   0.003049482897465515     0.0563214373712644     -3.693543374278339
      995.4999999999998     0.4425363845528776   0.003049067205131345      0.750689504638376     -1.103762808566456
      995.7499999999998      0.421469675188452   0.003048673060609916     0.1600414074244998     -2.649451629728002
      995.9999999999998     0.4107044458502985   0.003048282160978765    0.07959314269812777     -3.348084493569729
      996.2499999999998      0.415368559004577   0.003047904121906186     0.1073937702612107     -3.048634285102308
      996.4999999999998     0.4255425556241302   0.003047499479979273     0.2299603188267924     -2.287362462806676
      996.7499999999998     0.3910416836603853   0.003047157837154797    0.06739487541498976     -3.514812359630661
      996.9999999999998     0.3793117079270754   0.003046827592094236      0.139389922984428     -2.788214518951933
      997.2499999999998     0.3951848769787068   0.003046477428551808    0.05393166700326089     -3.737886840666796
      997.4999999999998     0.4021103123941936   0.003046156283666503    0.06147864217724277     -3.607020247922674
      997.7499999999998     0.3987582192749374   0.003045820265257123    0.05614232621094207      -3.69793038985138
      997.9999999999998     0.4408769141068942    0.00304536467777355     0.6982438520669949     -1.177401584920542
      998.2499999999998      0.417492548544932   0.003045092653379314     0.1242175068025671     -2.904025196893712
      998.4999999999998     0.3975297788028748   0.003044745893033339    0.05631693409667328     -3.695177921460201
      998.7499999999998     0.4119820758650292    0.00304436599991944    0.09148551438885946     -3.210117325405515
      998.9999999999998     0.4278353969676291   0.003043976722638088     0.2521649554693665     -2.196342390175248
      999.2499999999998     0.4312154733267571   0.003043598938208194     0.2666258113858053     -2.140703745321356
      999.4999999999998     0.4056882761146909   0.003043229832737179    0.06854444944159788     -3.499188813554726
      999.7499999999998     0.4084831888828236   0.003042860572594028    0.07690532417152827     -3.384217481821838
      999.9999999999998     0.3969078036749577   0.003042485474980656    0.05810702000547574     -3.664629387097901
                1000.25     0.3790115556832937   0.003042322966233993      0.144892958604732     -2.750974031208412
                 1000.5     0.3961141557947805   0.003041965102703477    0.06044703945828098     -3.625319318983113
                1000.75     0.3532307391197339   0.003041639062368466      1.922325621228149    -0.1659031132733132
                   1001     0.3878593635370083      0.003041439570997    0.09138578664338556     -3.212169736133434
                1001.25     0.3447622186014417    0.00304116013482184      4.005806795205346     0.5681487103822936
                 1001.5     0.3338107177057537   0.003040555854887962      5.018166685542575     0.7932696478661952
                1001.75      0.360995451688469   0.003040414903454548      1.042556669185475    -0.7781653431087913
                   1002     0.3753146033343929   0.003040058452298962     0.1754254301106874     -2.560499845820697
                1002.25     0.3714491897070511   0.003039757047075182     0.2471461637161502     -2.217833130695684
                 1002.5     0.4331497409910047   0.003039408957285246     0.3075914867482175     -1.999155006292802
                1002.75     0.3863612771788807   0.003039100187508367     0.1051848311380525     -3.072310061883004
                   1003     0.3980360755706886   0.003038742852189403    0.06280377772912224     -3.588131520728185
                1003.25     0.3791972009321797   0.003038370639269891     0.1508300243312696     -2.712115707835797
                 1003.5     0.3748100075440867   0.003037977482745104     0.1929915210312679     -2.465752394002689
                1003.75     0.3645225121089037   0.003037622181412785     0.6670945572935751     -1.225583808623321
                   1004     0.3420417317442163   0.003036962970570542      4.293201425309952      0.636055338083147
                1004.25     0.3426775313263582   0.003036370167605654      4.380789053637996      0.656056272827628
                 1004.5     0.3642055764323639      0.003036033013259     0.7129088747031188      -1.15968530155243
                1004.75     0.3567576626005095   0.003035664332177106      1.593447478961246    -0.3555051770764612
                   1005     0.3524661115518643   0.003035284825973188      2.106335267243314   -0.07658049827850469
                1005.25      0.411092307102806    0.00303507748937739    0.09074750724762357     -3.221272681212637
                 1005.5     0.3490401777637023   0.003034495966766933      2.983339343727175     0.2712532326825531
                1005.75     0.3254275531014629   0.003033890895052454      4.240860722122356     0.6227768059037406
                   1006     0.3262461312810909   0.003033142641129926      4.536545173483659     0.6899296419201731
                1006.25     0.3712374512326826   0.003032939836518717     0.2670686646437304     -2.142552453237228
                 1006.5     0.3572075941801618   0.003032404952480488      1.604883081455512    -0.3494284368875857
                1006.75     0.3537094621723918   0.003031785350125428       2.02547087419374    -0.1168814883039736
                   1007      0.322117188809715   0.003031178705850927      3.617017447307517     0.4627659696038129
                1007.25     0.3324052573975266   0.003030492602345514      5.186739126372078     0.8229950189456415
                 1007.5     0.3613215335395968    0.00303001690273688      1.086805282500922    -0.7400247056322895
                1007.75     0.3460257336194276   0.003029250403091186      4.002525161093208     0.5634052866510858
                   1008     0.3357428777324539    0.00302835965881573      5.134427078620297     0.8121540087634399
                1008.25      0.341781111520544   0.003027643378223065      4.564176810836797     0.6941873627590364
                 1008.5     0.3487408400176657   0.003026971442259808      3.246395949199024     0.3532726752055196
                1008.75     0.3454696219774704   0.003026150202310646       4.35565146869554     0.6469300787153563
                   1009       0.35352865833513   0.003025613364899362      2.154126508599199   -0.05733621762359879
                1009.25     0.3635445966568177   0.003025157663761084     0.8317667907924744     -1.009075329362313
                 1009.5     0.3452673338695891   0.003024322371038257        4.5058626132217      0.680231045859783
                1009.75     0.3429361724121034   0.003023464963117383      4.845396949067664     0.7525973213380112
                   1010     0.3666377673656117   0.003023052113956347     0.5531946415915765     -1.417613773400479
                1010.25     0.3577136498390076    0.00302249595284125      1.650826554721034    -0.3244762935244906
                 1010.5     0.3192502070333675   0.003021838591349556      3.184812001395078     0.3324233494971643
                1010.75     0.3281630167637771   0.003021034281274982      5.078966224343061     0.7988716289767256
                   1011     0.3100899873958682   0.003020482211908975      2.531736800828458     0.1024866784588927
                1011.25     0.3263310769002369   0.003019681107662591      4.825182814004367     0.7471644925501472
                 1011.5     0.3299893360250857   0.003018798603349881      5.461515279769954     0.8707498510412723
                1011.75     0.3582057890960471   0.003018237521283602      1.621842341046311    -0.3435995533297009
                   1012     0.3191747640241308   0.003017569775578939      3.251231397203887     0.3516502506303396
                1012.25     0.3240053969322526   0.003016779285388913      4.354993966282621     0.6436776625965077
                 1012.5      0.325430586272964   0.003015917753604459       4.85646382913107     0.7523793828939402
                1012.75     0.3229510316157034    0.00301509693146926      4.245710812786405     0.6177058694549136
                   1013     0.3392293490346463   0.003014236008133515      4.847650091078717     0.7500051085696249
                1013.25      0.323617254689669   0.003013393495826588       4.53596392796593     0.6832691022131708
                 1013.5     0.3485563222378394   0.003012668374902948      3.552419882200172     0.4386198548033327
                1013.75     0.3485014069902909   0.003011945347659897      3.661056090220986     0.4685024571794082
                   1014     0.3547427903533294   0.003011401550164538      2.104198237698437   -0.08549525121045329
                1014.25     0.3250146033769197   0.003010536849919382      5.017984355030706     0.7833113857237259
                 1014.5     0.3179874491371324   0.003009808686245025      3.209025698605599     0.3360085249823087
                1014.75     0.3199541429375908   0.003009069797027153      3.708007600335722     0.4802903281227818
                   1015     0.3241735352611511     0.0030081919430924      4.945181824655082     0.7679175859552602
                1015.25     0.3122889310142076   0.003007603686360674      2.521854025358849    0.09430263680436807
                 1015.5     0.3134276841723814   0.003006979624318177      2.652896857215441     0.1447529617492549
                1015.75     0.2917259295238181   0.003006976384880958      22.60700919967714      2.287359687608638
                   1016     0.2844775038134399   0.003009147820941725       31.9978503061646      2.635490282562479
                1016.25     0.2730354879814663   0.003009698290702108      25.06468142431243      2.391464215984817
                 1016.5     0.2896668271631042   0.003010591622082449      27.38033836166821      2.480126426646116
                1016.75     0.2665986181584673   0.003009649588865823      8.972926313268093      1.364200149798111
                   1017     0.2862737555450096   0.003011638478287822      32.73756198462927      2.659172016062034
                1017.25     0.2949732073478818   0.003010854884094664      15.99847077230336        1.9428818312686
                 1017.5     0.3150159776588561   0.003010164081914267      2.838226830990775     0.2133387286781273
                1017.75     0.2798884243035745    0.00301116397769527       29.5091977328603      2.555193347110161
                   1018     0.2637622815247717   0.003010403380450672      4.794157755235367     0.7376367627408242
                1018.25     0.2592144201714518   0.003010141674440612        1.0252258760986    -0.8049352619458381
                 1018.5     0.2754051894983302   0.003011014456223496       28.6809625643461       2.52667526525094
                1018.75     0.2908300002596914   0.003011185447025659      25.45012252832793      2.407219032148315
                   1019     0.2904578672827939   0.003011570473166334      26.77674887108758      2.458160263334983
                1019.25     0.3023711794648823   0.003010693385894307      5.389016795306433     0.8546980057730492
                 1019.5     0.3011930420965753     0.0030097490427302      6.291816975149851      1.009271234290313
                1019.75     0.3080210841857758   0.003009084618370224      2.959839301740626     0.2549355331623152
                   1020      0.298487454054683   0.003008030517353349      9.351234381091741      1.404958542629718
                1020.25     0.2969259006000404   0.003007004717065502      12.38530063477603      1.685619446692548
                 1020.5     0.3627160197197755   0.003006756674657434     0.9450955509337424    -0.8874426261615409
                1020.75     0.3557595244109971   0.003006635226041006      1.949674512139351    -0.1633513325852622
                   1021     0.3527855523749276   0.003006410129931131      2.438297418735954    0.06021137290619907
                1021.25     0.3592152459096083   0.003006305762589848      1.525595514956702    -0.4087385237272842
                 1021.5     0.3721857763538622   0.003006255553823271     0.2393857286374695     -2.260819161140538
                1021.75     0.3650368881253503   0.003006130769515478     0.7157442780274619      -1.16561389894961
                   1022     0.3630998904169813   0.003005896045132313     0.9552775269345312    -0.8770130310815711
                1022.25      0.370962109636463   0.003005692077028326     0.2868254985986322     -2.080208779753534
                 1022.5     0.3683867728580522   0.003005352081530801     0.4451318708144638     -1.640825338205997
                1022.75     0.3446782037020122   0.003004632090791494       4.76586465373958     0.7297987453659105
                   1023     0.3626347107227604   0.003004188047418632      1.048202987923413    -0.7847507738980251
                1023.25      0.346506876557213   0.003003439702228442      4.421750320500998     0.6544584543287397
                 1023.5     0.3793062657117136   0.003003203570502655     0.1503523704350399     -2.726929390568463
                1023.75     0.3867772609761211   0.003002955408536687     0.1010498214409157     -3.124380025010252
                   1024     0.3597412768194698   0.003002630840108038       1.51719694050311    -0.4154819973913695
                1024.25     0.3437186425978648   0.003001803593781324      5.050087236720617     0.7867834609263071
                 1024.5     0.3374533726441594   0.003000957058124485      5.014203621159272     0.7793705038429432
                1024.75     0.3519174799059551   0.003000285717887279      2.733648917282232     0.1725094771505217
                   1025     0.3333938633830549   0.002999398178098996      5.422918261708404     0.8572103937078452
                1025.25     0.3564220377596608   0.002998817930385052      2.042978933560154    -0.1192081706823306
                 1025.5     0.3546150728192107   0.002998231209659096      2.319373341382618   0.007484192967769588
                1025.75     0.3658799336947178   0.002997816019671835     0.7037026076199354     -1.185350777080382
                   1026     0.3562727747272963    0.00299725343658438      2.168298502957288   -0.06019625460843775
                1026.25     0.3483748549152914    0.00299649599378823      3.938864065465979     0.5365006146771136
                 1026.5     0.3481428531685942   0.002995706924679092      4.119110099455957     0.5809820206622018
                1026.75     0.3481508588812114   0.002994949443602451      4.216182361284956     0.6040220532784432
                   1027     0.3466684012491088   0.002994107965835577      4.814874675456034     0.7365210002912311
                1027.25     0.3387627804807576   0.002993249930177448      5.055295805941395     0.7849607357862818
                 1027.5      0.363927230331186   0.002992845695308082     0.9432473209516021    -0.8940374507825393
                1027.75     0.3610821138531523   0.002992399112978261       1.39678813546187    -0.5015845061848484
                   1028     0.3584131361068935   0.002991890996481645      1.911667858562969    -0.1879536495682107
                1028.25     0.3620711749744811   0.002991384364566344      1.290280496736671    -0.5812394502554814
                 1028.5     0.3404651264986351   0.002990518303940261      5.147883795671172      0.802197072186989
                1028.75     0.3462898146239919   0.002989664233448183      5.100838975274237     0.7927307529897599
                   1029     0.3513121366237538   0.002988948849790917      3.318543697650959     0.3626124489901991
                1029.25     0.3431748748547016   0.002988115660489847      5.601791743318022     0.8858941128239335
                 1029.5     0.3492780402684869   0.002987332532464536      4.151894307906868     0.5861101866827163
                1029.75     0.3578992441943096   0.002986757801007758       2.05826866995397    -0.1157817332290926
                   1030     0.3358824926457216   0.002986039650507314       5.54462982220597     0.8749424748034439
                1030.25     0.3934446925542482   0.002985742253506074     0.0645905341872286     -3.577674394223028
                 1030.5     0.3860441844991677   0.002985523727782911     0.1090900964546754      -3.05364134330762
                1030.75     0.3868623921069307   0.002985294726623719     0.1057813058378071     -3.084518353474728
                   1031     0.3898123880432076   0.002984996089446443    0.08507372985841587     -3.302473914358074
                1031.25     0.3765363237298215   0.002984663369101915     0.1787019110183782     -2.560384559313874
                 1031.5     0.3927102915865385   0.002984361588867701    0.07084365697228513     -3.485729356278265
                1031.75     0.3687741609416911   0.002983971968175775     0.4609253825495551     -1.613099183569125
                   1032     0.3788406193285734   0.002983605582407544     0.1615440235230588     -2.661680448621789
                1032.25     0.3564294266446068   0.002983043629072751      2.326482854364595   0.005466391135208367
                 1032.5     0.4398480579835747   0.002983406322728243     0.6351126466838342     -1.292722553189528
                1032.75     0.3602873848777776   0.002983017050377258      1.698180339867428    -0.3093428519186688
                   1033      0.334188015240201   0.002982157633295786      5.703047320728869     0.9018123634440387
                1033.25     0.3713249279628657   0.002981876212173839     0.3023195072894012       -2.0355535086633
                 1033.5     0.3603007744202397   0.002981369545219466      1.744411809866762    -0.2830351617587144
                1033.75     0.3720294209309992   0.002980992012686451     0.2830916219971567     -2.101563908568475
                   1034     0.3449391757940502   0.002980156907669531      5.675142349224696      0.896236236570201
                1034.25     0.3905621985707499   0.002979853227795603    0.08393717861244444     -3.317647949468469
                 1034.5     0.3453928266609587   0.002979007386061276      5.715272455949655     0.9028967602884604
                1034.75     0.3347764032924608   0.002978184314633126      5.821743819121171     0.9210783038180893
                   1035     0.3132080057850297   0.002977651471033793      2.687618470993594     0.1479550047914335
                1035.25     0.3247263062125149   0.002977039504521164      5.014702524445061     0.7714680915923054
                 1035.5      0.327856201873006   0.002976322342605281      5.580921981969963     0.8782070548827435
                1035.75     0.3722180823244125   0.002975961295429031     0.2836315228255375      -2.10134758952384
                   1036     0.3079100999087291   0.002975344154795931      3.067506328011721     0.2793893123555256
                1036.25     0.3319426799768233   0.002974668994568276       5.86444041393711     0.9272044741795409
                 1036.5     0.3594557908003417   0.002974093316618683      1.962191966884675    -0.1678339389288638
                1036.75     0.3332496326748551   0.002973199890154977      6.054897260451685     0.9586708233063966
                   1037     0.3375152132553025   0.002972342451888071      5.811232857012393      0.917307727584862
                1037.25     0.3158602671017973   0.002971701311074717      3.020394251809884     0.2626866278858078
                 1037.5     0.3108400299688028    0.00297114519428028      2.730437448647928     0.1615739369968135
                1037.75     0.3390032154152327   0.002970334811371075      5.713398520244406     0.8996533488517392
                   1038     0.2990215068333679   0.002969372608442175      9.036576504041646      1.357795722164863
                1038.25     0.3225875691360451   0.002968838080938412      4.552383610108349     0.6719862611155469
                 1038.5      0.363696836561664   0.002968381575374393      1.148416613671638     -0.705434346626067
                1038.75     0.3619598516586062   0.002968013966439945      1.501607727971624    -0.4374059790217335
                   1039      0.336304430495113    0.00296710461051838      6.259831539125027     0.9899045100070119
                1039.25     0.3308365289983759    0.00296622102550175      6.115237484829293     0.9662370027301713
                 1039.5     0.3323527858035574   0.002965414286664432      6.401574987743096      1.011725437543613
                1039.75     0.3136803075258906   0.002964790085696062      2.891944099997645     0.2168998447059653
                   1040     0.3076851115139914   0.002964151996218788       3.23323492521006      0.328238785012568
                1040.25     0.3195887093959808     0.0029634773914934      3.783906639911019     0.4852849890276993
                 1040.5     0.3182032649647259   0.002962796854227985      3.584020173789694     0.4307834665863522
                1040.75     0.2974435148362335   0.002961955151548735      11.79529925294623      1.621715295407182
                   1041     0.3228178913069406   0.002961219991076032       4.78716078320539     0.7197034771244902
                1041.25     0.3217783931932359     0.0029604330310687      4.579315301515728     0.6750496786225098
                 1041.5     0.2850963484382842   0.002962035896063974      32.86285924280149      2.646384593564827
                1041.75     0.2872280794525914   0.002963817291579678      32.84984663940436      2.646589776667281
                   1042     0.2953396833160877   0.002963209989492023        16.371887516117      1.950003461992934
                1042.25     0.3160142042177059   0.002962648239048417      3.288878750563645     0.3447948823388316
                 1042.5     0.3545474135048574   0.002962060583024205      2.667808599530624     0.1353071924700535
                1042.75     0.3305698595352469   0.002961248612851834       6.31980826744924     0.9974645155690463
                   1043      0.343283942034187   0.002960402701883085      5.943558702683199     0.9357980064344307
                1043.25     0.3331995500374163   0.002959504627034176      6.643797977910766        1.0468703204333
                 1043.5     0.3530363493127786   0.002958874692378977      3.011931190010589     0.2555551261955154
                1043.75     0.3298398786088821   0.002958148552929785      6.459109746737502       1.01821971919835
                   1044     0.2900908250540025   0.002958800657535135      28.39648138410933      2.499213882769672
                1044.25      0.298950458377013   0.002957899747568664      9.648347937420459      1.419430811491643
                 1044.5     0.3360082532347914   0.002957029134099546      6.616366220687473      1.041896040632055
                1044.75     0.3047920994783853   0.002956280809473606      4.496425842137996     0.6553794561391684
                   1045     0.3018407033322185   0.002955415339808893      6.702984463031029      1.054356702610381
                1045.25     0.3274615928262867    0.00295459297605947      6.143890160808697     0.9669836560676973
                 1045.5      0.320176587670946    0.00295383413832737      4.206414480965917      0.587879289202784
                1045.75      0.296883677339671   0.002952935622393146      13.50862549475608      1.754292845974628
                   1046     0.3456562782169608   0.002952081153163648      5.751254367695331      0.900093016432757
                1046.25     0.3427782160804771   0.002951536894040622      6.084915475700897     0.9563034887042315
                 1046.5     0.3265138213936471   0.002950675862184903      6.058775657750059      0.951706630172502
                1046.75     0.3431553521347159   0.002949809651580599      6.238491836817078     0.9806437409750774
                   1047     0.3593924309224056   0.002949288808974221      2.050100199086999    -0.1323826336155733
                1047.25     0.3344120271483078   0.002948634550682278      6.930118251089838      1.085383712969055
                 1047.5     0.3595991219198123   0.002948096876964662      2.056661691320486    -0.1295913969273658
                1047.75     0.3721629661372353   0.002947855495457227     0.2832713353691118     -2.112107465909543
                   1048     0.3327547634857064    0.00294699854651642      7.071012684385428      1.104955554270216
                1048.25     0.3594346556931834   0.002946510486701274      2.139801300070719    -0.0905008041433196
                 1048.5     0.4025238902782881   0.002946264647834657    0.06609238081837543     -3.567999022080983
                1048.75     0.4124198934598666   0.002946661727597555    0.09342015874962588     -3.221810575531383
                   1049     0.3732235642958435   0.002946941852932944     0.2604266457436863     -2.196501437810748
                1049.25     0.3580537855045655   0.002946370370478418      2.435865827385908    0.03904093642346452
                 1049.5     0.3522252009878384   0.002945720178542803      3.286344398772632     0.3382937892758439
                1049.75     0.3361446544635636   0.002944806842799542      6.973907970132235      1.090383616039187
                   1050      0.393503959108317   0.002944504665648757    0.07030550012195678     -3.506800000187019
                1050.25     0.3446309929713598   0.002943720867693339      6.292826086955115     0.9872492878616824
                 1050.5     0.3624097566663939   0.002943230930780207      1.534470024491963    -0.4241423682643207
                1050.75     0.3370150084480321    0.00294232271127333       6.88142503715757      1.076189702516138
                   1051     0.3532632796655201   0.002941677811702277      3.115085979125809     0.2834014935707146
                1051.25     0.3708523039264902   0.002941316399291519     0.3469565344316257      -1.91153389464374
                 1051.5     0.3374782734375687   0.002940454206657832      6.885702480910753      1.076175856329582
                1051.75     0.3396443301113014   0.002939576467295255      6.470669251184328      1.013709691767375
                   1052     0.3502775060315549   0.002938893965222832      4.103793525085456     0.5581097414567017
                1052.25     0.3425293416049728   0.002938031807445086      6.587961825611313      1.031148558923494
                 1052.5      0.322817824132873   0.002937406750357714       5.09168300679305     0.7733001972238138
                1052.75     0.3855218785110449   0.002937093026650085     0.1177895314643846     -2.993270915744164
                   1053     0.3869453797909848    0.00293721502682191      0.111810751016698     -3.045321060083924
                1053.25     0.4021008967995334   0.002937087180694077    0.06719889027204771     -3.554515572793631
                 1053.5     0.3811114444727345   0.002936782159606847     0.1460641176646777     -2.778230475939353
                1053.75     0.3663801365947611   0.002936436524084375     0.8078366049696806     -1.068034045675037
                   1054     0.3458846425173329   0.002935591274874354      6.251325077558362     0.9778669804345352
                1054.25     0.3411448632948237   0.002934773721068114       6.70222360993669      1.047234344226264
                 1054.5     0.2992546879977201   0.002934045633859359       9.71327363988107      1.418040236867785
                1054.75     0.2976656662566373   0.002933403636290142      12.42139448220603       1.66374838404087
                   1055     0.2990239186478182   0.002932756944614071       10.5029792928025      1.495766513683763
                1055.25     0.3469131206905931   0.002931938629970852      5.950291157501343     0.9272686423264614
                 1055.5     0.3533868006982087   0.002931290878444424      3.228891584240892     0.3157464516621676
                1055.75     0.3806411048532832   0.002930972532868997      0.152060597407507     -2.739977242750105
                   1056      0.377791158921557   0.002930707748474679     0.1820985328775495     -2.559798765484354
                1056.25     0.3473885878892582   0.002929898182446889      5.858689798576399     0.9110583043786519
                 1056.5     0.3384423206307975   0.002928998991290701      7.057713827330613      1.096946539273131
                1056.75     0.3580940316158729   0.002928412027489214      2.543388131489307    0.07612204540980352
                   1057     0.3561963143188949   0.002927777027294306      2.878395626402733     0.1996411433196349
                1057.25     0.3586741764179532   0.002927178354676761      2.539222991655358    0.07406170282238182
                 1057.5     0.3722305490094356   0.002926885089111535     0.3047382602513296     -2.046198648666948
                1057.75     0.3352687347024799   0.002926022975945395      7.751028392214955      1.189634322480189
                   1058     0.3168552461341334   0.002925401940449909      3.531573427256152     0.4033400257615028
                1058.25       0.29121527001624   0.002925854971540823      26.23023154122491      2.408663994361234
                 1058.5     0.2921180439844014   0.002926309269102391       24.7348617752267      2.350120287583065
                1058.75      0.305772898183017   0.002925919591036356      4.111989532019805     0.5556804410480612
                   1059       0.29139760552466   0.002926334762215446       26.6681198251815       2.42538418076729
                1059.25     0.3115381274545865   0.002925780834064362      2.816299881381592     0.1771499587111804
                 1059.5     0.3731744181968445   0.002925539037742102     0.2814673004760955     -2.126095612514029
                1059.75     0.3583287685644081   0.002925231239093357      2.637359332583547     0.1113163346635861
                   1060     0.3104784652028493   0.002924647586509831      2.878785881714157     0.1987072638360605
                1060.25     0.3344329856392378   0.002923735461331303      7.790353820863491       1.19391298226676
                 1060.5     0.3441360419194144   0.002922891590799351      7.064700117926361      1.095848603431398
                1060.75     0.3339535769478453   0.002921984243348036      7.884182857098697      1.205286140599438
                   1061     0.3902888485959119   0.002922006453264442    0.08808298319814718     -3.289040758875069
                1061.25      0.328816784696611   0.002921193083646786      6.726546513941838      1.046218624310304
                 1061.5     0.3270460379261661   0.002920370799696887      6.407320800724979     0.9973164434098876
                1061.75     0.3315505308286035   0.002919464577369271      7.602190551282925      1.168001308988135
                   1062     0.3248741681884509   0.002918652543501488      5.913956422412807      0.916601742168903
                1062.25     0.3169319009420953   0.002917999538391553       3.60268715247089     0.4207429274118308
                 1062.5     0.3335426465228188   0.002917074200840693      8.154055705865712      1.237261201281406
                1062.75     0.4198583571200875   0.002916972428946834     0.1360220702863668     -2.856227248664332
                   1063      0.415706897009843   0.002917789961548947     0.1118051880806468      -3.05200620984919
                1063.25     0.3720462918625858   0.002917832340580851     0.3176439459404649     -2.007818561622606
                 1063.5     0.4003521470044846   0.002917711219617634    0.06497057166234242     -3.594856737992537
                1063.75     0.3845555629319747   0.002917589701204718     0.1297985387684439      -2.90284926447548
                   1064      0.398346538173456   0.002917352801375998    0.06430741100085102     -3.605239130293838
                1064.25     0.3390632222402049   0.002916558142896878      7.244680423355436       1.11883630494342
                 1064.5     0.4091477659782161   0.002916321572599783    0.07805105951910232     -3.411904333258983
                1064.75     0.4710493864768427    0.00291628560468869      2.280789531576547   -0.03700294061062709
                   1065      0.498095812029003   0.002918274236082253       2.20739917687544   -0.06902795677308235
                1065.25     0.5593095809501768   0.002921487033493733      1.129441612786888    -0.7380192554432271
                 1065.5      0.551905864926439   0.002925356097108706      1.683614678201181    -0.3374760706643604
                1065.75      0.554860293632744   0.002927974796525117      1.517322504576352    -0.4405771030124803
                   1066     0.5511264058145676   0.002931180500780096      1.802059611356152    -0.2674998802790775
                1066.25     0.4806959362788032   0.002931299558516017       2.45461661473581    0.04158108124229836
                 1066.5      0.559073763631148   0.002931661431006967      1.189118036853387    -0.6830541722989519
                1066.75     0.5678696705858827   0.002932906422909543      1.427048789289915    -0.5002329501558013
                   1067     0.5390863584114597   0.002933718575449779      1.837276745589777    -0.2472801603011644
                1067.25     0.5461958306735508   0.002934392715575088      2.241758420379886   -0.04807427509846386
                 1067.5     0.5196445176192784   0.002934556826939867      2.103012450215354    -0.1119080998913539
                1067.75     0.5518093149882242   0.002934417011645059      1.792544241010927    -0.2716905880137941
                   1068     0.5961324805782118   0.002935192339414838     0.5037668855484512     -1.540704025188648
                1068.25     0.5994239862839907   0.002936068534722776     0.4892380865938016     -1.569669932736222
                 1068.5     0.6166198505417507   0.002937249193664635     0.2377176017435693     -2.291033724924217
                1068.75     0.5624396910065971   0.002937434552160112      1.072755014304849     -0.784068644520157
                   1069     0.6000322891276055   0.002937777954223666     0.4978975482559008     -1.551542814565607
                1069.25     0.6123386938299674   0.002938331843712793     0.3539691328089328     -1.892538907642593
                 1069.5     0.6156527030688119   0.002938984985642872     0.2630748549978367     -2.189087751533401
                1069.75     0.6328814533236898   0.002939522569934561     0.1937094234786176     -2.494984245661803
                   1070     0.6639258798881579   0.002940388891066704     0.3821222604856013     -1.815308182236675
                1070.25     0.6081169890481921   0.002940708444381403     0.5104314280889136     -1.525683816396715
                 1070.5     0.5604752202227542   0.002940348225254939      1.140065982246791    -0.7222212045617979
                1070.75     0.5639750855331946    0.00293989295012982      1.178474294572068    -0.6892415624227363
                   1071     0.5794790610603832   0.002939445856969767      1.134099144868977     -0.727775652375126
                1071.25     0.5904728869866004   0.002939113311820208     0.5770394387961963      -1.40357208485858
                 1071.5     0.5625536322454266   0.002938708323338447       1.14979240353235    -0.7142838163391656
                1071.75     0.6166498278074508    0.00293839061533219     0.2568037605189077      -2.21341640455016
                   1072     0.6516367468520163   0.002938774122438002     0.3951829882549522     -1.782249193467246
                1072.25     0.6448869265146053   0.002939019685039579     0.3043549984358124     -2.043319778336231
                 1072.5      0.653768689922259   0.002939356750440777     0.4206290512505469     -1.719648544840561
                1072.75     0.6371839051757352   0.002939475431943946     0.2226591776689921     -2.355717249738161
                   1073      0.686594721653231   0.002939916321280628      0.724512546484822      -1.17571044389393
                1073.25     0.6620643511918372   0.002940731005408101     0.4079059728905638     -1.749895760757503
                 1073.5     0.6380412861647979   0.002940481973332926     0.2343126983008703     -2.304360596512744
                1073.75     0.6662714162401445    0.00294035121112201     0.4001249594493875     -1.769284711013844
                   1074     0.6206350873450492   0.002940178809248386     0.2382603827032431     -2.287756122154752
                1074.25     0.5763682826420248   0.002940015850338356      1.330903695545195    -0.5675622083174953
                 1074.5     0.5827553481533569   0.002939749069155444     0.9201106500828696     -0.936772480019346
                1074.75     0.6006222013273568     0.0029394425907195     0.5073427333261229     -1.532183895538397
                   1075     0.6187615040330168   0.002939096305743879     0.2532482689000196     -2.227118179071375
                1075.25     0.6085286381519958   0.002938714203126592     0.5136545066204679     -1.520067628586292
                 1075.5     0.6532012610318459   0.002938459447862092     0.4298939883341971     -1.698166555515733
                1075.75     0.6802284790639754   0.002938776950477121     0.5603915504119522     -1.432961413613077
                   1076     0.6041580283324706   0.002938498828236936     0.5370649059640232     -1.475572838510067
                1076.25     0.6293489601057723   0.002938202794782963     0.1989214950739171     -2.468882291823592
                 1076.5     0.6359510063556165   0.002937843754263763     0.2245036105453004     -2.348022956728324
                1076.75     0.5872676306365902   0.002937558695594361     0.6485633173714581     -1.287252145344182
                   1077     0.6399865546338913   0.002937266257813231     0.2584813422463006     -2.207287822897472
                1077.25     0.6017898530774135   0.002936901444108494     0.5307769505833095     -1.487893669145001
                 1077.5     0.6061523547723225   0.002936511203543926     0.5673828121567984     -1.421334200866095
                1077.75     0.6162274924928057   0.002936155337098944     0.2743857322334577     -2.147954726390103
                   1078     0.5958910505755378   0.002935783662896629     0.5449004990534304     -1.462013010551196
                1078.25     0.5817804007995691   0.002935476054569152      1.025129600622961    -0.8301466792293616
                 1078.5      0.640191195637262   0.002935138198704419      0.266116584062116     -2.178901604417351
                1078.75     0.6145101634928507   0.002934783354504668     0.3153027049202476     -2.009423860271099
                   1079     0.5973633641345497   0.002934457249805617     0.5544868559112053     -1.445025026854521
                1079.25     0.5912392663546194   0.002934455918344794     0.6148337107451897     -1.341716740486554
                 1079.5     0.5911977722953466   0.002934148619615311     0.6289382572522505     -1.319140217325547
                1079.75     0.6210772285890407   0.002933851984477201       0.25140368569265     -2.236214454944207
                   1080     0.6061634367954847   0.002933472562713693     0.5843059936229394     -1.392978938197699
                1080.25     0.5958941515401295   0.002933118891800015     0.5900408980278533     -1.383332463475998
                 1080.5     0.5688446054541674   0.002932697322560207      1.534979746915516    -0.4273955885454529
                1080.75     0.5988062814085015   0.002932346886596133     0.5822981029628354     -1.396805033139214
                   1081     0.6004845083178714   0.002931963195572853     0.5882635188071885      -1.38674340172303
                1081.25     0.5309792380503704   0.002931909192639374      1.669642275671838    -0.3435721530470853
                 1081.5     0.5513836147200977   0.002932054208303652      1.871214021323794    -0.2295446609117777
                1081.75     0.5535089691949477   0.002931788917485959      1.761073967630224    -0.2902987421680107
                   1082     0.5927649921848462   0.002931452359570268     0.6468847167350503     -1.291924558282087
                1082.25     0.5666857486974543   0.002930992097019589      1.458606693524136    -0.4790127368121523
                 1082.5     0.5979409190880709   0.002930598003474643     0.6154618798334318     -1.342011132738659
                1082.75     0.6299437403160377   0.002930341654984734     0.2058122396890495     -2.437507324373112
                   1083     0.5884680131183934   0.002929979259348918     0.6800149686743332     -1.242480486772516
                1083.25     0.5763209941782901   0.002929629549502581      1.380010864166298    -0.5348680096169379
                 1083.5      0.581984094653783   0.002929194901904939      1.052613009599076    -0.8058321016430987
                1083.75     0.5753507882839308   0.002928739877689155      1.450179729870206      -0.48557560772649
                   1084     0.5455295426312349   0.002928399236039464      2.336913226288263  -0.008548500366051669
                1084.25     0.5889903312613265   0.002928164382795936     0.6880586760090777     -1.231340786358011
                 1084.5     0.6027478060494306   0.002927784134750994      0.597132034004218     -1.373206521403274
                1084.75     0.6167174479870892   0.002927972267428137     0.2843625086145888     -2.115030654203199
                   1085     0.6325482868522913   0.002927856227982241     0.2167996367668358     -2.386346555177398
                1085.25     0.5609850048116762   0.002927533361596611      1.210752396229457    -0.6664331689718664
                 1085.5     0.5644308705308422   0.002927348658809092      1.321774748632178    -0.5787629038995199
                1085.75     0.5469661156211979   0.002926872259702304      2.337395881394288  -0.008863559586934881
                   1086     0.5442282880818764   0.002926710848475209       2.38928431123812    0.01303772213096315
                1086.25     0.5380151937826867   0.002926422193028357      1.806428038980121    -0.2667033440874692
                 1086.5     0.5498667011544862   0.002926163963412477      2.118797414107502    -0.1072943547843875
                1086.75     0.5526311604405338   0.002925831052887888      1.912133018806448    -0.2100374190686596
                   1087     0.5849169510988234    0.00292543832320059     0.8510851116250935     -1.019634180964839
                1087.25     0.5587378985345911   0.002924962720774308       1.38523688364007    -0.5326824670562184
                 1087.5     0.5240954154464132   0.002924550010909853      1.679216160144955    -0.3403676231385612
                1087.75     0.5402300081605764   0.002924260481036842      2.067700662479457    -0.1323565422173923
                   1088     0.5463369240494899    0.00292368143790254      2.510405540189725    0.06145253571794344
                1088.25      0.533753883950505   0.002923316697784534      1.684630683325635    -0.3375701749220172
                 1088.5     0.5500244221330509   0.002922813659820252      2.204214847684558   -0.06891726095454004
                1088.75     0.5571340735125654   0.002922363822702601      1.571304714416113    -0.4075362431084555
                   1089      0.538453659313005   0.002921894554910424       1.93696330791233     -0.198481695190566
                1089.25     0.5321874017125412   0.002921608723073343      1.740169499987895    -0.3057184433579431
                 1089.5      0.533269386300208   0.002921144201399905      1.772708176559467    -0.2873515529203585
                1089.75     0.5571442559572941   0.002920663159203329      1.608316114230653    -0.3848369230593643
                   1090     0.5697215124403268   0.002920234154947813      1.633936049948844    -0.3691797010885579
                1090.25     0.5096573779507388   0.002919863025672892      2.334595127492482   -0.01246017344451849
                 1090.5      0.510253883616578   0.002919702492412425      2.450540940794597    0.03595515451796566
                1090.75     0.5601767279761618   0.002919261433245723       1.36389706996364    -0.5501586176205755
                   1091     0.5177889010622263   0.002918708329919622      2.425448486948194     0.0253222532490528
                1091.25     0.5071518041122378   0.002918238382679938      2.158119813193281   -0.09161783636187172
                 1091.5     0.4508649071453683   0.002918507796229549     0.9988247161135857    -0.8619388808601605
                1091.75     0.5460668867185485   0.002918134490127414      2.598404637361745    0.09400683179421504
                   1092     0.5379906074883523   0.002917629639986617       1.95647929784653    -0.1899172618729587
                1092.25     0.5060075063564722    0.00291711413428079      2.137757653997626    -0.1014830909098251
                 1092.5     0.4826020526429807   0.002916665238235624      2.466930090577245    0.04158005851272346
                1092.75     0.5245870230186022   0.002916296211096897      1.707528304461816    -0.3264740835847187
                   1093     0.5844266326956488   0.002915981497911752     0.9043105605554054    -0.9622113308042349
                1093.25     0.5842737208992879   0.002916349216495368     0.9362100995984918    -0.9274181593489951
                 1093.5     0.6161222516694753   0.002916743239021659     0.2968219464974535     -2.075990524720429
                1093.75     0.6034273020328286    0.00291677737550944      0.606667489922186     -1.361130425025202
                   1094     0.6211200509318155   0.002916850563325634     0.2638107078808433     -2.193854351378456
                1094.25     0.5910956132701737   0.002916727240462812     0.6993078247764269     -1.219037438007043
                 1094.5     0.6030931806774749   0.002916593959282898     0.6202707564218018     -1.339018071977473
                1094.75     0.6019383498136642   0.002916291771110635     0.6354214001834446     -1.314989372790495
                   1095     0.6062992116085202   0.002916129091856424     0.6429517499650537     -1.303263875902245
                1095.25     0.6269594645401687   0.002916265083808638     0.2182224909545417     -2.383771782030434
                 1095.5     0.6099761057852563   0.002916249114517044     0.5398008745188699     -1.478092080362246
                1095.75     0.5951762770757718   0.002916135145588038     0.6673846884909627     -1.265964858417338
                   1096     0.5865054982531862   0.002915726659639535     0.8095514976241338     -1.072991182430851
                1096.25     0.6285943604130295   0.002915573386013005     0.2201318017446474     -2.375297673586148
                 1096.5     0.6133787671187504   0.002915372476514538     0.3797564536794303     -1.830062914971505
                1096.75     0.5633641162317398   0.002914947953419839      1.322207081538038    -0.5826810260813821
                   1097      0.594455864597876   0.002914558259628032     0.6992229227182117     -1.219902765845584
                1097.25     0.6228725519133694   0.002914246797601593     0.2560267522455015     -2.224697303819936
                 1097.5     0.6174805408749352   0.002913947535498385     0.3055697026058005     -2.047904026729659
                1097.75     0.6219542551843293   0.002913674561257018     0.2759102749228923     -2.150099899305423
                   1098     0.6326381924308855   0.002913469382157749      0.228704781731173      -2.33781403402693
                1098.25     0.6198573201224216   0.002913237853083919     0.3046853763622859     -2.051045823538904
                 1098.5     0.5956284101095918   0.002912864995321155     0.6990030913365116     -1.220798345681426
                1098.75     0.6294640894239019   0.002912632731408269     0.2373041477579782     -2.301190608618856
                   1099      0.641085968214044   0.002912394681788284     0.2808771650488649     -2.132697545556621
                1099.25     0.6248324536999391    0.00291212876956644       0.26040545399615      -2.20846643726453
                 1099.5     0.5890534582841755    0.00291174562410744     0.7747092353937008     -1.118350090761552
                1099.75     0.5998130542768988   0.002911364108211091     0.6836466255539985     -1.243527749868192
                   1100     0.5542142662347223   0.002910939660513731      1.911221941152916    -0.2156166290395533
                1100.25     0.5987211057870958   0.002910587842980583     0.7039880336536296     -1.214474214698033
                 1100.5     0.5919714160044678   0.002910185564147611     0.7830025158557685      -1.10823788575785
                1100.75     0.5992075619899391   0.002909790982425285     0.7197300489985768     -1.192633180722624
                   1101      0.571462224077354   0.002909351792539718      1.638540340258996    -0.3700992490009823
                1101.25     0.5808711761242578   0.002909263031803513      1.210418466159414    -0.6729694277035188
                 1101.5     0.5566890871758273   0.002908841224113431      1.736985492354628    -0.3119294305545882
                1101.75     0.5507165652563988   0.002908424822919994      2.231408506765737   -0.06159072262545282
                   1102     0.5612747520078162   0.002908010960196915      1.375115832619997     -0.545828064636978
                1102.25     0.5478887822412607   0.002907521850922647      2.559449311585235    0.07525788067843081
                 1102.5     0.5948425898926503   0.002907178304629712      0.766763715285914     -1.130228995349057
                1102.75     0.5636202197551016   0.002906742186439881      1.402025027050818    -0.5268847928528604
                   1103     0.5955778365579874   0.002906421118659827     0.7751686202532172     -1.119587593373393
                1103.25     0.5726917997859263   0.002905934792615588      1.634572312542599    -0.3736990491536252
                 1103.5      0.612407793682387    0.00290568163688214     0.4373775491191143      -1.69212585742208
                1103.75     0.6408064688240879   0.002905507475845175     0.2854102150466531     -2.119055079775903
                   1104     0.6139588202695563    0.00290538750993801     0.3846045856400638     -1.820808109981138
                1104.25     0.6275941875749748   0.002905243341667242     0.2525081775731754     -2.241629853830371
                 1104.5     0.6068618652534826   0.002905019542334901     0.6710857329051056     -1.264253626651268
                1104.75     0.6578753776232014    0.00290477480028573     0.4545596358282593     -1.653905658904153
                   1105     0.6454217557114262   0.002905136006484631     0.3405865226828716     -1.942441236359315
                1105.25     0.6542178826769941   0.002905290618247164     0.4551143312051372     -1.652508550975332
                 1105.5     0.6623094307682899   0.002905269811412281     0.4333087716266089     -1.701613805152743
                1105.75     0.6817912109250486    0.00290534938256992     0.5653377480708975     -1.435613652539932
                   1106     0.6439847062376631   0.002905471930911539     0.3280435034718505     -1.979848577802518
                1106.25     0.6660107842591325    0.00290518374680827     0.4151757380976543      -1.74439210563315
                 1106.5     0.6652733798307974   0.002904968193774376     0.4255386376455434     -1.719812451114731
                1106.75     0.7049823108219389   0.002904916988995487      1.110110535729459    -0.7609709559745853
                   1107     0.6800708147003952   0.002904842804495872     0.5936446468328157     -1.386930462258122
                1107.25      0.676730660053206   0.002904772140001216     0.6390983729718809     -1.313177300848011
                 1107.5      0.654832213056368   0.002904468325887552     0.4751321526408472     -1.609747307109375
                1107.75      0.632854276662144    0.00290420176059237     0.2444837240498456     -2.274283332007155
                   1108     0.6816952222067062   0.002903902422006606     0.5989338904453497     -1.378383921090253
                1108.25      0.717156366917464   0.002903893245202525      2.318208876954958    -0.0249881760552717
                 1108.5     0.7375256412287686   0.002904010913831794      1.666326003294161    -0.3551213027456498
                1108.75     0.7262554780524897    0.00290420755775477      2.684627416202966     0.1218671581234702
                   1109     0.6971666316454503    0.00290412667313522      1.226460874122935    -0.6615699627433537
                1109.25     0.6972462452603827   0.002903752668971933      1.255855372152796    -0.6380145266534737
                 1109.5     0.6647019087104066    0.00290338880695793      0.436671826384601      -1.69453008924705
                1109.75     0.7019946284100648   0.002902962506565483      1.192802450013523    -0.6897980547404793
                   1110     0.7046552930556862   0.002902663659575526       1.16135859978842    -0.7166160175248467
                1110.25     0.6894367501023123   0.002902257975460679     0.9710400397716838    -0.8957338924358155
                 1110.5     0.7383810287745254    0.00290225500247591      1.603293403375827    -0.3942874500691041
                1110.75     0.7578502437949138   0.002902576785066878      1.183953815339866    -0.6973769453279455
                   1111     0.7417602131552398   0.002902668269527117      1.381670820031211    -0.5429114498826935
                1111.25     0.7886432486934104   0.002902643259485189     0.8241047171603761     -1.059671245327706
                 1111.5     0.7565242289982792   0.002902871262546635       1.25728598712327    -0.6371796057070902
                1111.75     0.7394234164277108   0.002902737293116377      1.564447793524419    -0.4186482626370164
                   1112      0.700535409716585   0.002902332685178585      1.271063808068606    -0.6264663809107153
                1112.25     0.6871711968540779   0.002902033986574844     0.8191926656520135     -1.065859474731387
                 1112.5     0.7060538684310855   0.002901744681634624      1.187667447313509    -0.6945319370562784
                1112.75       0.76238426227631   0.002901551832712403      1.171104980313037     -0.708641923423554
                   1113     0.7405124932277738   0.002901288156951274      1.519442690479548    -0.4483369157125612
                1113.25     0.7128032085192199   0.002900816437666878      1.727280675057304    -0.3202948274514058
                 1113.5       0.64729292044321   0.002900575300322153     0.3926333055273115     -1.801805433523598
                1113.75     0.6412754799365953   0.002901012226435675     0.3128188624269334     -2.028906613321332
                   1114     0.6236855079533087   0.002901286224446017       0.28087744075174     -2.136518057122583
                1114.25     0.6358114268543115   0.002901583704391008     0.2681793158897069     -2.182678102935173
                 1114.5     0.6394923698592059   0.002901681936754194     0.3102969720974738     -2.036770281256568
                1114.75     0.6692210945578126   0.002901398534993423     0.4768464361665212     -1.607203265250803
                   1115     0.6519743014134045   0.002901084600332061     0.4660118825895764     -1.630294841634045
                1115.25     0.6914029444603832   0.002900706702966964      1.137936952009031    -0.7376640330582555
                 1115.5     0.6183463623482439    0.00290045670067881     0.3265026258756057     -1.986284442972031
                1115.75     0.6348775183409734   0.002900662825621826     0.2703333694831745     -2.174995471133982
                   1116     0.6199635995109715   0.002900493779792831     0.3256606335446994     -1.988853812595981
                1116.25     0.6397857921890421   0.002900387366041927     0.3241538170899896     -1.993528191928907
                 1116.5     0.6609758158268842   0.002900043514154886     0.4832838220120393     -1.594260795696338
                1116.75     0.6307549043556056   0.002899812793398413     0.2626597923706487     -2.204084831162433
                   1117     0.6370026624831632   0.002899683093006871     0.3082170651397042     -2.044184897296442
                1117.25     0.6833404747023789   0.002899483062569978     0.6430288309287031     -1.308868613543446
                 1117.5     0.6875961916791425   0.002899115571357327     0.8921636450650787    -0.9815353523095519
                1117.75     0.7130782373306498   0.002898792325100413      1.804801700042692    -0.2770904278437834
                   1118     0.6782575184032222   0.002898528009076943     0.6637530342664307     -1.277477472743346
                1118.25      0.716347262985439   0.002898080182079811      2.294886227406911   -0.03710358299880152
                 1118.5     0.6950628020611898   0.002898251660461499      1.314070611382354      -0.59459802691867
                1118.75     0.6228495063980147    0.00289796060345933     0.3046884748145643      -2.05629353174512
                   1119     0.6088458019296928   0.002898045474791372     0.6304050204795175     -1.329191603709759
                1119.25     0.6000060629317364   0.002897932132417355       0.74606839572101     -1.160775937608252
                 1119.5     0.5560473376543038   0.002898316699357815      1.870994813638609    -0.2412349674732052
                1119.75       0.52232589807049   0.002899562207973209      1.895381516830946    -0.2278554535159201
                   1120      0.566863545154785   0.002900548516177397      1.674564761172297    -0.3513822127060774
                1120.25     0.5243010072339011   0.002901262761144427      1.824542977279534     -0.265359753397678
                 1120.5     0.5621072368536654   0.002901369190720656      1.434857130820351    -0.5055873186037052
                1120.75     0.5121090863079067   0.002901625441649928      2.701537490980393     0.1272567663792798
                   1121     0.5335595920060356   0.002902105195826917      1.819494092365793    -0.2678404683096132
                1121.25     0.5393114743455967   0.002902296624430191      2.107020652576431    -0.1210580630642581
                 1121.5     0.5864754553094236    0.00290225027753674     0.8691759289364037     -1.006558693231584
                1121.75     0.6567887647329974   0.002901979869877292     0.5092185534698925     -1.541320121412482
                   1122     0.5925379717510764   0.002901891907921053     0.8319081156314189     -1.050505738635183
                1122.25     0.5506570704481811   0.002901446264699366      2.329785407838308   -0.02084987441983197
                 1122.5     0.6401884287878313   0.002901176418571607     0.3393531658481188     -1.947432973170354
                1122.75     0.6264368142677076   0.002900971860038641     0.2872749786881346     -2.114104965780643
                   1123     0.6172427654429803    0.00290075887799496     0.3480867781930271      -1.92216644560088
                1123.25     0.6067174372856884   0.002900433088591696     0.6992819150716675     -1.224676602102274
                 1123.5     0.5463694820769094   0.002900011325299399      2.726159214339016     0.1357730169182354
                1123.75     0.5678198959664381   0.002899737602027466      1.765124229615631    -0.2989940389591593
                   1124      0.602371502002039   0.002899460501909776     0.7369745538845444     -1.172512590900398
                1124.25     0.6299808685586806   0.002899312874564366     0.2794184891428651      -2.14240625353889
                 1124.5     0.5795599015944118   0.002898955226496302      1.327857441713392    -0.5839182602180386
                1124.75     0.5860733110565102   0.002898588912559663     0.9224329541553548    -0.9483519101920077
                   1125     0.5937935790556615   0.002898186406083006     0.8367917605910706     -1.045930230658202
                1125.25        0.6403756634476   0.002897875095895242     0.3478175774278479     -1.923934759337071
                 1125.5     0.5759483905859397   0.002897554688427784       1.55029160252165    -0.4295251484589225
                1125.75     0.5502860275072228   0.002897337504756414      2.437849367391355    0.02307309454356051
                   1126     0.6352563475907718   0.002897068314031142     0.3038411935522224     -2.059386166992063
                1126.25     0.6300041088158518   0.002896877327691263     0.2884350593832946     -2.111487305298732
                 1126.5     0.6469617030869239   0.002896653415293897     0.4050916804516249     -1.771921152864737
                1126.75     0.6165674053754289   0.002896698247438568     0.3578593496095157     -1.895879057719384
                   1127     0.6338823239324931   0.002896459568284538     0.3005314692058099     -2.070549017793875
                1127.25     0.6258805987672802   0.002896149350830619     0.3082936718938749     -2.045155788252048
                 1127.5     0.6571008747423528   0.002895943202123445      0.525126113217979     -1.512641330537716
                1127.75     0.6695738804085783   0.002895995372688586     0.4945768328742646     -1.572559251181049
                   1128     0.6724093106116308   0.002895993390048748     0.5810221271307283     -1.411473608971977
                1128.25     0.6543806822823527   0.002895991338779983     0.5180335138621853     -1.526223219231682
                 1128.5     0.6242210726598741   0.002895656291336005     0.3213695896281751     -2.003787027820545
                1128.75     0.6446876131964593   0.002895444102470703     0.3861337813505628     -1.820268245980616
                   1129     0.6431480243674432   0.002895101777042266     0.3831857666112877     -1.828050473279182
                1129.25     0.6190933461972762   0.002894776637108788     0.3636768117794727     -1.880417094892446
                 1129.5     0.6229805143861897   0.002894428111066464      0.341264851525615     -1.944144227396268
                1129.75     0.5860521451484789   0.002894052380520789     0.9527649989133536    -0.9175646316097339
                   1130     0.5900627481933228   0.002893892977696691     0.8890416571959713    -0.9868439020648818
                1130.25     0.6000567116394361   0.002893644412156464     0.7905655361333599     -1.104325333920494
                 1130.5     0.6380248677536392   0.002893321524533794     0.3614416607355502     -1.887084835642346
                1130.75      0.596656790713716   0.002892967234607196     0.8323550377290838     -1.053048863721189
                   1131     0.5534919058410152   0.002892755583322918      2.222577572428574   -0.07095823484978447
                1131.25      0.574272738487856   0.002892583807336444      1.664522070856636    -0.3601471713810668
                 1131.5     0.5886060393525233   0.002892496017037793     0.9118878826932413    -0.9619537917781247
                1131.75     0.5965710681418679   0.002892122835297484     0.8604496485220553     -1.020144764447116
                   1132     0.6090489776490816   0.002891965729255619     0.6554143425782323     -1.292386567974932
                1132.25     0.6336857525151375   0.002891693580891188      0.313970765307801     -2.028448419647366
                 1132.5     0.6144158015011957   0.002891372488735317     0.4148307375394836     -1.749988767070722
                1132.75     0.6338535476553531   0.002891175438210208     0.3227247356110286     -2.001127748128918
                   1133     0.5973264946921257   0.002890810576201167     0.8763014401435097     -1.002343561250684
                1133.25       0.63974207916392   0.002890488521216964     0.3873357114239114     -1.818873327044303
                 1133.5     0.6250105784934794   0.002890204978940786     0.3378363652961147     -1.955701563248739
                1133.75     0.6509731093085075   0.002889884550260749     0.4972827317362232     -1.569215347339999
                   1134     0.6189230947214882   0.002889601842054476     0.3836222406348817     -1.828813599979448
                1134.25     0.6296674465491482   0.002889301051776638     0.3259299732905778     -1.991893467027228
                 1134.5     0.6386834073995941   0.002888967980933476     0.3880817451355598     -1.817475302642527
                1134.75     0.6256013668022744   0.002888623963975282     0.3502743804814469     -1.920093598445458
                   1135     0.5750288093252662   0.002888233476188547      1.672902756143387     -0.356630006561504
                1135.25     0.6180673541265737    0.00288797075688608     0.3942859736545343     -1.801960079017695
                 1135.5     0.5865783664906975   0.002887578842311859     0.9745913111581832    -0.8971540464888095
                1135.75     0.5281538380386066   0.002887719555468945      1.924231156331835    -0.2168417646242567
                   1136     0.6198833139811658   0.002887555560734786     0.3988426909910512     -1.790613243282589
                1136.25      0.586482602222544   0.002887174927059268      1.003550948936441    -0.8680122134185262
                 1136.5     0.6083341802558194    0.00288692447881846     0.7004609171512113     -1.227660329021535
                1136.75     0.5367431016236069     0.0028865853792607       1.96553964458001     -0.195994252954983
                   1137     0.5853688831183993   0.002886332192847667       1.07892173110538    -0.7958866588125175
                1137.25     0.5747947728146541   0.002885917884820953      1.717449096362229    -0.3311522492910448
                 1137.5     0.6314202033695218    0.00288564799019357     0.3321809098785145     -1.974161430567555
                1137.75     0.6318956240654071   0.002885788507347044     0.3406217098281898     -1.949019960200445
                   1138      0.622128128993285   0.002885483813536861     0.3881373617419209     -1.818538754094763
                1138.25     0.5929373565907096   0.002885096817076707     0.9428051298795606    -0.9311725714061555
                 1138.5     0.5882090347621053   0.002884720407737667     0.9997569686407348    -0.8726504407864171
                1138.75     0.6627347438523852   0.002884483789408591     0.4923974604706138     -1.580958450092693
                   1139      0.614242388363106   0.002884221170833074     0.4438314520281906     -1.684890858530133
                1139.25     0.6269153608492194   0.002883937741151498     0.3675485694516682     -1.873578538529804
                 1139.5     0.6134826970047278   0.002883591218041049     0.4770869318377296     -1.612855452358345
                1139.75     0.6234360300794582    0.00288328178590516     0.3918197205937723     -1.809859649783864
                   1140     0.6249591408916599   0.002882948098654461     0.3937274711147725     -1.805118253507361
                1140.25     0.7446974159253619   0.002883348785965974       1.33722255207824    -0.5822882306308308
                 1140.5     0.7425797571119055   0.002885454449485846       1.46611604160123    -0.4895361981325494
                1140.75     0.7288665154338932    0.00288655177157604      2.756030092457478     0.1420185403422095
                   1141      0.680431154422484    0.00288651278703801     0.6556058471457984     -1.293981750685341
                1141.25     0.6840060503380615    0.00288628352039895     0.7076086756361085     -1.217729723436542
                 1141.5     0.7285952159472265   0.002886117773470045      2.816676911974171     0.1636346953908066
                1141.75     0.7735369040538487   0.002887134621577656      1.393507088445716    -0.5397471781788091
                   1142     0.8133254988476416   0.002888896099911894     0.5245046569628748     -1.516261878276215
                1142.25     0.7594103108701133   0.002890613246668229      1.231806971398011    -0.6618845132893072
                 1142.5     0.8080680903639205   0.002891543211206996     0.7741359070519565     -1.126052850335561
                1142.75     0.8261137130229629   0.002893195328097696     0.7602745814817947     -1.143549441081926
                   1143     0.8208954948558992   0.002894540225370238     0.5754357128909821     -1.421636844735234
                1143.25     0.8099931405665531   0.002895564765899908     0.7111225220692293     -1.209565727986422
                 1143.5     0.8094190179974073   0.002895896705604886      0.756035260632925     -1.148207819666225
                1143.75     0.8335872287476143   0.002896171292736152      0.937671959452814    -0.9328008564807521
                   1144     0.8042054847406042   0.002896505377737522     0.8289865851513372     -1.055881700514594
                1144.25     0.8464301654528595   0.002897172325216779     0.9361872557618197    -0.9340399246553917
                 1144.5      0.808214376289055   0.002897639517986062     0.8349508164357633     -1.048321374863756
                1144.75     0.8161296351025557   0.002897415052072905     0.5050663210658144     -1.551081914105002
                   1145     0.8191738292266965    0.00289715773905869     0.5535685974198293     -1.459474796949062
                1145.25     0.7798588044363831   0.002896869496576774      1.390471746172227    -0.5385616174673832
                 1145.5     0.7134555869084191   0.002896517177734437      1.947020924141508    -0.2020258475119381
                1145.75     0.7880422326121669   0.002896284779980343     0.8589409382949985     -1.020461673152749
                   1146     0.8004409168425879   0.002895996302092279     0.8236233951042622      -1.06254806346307
                1146.25     0.8080784425819775   0.002895800548898949      0.859465809763644      -1.02001799600954
                 1146.5     0.8044745658047298   0.002895437435288835     0.8870701878159571     -0.988530333235207
                1146.75     0.7766074261306056   0.002895092504890789      1.544472751136801    -0.4341357082067719
                   1147     0.7591476241089794   0.002894704371835277      1.259603744729683    -0.6381551905654895
                1147.25     0.7686015445318467   0.002894370152714853      1.293931898304696    -0.6113822733605482
                 1147.5     0.7739222619142279   0.002893981264329522      1.492546284185505    -0.4687186315568039
                1147.75     0.8382059993648225   0.002893825965156889     0.8308209023471953     -1.054596900787855
                   1148     0.8356922423395358   0.002894046306596855       0.92182576276948    -0.9505787845369245
                1148.25     0.7901232256550134   0.002893837723041735     0.8432302836723841     -1.039766996375804
                 1148.5     0.8180482841683687   0.002893581658157033     0.5427385899097921     -1.480467793065977
                1148.75     0.7905736116402835   0.002893215142134598     0.8578563911143958      -1.02278554290761
                   1149     0.8294536448816114     0.0028928578486278      0.946356263144999    -0.9247266555977659
                1149.25     0.8285083135813379   0.002892493215127376     0.9285890608673992      -0.94380551206033
                 1149.5     0.8301922162125538   0.002892397175922634      1.007045863318146    -0.8627285746125207
                1149.75     0.8160250634935269   0.002892094432892228      0.537166859721716     -1.491300912850456
                   1150     0.8450243778776293   0.002891767123136849     0.9347668144266292     -0.937425763340004
                1150.25     0.8111859094742848   0.002891496368797286     0.7280950604253599     -1.187384881765002
                 1150.5     0.7865341062888208   0.002891098233683323     0.9314115977733715    -0.9412529176969595
                1150.75      0.835956964820307   0.002890737578682867     0.9419794254113776    -0.9300955216923293
                   1151       0.83540744394877   0.002890426673949988     0.9811206120047343    -0.8894911124433504
                1151.25     0.8057930614698005   0.002890095658877669     0.9362759965945625    -0.9363907390368541
                 1151.5     0.7893392013808364   0.002889817973344674     0.9019777111449647    -0.9738073173263064
                1151.75     0.7552911647322514   0.002889473153899581      1.379738076702169    -0.5488674952773075
                   1152     0.7555138037484119   0.002889345551943083      1.407656767168675    -0.5288788841922135
                1152.25     0.7902560282892396   0.002889126125596007     0.9114219464938221    -0.9636306055080753
                 1152.5     0.7993256508991089   0.002888734794661337      0.848865299688435     -1.034871506673997
                1152.75     0.7634967609831512   0.002888339306930816      1.263944735997077    -0.6369160868316983
                   1153     0.7842839880093286    0.00288795219797491      1.064005445807757    -0.8092471846654655
                1153.25     0.8056434626336969   0.002887591477327256     0.9555999265679728    -0.9168285473266717
                 1153.5     0.8088343429282934   0.002887211604205922     0.9187519387853499    -0.9562832874442453
                1153.75     0.8202202756402062   0.002886925661300038     0.6007139352018046     -1.381279650995271
                   1154     0.8171934001363096   0.002886610295881451     0.5674612051865772     -1.438335349896125
                1154.25     0.8365258153311291   0.002886331128296457     0.9634708131740776     -0.909062257007382
                 1154.5      0.794579565666699   0.002885977550886085     0.8605623263959506     -1.022140916573159
                1154.75     0.8100426456692591   0.002885619134167465     0.8654048549735622     -1.016653722373285
                   1155     0.7965035145730899   0.002885365102314095     0.8653687650638479     -1.016783463781437
                1155.25     0.8337665210384395   0.002884998363304102      1.063772932328534    -0.8104890714316616
                 1155.5     0.8005306167053464   0.002884687384620607     0.9007405783490688    -0.9769568167460851
                1155.75     0.7709965388506071   0.002884338138408297      1.404300714871078    -0.5330004368301979
                   1156     0.8167254537250698   0.002883998660269895      0.584154567642979      -1.41024726842578
                1156.25     0.7487205352811023   0.002883691754016425       1.37545789076425    -0.5539773433091385
                 1156.5     0.7435917426536867   0.002883817525896755      1.449531221030317    -0.5014802082040685
                1156.75     0.7746852559156651   0.002883667980700722      1.584563952390537    -0.4124630139683654
                   1157     0.7635911844159684   0.002883271042510815      1.304630800681262     -0.606989845076868
                1157.25      0.721275708800003   0.002883037233483584      2.807769446279925     0.1593993474217921
                 1157.5     0.6884162372281903      0.002884049135118     0.9979532227310451    -0.8746889811184367
                1157.75     0.6461348957924439   0.002885196275743298     0.4331172378870066     -1.708989262308503
                   1158     0.6630290096858037   0.002886967021383784     0.4997033909334144     -1.565369460002922
                1158.25     0.7018040438103779   0.002887101479747756      1.287356588222348    -0.6189913525437365
                 1158.5      0.706897361949104   0.002886845687860062      1.247823627506129    -0.6502699783486949
                1158.75     0.6897371994565878   0.002887102559588462      1.116663348554719     -0.761236852363669
                   1159      0.730224445672422   0.002886625414234545      2.830350239331639     0.1686532438439235
                1159.25     0.7132764049148942   0.002886220192153439      1.968258962935088    -0.1947382318288111
                 1159.5     0.7066051423464775    0.00288587415153111      1.269492263945455    -0.6333904815318616
                1159.75     0.6862764966274008   0.002885711919836034     0.8824859706263106    -0.9970761148736784
                   1160     0.6466481534704103   0.002885836115134288     0.4506898525655627     -1.668996554551745
                1160.25     0.6968768352468262   0.002885735365169877      1.394324720289168    -0.5396453760754295
                 1160.5     0.7466457694173853   0.002885335854267709       1.38893136142349    -0.5436594088865636
                1160.75     0.7495626901427397   0.002885060892699668      1.463647695860989    -0.4913576146899313
                   1161     0.7406086745410279   0.002884751584147032      1.641655647748134    -0.3766912986183861
                1161.25     0.7957078210899702   0.002884765684775846     0.8944726596738735     -0.983912625971235
                 1161.5     0.7571480100089385   0.002884752656528922      1.430200731894122     -0.514581394404248
                1161.75     0.7428868136431254   0.002884308712818978      1.578661833731109    -0.4159725582787782
                   1162      0.752025485953813   0.002883893198575531      1.541946680612017    -0.4396484799444354
                1162.25     0.7199983577456599    0.00288336834204254      2.793753253310204     0.1545097550676694
                 1162.5     0.7038806739120544   0.002883168625941516       1.30046770430363    -0.6102214837587961
                1162.75     0.7249991448729994   0.002882674874787388      2.913549710807126     0.1962554459975725
                   1163     0.7107324430496855   0.002882280717098173      1.631419039481628    -0.3838032538949044
                1163.25     0.6747887955493796   0.002881982776487602     0.6704478756561911     -1.273166160230442
                 1163.5     0.6760659686995626   0.002882441009935948     0.7123729291874638     -1.212351582447579
                1163.75      0.650015115701126   0.002882659889071661     0.5105558424294203     -1.545377181889642
                   1164     0.6889423808902403   0.002882511992783712      1.095501327893689    -0.7819611368687339
                1164.25     0.6738483357880133   0.002882302837620771     0.6719046359818377     -1.270884650991561
                 1164.5     0.6906378917906019   0.002882090991209447      1.240155769223446    -0.6580823013654686
                1164.75     0.6701959810806218   0.002881823861568193     0.5591304269055846     -1.454784494991616
                   1165     0.6381885364266736   0.002881831686427784     0.3932054396821346     -1.806832324956879
                1165.25     0.6777291264768873   0.002881647914541032      0.752402035040824     -1.157957516527254
                 1165.5     0.6692583065888325   0.002881356329564622     0.5466477484617669     -1.477524885608986
                1165.75     0.6598234096102946     0.0028811041640652      0.555671266743075     -1.461240158236934
                   1166     0.6163604642282555     0.0028811155868321     0.4327117419566356     -1.711341282709906
                1166.25     0.6842437604504097    0.00288096290854274     0.7956336475670948     -1.102327222077805
                 1166.5     0.6502301062476309   0.002880631525687955     0.5231554091698251     -1.521702522488797
                1166.75     0.6282006235829106   0.002880727636965892     0.3854810822088412     -1.827055609368103
                   1167     0.6684537493625948   0.002880402887797756     0.5408321762690657        -1.488551445282
                1167.25     0.6766128150442552   0.002880093759658026     0.7715778505214401     -1.133330217973807
                 1167.5     0.7109183008093258    0.00287965667049523      1.693426824452544    -0.3474101046609945
                1167.75     0.6722213499226826   0.002879408353062433     0.6677691001129183     -1.278063346391624
                   1168     0.6854482866104462   0.002879039913676299     0.8875765428709463     -0.993639003358032
                1168.25     0.6409960213965532   0.002878882517678778     0.4183867343473232      -1.74578223100713
                 1168.5     0.6863283888637376   0.002878526715231111     0.9682027462403586    -0.9068705217530812
                1168.75      0.659316204353097   0.002878185506428569     0.5716590658200735     -1.433887803734299
                   1169     0.6562681841463439   0.002877918634920914     0.5833202661360695     -1.413786927982182
                1169.25     0.7205734955352954    0.00287742422780675      2.947404597395769     0.2059851514714281
                 1169.5     0.7099830045782725   0.002877403332499721      1.610790023598049    -0.3982223394438744
                1169.75     0.6521950354084788   0.002877115231376228     0.5591189696068243     -1.456440229073453
                   1170     0.6752461860067418   0.002876855444748853     0.7787307253427954     -1.125227484535624
                1170.25     0.6769245934782709   0.002876526992077594     0.8143982537813901     -1.080557479194183
                 1170.5     0.7008806348390039   0.002876209648507179       1.39354669225801    -0.5435099551307763
                1170.75     0.6808589362815604   0.002875871203432499      0.771717143509618     -1.134616897645142
                   1171     0.6078019379128867   0.002875790711164079     0.7344600105787435     -1.184127425615654
                1171.25      0.634416616258499   0.002875772843241171     0.3659477867723128     -1.880778524442199
                 1171.5     0.6150610016220889   0.002875621914006782      0.457785235913439     -1.656921516050251
                1171.75     0.5608196010203432   0.002876001349885813      1.520919394624824     -0.456119436651203
                   1172     0.5337853508575137   0.002876854246402059      1.919907060024347    -0.2228611625019634
                1172.25     0.5052323613161793   0.002878464254573648      2.165397728304544    -0.1019744029695677
                 1172.5     0.5390276739073532   0.002879482946005774      2.193405408603501   -0.08876930017035582
                1172.75     0.5871675112043524   0.002879644063721488      1.045182137446234    -0.8299775007973043
                   1173     0.5921691914122488   0.002879273100413199      0.994081680039964    -0.8802333987803527
                1173.25     0.5761977621966278   0.002879141172922552       1.68786762073116    -0.3508773475671336
                 1173.5     0.5507370041939761   0.002878878251158597      2.486981647174455    0.03663514468140888
                1173.75     0.6203658275673469   0.002878649930953999     0.4372249890911215     -1.701821319690508
                   1174     0.6187641451114082   0.002878320562620008     0.4546346693466201     -1.662889483741076
                1174.25     0.6429950174984503    0.00287800889570869     0.4333163955802651     -1.711023775450427
                 1174.5     0.6161054491833633   0.002877731835898003     0.4673626921555094     -1.635482615888832
                1174.75     0.6327128665200226   0.002877411172035199     0.3671843789599982     -1.876835533559999
                   1175     0.6426089282000508   0.002877130175959796     0.4435670224318631     -1.687948399138916
                1175.25     0.6300842548939743   0.002876843496311282     0.3828517711900781      -1.83524906299632
                 1175.5     0.6345084363165389   0.002876505060664139     0.3888847824347172     -1.819731494475464
                1175.75     0.6316126723890373   0.002876232241162402     0.3900477051883079     -1.816840401055563
                   1176     0.6486270036953168   0.002875923422111103     0.5330469813481095     -1.504607263362218
                1176.25     0.6679380348248256   0.002875680961098529     0.5545440572047202     -1.465154881937466
                 1176.5     0.6887428144734968   0.002875664128312945      1.155772707268876    -0.7307825831247429
                1176.75      0.663799884213504   0.002875588333663447     0.5342002420103573     -1.502562596921343
                   1177     0.6474354832204489   0.002875486898174432     0.5229175698442073     -1.523944784540594
                1177.25      0.639028380506359   0.002875169016687832     0.4432623668830645     -1.689317335771165
                 1177.5     0.6587684859405691   0.002874810306689179     0.6128448464945784     -1.365492151279081
                1177.75     0.6556602606914592   0.002874640645290751     0.6146784057838642     -1.362563754632573
                   1178     0.6488648456905987   0.002874318640324333     0.5627667076372095     -1.450909821631295
                1178.25     0.5501413537969985   0.002874234152518456       2.59388864815209    0.07710905255010345
                 1178.5     0.6604326351327918   0.002874050389726164     0.6198452097964394     -1.354398536027511
                1178.75     0.6200029859149735   0.002873720917821017     0.4671670734584003     -1.637296011936657
                   1179     0.6235548282596004   0.002873398657632904     0.4325304305749984     -1.714442427708307
                1179.25      0.621328812956664    0.00287316698311281     0.4709527372041205     -1.629417998574295
                 1179.5     0.6166012636573722   0.002872818965419317      0.492691674944558     -1.584413303509957
                1179.75     0.6351864993047583   0.002872526924692983     0.4131973120871114     -1.760473305671221
                   1180     0.5669763368410674   0.002872224561389117      1.779792790675349    -0.3002515769351131
                1180.25      0.567207958216088   0.002872335349384046      1.833327966791193     -0.270577076921486
                 1180.5     0.5953929627312885    0.00287224666709095     0.9480807804019281    -0.9300563973529836
                1180.75     0.7063886426758935   0.002872298413620818      1.402657263131573    -0.5383543298020389
                   1181     0.7471612918004999   0.002873053991404705      1.482973796390325    -0.4824103965710468
                1181.25     0.7675775284689805   0.002874776160428497      1.367285446449463    -0.5630332005126006
                 1181.5     0.7765847094401075   0.002876049198689085      1.654803437202143    -0.3717355836949123
                1181.75     0.8051833100947243   0.002878278789524813       1.00064265095097    -0.8740004452564984
                   1182      0.705031126506957    0.00287899402209546      1.403492292863082    -0.5354308020770763
                1182.25     0.7431375096263253   0.002878705693728296      1.609363851251352    -0.3986556040577104
                 1182.5     0.7688273312396282   0.002879051491635828      1.421043350075374      -0.52298311064945
                1182.75     0.8471849497903055   0.002880635551634488     0.9700701690774436    -0.9042112861510249
                   1183     0.8256772170330765   0.002882388096996038     0.7936618757774074     -1.104313969442363
                1183.25     0.8139595404278231   0.002883516182996428     0.6350462326095753     -1.326882391905545
                 1183.5     0.8257913595072915   0.002884282108414106     0.8219873281773201     -1.068589629555218
                1183.75     0.8543798858826168   0.002885647344913635      1.023190029079124    -0.8491608785879745
                   1184     0.8466236320098507   0.002887008469801501     0.9876301161216584     -0.884061556034636
                1184.25     0.8830124926500842   0.002888023587017793      1.985748270741079    -0.1852671688143151
                 1184.5     0.9240941306922511   0.002890485540011905      1.936585631237187    -0.2094844292351425
                1184.75     0.9005073296902069    0.00289222594752142      1.778153208386817    -0.2942336307223237
                   1185     0.8057735765084416   0.002892621154990041      1.026902878494602    -0.8431249393315143
                1185.25     0.8542859195060555   0.002892309326081145       1.03966003904392    -0.8308863307755423
                 1185.5      0.821365984145651   0.002892094462031983     0.6514117261583301     -1.298467780605888
                1185.75     0.8436592095338826   0.002891826923648028     0.9345381190902058    -0.9376497688718369
                   1186     0.8138446381376064   0.002891504996509794     0.6548572243530395     -1.293396281338687
                1186.25     0.8117422114329061   0.002891134783453848     0.7902263744795978     -1.105622103663878
                 1186.5     0.7896563109822895   0.002890945613921269     0.9502774069997564    -0.9212530417489757
                1186.75     0.7920962851236282   0.002890608526480936     0.9540023574745848    -0.9174574563923044
                   1187      0.784217534544538   0.002890221233447498      1.088262937101952    -0.7859195228309922
                1187.25     0.7767153994568927   0.002889944628887724      1.680641275077025    -0.3514225884343751
                 1187.5     0.6933987359000451   0.002890087288558755      1.407126649521383    -0.5289988694805552
                1187.75     0.7078712402399719   0.002890506888700998      1.508197383683832    -0.4594883299419437
                   1188     0.6977421485680655   0.002890797102787278      1.464922343538672    -0.4885008513095422
                1188.25     0.6961476535290881   0.002891118581878775      1.496330098057789    -0.4671763739722444
                 1188.5     0.6436413932188627   0.002891662832540189     0.4745956350587632     -1.615295783634471
                1188.75      0.592036507508648   0.002893979396827992      1.027134071007315    -0.8424303851613517
                   1189      0.623289005747788   0.002896340270205066     0.4523212337519699     -1.661750055950859
                1189.25     0.6757423269610432    0.00289690415099523     0.8225915256833544     -1.063488255232528
                 1189.5     0.6184070613658835   0.002897629091922796     0.5106736222552974     -1.539967111493046
                1189.75     0.6730535035591614   0.002897902573237101     0.7480479894240122     -1.158136284127066
                   1190     0.6738020275318793   0.002897562972867223     0.8007853633711669     -1.090127661901545
                1190.25     0.6322255751704068   0.002897538971922666     0.4048519268103567     -1.772207507969904
                 1190.5     0.6061855201782028     0.0028983904234784     0.7665158903623055     -1.133579656055405
                1190.75     0.6170500686529137   0.002898973405105751      0.512550011851942      -1.53583567530642
                   1191     0.6507173108164443    0.00289930177185706     0.5911681189276229     -1.393020259918139
                1191.25     0.6289854663930258   0.002899010095198093     0.4222278753121591     -1.729676152317293
                 1191.5     0.6747998152819489   0.002898823128624911     0.8572831471594352     -1.021517547381456
                1191.75     0.7039863025362598   0.002898416800995949       1.44402453096246    -0.5002366770035984
                   1192     0.6676425621823355   0.002898100386678022     0.5777778840743187      -1.41634564724806
                1192.25     0.6574593078268564    0.00289777360618009     0.6477152932585898     -1.302196684054939
                 1192.5     0.6316642680840296   0.002897454975476537     0.4212334147105533     -1.732570775438165
                1192.75     0.6421665952156091   0.002897349233815457     0.4771618947471801     -1.607938544767665
                   1193     0.6437854084436464    0.00289711801903134     0.4995380103212295     -1.562190493489319
                1193.25     0.6930676605336914   0.002896767397527308      1.467118632085842    -0.4849395749775159
                 1193.5     0.6177121993686171   0.002896481403878102      0.528542956166334     -1.505969868996799
                1193.75     0.6660509169774279   0.002896221581378594     0.5642159691367648      -1.44074655503397
                   1194     0.6157587938286123   0.002896040039025312     0.5247968495279155     -1.513235107256272
                1194.25     0.6612634964221225   0.002895716438114897     0.6280795123881068     -1.333691316489734
                 1194.5     0.6646658277183003   0.002895395497889892     0.5839375851645664     -1.406674823523256
                1194.75     0.6767811270888932   0.002895090845092115     0.9040390325171511    -0.9697016141870137
                   1195     0.6816565866855345   0.002894746056533228     0.7965640945996838     -1.096385656093451
                1195.25      0.652162232633463   0.002894438351198254     0.6191299724047306     -1.348484333813137
                 1195.5     0.6281058186701606   0.002894141558278105     0.4407333096291854     -1.688462147877659
                1195.75     0.6559769717604005   0.002893839775900161     0.6683967693256312     -1.272124416034878
                   1196     0.6532259435337789   0.002893565237669516     0.6523236992689604     -1.296560343682728
                1196.25     0.6184889856999211   0.002893355217104691     0.5514607753385932     -1.464603125677792
                 1196.5     0.6988547880278553   0.002892988752448673      1.534935100885189    -0.4410571240303114
                1196.75     0.6672754826317739   0.002892765061370184     0.6136621087872955     -1.357933363138124
                   1197     0.6734960668495794   0.002892379916071006     0.8503551150682988     -1.031856933464767
                1197.25     0.6765941990006699   0.002891992412271818     0.9585049572966843    -0.9122702267386973
                 1197.5     0.6764091239181105    0.00289159775237282     0.9787345542291023    -0.8915209708310096
                1197.75     0.6584595063649082   0.002891301807754317     0.7062078835256922     -1.217974141792416
                   1198     0.7120608377679126   0.002890960683208296      1.941898115025048    -0.2065805949856558
                1198.25     0.6334292292157478   0.002890704776315673     0.4338202380682379     -1.705460051812095
                 1198.5     0.6746803243753883   0.002890556804351739     0.9577617915810157    -0.9135423970503387
                1198.75     0.6946748465177893   0.002890147894296639      1.556261439662278    -0.4282412554550949
                   1199     0.6808473193122135     0.0028897952665777     0.8634773074718581     -1.017437366606803
                1199.25      0.673143034808889   0.002889482106024909      0.904234185204663    -0.9714249764686448
                 1199.5     0.6512696379789197   0.002889126116441727     0.6553468744968287     -1.293471892354475
                1199.75     0.6704122313144822   0.002888833551787766     0.7615189880833301      -1.14342272925828
                   1200     0.7131754241473718   0.002888387144737619      2.130178112601159    -0.1149315006599515
                1200.25     0.6657069829468352    0.00288807533009423     0.6264039443207839     -1.339004895756963
                 1200.5     0.7259978233087268   0.002887629462708193      2.960620445834157     0.2139994041046754
                1200.75     0.6980974378812427   0.002887317280844968      1.597128811012867     -0.403300044176208
                   1201       0.71314701480915   0.002886940936718639      2.170307377332322   -0.09676911458374646
                1201.25     0.6504911064262844   0.002886645915590789     0.6610042295515896     -1.285735157906509
                 1201.5     0.6730687600831575   0.002886326213017971     0.9376469998216085    -0.9362326094900039
                1201.75     0.7218965914971361   0.002885991470244631      3.044664584997259     0.2414238844104229
                   1202     0.7200797385992203   0.002885509925346112      3.013409112934955     0.2309383056543775
                1202.25     0.7837696440427184   0.002885836539636009      1.145749598288663    -0.7359614492860814
                 1202.5     0.7722688517292946   0.002886621799771797      1.551760131253285    -0.4323586165654352
                1202.75     0.7433247216514478   0.002886459741047178      1.618927308074892    -0.3900408402479966
                   1203     0.6543071500360007   0.002886268985409037     0.7042588046150686     -1.222480073400091
                1203.25     0.5776225650287051   0.002887324784384457      1.613519240836785    -0.3930873121385669
                 1203.5     0.6431912677861229   0.002887541570610582     0.5099618255309576     -1.544849298230901
                1203.75     0.6543165984705883   0.002887580643113201     0.7237155682354171     -1.194773184289257
                   1204     0.6161004335957458    0.00288746571861434     0.5484924192900206     -1.472037979486472
                1204.25     0.6221461684324771   0.002887539410916492     0.5075399213588794     -1.549610546584858
                 1204.5     0.6404823950424092   0.002887460549875479      0.501581576269483     -1.561446969647508
                1204.75     0.6494981784396622    0.00288711211329962      0.677441266436059     -1.261011050583541
                   1205     0.6301719752417108   0.002886955331811246     0.4454667051377175      -1.68026570518512
                1205.25     0.6068172547258227   0.002886707562876257     0.7764218765136846     -1.124778012898797
                 1205.5     0.6165038486739844   0.002886881431685515     0.5695007326050978     -1.434653742347211
                1205.75     0.6098805850800411   0.002886690185039643     0.6932218199321319     -1.238130026169456
                   1206     0.6334806623355261   0.002886598088364009     0.4501357174992712     -1.669962833297197
                1206.25     0.6379245490076837   0.002886274592796139     0.4860605641927082     -1.593290805598808
                 1206.5     0.6365093369657383   0.002885978393504513     0.4810781146080396     -1.603697010721945
                1206.75     0.5802732330143608   0.002885704914732945      1.438278615566138    -0.5086191621176825
                   1207     0.5968435170507786   0.002885627987514191     0.9344188716458207    -0.9399232837435925
                1207.25     0.5971356025206335   0.002885490631967183     0.9515934891647384    -0.9217577567477132
                 1207.5     0.6000558816243744   0.002885246505035338      0.891708537285046    -0.9868409744814208
                1207.75     0.5393432794664229   0.002885222714566651       2.23859787416451   -0.06638354750873668
                   1208     0.6006387164639452   0.002885434404570848      0.891362301546422    -0.9871642112763112
                1208.25     0.6007699107466158   0.002885061163080274     0.9074825358513779    -0.9693702199174694
                 1208.5     0.5951035984198184   0.002884749958208892      1.028217388744298    -0.8445705238253743
                1208.75     0.5868696250790317   0.002884382166119625      1.093086815426914    -0.7835190049801748
                   1209     0.6402175673004049    0.00288406942120222     0.5312790551878919     -1.505100940593782
                1209.25     0.5829932608545265   0.002883701770123844       1.28253102639712    -0.6239250672072154
                 1209.5      0.610582029487274   0.002883369894180991     0.6768678707635054     -1.263154844357026
                1209.75      0.580271987642328   0.002883126394603829      1.492678712528857    -0.4723878042114772
                   1210     0.6008270703032373   0.002882750849283619     0.9337330501995821    -0.9416550635767281
                1210.25     0.5843069574261198   0.002882391571458527      1.261186832183167    -0.6411617985211762
                 1210.5      0.577709892247713   0.002882130306684526      1.715735542408653    -0.3334637758511574
                1210.75     0.6093894349666478   0.002881831687183494     0.7512198758588273     -1.159466160906899
                   1211     0.5861606882358789     0.0028814524487957      1.194592320976285    -0.6957359000570611
                1211.25     0.5264425069019636    0.00288133407249374       1.91521927386133    -0.2237498368479451
                 1211.5      0.582449691033048   0.002881232456170134       1.42211126118407    -0.5214746529128477
                1211.75     0.5673353648524371   0.002880888227613162      1.842711040201087    -0.2624988251354149
                   1212      0.569827193056431   0.002880465789497437      1.947078985803077    -0.2075530557036055
                1212.25      0.551644393421533   0.002880098808375141      2.485265506418965    0.03636873673546103
                 1212.5     0.5147728729871852   0.002880387907520331      2.738195012384862     0.1333885611529015
                1212.75     0.5667314128876314   0.002880052913506702      1.870695772009939    -0.2477162637746356
                   1213     0.5273287335851413   0.002879759583224768      1.962968398069556    -0.1996707337697831
                1213.25     0.5498977063325532   0.002879382572360157      2.673399055840929     0.1090912411962523
                 1213.5     0.5887716657515663   0.002879000893878555      1.128738201338414    -0.7532916678076544
                1213.75     0.5801933281918228   0.002878565085218204      1.599802639945295    -0.4046631554660696
                   1214     0.5554683333213715   0.002878083969597942      2.146231920075687    -0.1109968691127322
                1214.25     0.5688480719561999    0.00287765161508095      2.015171084087982     -0.174156715620165
                 1214.5     0.6003885039405336    0.00287732906833269     0.9678625053127545    -0.9076381475072498
                1214.75     0.5556884942264447   0.002876871087527081      2.162280738709149    -0.1039685249639149
                   1215     0.5382018365558151   0.002876616697543635      2.178286443222195   -0.09668198448220702
                1215.25     0.5298751417337429    0.00287625395733631      2.005073636724731    -0.1796658378948203
                 1215.5     0.5380015432600443   0.002875990139489256      2.211696913788189   -0.08167829626642865
                1215.75     0.5597621837211398   0.002875566617519173       1.64417983222424    -0.3783439459234239
                   1216     0.5387821418153903   0.002875103833857233      2.327996715698077   -0.03073845395106178
                1216.25     0.5266521388136256   0.002874712187171536       2.02818622340828    -0.1687408946784706
                 1216.5     0.5617627142939373   0.002874286275007366      1.568014081753668    -0.4262210689016137
                1216.75     0.5432448851319197   0.002873795723921155      2.742226291999039     0.1325684509171983
                   1217     0.4954067774538819   0.002873393989658376       2.47087269993005     0.0282299511634336
                1217.25     0.5021875036002009   0.002873394854143584      2.192800686503573   -0.09116157694685111
                 1217.5     0.5253820803749415   0.002873086290156708      2.027794088366118    -0.1695000021128167
                1217.75     0.4811122663302581   0.002872702984962219      2.502857605202451    0.04085115157887548
                   1218     0.4852855084121022   0.002872843108459586       2.42546953632472   0.009491935662144121
                1218.25      0.502022333735648   0.002872578853958866      2.238693301450411   -0.07073283297259372
                 1218.5     0.5017754475644614   0.002872212092607554      2.286787373125032   -0.04960492714035195
                1218.75     0.4965121604906134   0.002871824295286411       2.44486847694736    0.01710343685540052
                   1219     0.4504459495619012   0.002871757086022179     0.9865086217992282     -0.890494508996319
                1219.25     0.4623388840595502   0.002871619727428806      1.733257180411083    -0.3269567256468428
                 1219.5     0.4926345790997102    0.00287126220528243      2.829276800082473     0.1629374944375595
                1219.75     0.5005875049760156   0.002870796643861152      2.356831940167899    -0.0199274762655271
                   1220     0.4911745039241419   0.002870273993607717      2.896392916310868     0.1860382714547792
                1220.25     0.4980961994228924   0.002869826073339657      2.454986402351675    0.02053728602751128
                 1220.5     0.4695285259063207   0.002869408336404845      2.123452933513072    -0.1246860028571176
                1220.75     0.4920923568461665    0.00286894443667356      2.971271271047019     0.2110987058838859
                   1221     0.4333518201566806   0.002869150555353145     0.2845592098005617     -2.134633278802506
                1221.25     0.4471496534018013   0.002869108257235943      0.896135104992178    -0.9874981835846638
                 1221.5     0.4744520931831692   0.002868649959520617      2.571814748248548    0.06661793640177448
                1221.75     0.4204596101515616   0.002868769725626327     0.1457595486993021     -2.803749033585223
                   1222     0.3983010755083732   0.002869069585339108    0.06479016768524751     -3.614448992228158
                1222.25     0.4494267079271916   0.002869307117655612     0.9875601685859272    -0.8902826384026766
                 1222.5     0.4489806023537634    0.00286895447584158     0.9949680692210283    -0.8829323270632198
                1222.75     0.4391588771550506    0.00286875749497467     0.5591680209009505      -1.45926163223525
                   1223     0.4150720478754273   0.002868652581734976     0.1104247094374739     -3.081414279758625
                1223.25     0.3914005782667124   0.002868701380504411    0.08209258282702829     -3.377883525806549
                 1223.5     0.4319957539831187   0.002868540313665145     0.2604421606737483     -2.223406538282574
                1223.75     0.4310928805024211   0.002868300364132575     0.2539886292670053     -2.248581495661009
                   1224     0.4429245239325533   0.002868008029814812     0.7667802828186795     -1.143772621960539
                1224.25     0.4295454279476077   0.002867704345922798     0.2469890488881195     -2.276734812352593
                 1224.5      0.442056754480802   0.002867354622783977     0.7450901716791408     -1.172695524382218
                1224.75     0.4051193254828204     0.0028671179542094     0.0698843395380013     -3.539441730457326
                   1225     0.4291854620485037   0.002866971883567876     0.2502200815784003     -2.263993404888515
                1225.25     0.4132880184598097   0.002866902420236812     0.1018175185968074     -3.163176313224627
                 1225.5     0.4362750256540618    0.00286660413129714     0.4326052399668409     -1.716636915875322
                1225.75     0.4070336866800058   0.002866516795564167    0.07367047208812806     -3.486890940312301
                   1226         0.431390629898    0.00286622348018634     0.2777354989263109     -2.159926120965018
                1226.25     0.4471865126782649   0.002865915925678346     0.9791113481632139    -0.9000572751428446
                 1226.5     0.4696213568911903   0.002865504347095598      2.211833387604797   -0.08526923193951344
                1226.75     0.3862026597211533   0.002865340478063601     0.1211139125823875     -2.990171929089944
                   1227     0.4400464280927595    0.00286502991577315     0.6733152249318652     -1.274798242122402
                1227.25     0.4582369309568558   0.002864674384077474      1.302753780505485    -0.6149003553320002
                 1227.5     0.4184327130797635   0.002864422187398587     0.1350734846665606     -2.881405030497114
                1227.75     0.4812943931047416   0.002864148965112773      2.607223412389743    0.07872172634487205
                   1228     0.5030688275209311   0.002863864485997966      2.385279179922305   -0.01034725705967356
                1228.25     0.5061701091009168   0.002863845201586514      2.358220312962086   -0.02176293496528457
                 1228.5     0.5225338849697382    0.00286397834650702      2.063129869365899     -0.155399490453378
                1228.75     0.5091620553047459   0.002863891378182503      2.582917185957283    0.06926541142288158
                   1229     0.5061948833721647   0.002863809815444569      2.453461376052999    0.01781731295027003
                1229.25     0.4955071353596475   0.002863638689958686      2.764511731673451     0.1371217531154836
                 1229.5     0.5030246962358107   0.002863391907363104      2.558745826902882    0.05968876802821838
                1229.75     0.4479838484335648   0.002863055194743766      1.022668021628129    -0.8575311384230431
                   1230     0.5066929018988818   0.002862670152534625      2.554259943298624    0.05768197761574519
                1230.25     0.5131858909915649   0.002862185320978488      2.881666574630904     0.1781188670722664
                 1230.5     0.4858855713553408   0.002861690087327035      2.563141674872705    0.06081074998616298
                1230.75      0.501724007019239   0.002861300923054382      2.668778615516347     0.1010619472324075
                   1231      0.484144751583816   0.002860804519247599      2.619366268422891    0.08219992918582171
                1231.25     0.4961539802374288   0.002860301283079505      2.778127172786772     0.1408686220848508
                 1231.5     0.5102281408549575   0.002859817617933644      2.849031650511554     0.1659016548817853
                1231.75     0.5051411779614463   0.002859383733107719      2.675774510930955      0.103009636157548
                   1232     0.5189459634279172   0.002859036077811595      2.438596892350539    0.01007199931939878
                1232.25     0.4985939441695306   0.002858559389189001      2.730258188685222     0.1228786044303498
                 1232.5     0.5194657937064884   0.002858179666171193      2.422051848160932    0.00296463114416891
                1232.75      0.542801959575661   0.002857830592320506      2.786325401558533      0.142951107461132
                   1233     0.5373479917741366   0.002857544654007843      2.302551635478419   -0.04785470451596383
                1233.25     0.5728244814631478   0.002857560669177386       1.95829653803743    -0.2097920326401339
                 1233.5     0.5850586028199468   0.002857623175395842      1.336312949154934    -0.5919308499367574
                1233.75     0.6380284460408763   0.002858670489229671     0.5228155355022645     -1.530005291631399
                   1234     0.6309343781780326   0.002860085580395232     0.4681009259236608     -1.640055167790223
                1234.25     0.5991557686161403   0.002860653130618033      1.029105743773803    -0.8520951814485053
                 1234.5     0.5144339157869261   0.002860324339641656      2.978347895596176     0.2104684104441908
                1234.75     0.5074892681484799   0.002860061708732433      2.751583540746908     0.1311844172699738
                   1235     0.4706752986022224   0.002859738525903339      2.356427607832057   -0.02395841991236802
                1235.25     0.4506566154476537   0.002860663420264503      1.107635014583901    -0.7785546748609319
                 1235.5     0.4228639385317681   0.002861430191140825     0.1866825865041055     -2.558859298799751
                1235.75     0.4134544932494562   0.002862615802580896     0.1071197792488221     -3.113907178031178
                   1236     0.4273113818007105   0.002863349681431524     0.2526733556321287     -2.255500914862635
                1236.25      0.505024950525639   0.002863163823046322      2.773093952104863     0.1400555295773567
                 1236.5     0.4354685326649513   0.002863034406239362     0.4058424357252409     -1.781743603219733
                1236.75     0.5000297079349084   0.002862585437930901      2.823613673517388     0.1579073620994637
                   1237     0.4444188737511019   0.002862279733215902     0.9196885963989376    -0.9639370943454397
                1237.25     0.4266376077052644   0.002862561942831362     0.2530120820527104     -2.254436390940548
                 1237.5     0.4172287862729204   0.002862619745946074     0.1327205487325525     -2.899607660703321
                1237.75     0.4332106239007019   0.002862757142055241     0.3276438316789151     -1.995878306246068
                   1238     0.3990313162164769    0.00286288300996201    0.06831183771893763     -3.563678408187755
                1238.25     0.4302208301868012   0.002863292662993159     0.2867543091110435     -2.128992615046221
                 1238.5     0.4092540491609343   0.002863261842156828    0.08449615096575522     -3.350923179914129
                1238.75     0.3957591923683864   0.002863241370612201    0.06948789319360361     -3.546483773549458
                   1239      0.437341110362363   0.002863091557867047     0.5329518982232407     -1.509257463583078
                1239.25     0.3970137200251865   0.002862984785949342    0.07027648782727415     -3.535288641592231
                 1239.5     0.4652770065641238   0.002862637441884832      2.057386168735755    -0.1586556533967928
                1239.75     0.4235454405284512   0.002862404812320413     0.2117539731811978     -2.432503429846873
                   1240     0.4157312739742456   0.002862172369130056     0.1274947233963932     -2.939934756993774
                1240.25     0.4495940454818339   0.002861806432778551      1.117052602208185     -0.769688706085596
                 1240.5     0.4334499925267874   0.002861510784427639      0.352076179976036     -1.924393337508962
                1240.75      0.434676254754587   0.002861244726970558     0.4045217276406457     -1.785628442502399
                   1241     0.3920542174035785   0.002861058187051363     0.0839451175423758     -3.358235867149163
                1241.25     0.4209748335503132   0.002860836192215142      0.173529355723334     -2.632129902413912
                 1241.5     0.4035561486358329   0.002860728621298192     0.0751483063948917     -3.469050707046996
                1241.75     0.3997261490764093   0.002860516615347975    0.07495297455008754     -3.471727487596842
                   1242     0.3994665962143139   0.002860304987844777    0.07662473040684732     -3.449742507581782
                1242.25     0.4002232488510362     0.0028601859518428    0.07972498221283944     -3.410121011105491
                 1242.5     0.3751648875744624   0.002859968152313367     0.2370618696200782      -2.32045899220925
                1242.75     0.3762621789508648   0.002859787881954863     0.2180911803122348      -2.40392995315112
                   1243     0.4011055182587216   0.002859598625101583    0.08269730629190625     -3.373722338176192
                1243.25      0.407671588298253   0.002859361365997425    0.08143090834762672     -3.389237430078146
                 1243.5     0.4097399960491347   0.002859070660770516    0.09298669690788787     -3.256637574580342
                1243.75     0.4076983807301967   0.002858835290628778    0.08621225109153949     -3.332364049289694
                   1244     0.4111680814653946   0.002858581968454842     0.1053457490830996      -3.13201716607637
                1244.25      0.409463996029531   0.002858292083346404    0.09876719702738677     -3.196600833210568
                 1244.5     0.3948021542601859   0.002858020379222083     0.0790152695276255     -3.419820312719706
                1244.75     0.4465972314455277   0.002857669413036137      1.051407322135663    -0.8316993871209462
                   1245     0.5059555847626016   0.002857791762795921      2.827901451446982     0.1577487529217731
                1245.25      0.450615526525284   0.002857836965843411      1.167756081784415    -0.7266863012103643
                 1245.5     0.4950069887004762    0.00285765065391498      2.937415109277427     0.1956944549022815
                1245.75     0.4526352826601341   0.002857414191285264       1.21834923058435     -0.684421423010847
                   1246      0.505716576050141   0.002857681955201477      2.896214097283923     0.1815798286735277
                1246.25     0.5107291966650281   0.002857792813909117      3.066283514572697     0.2386804674189802
                 1246.5     0.4796013033817529   0.002857586076146144      2.645094992988857    0.09084885519973591
                1246.75     0.4182946023377286   0.002857313896182576      0.150868336465998     -2.773301142852454
                   1247     0.4132399013115697   0.002857151717577656     0.1212582288333204     -2.991843021912817
                1247.25     0.3985908938999024   0.002857042955349287    0.08127979298610463      -3.39190604657656
                 1247.5     0.4090892013438937   0.002856873002147844     0.1007519270050084     -3.177201643705907
                1247.75     0.4201012604394264   0.002856618165271608     0.1700410112137708     -2.653912525870793
                   1248     0.3971928363790349   0.002856381377332485     0.0818049289589769     -3.385697572681769
                1248.25      0.469386586464817   0.002856019435258361      2.300687165413228   -0.04919866735747765
                 1248.5     0.4060642788799902   0.002855823627390794    0.08930097803783064     -3.298217914191218
                1248.75     0.3861210524130222   0.002855608125632878     0.1231598782358565     -2.976822483200483
                   1249     0.4343157908817679   0.002855342403898675      0.397505378098045     -1.805190410701108
                1249.25     0.4063306662757966    0.00285506528027391    0.09276697357563909     -3.260405245393431
                 1249.5     0.4097178256708526   0.002854875809012795     0.1101205308274177     -3.088986798340542
                1249.75     0.4237557421781417   0.002854585725788621     0.2259602854239811     -2.370304658345709
                   1250     0.4144583308863023   0.002854317451252939     0.1352576086021693     -2.883576726596435
                1250.25     0.4093992568825277    0.00285408043653473     0.1122736706498452     -3.069901560515733
                 1250.5     0.4126389980275525   0.002853821147336285     0.1314997624226231       -2.9119267470715
                1250.75     0.4218439285250792    0.00285353196847898     0.2007256555317372     -2.489094049671018
                   1251     0.4370844722689832   0.002853206227552921       0.54159011420082     -1.496637819186446
                1251.25     0.4114794494109092   0.002852932978164586      0.130481315554498     -2.920013020805609
                 1251.5     0.4147307684026329   0.002852643957115846     0.1473883264064125     -2.798273593341121
                1251.75     0.4345548254281596    0.00285233237787806     0.4285248005324058     -1.731104990027445
                   1252     0.4304475204645821    0.00285203456585287      0.323331637376193     -2.012879481810021
                1252.25     0.4730222018563144   0.002851589156235417      2.723147421079376     0.1178294262412526
                 1252.5     0.4431899359563932   0.002851382885564496     0.9103544566091539    -0.9779525057093429
                1252.75     0.4402281147741997   0.002851091947756865      0.753079807083941      -1.16771737358796
                   1253     0.4801046000889166   0.002850841704714108      2.743079710434329     0.1248601940227043
                1253.25     0.4790612294879375   0.002850406198576301      2.778816347462069     0.1376512099236374
                 1253.5     0.4511387027284123   0.002850111875107443      1.240963895163463    -0.6685887023662902
                1253.75     0.4469818384433362   0.002849758277332244      1.170761896608632    -0.7269464564879671
                   1254     0.4726280550352375   0.002849348305326961      2.765320037516914     0.1324113147908334
                1254.25     0.4731979142422733   0.002848888402746211      2.862463575160287     0.1667761652798495
                 1254.5     0.4644999814592768   0.002848477928661374      2.069804057922581    -0.1575966264686894
                1254.75     0.4559041810201931   0.002848092576015719      1.285317133032293    -0.6341803800810056
                   1255     0.4508853448831285   0.002847742840607065      1.289899107691604    -0.6307446637926395
                1255.25     0.4822895724689574   0.002847231931680155      2.846986908420227     0.1607731174177432
                 1255.5     0.4592461678762926   0.002846930467431118      1.456649167912571    -0.5094552703689398
                1255.75     0.4506603095601694   0.002846555150567094      1.321849400535724    -0.6066940016268628
                   1256     0.4595851706613754   0.002846152742041683       1.52874325129657    -0.4614212020211412
                1256.25     0.4711503827675779   0.002845705192158368      2.716777761950319     0.1134220765292813
                 1256.5      0.445483150560851   0.002845320369184839      1.151383286778092    -0.7451956161327947
                1256.75     0.4533760985702552   0.002844926687950574      1.367643398953126    -0.5732089523068928
                   1257     0.4859019802081463   0.002844432533719101      2.709870457995101     0.1104290562893694
                1257.25     0.4593895944912962   0.002844029168766791      1.544460887456153    -0.4519386853244328
                 1257.5      0.456401286678093   0.002843622761690255      1.413064497043732    -0.5409957550569499
                1257.75     0.4719890962386165   0.002843104408369622      2.882131199914304     0.1715912144063207
                   1258     0.4485051085583566   0.002842726209266162      1.341364213266405    -0.5933846725023998
                1258.25     0.4767720426336973   0.002842238229033304      2.956981124561593     0.1969253453780355
                 1258.5     0.4751750431892213   0.002841704903927931      3.109574408453414     0.2470546982510107
                1258.75     0.4695976747578396   0.002841237586900989       2.62997416333228    0.07937838684383261
                   1259     0.4716347635018202   0.002840727118442818      3.017348170201097     0.2166030405694258
                1259.25     0.4646418713986468   0.002840253727967757      2.172480319926075    -0.1120724543476604
                 1259.5     0.4425764571139101    0.00283991297045015      0.953187235938632    -0.9360058798577645
                1259.75     0.4536019988132523    0.00283951773052772      1.431984500108272    -0.5291398936661488
                   1260     0.4684040099353471   0.002839023140759878      2.561709247076696    0.05229937605979583
                1260.25     0.4351120018796954    0.00283871746865559     0.4743382158793931     -1.634317684250742
                 1260.5     0.4675920262285154   0.002838270401607657      2.514119388674035    0.03328208894129994
                1260.75     0.4777785485579741   0.002837831367679016        3.0431462133734     0.2240967136399881
                   1261     0.4940731908303421     0.0028373035021402      3.077564457436061     0.2351572909012111
                1261.25     0.4343147208768077   0.002837029110218718     0.4510078118874832     -1.685348564439154
                 1261.5     0.4581648250846979   0.002836679450816801      1.520520264545969    -0.4701486464995514
                1261.75     0.4558596033232134   0.002836273688793111      1.488499554227702    -0.4915756515321787
                   1262     0.4880509474301759   0.002835788247735254      2.853381472488002     0.1589893498467707
                1262.25      0.456306604441492   0.002835402580107185      1.524621712398061    -0.4679051102505903
                 1262.5     0.4767150505386794   0.002834875902568638      3.198459280512265      0.272832019138731
                1262.75      0.462885207513748   0.002834474364455917      2.071745956431644    -0.1615871431512718
                   1263     0.4815711079893998   0.002833961244876152       3.03903507509258     0.2213801588796485
                1263.25      0.447701123194116   0.002833631494406372      1.348402594682218    -0.5913556315032642
                 1263.5     0.4887816325417571   0.002833121546629542      2.991890780776781     0.2054493167228089
                1263.75     0.4312727420036219   0.002832846261256807      0.359371659212128     -1.913951574078549
                   1264     0.4759621692882657   0.002832369610858834      3.341213717597412     0.3156124463475679
                1264.25     0.4527917587013228   0.002831963759514041      1.513856574117035    -0.4762045663423162
                 1264.5      0.468595994992039   0.002831457567518791      2.715415615000567      0.107901280536525
                1264.75     0.4557582118565044    0.00283106398174114       1.58355645021312    -0.4315095211057781
                   1265     0.4815147403342961   0.002830530409308454      3.128811881596555     0.2492820970644695
                1265.25      0.466945785576111   0.002830055878214232       2.55952899203975    0.04828434773342504
                 1265.5     0.4879805456042202   0.002829541526107771      2.984669505895184     0.2017683532857482
                1265.75      0.463733746077833   0.002829080271145888      2.412323300812498   -0.01129338809030609
                   1266     0.4876274546689074   0.002828555886333289      3.027190761409325     0.2155659791521203
                1266.25     0.4752963334656945   0.002828074178926257      3.500895614944719     0.3607794408495383
                 1266.5     0.4587027090667542   0.002827664693934649      1.697400973246636    -0.3632859463262419
                1266.75     0.4791201661678604   0.002827130545866294      3.323004932394308     0.3082963668118353
                   1267     0.4770254430424452    0.00282657801493778       3.49890458597076     0.3596813793173143
                1267.25     0.5187406821450178   0.002826125268699185      2.607216186945872    0.06535430481062095
                 1267.5     0.5083823009079188   0.002825981273736808      3.044568583984167     0.2203795060499613
                1267.75     0.5058961727690122   0.002825501874512185      3.044272515203102     0.2201126021108831
                   1268     0.4776098125746311   0.002824978526357506      3.539591456336389     0.3706767131932031
                1268.25     0.5064202502974048   0.002824473850220984      3.114545145985869     0.2425698578118124
                 1268.5     0.4812120311624862   0.002823939627498617      3.424029039529981     0.3371155176945904
                1268.75     0.4382652279476105   0.002823657473309097     0.6732991738754294     -1.289367852214651
                   1269     0.4896659559218079   0.002823233306723317       3.38032187856157     0.3240183633633072
                1269.25     0.4795146593947205   0.002822687855759749      3.572154624996852     0.3790231587328691
                 1269.5     0.4998161629555858    0.00282228015073716      2.997241314674923     0.2034020634081102
                1269.75     0.4833134132821348   0.002821753365666589      3.364393278423517     0.3187707331046424
                   1270      0.518063901339883   0.002821274531451579      2.753237250427084     0.1181307829123421
                1270.25      0.552897063890197   0.002820965682571591      2.568133416659117     0.0484232422066639
                 1270.5     0.5127853764545257   0.002820512544923567      3.254018001532928     0.2849738001017895
                1270.75      0.484582732546932   0.002820020846177245      3.291388347458761     0.2962183802996328
                   1271     0.5182490041430035   0.002819538188384201      2.798855006327085     0.1339481530332702
                1271.25      0.447880785916337    0.00281924787645772      1.392873685995357    -0.5639962108487888
                 1271.5     0.4966862476355804   0.002818994002089006      3.050589039059757     0.2198794212315529
                1271.75     0.4993161434853619   0.002818489067231394      3.073461483835179     0.2271700324336926
                   1272     0.5222649776471562    0.00281812523691962      2.263535451986324   -0.07883555826008133
                1272.25     0.4775699270890113   0.002817567719166686      3.742385161868024     0.4237617910508582
                 1272.5     0.4883522866031235   0.002817053509885717       3.36090451636339      0.316066260345949
                1272.75      0.509819908450456   0.002816528392565575      3.300504574130033     0.2977450553768259
                   1273     0.4686378649851497   0.002816137750543584      2.937641648493702     0.1811380905093017
                1273.25     0.4855669232477274   0.002815613984426407      3.343620901316676     0.3103993087122955
                 1273.5     0.4975140979314235    0.00281511036846497      3.112707215816056     0.2386589402723709
                1273.75     0.5156371084741211   0.002814614232357114      3.178760472229001      0.259481181625063
                   1274     0.5022288642892695   0.002814188630009389      3.282808334070565     0.2915378818627546
                1274.25     0.4894318968322584   0.002813632369324332      3.545749653033963     0.3683905492854513
                 1274.5     0.4715417995650672   0.002813084473525514      3.498360041555315     0.3547404951228895
                1274.75     0.4813275372228426   0.002812533863791515       3.74474094149445     0.4226028852349176
                   1275       0.50408921881921   0.002812083502656708      3.336572375395074       0.30703435099948
                1275.25       0.48200810247009   0.002811538394947399      3.780786234782194     0.4318284289136989
                 1275.5     0.4892041336806448   0.002810993328417723      3.598040289725504     0.3820918890566584
                1275.75     0.5099316513782951   0.002810467069305198      3.389086006645083     0.3220755940905611
                   1276     0.5097869887345495   0.002809927184437334      3.451312205381153     0.3400777153548571
                1276.25     0.4654296619789395   0.002809507185655114      2.723697750347893     0.1031641505454386
                 1276.5     0.4800532325299382   0.002809025461079301      3.908882850991072     0.4642538667446208
                1276.75     0.5018987789226559   0.002808485815548468      3.389382885424834      0.321457984799447
                   1277     0.4639037968147526   0.002808007717904143      2.572389112936614    0.04547495495359145
                1277.25     0.5186807511677913   0.002807550537060464      2.837160493825918     0.1432807713402596
                 1277.5     0.4843424780644706   0.002807023231593522      3.674239251348879     0.4016353156947049
                1277.75     0.4667511381777493   0.002806571327267153      2.947223571917526     0.1809917724627103
                   1278     0.5059337032822631   0.002806081897930226      3.439172700255753      0.335184753564392
                1278.25     0.5012754294258899   0.002805552790752574      3.481435285157559     0.3472098771730587
                 1278.5     0.4999821735426183   0.002805061494622907      3.433436433980289     0.3331517346242863
                1278.75     0.5227365549171655   0.002804636947627509       2.29474357656587   -0.06994015666980104
                   1279     0.5129825532303454   0.002804127023494124      3.515599090046912     0.3564668550817896
                1279.25     0.4835232976695712   0.002803560577288732      3.913872512799607     0.4635821776695576
                 1279.5     0.5008364692157401   0.002803058959298874      3.588314638947117     0.3765585759251115
                1279.75     0.4950747323156461    0.00280255365764057      3.453163485539897     0.3379864226006535
                   1280     0.5242325878039596   0.002802134516035452      2.231185850766817   -0.09892069306921855
                1280.25     0.5021805492717764   0.002801626173478865      3.754741923301754     0.4213842161200342
                 1280.5     0.5243397479900638   0.002801170480211848      2.277217447715212   -0.07884372429794829
                1280.75     0.4959880794217123   0.002800664380115114      3.472805547258124     0.3429840872360513
                   1281      0.519193750439363   0.002800177344973342      2.908162078069043     0.1653686832629308
                1281.25      0.500476709638045   0.002799616827315655      3.720551155813763     0.4115190151468034
                 1281.5     0.5217449707255022   0.002799145526243778      2.605847535608763    0.05523681050341323
                1281.75     0.5567618937252155   0.002798757916198624      2.098804649944496    -0.1612916770014445
                   1282     0.5217531595325092   0.002798345143654491      2.655757256916425    0.07392269278268707
                1282.25     0.5172987700940787   0.002797826442892573      3.267789368060466     0.2811212046364332
                 1282.5     0.5589576490057716   0.002797539149129524      1.842767456403072    -0.2918267132651785
                1282.75     0.5569544454394673   0.002797504644814598      2.150866865771281    -0.1372365869497182
                   1283       0.62774446923011   0.002797866732090152     0.4703432022460466     -1.657270750564756
                1283.25     0.5888095225355564   0.002798955353043549      1.162606685517637    -0.7519244766335073
                 1283.5     0.5925471771548089   0.002799220817380435      1.123158824578657    -0.7863491692223207
                1283.75     0.5878188468983907   0.002799427382082652      1.234123165077181    -0.6920597427627311
                   1284     0.5485328943362175   0.002799014661628948      2.874225464090027     0.1532153200872009
                1284.25     0.5702923333678011   0.002798571759305334      2.065357614900099    -0.1774227711297666
                 1284.5     0.5453810879996106   0.002798114476635184      2.993851060019703     0.1936709649926181
                1284.75     0.6001885789830886   0.002797850709629323      1.007720815326991    -0.8952926816747032
                   1285     0.6724798419754956   0.002798761116413782     0.9177452567263484    -0.9884939269049651
                1285.25     0.6266633987561279     0.0027992480205309     0.4795485501195743     -1.637394683974209
                 1285.5     0.6610697593609125   0.002799509505767197     0.6972937600448685     -1.262939630967187
                1285.75     0.5924538412289932   0.002799748251881522      1.169621709930966    -0.7456254879777583
                   1286     0.5985420988640344   0.002799393937586739      1.079045133840083    -0.8263559051429318
                1286.25     0.5372420143867898   0.002799061597567268      2.312282127416816   -0.06431617468126107
                 1286.5      0.576735134040644   0.002798732654912272      1.878194071968314    -0.2723579561341936
                1286.75     0.5510642335514342   0.002798242913204828      2.799094249924464      0.126452209124532
                   1287     0.5694930782887987   0.002797829367563667      2.123533516565422    -0.1499100178005671
                1287.25     0.5436190836067556    0.00279748922249965      2.973527693785607     0.1866359695439747
                 1287.5     0.6030653890286908   0.002797272208763941     0.9152348381009143    -0.9917652245590679
                1287.75     0.6384647720915306   0.002797278220450236     0.5343183112980875     -1.529952011501494
                   1288     0.5713253762519812   0.002796977118585686       2.12323707269923    -0.1503542840606269
                1288.25     0.5587129562110651   0.002796734504195836       1.94508557308125    -0.2380769021299735
                 1288.5     0.5745554855582667   0.002796310706813581      2.034909540544565     -0.193083053004955
                1288.75     0.5290608011102209   0.002796091596200586      2.233765734446505   -0.09992394776759947
                   1289     0.5180656733927469   0.002795954222029262      3.227981457216513     0.2681950948491883
                1289.25     0.5782658626302069   0.002795577389763993      1.865430146705529    -0.2803050297963482
                 1289.5     0.5380424913332549   0.002795176147956411      2.492321266037442   0.009274275959346578
                1289.75      0.498511134562576   0.002795052413039959      3.602593843368417     0.3776695941671753
                   1290     0.5729511922816419   0.002794870834808814      2.151965941629511    -0.1376676543734163
                1290.25      0.582697269534762   0.002794564162968888      1.526924961226185    -0.4809033191237901
                 1290.5     0.5465764348196642   0.002794093839752047      3.119684841673313     0.2334044681153554
                1290.75     0.5732647814939843   0.002793760093601145       2.19538032251995    -0.1180916712818433
                   1291     0.5585171049278358   0.002793328696006947      2.010398044532447    -0.2062686625033393
                1291.25     0.5350139370679474   0.002792905887558634      2.184558633554063    -0.1233389624187789
                 1291.5     0.5506730710996862   0.002792409894172367      2.908021588393575     0.1625426050381029
                1291.75      0.518475783166966   0.002791952098485776      3.235948703585543     0.2692278125659037
                   1292     0.5636117618835337   0.002791579829664183      1.715276920675123    -0.3656531426262773
                1292.25     0.5152407276950461   0.002791175761839362      3.593504870020826      0.373755577472814
                 1292.5      0.511104139759896   0.002790707267257443      3.657493984270459     0.3912379109038149
                1292.75       0.48574692843952   0.002790413096288854      3.685233316136459     0.3986881240360025
                   1293     0.5865598157705603   0.002790207477500576      1.317699410192215    -0.6298320600291646
                1293.25      0.546368305520164   0.002790024338758375      3.195192858193561     0.2558624051161444
                 1293.5     0.4984505840226933   0.002789565021871531      3.661885035256041     0.3920283665638373
                1293.75     0.5637985895684061   0.002789209411120403      1.767221494020255       -0.3366686364655
                   1294     0.5398600982334766   0.002788730784892803      2.771695737934268     0.1132105264139327
                1294.25     0.5163232082607568   0.002788214177667788       3.60238183599402     0.3751611962445669
                 1294.5     0.5143649952872144   0.002787704172319672      3.775235557220435     0.4218457970390059
                1294.75     0.5270451482392985    0.00278737254545931      2.375060757956213   -0.04171293116246643
                   1295      0.529502030000415   0.002786954580504991      2.275827528514907   -0.08454217624336188
                1295.25     0.5386623404715106   0.002786505904147311      2.685393777861849    0.08078045973611957
                 1295.5     0.5472379401243538   0.002786048577911799      3.232324478117019     0.2659904799605152
                1295.75     0.5287338007772654   0.002785617783571824      2.379454246978227   -0.04049453524248127
                   1296       0.49223134942924     0.0027851248232323      3.780120956340642     0.4222133376003449
                1296.25     0.5406330758808147   0.002784663225401704      2.957592208943708     0.1766670732447673
                 1296.5     0.4920902509964165   0.002784181416075707      3.858225244112659     0.4423258378382929
                1296.75     0.5970980356736446   0.002784041698575234      1.117082718747722    -0.7972110707316469
                   1297     0.5297916408956748   0.002783696225236487      2.348854850176269   -0.05412782914709884
                1297.25      0.537583595812469   0.002783250372489136      2.639645862418357     0.0624288458379622
                 1297.5      0.511183074430732   0.002782730253533156      3.779844107366356     0.4212799559253745
                1297.75     0.5303617432798589   0.002782309619075171      2.363604408646036   -0.04836623603610086
                   1298     0.5126356813194519   0.002781751319378452      3.908529710160021     0.4544066076674176
                1298.25     0.5037602138507862   0.002781289464648181      3.844103139179993     0.4376196155704977
                 1298.5      0.535718296750064   0.002780865940674528      2.448764905953961   -0.01348921668036873
                1298.75     0.5587514655484316   0.002780457747237523      2.033570699731642      -0.19942657805954
                   1299     0.5864593630905113   0.002780504618950379      1.350878994743156    -0.6084474461306227
                1299.25     0.5797431794317029   0.002780193632497565       1.81694714206683    -0.3121570872848981
                 1299.5     0.5298441121974252   0.002779770245588875      2.470122505056762   -0.00519933734349117
                1299.75     0.5848163554758941   0.002779486698026335      1.484004750579889    -0.5148247471620147
                   1300      0.581417033133716    0.00277933880880668      1.718894821081463    -0.3679407634809059
                1300.25     0.5570000283266517   0.002778921450726434      2.306025589380525   -0.07424695904433547
                 1300.5     0.5685840405402441   0.002778498795560248      2.285842980458867   -0.08318970695568775
                1300.75     0.5739917163453826   0.002778154373309194      2.241648716003423    -0.1028369209672125
                   1301     0.5337123273733033   0.002777713392726412      2.373091425361034   -0.04601379006878716
                1301.25     0.6161283497490059   0.002777519845053399     0.5796469182324308     -1.455613097798717
                 1301.5     0.5847246331580677   0.002777420803055846      1.548075886628941    -0.4732998380480945
                1301.75       0.62834771367994   0.002777388396101827     0.4858033693292215     -1.632275629262945
                   1302       0.62988665262437   0.002777570792670965     0.4947746830461053     -1.613911438448246
                1302.25     0.5625228003461349   0.002777341036789006      1.786341016387639    -0.3301719514886958
                 1302.5     0.5904210693217414   0.002776986787755934      1.249445057775773    -0.6877694132265569
                1302.75     0.5375654210768244   0.002776561821800495      2.767732786532611     0.1074065412223429
                   1303     0.5204571698254873   0.002776286677521699      3.066110793818668     0.2096888606267137
                1303.25     0.5204016663370081     0.0027759535205995      3.208014513203846     0.2548111505065243
                 1303.5     0.5845718134427784   0.002775595988476011      1.597001629037861     -0.442841978703934
                1303.75     0.5627643405794285     0.0027751887609691      1.839013954034705    -0.3018870624704515
                   1304     0.5593900810713379   0.002774768055192019      2.095763554582999    -0.1713502506000015
                1304.25     0.5756346838593858   0.002774347964768221      2.244210799575801    -0.1030656883666184
                 1304.5     0.5406666762665678   0.002773856205054153      3.140720920067833      0.232855487058799
                1304.75     0.5501673919075083    0.00277343724821755      3.045218018418992     0.2018245694369786
                   1305     0.5205740699410643   0.002772951382160416      3.249308553014725     0.2665190919316034
                1305.25     0.5537978748777937   0.002772489520711588      2.781967678854878     0.1110687732327001
                 1305.5      0.548188044736347   0.002771988898799675      3.297152979175519     0.2807890763200284
                1305.75     0.5649710416519035   0.002771623746411462      2.028958093712618    -0.2048796172959786
                   1306     0.5587159670538759   0.002771177043170133      2.240467731955751    -0.1058785545035992
                1306.25     0.5533401748504144   0.002770694796263937      2.907390414026799     0.1545186688749545
                 1306.5     0.5668161728131017    0.00277029168411554      2.276083391336968   -0.09042659195745859
                1306.75     0.5291630961242274   0.002769906099010245      2.615825622817588    0.04855783102119712
                   1307     0.5027316122722522   0.002769470297320774      3.982795836075062     0.4688047548051306
                1307.25     0.5346965664515654   0.002769210448420064      2.534583927683441    0.01675637261989486
                 1307.5     0.5756455292011469   0.002768805801455083      2.281081474803678   -0.08876959256423395
                1307.75      0.545619917340606    0.00276832535657274      3.438067907013637     0.3213168688644689
                   1308     0.5570764613475327   0.002767871177516181      2.514791094557383   0.008432870307124144
                1308.25     0.5629273133367516   0.002767480549871341      1.981013735805695    -0.2302893037661139
                 1308.5     0.5657245964440273    0.00276704024219391      2.222406959723553    -0.1154662938018539
                1308.75     0.5758279054685628   0.002766622575372049      2.314831203697462   -0.07487130265283434
                   1309     0.5547191358614993    0.00276618000382869      2.849629406555638      0.132820898711262
                1309.25     0.5303544878446182   0.002765744860453039      2.602119400426651      0.041800891869938
                 1309.5     0.5577858310872811   0.002765315344942985      2.525556625323581    0.01178079862260952
                1309.75     0.5297508070943941   0.002764998075927585      2.702437336720728    0.07935865945898911
                   1310     0.5928174048161614   0.002764697106844579      1.217036046585053    -0.7184858464472068
                1310.25     0.5282856834766889   0.002764277569277923      2.843915205624599     0.1301256574589369
                 1310.5     0.5340872954235834   0.002763894722280983       2.61044915016755    0.04432774823812085
                1310.75     0.5280737704008548   0.002763528002521854      2.913648963796554     0.1540789975801603
                   1311     0.5261446326800596    0.00276308532189732      2.963742644454221     0.1709654394289061
                1311.25     0.4988954357230944   0.002762615638832894      3.854487985068535     0.4335807432150035
                 1311.5     0.5148685804172022   0.002762523051717099      4.046633947490823     0.4821944600309924
                1311.75     0.6025009915929433   0.002762280236882266     0.9574915532483332    -0.9592172309774396
                   1312     0.5528609111843757   0.002761863336809133      3.099059001242082      0.215168728635611
                1312.25     0.5484209368774651   0.002761353653127457      3.450563723343855     0.3224232665353762
                 1312.5     0.6087159015950162   0.002761363449432696     0.7996251670159509      -1.13972300393487
                1312.75     0.5692928642825372   0.002761053141867869      2.498021168210089 -0.0007242969382011445
                   1313     0.5391354990030656   0.002760601072159215      3.098356831731269     0.2144849897107103
                1313.25     0.5605341785721359   0.002760193321028679      2.206921147538158    -0.1249362433416488
                 1313.5     0.4723907138811653   0.002759793560152318      3.698849760271549     0.3913424128433736
                1313.75     0.5044901729493616    0.00275962764201676      3.929048412335672     0.4516576578529669
                   1314     0.5686753364290624   0.002759228246180079       2.54184579494017    0.01600616496031422
                1314.25      0.590943653393233   0.002759086266537583      1.285012035964854    -0.6661677158781566
                 1314.5     0.5390066764247106   0.002758661107399055      3.146418182184232     0.2291748140991943
                1314.75     0.5128149744761263   0.002758239447784426      4.088026182190513     0.4908194897270174
                   1315     0.5365074103021472   0.002757788808596672      2.909380586997473     0.1505340413925374
                1315.25     0.5371214809956608   0.002757335739301247      3.052754451395919     0.1984738207993779
                 1315.5     0.5657907938553758   0.002756923262830275      2.353272787973555   -0.06191302966390259
                1315.75     0.5619110099351176   0.002756554089633427      2.155263235338262    -0.1499411142610678
                   1316     0.5296446400165035   0.002756113443618576      2.927426001390099     0.1561096910667927
                1316.25     0.5397588621470897   0.002755653338503214      3.367492150149107     0.2959874964319859
                 1316.5     0.5337869422850864   0.002755222208537631      2.822504696031408     0.1192874138754431
                1316.75      0.502874827921607    0.00275475058427111      4.141666144587214     0.5025897009827324
                   1317     0.5104254945394221   0.002754297932117672      3.986920169855187     0.4643462588831227
                1317.25     0.5559403773780571   0.002753858981465238      2.874171410308284     0.1369322588502734
                 1317.5     0.4977807578974742   0.002753577548236164      3.876971182550304     0.4361198558162093
                1317.75     0.5136188390576318   0.002753387085911162      4.231038528618878     0.5234439366084185
                   1318     0.5181446194586787   0.002752851747479469      3.885285521002803     0.4379984849904947
                1318.25     0.5174285130349719   0.002752353495907028      4.091185705607089     0.4894558312238063
                 1318.5     0.5234717000885017   0.002751909388697653      3.001715349489299     0.1796435395779113
                1318.75     0.5363290968315094   0.002751448398596184      3.098092235978034     0.2110786149673489
                   1319     0.5865651889619434   0.002751153935461719      1.484577014454034     -0.524685033268354
                1319.25     0.5432088104496531    0.00275079114183152       3.50159886008225     0.3332728768374609
                 1319.5     0.5697872845715407   0.002750360711441249      2.617831643529807    0.04224306625115804
                1319.75     0.5191074187316098   0.002749920191798861      3.846679529746886      0.426946843696514
                   1320      0.567213201353352   0.002749523651731922      2.616569083027257    0.04145626568471591
                1320.25     0.5507152556189495   0.002749130534733577      3.373107111743096     0.2952836409468668
                 1320.5     0.5653819407614379   0.002748840007642921       2.45660375925271   -0.02187654508308222
                1320.75     0.5308181372687388   0.002748366669450826      2.951727074485015     0.1615618821089534
                   1321     0.5489542962245073    0.00274788879115247        3.5490121637477     0.3456668428019842
                1321.25     0.5759282475920698   0.002747456097806088      2.352227306941127   -0.06579726507628386
                 1321.5     0.5759762514901431   0.002747140475269836      2.396380035833943   -0.04731553895544619
                1321.75      0.594514314611192   0.002746827360170771       1.21154715191873    -0.7294906235029104
                   1322     0.5928649579271413   0.002746650742978756      1.289685849886577    -0.6670544434844636
                1322.25     0.6003819313466181   0.002746475808372413      1.092659304162483     -0.832902343637679
                 1322.5      0.633062670651374   0.002746684179410343      0.496105462071209     -1.622407681241352
                1322.75      0.641682250092711   0.002746964686096769      0.551352907865613     -1.516718999879461
                   1323     0.6112515757835288   0.002747051194351276     0.6820316676419047     -1.303986508084291
                1323.25     0.6216594499417746   0.002746866209690307     0.5384252702189016      -1.54048122696695
                 1323.5     0.5609561907822778   0.002746465151754449      2.352736028638292   -0.06594175884804407
                1323.75     0.5346886360732055   0.002746351157542935      3.026070332772056     0.1857026739862193
                   1324     0.6116467729398151   0.002746200075210699     0.6798684490044364     -1.307473154339027
                1324.25      0.647967175512271   0.002746166872434271     0.6343177177670396     -1.376834605926788
                 1324.5     0.6672726046205248   0.002746375436878643     0.6757357019884147     -1.313506596168123
                1324.75     0.6810338733088452   0.002746867743576967     0.8661915423299014     -1.065023316928335
                   1325     0.6699822199081263   0.002746922957002264     0.7980133424877016     -1.146983964032342
                1325.25     0.7086593651310603   0.002747319441633583      1.602124651963425    -0.4498790191192152
                 1325.5     0.6697119031977516   0.002747617521016901     0.8019551328704431     -1.141803799309032
                1325.75     0.7068121767598454   0.002747804342477312      1.525545537886946    -0.4986811150533727
                   1326     0.6240365980585072   0.002748004086092077     0.5126900896533239     -1.589044231563781
                1326.25     0.6211155899479482    0.00274777893758615     0.5730291245243383     -1.477861171890342
                 1326.5     0.6174586780600881   0.002747489854775024     0.6231205629469093     -1.394162906937056
                1326.75     0.5941947875815092   0.002747201405613278      1.271974533000679    -0.6806821964524206
                   1327     0.5677153066694625   0.002746880229121436      2.752683707933095    0.09120677239106773
                1327.25     0.5901159341140788     0.0027467789969398      1.393363254070222    -0.5896859795458614
                 1327.5     0.5707428568148305   0.002746418731114582      2.733198429775724    0.08393493004675677
                1327.75     0.5988135817276606   0.002746466860897538       1.18112733400954    -0.7550507047607593
                   1328     0.6747217428990141   0.002746225568247807      1.059583608986489    -0.8637319052474621
                1328.25     0.6508339723183025   0.002746253905962359     0.7074436822779414     -1.267694849406588
                 1328.5     0.6474810413293848   0.002746171107779949     0.6449275622782344     -1.360245020746131
                1328.75     0.6643887821423795   0.002745919043029819     0.6555705528133502     -1.343968887141015
                   1329     0.6350453880805098   0.002745689927112896     0.5113130104811455     -1.592576311144148
                1329.25     0.6237178309297891   0.002745413193468972     0.5418087444020755     -1.534745983193191
                 1329.5     0.6140869367640862   0.002745108254787459     0.6306149951730103     -1.383074604431976
                1329.75     0.6787944312409865   0.002744842403272068      1.033428410785194    -0.8892298727041653
                   1330      0.651883280240862    0.00274458068113079     0.7453536980542311      -1.21610346757227
                1330.25     0.6289853428836401   0.002744313932114911     0.5289005272645435     -1.559259156693825
                 1330.5     0.6251774927107329   0.002744021798056642     0.5502703489847417     -1.519756286942749
                1330.75     0.6386831493927678   0.002743726910936463     0.5583218364399571     -1.505337895154457
                   1331     0.6083433934431652   0.002743471212427346     0.8680089476267051     -1.064164634355319
                1331.25     0.6057908173466521   0.002743156981305203     0.9381835070381092    -0.9865356352623889
                 1331.5     0.6026628393796499   0.002742964615979549      1.030645752744122    -0.8926105004322709
                1331.75      0.606982736845852   0.002742647602135985     0.9512542641275642    -0.9728855179116505
                   1332     0.5816566286618338   0.002742420285066875      1.850441122686978    -0.3075704611714932
                1332.25     0.6334526176166372   0.002742181739156183      0.527907261188262     -1.561916156426119
                 1332.5      0.606677659894447   0.002741853751007192     0.9776480067587691    -0.9458067046738884
                1332.75     0.6148553036838368   0.002741612142514183     0.6412501999778417     -1.367624812842263
                   1333     0.6434476569277576   0.002741328768472145     0.5789709076193712     -1.469895656491479
                1333.25     0.6654608862504671   0.002741103214884626      0.683850669221054     -1.303490595270571
                 1333.5     0.6142996247437014   0.002740861349810278     0.6573043074936326     -1.343171320934142
                1333.75     0.6302059511662461   0.002740620381050695      0.543888606890103     -1.532661871384439
                   1334      0.609311665248238   0.002740346686009822     0.8949097914021109     -1.034783280137807
                1334.25     0.6231789702508294   0.002740043181342515      0.576803046566648     -1.474116094051219
                 1334.5     0.6536312006740941   0.002739781215628793     0.7605554222160767     -1.197663587771117
                1334.75       0.61902856026168   0.002739554363920139     0.6539277347680506     -1.348798527417362
                   1335     0.5950268586903013   0.002739263985409534      1.296848742216795    -0.6642088196395488
                1335.25     0.6451441534462351   0.002739063312049027     0.6128082781815526     -1.413922509585965
                 1335.5     0.6768453271414778   0.002738865235289682      1.131905887614391    -0.8003888376704122
                1335.75     0.6683218502400499   0.002738808170205475     0.7952089258933699     -1.153462910352191
                   1336     0.5812278198536317   0.002738564275389621      1.936861953912472    -0.2633324528714761
                1336.25     0.6266557867743745   0.002738349599262381     0.5851481928133044     -1.460370102653174
                 1336.5     0.6710448656354878   0.002738086259080032     0.9336365959807402    -0.9932441319743772
                1336.75     0.6360727622234132   0.002737826166192539       0.55142756158189     -1.519915924153754
                   1337     0.6791127195786323     0.0027377135715052      1.056799396050098    -0.8694673509338835
                1337.25     0.6585458956874712   0.002737506512417329     0.7674997353018936     -1.189405033057389
                 1337.5     0.6396898334679915   0.002737211662205587      0.605322978491024     -1.426888716689919
                1337.75     0.7064122550729062   0.002736929511012124      1.552170342296874    -0.4853445147642611
                   1338     0.7022288677002273   0.002736979698976218      1.538306863708148    -0.4942979775324485
                1338.25     0.6599242892176569   0.002736744331070537     0.7613731264690169     -1.197698079715881
                 1338.5     0.7101378011066393   0.002736422504840407      1.840766307252406    -0.3150019943825571
                1338.75     0.6794701464913215   0.002736444791517774      1.055056173425307    -0.8715817957481569
                   1339     0.6633188383329398   0.002736188111534386     0.7138935189846168     -1.262291071984179
                1339.25     0.7244874085622188    0.00273592748307055      3.067979236958585     0.1956542477928961
                 1339.5     0.6410592297201978   0.002735720685360863     0.6199188088451935     -1.403607219886687
                1339.75     0.6207757633706698   0.002735680282071271     0.6464326420902288     -1.361741500561128
                   1340     0.6481341856206472   0.002735433691982838     0.7163860052531218     -1.259081512155211
                1340.25     0.6425367277805472   0.002735150822059569     0.6303454055812668     -1.387136130237667
                 1340.5     0.6170265547816319   0.002734986403233464     0.6881160631907359     -1.299506657070183
                1340.75     0.6554723957109105   0.002734835105008332     0.8081986621406221     -1.138711601070973
                   1341     0.6571365599956013   0.002734515114846262      0.836098882255648     -1.104889624187991
                1341.25     0.6262656296445045   0.002734226536658966     0.6004355796654545     -1.436086689875788
                 1341.5     0.6179219378186902   0.002734228438979733     0.7067535627617405     -1.273059314461177
                1341.75     0.6613375716525023   0.002733953985752219     0.7859074488284827     -1.167002698041883
                   1342     0.6231317427548492   0.002733679288487073     0.6333643453068121     -1.382896373627044
                1342.25     0.6278556629984073   0.002733501009157106     0.6167069485159027     -1.409613484017465
                 1342.5     0.5602046611764875   0.002733589295639799      2.486648962608399   -0.01528385086633443
                1342.75     0.5833775056720868   0.002733608094606945      1.814668531173985    -0.3303101562047687
                   1343     0.6198866148227065   0.002733413061346703     0.7135853197268123     -1.263737598855622
                1343.25     0.6551046011323374   0.002733110472270224     0.8454386063974839     -1.094294760480361
                 1343.5     0.6594085745006492   0.002733009986105507     0.8688299090462867     -1.067039706617128
                1343.75     0.7085219594308292   0.002732841393127427      1.733362046868286    -0.3764305891950629
                   1344     0.6886696492744105   0.002732826914161539       1.19905739089492    -0.7449630490946392
                1344.25     0.7261680580603451   0.002732625203881084      3.081645586938785     0.1988911333099347
                 1344.5     0.7442549646337634   0.002733236274150564      1.583848972174546    -0.4664910642464044
                1344.75     0.7695896883543839   0.002733761599647124      1.468314499866928    -0.5420416824182501
                   1345     0.7412605002258176     0.0027347482925648      1.716504747932365     -0.385505863122117
                1345.25     0.6746732297401458   0.002734488948013931      1.158148110573969    -0.7790685276238548
                 1345.5      0.711431121114304   0.002734139556603257      2.041025963397867    -0.2125659762482463
                1345.75     0.7140474744072534   0.002733789942679636      2.376821087648258   -0.06038254149530633
                   1346     0.7303433108767431    0.00273361670449101      2.934613577171683     0.1503659542091451
                1346.25     0.7632344366968205   0.002733660609943879      1.330969966014655    -0.6402857947976652
                 1346.5     0.7399260464508277   0.002733687594889006      1.774175556457803    -0.3528480578777959
                1346.75     0.7739141887795803   0.002733800813405356      1.642462885931892    -0.4299456074478955
                   1347     0.8160675577897069   0.002734700992869021     0.6132000933787525     -1.414877238754546
                1347.25      0.731517591038088   0.002734746765729393      2.840600253967903     0.1182188654735653
                 1347.5     0.7611362263803948   0.002734634546272073      1.368722296773936    -0.6119598823413145
                1347.75     0.7842981577783317   0.002734492072492738      1.113754093378444    -0.8181532829198191
                   1348     0.8044386890697003   0.002734799616254762     0.9998110611894472    -0.9259661526815948
                1348.25     0.8264245115305485   0.002735251136424142     0.8642398481712817     -1.071517054562081
                 1348.5     0.8140429387994986   0.002735747243717781     0.6718743292069723     -1.323114715003517
                1348.75     0.8366552152817754   0.002735828700382999     0.9599093173084924    -0.9663174345859099
                   1349     0.8831060851839304   0.002736662191292194      1.975725579650963    -0.2441606503144042
                1349.25     0.8608463341760045   0.002737361243841845      1.500250174262052    -0.5192090790383023
                 1349.5     0.8578469614016002    0.00273813723219666      1.311096217139344     -0.653693921557698
                1349.75      0.835517890505838   0.002738234327962114      1.019387137648424    -0.9053204546565023
                   1350     0.8467931543457159   0.002738230720794117     0.9972374339533419    -0.9272897622390253
                1350.25      0.790276712406102   0.002737967907677886     0.9673068998859152    -0.9578588177218279
                 1350.5     0.8238857734128435   0.002737685236939066     0.7363595527614675     -1.230759360210866
                1350.75     0.8029657826720042   0.002737404302113087     0.9695785809860713    -0.9557189808369366
                   1351       0.83844981530174    0.00273713774160836     0.9260836393574057     -1.001713333339339
                1351.25     0.8231815814230322   0.002737099133025456     0.7240950326326634     -1.247769348430607
                 1351.5     0.8022013245742403     0.0027367870132834     0.9704631491659763    -0.9550326013793551
                1351.75     0.7874122741076665   0.002736472391018422      1.024449364404136    -0.9010104575809217
                   1352     0.7813971922080376   0.002736216001452274      1.392496001763369    -0.5941615966646416
                1352.25     0.8024781855389272   0.002735893633620292      1.004372512767024    -0.9210142592463811
                 1352.5      0.859282090041073   0.002735653323428756      1.458934572727601    -0.5477586556793056
                1352.75     0.8396879891759735   0.002735502174371083      0.910201575339097     -1.019609526004696
                   1353     0.8697361817341265   0.002735322054059006      1.834972820665173    -0.3185565111909771
                1353.25     0.8801895292060594   0.002735535264808592      1.893799660897198    -0.2869230232712687
                 1353.5     0.8579580955105449    0.00273534531139513      1.375843119542693    -0.6065109573511296
                1353.75     0.8794589269281052   0.002735264895687571       1.88919440434718    -0.2894565804561824
                   1354     0.9200007212137551   0.002735734106338426      2.058122907029338    -0.2036411938589907
                1354.25     0.9262669720232767   0.002736092253444093      1.782054756059986    -0.3475375893191877
                 1354.5     0.8526341713243576   0.002736200999349784      1.006286160456238    -0.9189984160594175
                1354.75     0.8415676807574951   0.002735896620863173     0.9193403712003698     -1.009475002407267
                   1355     0.8143507193078032   0.002735739792492463     0.6715686055213392     -1.323572573274126
                1355.25     0.8758770071329959   0.002735409772062813       1.74228527321451    -0.3703564859412756
                 1355.5     0.8425177278447873   0.002735099544066582     0.9597419317681753    -0.9667583829123266
                1355.75      0.851888793132779   0.002734769225833953       1.01188368926197    -0.9139746758661836
                   1356     0.8635030544407625   0.002734389586147901      1.688328206884446     -0.402188325214022
                1356.25     0.7992446982575263   0.002734127466885735     0.9566292817450758     -0.970362340663445
                 1356.5     0.7667803357046777   0.002734467702646334      1.442734353858056    -0.5593584002027105
                1356.75     0.7624963022907493   0.002734607420989392      1.399887911958602    -0.5894553056010513
                   1357     0.7540434590074723   0.002734963682015647      1.511291119629642     -0.512752874347283
                1357.25     0.7768690379613674   0.002734920232643265      1.751381171278332    -0.3653283753257232
                 1357.5     0.7677049471525571   0.002734816818504876      1.509490326040466    -0.5139988444813991
                1357.75     0.8010268956470457    0.00273451874430995      1.006225861401115    -0.9196733434350769
                   1358     0.7897965701305947   0.002734232643464651      1.010495011912985    -0.9155442137750742
                1358.25     0.7956952621746886   0.002734047912242557     0.9509250022921464    -0.9763721815044787
                 1358.5     0.8544615219826458   0.002733778953598151      1.129393041926781     -0.804470121260534
                1358.75     0.8392948903203018   0.002733570631080773     0.9777784031768108    -0.9486989009148099
                   1359     0.8465343921471822   0.002733302164436479       1.06759823567499    -0.8609134145377074
                1359.25     0.8361719737910147   0.002733041492806424      1.092952822885711    -0.8375372284770841
                 1359.5     0.7917039712386126   0.002732739485236434      1.024250326383417    -0.9025698261587072
                1359.75     0.7496636998841421   0.002732522934544788      1.551364902149464    -0.4874749030005069
                   1360     0.7979673916672896   0.002732427838176689     0.9943385078348514    -0.9323224099149453
                1360.25     0.7922675342568202   0.002732121892384737      1.040998404638799    -0.8865765484016314
                 1360.5     0.7939894486415332   0.002731802701711063      1.035201570613601     -0.892277479214972
                1360.75      0.820518362527503   0.002731509185055562      0.670968635069468      -1.32601397793406
                   1361     0.8483007631518638    0.00273126583604757      1.071108381411818    -0.8583762020093239
                1361.25     0.7967537714914528   0.002730981895008353      1.028949161434604    -0.8986360998910261
                 1361.5     0.7980720752255912    0.00273067261134696      1.057590704217532    -0.8712940055546423
                1361.75     0.7689426999652172   0.002730390976631891      1.570087622849126     -0.476259120397187
                   1362     0.7734074893045025   0.002730172628828845      1.714407936397406    -0.3884027271340681
                1362.25     0.8335926267382755   0.002729863815034979      1.139891234848595    -0.7966507895808039
                 1362.5     0.8098237603450349    0.00272959243130609     0.9709325896414975    -0.9571812940132183
                1362.75     0.8166558939342072   0.002729327630195617     0.6546278509720448     -1.351468444470503
                   1363     0.7963779968928898   0.002729001188334237      1.071124174232663    -0.8591909585129289
                1363.25     0.7962591820643988    0.00272868871953943      1.098392781792188    -0.8341661875817251
                 1363.5     0.8555326892319105   0.002728450112670482      1.233002846342501    -0.7186491064254356
                1363.75     0.8153550249098193   0.002728301786095631     0.6847653389246524     -1.306835073817388
                   1364     0.7820546762608863   0.002727989739794238      1.375189149135654    -0.6096790991910332
                1364.25     0.8515126224975929   0.002727726537347415      1.080544956140528    -0.8509013678164165
                 1364.5     0.8250085347365353   0.002727463220522296     0.8269225247189905     -1.118507679478414
                1364.75     0.7614003419474527   0.002727164354109888      1.444404944293442    -0.5608755580171453
                   1365     0.7730455853633366   0.002727067499616804      1.747294186250061    -0.3705400947852105
                1365.25     0.8168531851157121   0.002726814688117253     0.6848198349682882     -1.307300705648555
                 1365.5     0.8420414485569205   0.002726597816076234      1.012758635553365    -0.9161028220575776
                1365.75      0.810314086752982   0.002726303482353568     0.9578856590292766    -0.9719155688300365
                   1366     0.8296029229129176    0.00272597723753102       1.07709164493985    -0.8547438923051945
                1366.25     0.8269677021897535   0.002725676878915782     0.9686054983852742    -0.9610164419532169
                 1366.5     0.8383282018928935   0.002725379630616057      1.071293360960866    -0.8603609632715971
                1366.75     0.8287665711086684   0.002725150416393373      1.083164524474583    -0.8494248655198985
                   1367     0.8116215450172828   0.002724851337989476     0.8813988144028359     -1.055666562701934
                1367.25     0.7888292477220473    0.00272454053961394      1.097801913888454    -0.8362256376574713
                 1367.5     0.8302427898659733   0.002724230532555507      1.157710527136797    -0.7832049765561803
                1367.75     0.8270266237741751   0.002723916391210787      1.028433355748469    -0.9017280378406636
                   1368     0.7933800839310378   0.002723613516701635      1.132115220695324    -0.8057881056687193
                1368.25     0.8650016750255712   0.002723303134940637      1.753757198882683    -0.3682293740995631
                 1368.5     0.8330899748461241   0.002723106638619755      1.216769141081307    -0.7338628867261129
                1368.75     0.8207666430650096   0.002722805089773343     0.7266713000873746     -1.249453766472638
                   1369     0.8478227417294745   0.002722479579914173      1.124216004677501    -0.8132063794636186
                1369.25     0.8137570151099986   0.002722179857618637     0.7844687971997706     -1.173150866896116
                 1369.5      0.808580913176137   0.002721850037794547      1.129529930262995     -0.808721997442568
                1369.75     0.8208712790713709   0.002721571182031852     0.7445514683147948     -1.225599306631611
                   1370     0.8177286636534307    0.00272127149261156     0.7379408872963314     -1.234627687260989
                1370.25     0.8485767035632694   0.002721039449559592       1.13647389143045    -0.8028910136155774
                 1370.5     0.8308790312199285   0.002720740954701504      1.226229820043027    -0.7269868346099722
                1370.75     0.8904259579413945   0.002720958369516736      2.261300313594644    -0.1149111949480917
                   1371     0.9115982916911748   0.002720942210734284      1.606614947226163    -0.4567276930747234
                1371.25     0.9077214332754632     0.0027211041087981      1.568837340997397    -0.4804628445777624
                 1371.5     0.9441783947773779   0.002721365002536051      1.426165748151811    -0.5757122209985187
                1371.75     0.9841325688022686   0.002722851321961151     0.1481565672367758     -2.839641429030198
                   1372     0.8942666252349997   0.002723192992626912      2.117895170750207     -0.179607525075124
                1372.25     0.8656315810908705   0.002722813180208752      1.807873475038172    -0.3380184805954249
                 1372.5     0.8417283552796947   0.002722498191309936      1.055672900561526    -0.8761070672377624
                1372.75     0.8187086346569208   0.002722415389743921     0.7545464964774473     -1.211954242686366
                   1373     0.8275198694409374   0.002722269207091686      1.111056292601947    -0.8250583851620767
                1373.25      0.850112783677213   0.002722120975569392      1.135627077132581    -0.8032390266510331
                 1373.5     0.8093096751960809   0.002721853972373045      1.107916600399899    -0.8280407920539996
                1373.75      0.782134541957633   0.002721664175578072      1.407521296540754    -0.5887616286102678
                   1374     0.8454750555042602   0.002721665030363221      1.203493216778361    -0.7453631842382068
                1374.25     0.7950738522196792   0.002721371903733725      1.142203157461484    -0.7977402416193365
                 1374.5     0.7680020667392525   0.002721847157184825      1.609567041027909    -0.4545593868142364
                1374.75     0.8298069719641805   0.002721866667526867      1.245325321109812    -0.7111206451235081
                   1375     0.8317219075765283   0.002721578085383015      1.290223827764579    -0.6758077590214442
                1375.25      0.796791433766541   0.002721280569182293      1.156502464609083    -0.7853324619669038
                 1375.5     0.7759037930228289   0.002721097602719352      1.907131962312701    -0.2851995103055077
                1375.75      0.801937893496276   0.002720957217661514      1.112389712550038    -0.8243410307433352
                   1376     0.8083235190759113   0.002720655063070616      1.195751055438385    -0.7521881931983064
                1376.25     0.7309519111227234   0.002720526892432563      2.980561659559165     0.1611019683635753
                 1376.5     0.7478473883303087   0.002720818536540852      1.565847785304938    -0.4824752020026166
                1376.75     0.7891052646520627   0.002720679010493647      1.153824071771147     -0.787872171733967
                   1377     0.7028131734601082   0.002720718057304799      1.579103287873417    -0.4740823790267738
                1377.25      0.689221542309825   0.002722064019765611      1.270946335979068    -0.6906831699935383
                 1377.5     0.6972397513846067   0.002722724532451962      1.630670964586292    -0.4412107526046227
                1377.75     0.7573971710753179   0.002722521823535799       1.50243969759772    -0.5231865190626109
                   1378     0.7371770922945562   0.002722166879577615      1.963030363193578      -0.25591776977645
                1378.25     0.7052699081431262   0.002722420646849669      1.643716190094749    -0.4333542865517602
                 1378.5     0.6977144547155455   0.002722483433967691      1.674338008872249    -0.4148730032380792
                1378.75     0.6999725202510471   0.002722543586223851      1.702980506476109    -0.3978888223928239
                   1379     0.6752084188425957   0.002722912942851473      1.204089930616267    -0.7444090833198203
                1379.25     0.6654563123954844   0.002723388635120311     0.7538123485955965     -1.212570252596931
                 1379.5     0.7193205829659209   0.002723183757324157      2.988215573323075     0.1646427430941544
                1379.75     0.7476207456173183   0.002722866442549356      1.601072627306646    -0.4594764014762575
                   1380     0.7478788675061286   0.002722498342029953      1.641382915045716    -0.4347462685315428
                1380.25     0.7463631243969499   0.002722123520286585      1.684249416557658    -0.4091030666070195
                 1380.5     0.7633806067743871   0.002721791411643484      1.505549830057786    -0.5213869249462124
                1380.75     0.7384400791889872   0.002721425401389321      1.929797541705172    -0.2732644783417048
                   1381     0.6923588725100734   0.002721268369436507      1.541953388014844     -0.497687232428179
                1381.25     0.6979610213198065   0.002721021207791574      1.750330093192555    -0.3710237140411106
                 1381.5     0.7701859908702305   0.002720747028095832      1.724124364029457    -0.3862095709274452
                1381.75     0.7266725616093908   0.002720282359392613       3.23096167886806     0.2416801470788065
                   1382     0.7364297996497299   0.002719882740164941      2.130256493851956    -0.1750042014926113
                1382.25     0.7596580456303448    0.00271954162997702      1.538493499462207    -0.5005683245146585
                 1382.5     0.7514816962170174   0.002719225598638805       1.70183720550797    -0.3997798527306919
                1382.75     0.7523330430139363   0.002718885565804156      1.716369979136499    -0.3914017014783968
                   1383     0.7228772665798996   0.002718427649099246      3.295838458446616     0.2608788796712797
                1383.25     0.7511681893206498   0.002718096012955738      1.777131556456324    -0.3569031434697655
                 1383.5     0.7625811392807923   0.002717831510414472      1.561419044803504    -0.4864059873414369
                1383.75     0.7280123340290351     0.0027173584543796      3.328968156643057     0.2704872822987675
                   1384      0.791370739369773   0.002717209778240464      1.209276888099465    -0.7422072579578698
                1384.25     0.7878241368562816   0.002717006400362727      1.179480762400729    -0.7672303668725521
                 1384.5     0.7451876873167878    0.00271666344536993      1.777403696419052    -0.3572772079297603
                1384.75     0.7244195428261145   0.002716398377985255      3.399368193662864      0.291061103341186
                   1385     0.7082609342489703   0.002716107153217853      1.795773421568363    -0.3471998965903434
                1385.25     0.7544841762017301   0.002715814614505767      1.695560018982966    -0.4047303312562327
                 1385.5     0.7873985431913711   0.002715642365558767       1.20328368973923    -0.7477526108633844
                1385.75     0.8188521374514633   0.002715644792514535      0.773418950787529     -1.189740341822969
                   1386      0.811096800103694   0.002715830640569521      1.016885069492015    -0.9159934098712765
                1386.25     0.7980947323179187   0.002715635565275997      1.177326233743196    -0.7695633789175927
                 1386.5     0.7231973062460203   0.002715242280578765      3.467989808672634     0.3106209446669025
                1386.75     0.7785550490616423     0.0027148989772281      1.873163868498696    -0.3054517096984217
                   1387     0.8029517753645491    0.00271475225846096      1.168722353831738    -0.7772235158557842
                1387.25     0.7621547347584591   0.002714446201794458      1.591925016033498    -0.4683034215864827
                 1387.5     0.7433982255831167   0.002714082403421268      1.868883519295947    -0.3080402353978299
                1387.75     0.7470957449890004   0.002713711111976927      1.808604366819624    -0.3409627708486324
                   1388     0.7847688005363673   0.002713441500882634      1.266626580776094    -0.6972604762083927
                1388.25     0.7191472934593788   0.002713119106643872      3.182257258493104     0.2238543468429049
                 1388.5     0.7363827473434412    0.00271279352493883      2.178714964852746    -0.1551212004530096
                1388.75      0.690010320019718   0.002712840096699852      1.391103035910341     -0.603742287017103
                   1389     0.6993608854168724   0.002712784221916896      1.773524618495105    -0.3608909906666505
                1389.25     0.7536161005908766   0.002712590217752254      1.785539897595696    -0.3542105513059923
                 1389.5     0.7338139682336553   0.002712154340335559      2.648837497133979     0.0400287792769816
                1389.75     0.7484195583258763   0.002711773106396258      1.887484846503222      -0.29898748524691
                   1390     0.6710294117600426   0.002711638037015939      0.978021674159963    -0.9565059162395767
                1390.25     0.6830178453342148   0.002711758568271445     0.9041516071341004      -1.03499624578591
                 1390.5     0.6871706377714135   0.002711734498997253      1.151971413777412    -0.7927721485356205
                1390.75     0.6607785819973007   0.002711846286722944     0.8455500307585588     -1.101973612632632
                   1391     0.6987653146462174   0.002711669442525223      1.813839636373963    -0.3388249426200095
                1391.25     0.7079575894040577   0.002711329874476748      1.794109968955151    -0.3498870596958999
                 1391.5     0.6835766292408434   0.002711046694497119     0.9447589748121963     -0.991326005432614
                1391.75     0.7236772865702442   0.002710579119790001       3.55679807023788     0.3341876683149725
                   1392     0.7562725680423344    0.00271040679762375      1.700657478543683    -0.4037217009301439
                1392.25     0.7249078556581666   0.002709976497714857      3.603676537688384     0.3470591844653836
                 1392.5     0.7601962958832543   0.002709676028145834      1.670989870407752    -0.4215900942216591
                1392.75     0.7544998690167772   0.002709352156687709      1.828681421985218    -0.3315306403084851
                   1393     0.8102517851544018   0.002709476227156634       1.12174803180668    -0.8201918093597509
                1393.25     0.7648128371015471   0.002709571495447306      1.648237710033564    -0.4353381975191297
                 1393.5     0.7901687070652792   0.002709384749344488      1.249483217076206    -0.7123837439128288
                1393.75      0.782999223267432   0.002709344013733172       1.41271374600595     -0.589616321325056
                   1394     0.7753585429063954   0.002709153800111102      1.963526393553789    -0.2604569904676884
                1394.25     0.7910260879102328   0.002708983919164232      1.278010182572327    -0.6899574122432928
                 1394.5      0.858853199751121   0.002709063453740392      1.569764679837278    -0.4843066539494614
                1394.75     0.8100723734387113   0.002709721228414961       1.16274942102635    -0.7842022097140604
                   1395     0.8161965169951797   0.002709650614442237     0.8107727160891933     -1.144783176313801
                1395.25      0.780802769632773   0.002709410636744819      1.701899252558134    -0.4033593938964051
                 1395.5     0.8494786922024871   0.002709241102857187      1.183476307814718      -0.76671067190381
                1395.75     0.8272925036728254   0.002709546006392403      1.150685855074546    -0.7946961068979147
                   1396     0.7443551642477714   0.002709232578262619      1.911554265061244    -0.2872532869393883
                1396.25     0.7716967116749123   0.002708965773012479      1.833998271399998    -0.3287700029779508
                 1396.5     0.7474369694152269   0.002708634718509874      1.937288509453669    -0.2741013288446567
                1396.75     0.7038989034283264   0.002708670423050481      1.722438661918354    -0.3916363537049239
                   1397     0.7137132604151134   0.002708864654777563      2.402522817189097   -0.05878640313926625
                1397.25     0.7685586594088076    0.00270856498505762      1.784698966476989    -0.3561666391458838
                 1397.5     0.7348053511406568   0.002708165781548204      2.513697783963597   -0.01380890067725426
                1397.75     0.7058749614812089   0.002708197287869405      1.778114010868754    -0.3599988985091236
                   1398     0.7979348349923943     0.0027080242762913      1.209676853269696    -0.7452627825637516
                1398.25     0.7593227795807571   0.002707693980553594      1.730835554424832    -0.3871337484486501
                 1398.5     0.7914502668348934   0.002707368517134759      1.304292994932496    -0.6701970988750006
                1398.75     0.8077692997604439   0.002707325054527791      1.342191509880491    -0.6415705468884338
                   1399     0.7581942043484069   0.002706995166589652       1.77834976034356    -0.3603103043007823
                1399.25      0.824115275882301   0.002706728144329668     0.9199021172492439     -1.019582792981846
                 1399.5     0.7635051259332329   0.002706716797431361      1.727948509458883    -0.3891641040345462
                1399.75     0.8149163818192354   0.002706472937101357     0.8599812017091558     -1.087033823227938
                   1400     0.8896287889688335   0.002706677963652229      2.311840144432297   -0.09806951675993456
                1400.25     0.8143069392179527   0.002707135728065296     0.8993771131336649     -1.041997065506066
                 1400.5      0.782914474664112   0.002706832808517868      1.490353742500235    -0.5370426138252496
                1400.75     0.8022471113078593   0.002706619146788282      1.199834599769459    -0.7539513402434084
                   1401     0.8228946895387694   0.002706409152670456      0.880600395503268     -1.063363978948995
                1401.25     0.7792154173177918    0.00270603443185575       1.93867033197994    -0.2743487666299058
                 1401.5     0.7534365916015126   0.002705773917777774      1.964159270621676    -0.2613830833274075
                1401.75     0.8193063261565978   0.002705536876245679     0.8361953116759033     -1.115428061423786
                   1402      0.793851553753984   0.002705332020961129       1.30479017358158    -0.6705684732486552
                1402.25     0.7473768954845348   0.002705047952080749      1.988922892910342    -0.2491224910566024
                 1402.5     0.7335918394363102   0.002704810215654098      2.798731895619174    0.09236280667931718
                1402.75     0.7522022414599614   0.002704591764995734      2.088624618267361    -0.2003786085549581
                   1403     0.7455522445114533   0.002704253046892063       2.00321819266561    -0.2422546428410659
                1403.25     0.7938689463015316   0.002704082721994763      1.331907663030798    -0.6504603649252172
                 1403.5     0.7745714847020583   0.002703773194258164      2.036078367851517    -0.2261614969246544
                1403.75     0.7496296958097932   0.002703476888699559      2.172370818138951    -0.1614775675310934
                   1404     0.7456793956467844   0.002703225067118884       2.06955002222766    -0.2100586301750128
                1404.25     0.7509338959135432   0.002702853954775031      2.239641944122245     -0.131211120997142
                 1404.5     0.7256077450659338   0.002702472715715962      3.654980117763799     0.3584224652305693
                1404.75     0.7436571205325816   0.002702152095881634      2.112956033707226    -0.1896989037966173
                   1405     0.7388963925114549   0.002701848073269397      2.157071830922412     -0.169147684149304
                1405.25     0.7618851892169632   0.002701570454220838      1.794076460882608    -0.3535117260646807
                 1405.5     0.7333045643304842   0.002701155978716533      2.928930088410839     0.1364816576954964
                1405.75      0.782000037329066   0.002700825957657224      1.654499547393062    -0.4347791514670081
                   1406     0.7660041811211941   0.002700475734274903      1.793640978166527    -0.3541597874329899
                1406.25     0.8141965677806582   0.002700283403752616     0.9257041300791846     -1.015679240248091
                 1406.5     0.7939738933302875   0.002700126137811597      1.357598122836035    -0.6328198209017688
                1406.75      0.776624548736365   0.002699783276823318      2.165886533594753    -0.1658340988346117
                   1407     0.7669363159898982   0.002699454114417488      1.846496018268045    -0.3254959910932353
                1407.25     0.7676300153921982   0.002699096326176978      1.897294719271242    -0.2984893001808701
                 1407.5     0.8373369963404688   0.002698875790774908      1.152417548598939    -0.7971380982588259
                1407.75     0.7989351916855223   0.002698811815523856      1.258262582278346    -0.7092918884825653
                   1408     0.8499293154242361   0.002698710529683969      1.198961374808283    -0.7576056244034099
                1408.25     0.8397779317615616   0.002698754670520903      1.093499763902654    -0.8496615840640082
                 1408.5       0.85936288968221   0.002698857280782116      1.641972050169697    -0.4431089196103025
                1408.75     0.9555344655617335   0.002700827725532796     0.7141175893555161     -1.274984710945574
                   1409      1.011877354432947   0.002704086289012035    0.01798435238676824      -4.95532450447246
                1409.25     0.9661321165165033   0.002707098767571773     0.3523162187705659     -1.979184024680428
                 1409.5     0.9303314171115703   0.002707654011072539      1.451060627063234    -0.5634580253724466
                1409.75     0.9074870614788003   0.002707945559796325      1.575957423773149    -0.4807821356842464
                   1410     0.8599133215039219    0.00270773373325962      1.712739248367164    -0.3976293500455241
                1410.25     0.9236430862321178   0.002707429701225718      1.991517554668825    -0.2469386892636723
                 1410.5     0.9084106606983861   0.002707385148243623      1.612662053194172    -0.4579658208762917
                1410.75     0.8860566782873731   0.002707190103706505      2.177747337917276    -0.1576331165651208
                   1411     0.8830396211265298   0.002706877438519344      2.083493847565877    -0.2019934099663752
                1411.25     0.9107356750196393   0.002706640773784645      1.663735610811193    -0.4270616215926803
                 1411.5     0.9245611302390949   0.002706447000439045      1.971603978165548    -0.2573512444376151
                1411.75     0.8795193717662925   0.002706144215487684      1.961410195421204    -0.2626468377234581
                   1412     0.8621512782185495   0.002705777256862064       1.84876353826552    -0.3219290929894269
                1412.25     0.8566440989778604   0.002705636619519921      1.450305289912405    -0.5647240499360787
                 1412.5     0.9144724186496819   0.002705368762158451       1.72418541110116    -0.3918424201285664
                1412.75     0.8950889886562419   0.002705004899283019      2.101550494209317    -0.1940562363927256
                   1413     0.9334150949994513   0.002704915789095232      1.291489066135798    -0.6809687150187149
                1413.25     0.8835162069520426   0.002704564892912046      2.166667422035055    -0.1637040794304079
                 1413.5     0.8728933045250972   0.002704200590753836      1.787822148407377    -0.3560308221245743
                1413.75     0.8771623644337421   0.002703833187449955      1.866820673109905    -0.3129280883906099
                   1414     0.8992610375979234   0.002703468883270845      1.868973940536548    -0.3119100574006364
                1414.25     0.9132888467924086   0.002703126523811332      1.739996555455487    -0.3835431542967881
                 1414.5     0.8890279175260384   0.002702776408727643      2.395085008256734   -0.06413709427090496
                1414.75     0.8736650025300273   0.002702424948628632      1.830771318368324    -0.3329485002022168
                   1415      0.887700140017473   0.002702028355655032      2.399850774096502   -0.06242607099320417
                1415.25     0.8702165536737226   0.002701684464271555      1.951686588116142    -0.2692659928880055
                 1415.5     0.8634961144809595   0.002701324626141676      1.900157286998818    -0.2961564424019548
                1415.75     0.9036810612210799   0.002700970285740647      1.660988504520171    -0.4308113794262707
                   1416     0.8780520058770106   0.002700650969376192      2.012567743100307    -0.2389311281267663
                1416.25     0.8653777710890949    0.00270029022964439      1.932537348328835    -0.2796422753396076
                 1416.5     0.8342440526427281   0.002700040684632671      1.293733733797438    -0.6810361164365062
                1416.75     0.8544437726952877   0.002699796150442771      1.293521651473568    -0.6812906312571361
                   1417     0.9186985747998674   0.002699443129750478      2.058239048474963    -0.2169390728725556
                1417.25     0.8927862185479616   0.002699154641617706      2.345368377105371   -0.08645425445871421
                 1417.5     0.9014502049764683    0.00269887096804274      1.787046698448326     -0.358437469033553
                1417.75     0.8021191695902518   0.002698847760867451       1.23607649569641    -0.7270681892255429
                   1418     0.8788387206400474   0.002698645574274443      2.112083872866543    -0.1914102771813884
                1418.25     0.8263352462565041   0.002698467035776334      1.109985843984396    -0.8348042534386458
                 1418.5     0.8812290989635404   0.002698312618106853      2.277790124981219    -0.1160030118541298
                1418.75     0.8515280143137025   0.002698005717852153      1.224476751274896    -0.7368088747526303
                   1419      0.827033601682693   0.002697718199510998       1.19098581930754    -0.7646476745883625
                1419.25     0.8658496240600978   0.002697434671697004      1.979755081963422    -0.2565610219156921
                 1419.5      0.831740805507544   0.002697216018842521      1.361683363381516    -0.6308935242957535
                1419.75     0.7886174408585512    0.00269702334668252      1.341020301267076    -0.6462559190135178
                   1420     0.8524233948817366   0.002696872424714576      1.259548141795848    -0.7089895833611177
                1420.25     0.8556541974417107   0.002696554026117117      1.442661828472278    -0.5733707922947803
                 1420.5     0.9093407192080795   0.002696400884262684      1.723067084174648    -0.3958115935130541
                1420.75     0.8792843452783276   0.002696118372005217      2.226400885019031    -0.1396359354010124
                   1421     0.9594638349436553   0.002696311050128898     0.5484685941840811     -1.540576060233061
                1421.25     0.8994816873971531   0.002696422574726617      1.949485954169965    -0.2723437160457827
                 1421.5     0.8971524961506605   0.002696101924695628      2.130424347757669    -0.1837071803484185
                1421.75     0.9515298796056502     0.0026959937305958     0.8562040320879976     -1.095315071156853
                   1422     0.9371762992398991   0.002696275373045748      1.591919585037952    -0.4750234593510221
                1422.25     0.8797586788922476   0.002695928397003357      2.302251776503505    -0.1062050517786872
                 1422.5     0.9084745815212574   0.002695592036158104      1.741815453481877    -0.3852895696876094
                1422.75     0.9083874454935554   0.002695260027378896      1.775854923443826    -0.3660587239554131
                   1423     0.9047261016541268   0.002694909102690585      1.787162978459536    -0.3598414528052197
                1423.25     0.9115639041349715   0.002694551763414898      1.843666835496546    -0.3288470598656449
                 1423.5     0.9125416205070916   0.002694199775872854      1.871706343009286    -0.3138836339647459
                1423.75     0.9260614872476965   0.002693840626121613      1.901279245777171    -0.2983404984788846
                   1424     0.9014415861226547    0.00269349908525565      1.913408658087669    -0.2921079500044807
                1424.25     0.9314983999149822   0.002693205676114054      1.421020903601068    -0.5897276180057597
                 1424.5     0.9226645062354631   0.002693067060677121      2.185609903167876    -0.1592597259083486
                1424.75     0.8914290473831921   0.002692677129280327      2.480953459386747   -0.03265650297547321
                   1425     0.8368307089524093   0.002692621083803006      1.244147115879339    -0.7228700152710651
                1425.25     0.8769971936075289   0.002692387645034656      2.099851793488493    -0.1995401947343577
                 1425.5     0.8555800040963204   0.002692188684258542      1.471797163897126    -0.5549966481504635
                1425.75     0.8344274610739949   0.002692317456362349      1.357180539996106    -0.6360236166092442
                   1426     0.8628641003393331   0.002692116309971914      2.041985448338055    -0.2275851525884749
                1426.25     0.8131933767431252   0.002691970637108641      0.981971426282539    -0.9597549270213728
                 1426.5     0.8285402270871014   0.002692226076723779      1.343364861455114    -0.6462894164684879
                1426.75     0.8575420154505666   0.002691922849478261      1.705865706015924    -0.4075068832293992
                   1427     0.8328624403374626    0.00269165576617528      1.422519320228688    -0.5892493632345933
                1427.25     0.8682940548585829   0.002691438895337849      2.054035577409723    -0.2219529744318746
                 1427.5     0.8654229909004159   0.002691109823164044      2.093006137051379    -0.2032803049235641
                1427.75     0.8584026169108383   0.002690827017636877      1.860984627430996    -0.3208810576490342
                   1428     0.8410091596578403   0.002690523482395754      1.123318740631751    -0.8258121198796782
                1428.25     0.7673963130704167   0.002690815670864714      1.921457754200452    -0.2889068468005153
                 1428.5     0.8234274995786923   0.002690848896746421     0.9597645544632176    -0.9830459242967928
                1428.75     0.8486597968958413   0.002690591751279298      1.281196967757146    -0.6942794394194113
                   1429     0.8086110968020102   0.002690403744745391      1.361743484883306    -0.6333782365238225
                1429.25     0.8278358701566016   0.002690143980396428      1.346255391227548    -0.6449136921594391
                 1429.5     0.8174271480805482   0.002689896831011113     0.8803568958267872     -1.069760412952731
                1429.75     0.8204925279335541   0.002689885719209075     0.8955694531855261     -1.052632156104862
                   1430     0.7931635997919674   0.002689576471839646      1.417911255563416    -0.5932667850303375
                1430.25     0.7851915580260594    0.00268942116819724      1.405121152638927    -0.6023858427030788
                 1430.5     0.7696470947613329   0.002689560830542859      1.985440676215516    -0.2566165498625568
                1430.75     0.7667643047486922   0.002689801426470169      1.975853003469953    -0.2613677854231035
                   1431     0.8116777455145865   0.002689773623781342      1.128015172443055    -0.8219187236808324
                1431.25     0.8313380080068337   0.002689433822102192      1.487615336643229    -0.5453302736812881
                 1431.5     0.9024225626748507    0.00268964706901661       1.91486561794886      -0.29277793208549
                1431.75     0.8439889015925768   0.002689515928670983      1.225236412807341     -0.739340322081234
                   1432     0.8083994862397412    0.00268918238833741      1.433570680410106     -0.582429848894347
                1432.25     0.8169072725369939   0.002688891001701044     0.9345098025968339     -1.010439683646644
                 1432.5     0.8060154361693248   0.002688548940826065      1.494979583781086    -0.5407211914740176
                1432.75     0.7603289018268473   0.002688328758453198      1.878302958861779    -0.3125469538806265
                   1433     0.7644731159578642    0.00268846877708702      1.950246512444328    -0.2749077778408024
                1433.25     0.7957921680970015   0.002688210458692912      1.377550945055749    -0.6226524024498138
                 1433.5     0.8401334297341051   0.002687931235953201       1.18005777858005    -0.7775001201098299
                1433.75     0.8005735730786091   0.002687670394845007      1.289258736638849    -0.6890931381270364
                   1434     0.8336654323891891   0.002687340448833849       1.47510765802468    -0.5545523633228194
                1434.25     0.8651990733518161    0.00268711932231244       2.16730402836893    -0.1698816149344907
                 1434.5     0.8051870016564616   0.002686917948800078      1.495215626503842    -0.5411701417337644
                1434.75     0.8106193868248072   0.002686614444542967      1.305286831189652    -0.6771307219730005
                   1435     0.7391893660991224   0.002686513058973144      2.205391081876107    -0.1526864160543939
                1435.25     0.7470967088045785   0.002686663124890524      2.193352943520518    -0.1581040157434726
                 1435.5     0.6984781345502906   0.002686672256599274      1.849505392444176    -0.3286137663808855
                1435.75     0.6802312734773287   0.002687759866952781      1.056497229659149      -0.88816834341552
                   1436     0.6726084558270665   0.002689036793209116      1.086929660927753    -0.8592954060182152
                1436.25     0.6819992625360691   0.002689558913106584      0.984642027728627    -0.9579352829023169
                 1436.5     0.6514632411226671   0.002690506984662646     0.8072074382670106     -1.156280311853275
                1436.75     0.6658094275099147    0.00269107898422056     0.7917355268780844     -1.175421013835958
                   1437     0.7410123634746592   0.002690978859181691      2.255071192052716    -0.1287488039525258
                1437.25     0.7364804349246792   0.002690579015350302      2.462896303799208   -0.04074092829621283
                 1437.5     0.7110954843460309   0.002690206836832503      2.131182705056517    -0.1855401948733294
                1437.75     0.7164473056222216   0.002689862172243251      2.834367735730489    0.09947348385924955
                   1438     0.7387563496299115   0.002689496018012706      2.340188104883095   -0.09225022775490142
                1438.25      0.720648661614112   0.002689165585637313      3.661862551045706     0.3553675032226747
                 1438.5     0.7327682638058119   0.002688725703132002      3.125903985264932     0.1969555189499962
                1438.75     0.7088396781952322   0.002688453421870133      1.970589519045323    -0.2645365243607639
                   1439      0.699184208932206   0.002688309725217739      1.890298459294955    -0.3061879900044686
                1439.25     0.6748612831226303   0.002688276214040811      1.243978574304736    -0.7246204162357333
                 1439.5     0.6580258751802112   0.002688211266801938     0.9124793861870235     -1.034549131165816
                1439.75     0.7111931007532331   0.002687987069042779      2.242805044828911    -0.1353154161237423
                   1440     0.6720356428599258   0.002687874377422208      1.105093459739949     -0.843154765435888
                1440.25     0.6623040039634529   0.002687969363517083     0.8264301768734355     -1.133689183444824
                 1440.5     0.6666392862532684   0.002687906413647734     0.8564274399963663     -1.098058438736401
                1440.75     0.7119186035817601   0.002687608938914663      2.378138358763615   -0.07686545531223253
                   1441     0.7745061697461599    0.00268735015332723      2.131331348329164     -0.186532897134964
                1441.25     0.7586475731836578    0.00268732090898041      1.922784234346675    -0.2895163523600002
                 1441.5     0.7303690193280938   0.002686991657694774      3.538411115443966      0.320264651122102
                1441.75     0.7096971613723059   0.002686659171407996      2.160236410465082    -0.1733192197136927
                   1442     0.6512765013528743   0.002686493532089909     0.8211664947358481     -1.140627934174349
                1442.25     0.6640301108285596   0.002686473578020297     0.8252999816536389     -1.135614311326975
                 1442.5     0.6485794276336824   0.002686604745948084     0.7722507743100807      -1.20200308710339
                1442.75     0.6851007553112441   0.002686474331071874      1.046970606440038    -0.8977048289852567
                   1443     0.6305240967537873   0.002686541341946869     0.5842567687972898     -1.480995463097141
                1443.25     0.6631999640594095    0.00268642384048335     0.8536884862023488     -1.101813402939679
                 1443.5     0.6568481571001893   0.002686483722940587     0.9431156025673358     -1.002168604077337
                1443.75     0.6453121337619006   0.002686365076551657     0.6701518707603999     -1.343897275100651
                   1444       0.64607062338133   0.002686207909708283     0.7071105905925461     -1.290273065678778
                1444.25     0.6279360830616902   0.002686280729021696     0.6331546485917142     -1.400718330579165
                 1444.5     0.6843356409718169   0.002686004075022319      1.028247243337279    -0.9159251003257439
                1444.75     0.6071897815636851   0.002685792092645791     0.9898559005634846    -0.9540555731651436
                   1445      0.647040732935741   0.002685630842589308     0.7716095550620776     -1.203196326296304
                1445.25     0.6208709581013887   0.002685446328302581     0.6985945925869537     -1.302673105327501
                 1445.5     0.6697612454132083   0.002685332272430238      1.017403123495373     -0.926777467605253
                1445.75     0.7123728588878322   0.002685070591546876      2.506168521318574   -0.02537324271671134
                   1446     0.7040379885331287   0.002685055322011382      1.838904593011095    -0.3349639664519822
                1446.25     0.7035169672370546   0.002684804832614949      1.877977048854231     -0.314032165824235
                 1446.5     0.6494944821598739   0.002684592855804807     0.8704924859396479      -1.08300243456824
                1446.75     0.6533578553798932   0.002684545211974473     0.9093754311185205     -1.039321284699063
                   1447      0.647015167510968   0.002684275233944057     0.8103127642094864     -1.154759579917698
                1447.25     0.6684008739554989   0.002683984244807479      0.975948273712944    -0.9688787059261942
                 1447.5     0.6504744013600681   0.002683820314552981     0.9395376104802209     -1.006961521264381
                1447.75     0.6754219589418388   0.002683526644377572      1.306656083185449    -0.6772322557091032
                   1448     0.6367728589823002   0.002683256726829578      0.587400151809235     -1.476853111185784
                1448.25     0.6417304343878876   0.002683145883003672      0.671283724344327     -1.343408813013763
                 1448.5     0.6598595641919316   0.002682885973356445     0.9529749631700873    -0.9931089391663918
                1448.75     0.6373967062951198   0.002682617378875881     0.6227706163209961     -1.418619431018149
                   1449     0.6829256190190345   0.002682378560260463      1.023458762189443    -0.9219436050304275
                1449.25     0.6510940999432518   0.002682125951719322     0.9557326030650704    -0.9905027260992013
                 1449.5      0.684400488491697   0.002681831565369179      1.080524321069316    -0.8678889759472184
                1449.75     0.6515913538213728   0.002681541469864016     0.9751756520893312    -0.9705812264841821
                   1450     0.6464364687553206   0.002681287164963327     0.8276851781899777     -1.134660814577323
                1450.25        0.6270028005779   0.002681045954725404      0.653298917594244     -1.371348856726221
                 1450.5     0.6481676513305011    0.00268077818522511     0.9457086945591394     -1.001548933983946
                1450.75      0.636683961315558   0.002680553118452658     0.6160249607175002     -1.430279997672172
                   1451     0.6744552759706177   0.002680246808892786      1.298960142081923     -0.684362425927115
                1451.25     0.6374793440038607   0.002680006356206504     0.6504588437143574     -1.376093448244671
                 1451.5     0.5538933719603789     0.0026797932251058       3.16577389941521     0.2063018176660471
                1451.75     0.5222054505819052     0.0026808824166505      3.180940620924539     0.2114875833123816
                   1452     0.6487709791632753   0.002680916053009919     0.9873614820487977    -0.9583958792034869
                1452.25     0.6059410477184256   0.002680643506992057      1.020599532496447    -0.9253882509286228
                 1452.5     0.5964316947149925   0.002680417013714609      1.265215903530762    -0.7106201958636323
                1452.75     0.6195245622795559   0.002680273151829158      0.730266660763718      -1.26026217392865
                   1453     0.6172551048857744    0.00268003291919338     0.7343315092992061     -1.254800989812677
                1453.25     0.6073224487886827   0.002679738256600832      1.021203982799777    -0.9251339319574318
                 1453.5     0.6352280431212532   0.002679491879620197     0.6105382253469512     -1.439622557578315
                1453.75     0.5613530458008299   0.002679324849164985      2.378965900398208   -0.07960462429450653
                   1454      0.568285973815433    0.00267945461261862      2.842112631613894    0.09832556830034317
                1454.25     0.6338506964203027   0.002679226431284577     0.6082824703872566     -1.443423170395855
                 1454.5     0.6077304674481756   0.002678948062372836      1.029452336036852    -0.9173842110823642
                1454.75     0.5779936443195707   0.002678632532821959      2.279023683318908    -0.1227818052155902
                   1455      0.621955664810017   0.002678394333366289     0.7076071822484779     -1.292484043720632
                1455.25     0.6314345541817941   0.002678137508514988     0.6204100925845307     -1.424088349286234
                 1455.5     0.6228931840517465   0.002677927292109519      0.705197301577713     -1.296069920858324
                1455.75     0.6451453374040036   0.002677684231326806     0.7976385180172136     -1.172982803668991
                   1456     0.6418791923061229   0.002677425659649122     0.7264211382638709     -1.266604956726244
                1456.25      0.615227294525525   0.002677181744313154     0.7208902058393747     -1.274339143166906
                 1456.5     0.5121433599104579   0.002677079877624965      4.269690331769228     0.5044325425970392
                1456.75     0.5794103303896184   0.002677425231799218      2.188607948348411    -0.1637140627395691
                   1457     0.6451791906505927   0.002677164557793134     0.8289717696321544     -1.134646307083076
                1457.25     0.6698569734461797   0.002677162808612408      1.077060300780094    -0.8728423963183849
                 1457.5     0.6253342036582041   0.002677010335407527     0.7014831165916328     -1.301693184720796
                1457.75     0.6695275080708729     0.0026769684127614      1.082556448848422    -0.8678250715037826
                   1458     0.6422244767439858   0.002676995797651664     0.7540581299214428     -1.229425986578068
                1458.25     0.6494546967407937   0.002676704172511966      1.046277237337983    -0.9020107356385727
                 1458.5     0.6391614287414162   0.002676474282885668     0.7384449008836835     -1.250543789734383
                1458.75     0.6133667415989991   0.002676200404457725     0.7384059870577506     -1.250698821414599
                   1459     0.6505855368141468   0.002675957716353364      1.071338031846125    -0.8786196573746272
                1459.25     0.6460693624831456   0.002675667919457439     0.9258462661645618     -1.024683401439926
                 1459.5      0.626292779132561   0.002675389992819621     0.7083448501865769     -1.292564428665356
                1459.75     0.7043922135140736   0.002675273787395542      1.921693445907675    -0.2945768368388291
                   1460     0.6685238189401784   0.002675343211896598      1.047998849945439    -0.9008751986095752
                1460.25     0.6630870179986954   0.002675094337361885      0.892197264474723     -1.061918739065998
                 1460.5     0.7136244194369489   0.002674906231276618      2.652078406038188    0.02742260000485938
                1460.75     0.7396265446632947   0.002675296427306658      2.356933754523053    -0.0904136568891724
                   1461     0.6871529633318774   0.002675476984221622      1.231281365567904    -0.7396522986945848
                1461.25     0.6425809705788832    0.00267522414162659     0.8008557008092791     -1.169876691603008
                 1461.5     0.6331682407224982   0.002675071471689125     0.6307393266838481     -1.408721877609563
                1461.75     0.6788251827654906   0.002674814929728337      1.259125878532207    -0.7175374369389764
                   1462     0.7033750261147074   0.002674571671994901      1.946879481936574    -0.2818182927404611
                1462.25     0.7484793568082234   0.002674617096927992      2.272258480602634    -0.1272548717323921
                 1462.5     0.7578975553327598   0.002674926865224378      1.935316986256569     -0.287642192634824
                1462.75     0.8468451059290653   0.002676033788206577        1.3125683479286    -0.6755138054465811
                   1463     0.8250777482153019   0.002677950227240907      1.121675411501254    -0.8319602307722125
                1463.25      0.808984783220024   0.002679041692863919      1.485550954709301    -0.5505904927523491
                 1463.5     0.7857076466098304   0.002679366633438032      1.395694564232413    -0.6128627401009127
                1463.75     0.7886690577963232   0.002679447206576031      1.405651838883328    -0.6057237182505647
                   1464     0.8394539054542608   0.002680019110423883      1.219816754393591    -0.7473107913584313
                1464.25     0.8153097361377363   0.002680613224261387     0.9963741973399201     -0.949422171201219
                 1464.5      0.817525859680818   0.002680713497398015      0.955476632314518    -0.9912973448731953
                1464.75     0.8453379506366078   0.002680853460298658      1.312768148616596    -0.6735621652717307
                   1465     0.8221689002790356   0.002681261590849282     0.9764230939215899    -0.9694072247773446
                1465.25     0.9112136403474544   0.002682128450230109      1.898695838545544    -0.3040574358704189
                 1465.5     0.9267884041785417   0.002683607468880373       1.89620655905276    -0.3048180603513541
                1465.75      0.927604182760173   0.002685550315470076      1.862976306655246    -0.3217743228979137
                   1466     0.8881956068822778   0.002686275716224343      2.491582509026324    -0.0307615661523104
                1466.25     0.8685783308814481    0.00268627062262995      2.136021347586686    -0.1847366014689246
                 1466.5     0.8717820474557887   0.002686200295897202      2.081033800110137    -0.2108429075868697
                1466.75     0.9076421969327676    0.00268623499814543      1.870483592858459    -0.3174977752415624
                   1467      0.914487273760242   0.002686417110396376      1.888372468065307    -0.3079116560910525
                1467.25      0.882014354151652   0.002686650743047093      2.408601442690075   -0.06449375701212562
                 1467.5     0.8859905443630801   0.002686392669939884      2.447103854082483   -0.04873085905127388
                1467.75     0.8858341453100208   0.002686338855073147      2.498381355015246   -0.02801305240391195
                   1468      0.830797139470293   0.002686088527152674      1.530564283066841    -0.5181128265969407
                1468.25     0.7989545306089545   0.002686068920048353      1.330209125257311    -0.6584204390869436
                 1468.5     0.8260054718045542   0.002685824088629779      1.253270739687274    -0.7180910330012178
                1468.75     0.7984172357725003   0.002685587161115412      1.368840003454376    -0.6299723083557155
                   1469     0.8263343993028007   0.002685401739691865      1.317989341927228     -0.667897672770646
                1469.25     0.8578692506387645   0.002685064698691624       1.82749791428686    -0.3411827673925076
                 1469.5     0.8641704737889744   0.002684693009224858      2.242286735420836    -0.1367727676514477
                1469.75     0.8901447229712917   0.002684370651737336      2.662807466961916    0.03499194850664587
                   1470     0.8704382709111662   0.002684275484119599      2.179757791938577    -0.1652107435137555
                1470.25     0.8467854776110768   0.002683979699603313      1.355635975457607    -0.6402640083627926
                 1470.5     0.9015152897867418   0.002683803837151966       1.97060903738491    -0.2662575813245067
                1470.75     0.8453014394160233   0.002683841305077265       1.35575600923486    -0.6402270325363477
                   1471     0.8553667904824309   0.002683506842188777      1.558311120559282     -0.501108280616507
                1471.25     0.8168801598544844   0.002683240421011743      0.994879433001251    -0.9499439083337065
                 1471.5     0.8535546177434594   0.002683042305409055      1.448217990287023    -0.5745501950781878
                1471.75     0.7968697723395806   0.002682758619995685      1.419436445124503    -0.5947298386099056
                   1472      0.830388231190426   0.002682617194028096      1.588888266819044    -0.4820079114116659
                1472.25     0.8577034822330385   0.002682287905687532      1.888643782758101    -0.3093062400435851
                 1472.5     0.8808354392121385   0.002681910434736391      2.472793279620274   -0.03995757929766906
                1472.75     0.9041530280727965   0.002682006379972075       1.92895649416586    -0.2882910189895266
                   1473     0.8673466901118486    0.00268168307629499      2.254233447529191    -0.1325807712234205
                1473.25      0.849014128587317   0.002681415475922303      1.387516187569753    -0.6179753117191699
                 1473.5     0.8463176516665072   0.002681144021539294      1.431143825797877    -0.5871177828911626
                1473.75     0.8166206567751676   0.002680889981827034      1.021727535848851    -0.9241916833273132
                   1474     0.8564570360381003   0.002680800147307466      1.773073589947883    -0.3730055182445145
                1474.25     0.8614671944444372   0.002680440009740232      2.326355156739178    -0.1015516666186794
                 1474.5     0.8851650437514166   0.002680211914859461      2.562082503271321  -0.005119093014543142
                1474.75       0.87231788832169   0.002680059452830207      2.143918732794248    -0.1833610465796001
                   1475      0.846810804669569   0.002679846133581729       1.46288233959135    -0.5656672879883604
                1475.25     0.7833972048767589   0.002679735042643303      1.562518015779212    -0.4998188051474032
                 1475.5     0.7873281090549517   0.002679598387454062       1.43251722541868    -0.5867352406327692
                1475.75     0.7372262161047906   0.002679908545464178      2.495426992651601   -0.03159283974420675
                   1476      0.800022225934288   0.002680139996028836      1.374628276086266    -0.6277829823711115
                1476.25     0.7797804691454056   0.002679963608772402      2.010110776814899    -0.2478423137481774
                 1476.5     0.7216450792456621   0.002679853326068554      3.739341666132605     0.3728362720221048
                1476.75     0.7732719441363389   0.002680687739361665      2.093880387346784    -0.2067429927855948
                   1477      0.734474941662168    0.00268063918829142      2.903517914334467      0.120142982142398
                1477.25     0.7787708721897784   0.002680589115556707      2.180596193303603    -0.1662004505763248
                 1477.5      0.811099000692697   0.002680320157085061      1.294777716961167    -0.6875600804871309
                1477.75      0.784512466250861   0.002679994105759238      1.562059142664589    -0.5000158534589387
                   1478     0.8012664440004297   0.002679715501411485       1.37998124493699    -0.6240548216085982
                1478.25     0.7897005819064262   0.002679400620403196      1.476148295423901    -0.5568060500659555
                 1478.5      0.805265684218873   0.002679072611917029       1.57431100030952    -0.4925469520074514
                1478.75     0.8042927818713098    0.00267873832257865      1.545158737318148     -0.511362806569121
                   1479     0.8398774990379472   0.002678574783168935      1.238255858118056    -0.7328466835741111
                1479.25     0.8369667194502476   0.002678399479931616      1.364216303200848     -0.636035828708278
                 1479.5     0.7891633247265019   0.002678165181366914      1.503990222497353    -0.5385817120149325
                1479.75     0.7607294599377381   0.002677992191006033      1.963912289607869    -0.2718294815972377
                   1480     0.7967384919223913   0.002677777678303816      1.488599830974538    -0.5490121693485343
                1480.25     0.8458160944044472   0.002677478135905977      1.476508847455412    -0.5572795909480638
                 1480.5      0.858146839478228   0.002677425931481296      2.050352853601392    -0.2289676010664932
                1480.75     0.8247900862915692   0.002677281286663578      1.190640761566538    -0.7725419111014821
                   1481     0.8498696497069234   0.002676985537079761      1.463783082949178    -0.5661197637173975
                1481.25     0.7963269384398451   0.002676715186338915       1.52161145830723    -0.5274750535166752
                 1481.5     0.8167791346009662   0.002676431445452224      1.042615736930904     -0.905618318572926
                1481.75     0.8836011132344654   0.002676271374357833      2.577680625191648 -0.0005208030635561434
                   1482     0.8755886919117966   0.002676214828651879      2.100793310887677    -0.2051169034663068
                1482.25     0.8739714303397266   0.002676103322112969       2.12514372118217     -0.193634176995532
                 1482.5     0.8364901717890151   0.002675926956482477      1.411977007869034    -0.6025486610888212
                1482.75     0.8457129468048769   0.002675613082700804      1.528090434920068    -0.5236379447252794
                   1483     0.8154340222868703   0.002675357013803239      1.092629401389887    -0.8591654420298028
                1483.25     0.8641726780442561   0.002674989783035528      2.378534986866702   -0.08140505542638533
                 1483.5     0.8233452143385052   0.002674734577868808      1.103147593555256    -0.8498176682199891
                1483.75      0.838480247487723   0.002674478004844117      1.345292846990025    -0.6514694203699229
                   1484     0.9074711938131453    0.00267439484592968      1.941643269912936     -0.284577572942867
                1484.25     0.8885765139285972    0.00267429740185294       2.74274006363093     0.0608087735103622
                 1484.5     0.8553235732311293   0.002674078307416201      1.728424576442025    -0.4010202555979678
                1484.75     0.8059999512504173   0.002673750651716194      1.664393487033959    -0.4388923525799215
                   1485     0.7572072009236724   0.002673687730768265      1.969153222063785    -0.2707730568871317
                1485.25     0.7731854051088921   0.002674124943922211      2.141429120944766    -0.1867397400229958
                 1485.5     0.7790005408649824   0.002673891433872446      2.223665289394027    -0.1491436198595964
                1485.75     0.7616199298309709   0.002673893053453122      2.011210581618087    -0.2495630596615122
                   1486     0.6835321043125956   0.002674739858507557      1.080732966872633    -0.8703437523231833
                1486.25     0.6817034355638008   0.002675992349149653      1.108476911116128    -0.8445281586445084
                 1486.5     0.7190225502475657   0.002676470245779308      3.437218292661226     0.2873259996007289
                1486.75     0.7017461879373152   0.002676714832944828      1.960519217151634    -0.2740357838849965
                   1487      0.685616881736626   0.002677231608108188      1.188548132628722    -0.7743195785441915
                1487.25      0.659506695476629   0.002677817550989014      0.959085597635114    -0.9886081975439329
                 1487.5     0.6957464276999132   0.002678052101583117      1.794073642337953     -0.362256848235248
                1487.75     0.6267906827151704   0.002678548321208301     0.7086498891118638     -1.290954070030285
                   1488     0.6450643626949432   0.002679581658737917     0.8930986674455188     -1.059232892254199
                1488.25     0.6923048154982989   0.002679708650543431      1.610856545890266    -0.4693612330218007
                 1488.5       0.65196426908394   0.002680043590088615      1.068831088619817    -0.8794366926256316
                1488.75     0.6761001137424256   0.002679917579278223      1.375719226146505     -0.627072654784514
                   1489     0.6482359012092621    0.00268015792012847      1.107703801548214    -0.8436704190859636
                1489.25     0.7140160884383744   0.002679935670519537      2.726803804060839    0.05708758350878585
                 1489.5     0.6636288921654332   0.002679834799359417     0.9053198783542815     -1.045547153153562
                1489.75     0.6857549620413623   0.002679687937318462       1.22370130254252    -0.7442548958756391
                   1490     0.6529801128065038   0.002679486088663074      1.062312086903278    -0.8857625977949055
                1490.25     0.6795308079464614   0.002679208200668669       1.26231274536016    -0.7133685087401829
                 1490.5      0.672283444200654   0.002678969488796212      1.252074019097713    -0.7216017696721739
                1490.75      0.711796814733366    0.00267859870303321      2.554874708343075  -0.008538392360270382
                   1491     0.7064308508310675     0.0026782392336037      2.076321400604157    -0.2160780159752101
                1491.25     0.7062795510357357   0.002677875529708813      2.110037041474208     -0.200106092858497
                 1491.5     0.7348308149308901   0.002677583986144639      2.905121522222112      0.119554748983225
                1491.75     0.6704379140703041   0.002677356799087778      1.183042895459241    -0.7789154796788722
                   1492      0.673647604180903   0.002677125777052437       1.37080220486228    -0.6316954955268645
                1492.25     0.6977369511276814   0.002676785022690246      1.968961642602942    -0.2697125879339037
                 1492.5     0.6747327558607835   0.002676475306622703      1.449461318390748     -0.576142635095467
                1492.75     0.6333130475484858   0.002676323492087615     0.6379512517044584     -1.396884747911215
                   1493     0.6402954846219797   0.002676283022243476     0.7855166721951032     -1.188820059480064
                1493.25     0.6794764784965793    0.00267606943194309      1.324379170588837    -0.6665424755264737
                 1493.5     0.6633817390104307   0.002675783885328733     0.9258601441090877      -1.02462507211597
                1493.75     0.7126259433585238   0.002675429584909679      2.711498203484765    0.04977592193066858
                   1494     0.6839497161570075   0.002675142274847487      1.191240920287452    -0.7728372430125804
                1494.25     0.6461854213140505   0.002674955625720219        1.0150610877562     -0.932953775399284
                 1494.5     0.6769595384681391   0.002674660965878208      1.507729621466925    -0.5374077747694274
                1494.75     0.6677815204928199   0.002674380589038028      1.068654955448222     -0.881716757983477
                   1495      0.681810197882496   0.002674098064154755      1.222071176552951    -0.7476761065391694
                1495.25     0.6870839456103244   0.002673802191438907      1.325272969043528    -0.6667154090017124
                 1495.5     0.6982921015523308   0.002673453630618991      2.024964820694762    -0.2429119036643081
                1495.75      0.606223737418591   0.002673347919241427      1.060550740225254    -0.8897154340408617
                   1496     0.6493666867704456   0.002673234250108056      1.208179383053649    -0.7594317093916653
                1496.25     0.6695979260850043   0.002673005710627724      1.200669723130208    -0.7657522854710016
                 1496.5     0.7046303848874765   0.002672822208239411      2.084628512906098    -0.2141097736447049
                1496.75     0.7132510877587603    0.00267248046510793      2.800050736893358    0.08080922887356169
                   1497     0.6625264121126396   0.002672216709418206     0.9517000467063023    -0.9984323773753351
                1497.25     0.7099423536375125   0.002671862451349722      2.475005908313643   -0.04281680298171212
                 1497.5     0.6883421258272374   0.002671583881987058      1.401956122722954    -0.6112953600811792
                1497.75     0.6817300290308724   0.002671279761322855      1.256379618020854    -0.7210434277952319
                   1498     0.6944355981729795   0.002670947533982082      1.815142301559542    -0.3532382039536875
                1498.25      0.688892939015214   0.002670641183516755      1.479149994746322      -0.55804918062403
                 1498.5     0.7386677215024915   0.002670490824897076      2.462986712202936   -0.04819835353144809
                1498.75     0.6833425933262582   0.002670245091725331      1.272058588537352    -0.7090285758770063
                   1499     0.7205120753565122   0.002669812464373114      3.722199976013796     0.3644877540084365
                1499.25     0.6692559919661651   0.002669552116519658      1.220203664600127     -0.750906868029413
                 1499.5     0.6645939488472294   0.002669286701063622      1.002893292868193    -0.9471349638450447
                1499.75     0.6981330112633309   0.002668938290240103      2.081683158484933     -0.216977836243351
                   1500     0.6201842445348332   0.002668747299536112     0.7750373185523218      -1.20507027446455
                1500.25     0.6088019910939637   0.002668766961384421      1.002722437742096    -0.9475000706088624
                 1500.5      0.634346676407783   0.002668952912416211     0.6545647366335861     -1.373933923362604
                1500.75     0.6490927104288392   0.002668733382836408      1.222009411448714     -0.749734828958197
                   1501     0.6289385697254309   0.002668599458353214     0.6950737261410856     -1.314018933667243
                1501.25     0.6326185433539497   0.002668439904398143     0.6677255078673295      -1.35421947284874
                 1501.5     0.6703520941919784   0.002668239262537603      1.309044410018104    -0.6811191470855864
                1501.75      0.702591307636423   0.002668002182619895      2.124699477202085     -0.196875046749436
                   1502     0.6936178229830944   0.002667715824297127      1.838911365435854    -0.3414390057020154
                1502.25     0.7391168851352923   0.002667751851331167       2.49853877783928   -0.03489317614681996
                 1502.5     0.7754339472395253   0.002668199681133112      2.349243430974091   -0.09633806244730495
                1502.75      0.699473916831531   0.002668279522808178      2.200688961464031     -0.161630995883389
                   1503     0.6877785545705598   0.002667966926234061      1.474255192722553    -0.5623657230723672
                1503.25     0.7511400144349131   0.002667682973291871      2.260919836784924    -0.1348533294616364
                 1503.5     0.7380367339361011   0.002667839973566804       2.61601557034511    0.01108616911800452
                1503.75     0.8467965658286892   0.002668631455452946      1.580316594903724    -0.4926443817647028
                   1504     0.7883204445961679   0.002669483564563359      1.516011368106641    -0.5338675446229412
                1504.25     0.8330224059200659   0.002670145151516646      1.607654942358413      -0.47492596831574
                 1504.5     0.8159233093657442   0.002671031350829782      1.093033913119162    -0.8604134549418799
                1504.75     0.8159260684746851   0.002671317325629619      1.114687641308624    -0.8406894082915565
                   1505     0.8416515334623537    0.00267185460274833      1.357843828227299    -0.6431645024853274
                1505.25      0.846278272143092   0.002672115279092193      1.615240619659308    -0.4694810285637079
                 1505.5     0.8544071344101879   0.002672846360012249      1.671663014411095    -0.4348724577927629
                1505.75     0.7972722644443334   0.002672684696958269        1.5464103889053    -0.5128155240357998
                   1506     0.8149812283766468    0.00267247506961361       1.15680588826066    -0.8031676648353983
                1506.25     0.7931898796774352   0.002672272800772988      1.566837139928257    -0.4998469893490273
                 1506.5     0.7964335095887255   0.002671965520764356      1.595300410055306    -0.4819589477080528
                1506.75     0.7958435842249684   0.002671723215360411      1.628795070555459    -0.4612711785725306
                   1507     0.8142192065636903   0.002671477994362409      1.193683573910626    -0.7721595211875329
                1507.25     0.7926800619484223   0.002671156122413035      1.633533519060166    -0.4585785077880916
                 1507.5     0.8283227828645174   0.002670894091687016      1.566175745107075    -0.5007852638452945
                1507.75       0.77148170343191   0.002670576281867015      2.145866791924907    -0.1859975081763128
                   1508     0.7886619534597786   0.002670276640498655      1.590710176476635    -0.4854727166544635
                1508.25      0.749158862739585   0.002669923827154165      2.312284549845695    -0.1115494014788164
                 1508.5     0.8144899785612614    0.00266974959854069      1.214305582222745    -0.7556783019243082
                1508.75     0.8074060268662571   0.002669527923397566      1.700453770519865    -0.4190385744149224
                   1509     0.8355011255219646   0.002669334082317232       1.59790461575088    -0.4813131730302306
                1509.25     0.8304096585521231   0.002669182924641096      1.684858658381688    -0.4283812798935057
                 1509.5     0.7954837084739619   0.002668862273518747      1.690816153775978    -0.4249717523559593
                1509.75     0.8577484133515149   0.002668680015087644      2.083928400137902    -0.2159966226005221
                   1510     0.8758356607850962    0.00266881245940412      2.193770156896577    -0.1645801645261875
                1510.25     0.9097426043781995   0.002669133542167899      1.991691541474047    -0.2610971605400862
                 1510.5      0.906219177021769   0.002669735435297766      2.004265964382166    -0.2545780919847769
                1510.75     0.8745983887246433   0.002670066549057712      2.210592328079332    -0.1564714645421831
                   1511     0.8002161554982455   0.002669826423852768      1.559148105835682     -0.505682316152672
                1511.25      0.810456108328377   0.002669551024322931      1.479553499954162    -0.5581847071314165
                 1511.5     0.8104541229155923   0.002669349428310024      1.513074955923494    -0.5358566050075545
                1511.75     0.7669373173010446   0.002669171322677201       2.08332730798464    -0.2161010216492472
                   1512     0.8011105762886351   0.002669025388466378      1.550940397250279    -0.5112605251675841
                1512.25     0.8035136399731997   0.002668760096516921      1.623070042108346     -0.465901937980026
                 1512.5     0.8266097696562128   0.002668445027487158      1.456412647638697     -0.574363125247116
                1512.75     0.7459719212266843   0.002668398955570489      2.303755684681915    -0.1158160147350883
                   1513     0.7680275215440846   0.002668437583582851      2.154254653077338    -0.1828974412277351
                1513.25     0.7504488905100446   0.002668297869865086      2.383888468277906   -0.08166163089157905
                 1513.5     0.8457718689305833   0.002668124156132007      1.632616180774128    -0.4602759534732697
                1513.75     0.7691226997439535   0.002667810889591039      2.213671838053951    -0.1559245161736467
                   1514      0.772635253724113   0.002667469498862239      2.291834426130923    -0.1213525366479775
                1514.25     0.8368917973633659   0.002667193988316641      1.567139527762309    -0.5015563829378734
                 1514.5      0.866891358125416   0.002667077881749411       2.36473124978599   -0.09018753694609877
                1514.75     0.8407458368625256   0.002667109877716484      1.410673243408868    -0.6067728513841488
                   1515      0.828321301180854   0.002666850570489397      1.657439005107017    -0.4456635051220434
                1515.25     0.7716205089266951   0.002666770871404845      2.310921330109855    -0.1133207445130806
                 1515.5     0.7778353474758222   0.002666511566192619      2.428817957695467   -0.06365957227443804
                1515.75      0.815369828999577   0.002666233363231288      1.243187887964299      -0.73348965378199
                   1516     0.7587317824848684   0.002665994411714509      2.039498740842105    -0.2385541747451107
                1516.25     0.7784490045502444    0.00266566517801688      2.419854959053056   -0.06767413443277759
                 1516.5     0.7691456595122446   0.002665318719789926      2.347997962391768   -0.09794868346363468
                1516.75     0.7378732042439999   0.002665190809214318      2.694416812186238    0.03962207522458366
                   1517     0.7573533082254893   0.002665047342344505      2.059359837387834    -0.2292183648595797
                1517.25     0.7023132782634355   0.002665118017720558      2.202744298509879    -0.1618830303874731
                 1517.5      0.620582290685858   0.002665974532889943     0.7836158035417592     -1.195102118848178
                1517.75     0.6409937861496636   0.002667826492548813     0.8148756924701018     -1.155290971548087
                   1518      0.635552372556732   0.002669279410489462     0.6981536711674088      -1.30934285166849
                1518.25     0.6618050631642995   0.002670047691810517      1.032653836666912    -0.9176069992990771
                 1518.5     0.6847679635828524   0.002670078266767556      1.361774722456784    -0.6409387853466347
                1518.75     0.6630310780517485   0.002670569411013225      1.033842749284733    -0.9162609660058603
                   1519     0.6895715290816253   0.002670597905618364       1.60382604384507    -0.4771409286321125
                1519.25     0.6148914182502639   0.002670697884492055     0.7298949382835342     -1.264350219896846
                 1519.5     0.6373084581446155   0.002671230569137666      0.749901684395614     -1.237109277721353
                1519.75     0.6995368743072823   0.002671017500744717      2.263296503884022    -0.1325534959657192
                   1520     0.6995927392664789   0.002670647706364561      2.307248746236896    -0.1134585373499709
                1520.25     0.6358382548831033   0.002670604360187565     0.7307207381790166     -1.263254483167684
                 1520.5     0.6292774453267534   0.002670814922490464     0.7077721544544612     -1.295084775322927
                1520.75     0.6451077021596131   0.002670673973895834     0.9815246830788878    -0.9681526147785201
                   1521     0.6585708783043952   0.002670500875621159      1.115016510861259    -0.8407001013240482
                1521.25     0.6393280287532962   0.002670269670871145     0.8298003440944495     -1.136226051531711
                 1521.5       0.58021842254346   0.002670454207199605      2.086856040706433    -0.2139281430996489
                1521.75     0.6169842499197629    0.00267081004535243     0.7847419663643334     -1.191853869089715
                   1522     0.6241187764551853    0.00267064246845278     0.7529032376773721     -1.233334856262603
                1522.25     0.5541729270245991   0.002670800134723138      3.112766213029748     0.1860545291105243
                 1522.5     0.5818188237645943    0.00267164496878569      1.969686388475493    -0.2712666504652333
                1522.75     0.6527991471745529   0.002671436359844347      1.116843777304144    -0.8387124213741073
                   1523     0.6492135962399069   0.002671164733915221      1.263305370228827    -0.7155891597379619
                1523.25     0.5756380512303897   0.002671049856959043      2.501275348977303   -0.03256302138896857
                 1523.5      0.601673631147853   0.002670990723190153       1.11782749041766    -0.8379988409209251
                1523.75     0.5974615045874163   0.002670878332610436      1.256054276639943    -0.7214526999203941
                   1524     0.6117961973972535   0.002670649929230866      0.819758436496226     -1.148259072542576
                1524.25     0.5977612215704404   0.002670373464320166      1.280228995292689    -0.7025780613473811
                 1524.5     0.6383157615783446   0.002670148542163747      0.822615825832802     -1.144967242700025
                1524.75     0.6443481839686825   0.002669867645311459     0.9702191115703176    -0.9800398073957546
                   1525     0.6850124595747236   0.002669653963315546      1.411392847430816    -0.6053094486399737
                1525.25      0.667842863583449   0.002669425974756484      1.208483119441292    -0.7606059513146722
                 1525.5      0.685753459847986   0.002669181969976998      1.474629255120487     -0.561656709838296
                1525.75     0.6857007752495167   0.002669212960629419      1.501134892970247    -0.5438302877516126
                   1526     0.7102454977939794    0.00266903574526751      2.555601003173307    -0.0118306773834597
                1526.25     0.7019638023399187   0.002669239475279461      2.312135711675603    -0.1118701237309597
                 1526.5     0.7015169427702593   0.002668962213518006      2.378329475220422   -0.08374730991123155
                1526.75     0.7275648189667564   0.002668801157054618      3.667073592109893     0.3491879616116046
                   1527     0.7242140339436756   0.002669008099783107      3.885291806793425     0.4070696345656357
                1527.25     0.6800598357032075   0.002668761236173991      1.391274136847721    -0.6200009820020181
                 1527.5     0.6778573918434189   0.002668492022277408      1.526702308499455     -0.527211780197129
                1527.75     0.7319949491347417   0.002668275770440221      3.433650331911231     0.2832210541760335
                   1528     0.7664724506434779   0.002668266287292508      2.238216222736012    -0.1447272123615955
                1528.25     0.7378474169385163   0.002668173360709388      2.750208664036367    0.06123552759281153
                 1528.5     0.7186925744697911   0.002667799539641184      3.525245725239029     0.3093687705278519
                1528.75     0.7549242305237819   0.002667790810125411      2.130874055529342     -0.194052394520648
                   1529     0.6764169629445178   0.002667529208076744      1.586516366413232    -0.4891420609793461
                1529.25     0.6579303738821234   0.002667310391790142      1.126943914341403    -0.8312552735841111
                 1529.5     0.6987930843062355   0.002667058936878011       2.40105655246855   -0.07495014855915537
                1529.75     0.6988531499367835   0.002666691181659786      2.451526461288465   -0.05428604069787255
                   1530      0.699479103978927   0.002666326778629108       2.52919133605029   -0.02323395425664513
                1530.25     0.6905571349257874   0.002665996538893405      1.711884356408049      -0.41366271263095
                 1530.5     0.6377685175919584   0.002665923533050514     0.8262244083011615     -1.142173685297176
                1530.75     0.6542143013968086   0.002665777528685667      1.106047653995944     -0.850546603120704
                   1531      0.686388884658012   0.002665486533028309      1.582308536113093    -0.4925638783365479
                1531.25     0.6871452727480889    0.00266515866810792      1.641904453555841    -0.4557149488884371
                 1531.5     0.6839479790599244   0.002664873107365023      1.510771650276124    -0.5390583738009177
                1531.75     0.6854557466323967    0.00266455444159197      1.633930688024557     -0.460809931065432
                   1532     0.6926968480452584   0.002664225981310595      1.895665006361566    -0.3123520820444391
                1532.25     0.7416337811448438   0.002663977293945549      2.582452871502177  -0.003275460741108968
                 1532.5     0.8235333188278926   0.002664266051868332      1.162252236092935    -0.8015470402253038
                1532.75     0.7820085056426302   0.002664989559949133      1.915704286711468    -0.3015498938553056
                   1533     0.7935300334360701   0.002665181840103775      1.720151158875078    -0.4091509047528581
                1533.25     0.7445656299800595   0.002664951231850557      2.446089177157601   -0.05715910983681018
                 1533.5     0.7641759698995274   0.002664855810844612      2.148914853566639    -0.1867224158980927
                1533.75     0.7558328429696549   0.002664536288187861      2.146516756376781    -0.1879589059364112
                   1534     0.7280922874865806   0.002664113299322731      3.812083610912222     0.3862118379505659
                1534.25      0.785739850196705    0.00266389274580016      1.628029623229829    -0.4646764079739845
                 1534.5     0.8333814981614842   0.002664223855222953      1.716181072929273    -0.4118210680179112
                1534.75     0.7880722395030402   0.002664851393436148      1.650835485398095    -0.4504055544630123
                   1535     0.7865681241800145   0.002664568784829621      1.681857373326182    -0.4318943629773163
                1535.25     0.7790710690180689   0.002664294487838407      2.425984130235947   -0.06565880374109151
                 1535.5     0.8263929219362194    0.00266432018803933       1.50093499075415     -0.545798185506861
                1535.75     0.7747828100824761   0.002664164184373153      2.561274302479987   -0.01144007215916092
                   1536     0.8770557254333744   0.002664477926824558       2.33407779214631     -0.104210360931976
                1536.25     0.8896980586313469   0.002665173985260461      2.761354125165209    0.06415516247653913
                 1536.5      0.804996035787539   0.002665532638002712       1.75401856622368    -0.3895219819741111
                1536.75     0.8215115309455716   0.002665354076054012      1.087036047077709    -0.8680436828325823
                   1537      0.850720674397329   0.002665160094111308      1.553416772048261    -0.5111143601695767
                1537.25     0.8879503404275555   0.002665464588680636      2.810001132582399    0.08172789577722284
                 1537.5     0.8768000142644448   0.002665714310500009      2.362904892103382   -0.09147155849389929
                1537.75     0.9005086865640995   0.002666026858534091      2.074827205143322    -0.2213681909979585
                   1538     0.8716858696187096   0.002666123971121218      2.373828308479226    -0.0867056693327059
                1538.25     0.8842330723080979   0.002666140253622703      2.691897810791481    0.03904291660719797
                 1538.5     0.8766420716742918   0.002666198537807572      2.419652976804624   -0.06755754160738857
                1538.75     0.9108862789212732   0.002666187004921449      2.032790129639131    -0.2417767016172837
                   1539     0.8791997524452529   0.002666086999214501      2.639007239593511    0.01917929215651372
                1539.25     0.9376279890356644   0.002666131268055322      1.623829309950255    -0.4664197728782991
                 1539.5     0.9404107692097144     0.0026666426932873      1.772789936394179    -0.3784605589222327
                1539.75     0.8963741556910454   0.002666506148927971      2.256474691734908    -0.1372625812049047
                   1540     0.8749918049953274   0.002666162933886469       2.40800587944585   -0.07239605830877333
                1540.25     0.8672370801090433   0.002665848059047075      2.424563417475357   -0.06566166058041613
                 1540.5     0.9044331592062048   0.002665517160683512      2.035339831083315    -0.2407744693110278
                1540.75     0.9196455958927489   0.002665454012808815      2.149498627099814    -0.1862263401237316
                   1541      0.851918583240095   0.002665210763381435      1.599184891615581    -0.4820581658753133
                1541.25     0.8761830317539668   0.002664848907377965      2.512735727384796   -0.03031591108631422
                 1541.5     0.8953841944813159   0.002664498411866132      2.351333871262606   -0.09683676411600295
                1541.75     0.8722935300450545   0.002664142718500632      2.483335775186013   -0.04235031148487881
                   1542     0.9068514009376195   0.002663802973057896      2.086316254258767    -0.2166806188041197
                1542.25     0.8906282519727069   0.002663432368367801      2.829837935967034    0.08799973585201579
                 1542.5     0.8953110001395429   0.002663143315710883      2.420617285307972    -0.0683056557682189
                1542.75     0.8671495756077287   0.002662766901423051      2.495125071242456   -0.03813073537915594
                   1543     0.9112049638623569   0.002662439821996599      2.091039316195604    -0.2149312111948103
                1543.25     0.8814799625720744   0.002662071371156802      2.772340720027265    0.06696115660569091
                 1543.5     0.8688498389228311   0.002661706867706157       2.59806758611624    0.00190016641743764
                1543.75     0.8394570350160719   0.002661563232217412      1.464008340006062    -0.5717436190483678
                   1544     0.8649273506464453    0.00266135114125162      2.534603869043286   -0.02296406093196965
                1544.25     0.9045934918195405    0.00266101277005418      2.105541548455558    -0.2085558700843405
                 1544.5     0.8551497895625192   0.002660693072957549       1.82664619904713    -0.3507671128313937
                1544.75     0.8029725504741123   0.002660801956916793      1.647301659432673     -0.454069206504494
                   1545     0.8247629697459553   0.002660596852304306      1.339148568662268    -0.6612508690762547
                1545.25     0.8070251424027609   0.002660354872015479      1.886311830023795    -0.3187523284313321
                 1545.5     0.8317626880151504   0.002660466967297647      1.783100137640959    -0.3749802040063525
                1545.75     0.8220896161661962   0.002660187023410611      1.153859478226888    -0.8103265415125404
                   1546     0.8283533005469127   0.002660075005527247      1.779079510647689    -0.3773849410982026
                1546.25        0.8112562580084   0.002659999781965978      1.489180802845653    -0.5552831499162837
                 1546.5     0.8359426629532893   0.002659728970874008      1.696927763165796    -0.4247917178327455
                1546.75     0.8088612079719101   0.002659452829393079      1.832189198379692    -0.3482034292156861
                   1547      0.793394558325483   0.002659314881181141      1.750906858128739    -0.3936329782465806
                1547.25     0.8090836507926157   0.002659082536182134      1.842746728055524    -0.3425969651610045
                 1547.5     0.8193832954711864   0.002658850723627153      1.134445084282223    -0.8277977732655201
                1547.75     0.7637812377886518   0.002658774924881114      2.171685414602107    -0.1784663457657563
                   1548     0.7620826898091478   0.002658976265468969      2.196565921672755    -0.1669989805220653
                1548.25     0.7637150377147804   0.002658876989421899       2.24903202673497    -0.1434316002279316
                 1548.5     0.8030853419963441   0.002658607453142993      1.737433537032431    -0.4016238452441604
                1548.75     0.7512192788791485   0.002658450540867874      2.435083941931017   -0.06411068410594474
                   1549     0.7783993123789688   0.002658232221756731      2.576796964613806  -0.007626898114579979
                1549.25      0.785774582756719    0.00265794388325376      1.716682021888688    -0.4138891443279254
                 1549.5     0.7800625980636402   0.002657628632238539      2.386651896735417   -0.08450962545246928
                1549.75     0.7709688103006846   0.002657292602117773      2.445854895600094   -0.06013286468088661
                   1550     0.7046006419366714   0.002657446120166936      2.319166875673369    -0.1132617904897919
                1550.25     0.7400110715143632   0.002657694954748632      2.718325859583274    0.04564002400582861
                 1550.5     0.7149962022362758    0.00265756542466907      3.010584235585307     0.1477092451784436
                1550.75     0.6989110013634428   0.002657573136252318      2.558307414435204   -0.01507613761731086
                   1551     0.6723283232820959   0.002657915856681217      1.443321737688807    -0.5873458402164922
                1551.25     0.6083575999007957   0.002659386523655747      1.045224840208411    -0.9095078764005118
                 1551.5     0.6506001674879168   0.002660325859748112      1.275639643143358    -0.7099390100953398
                1551.75     0.6363037627527577   0.002661229646864298     0.7952587641686119     -1.182134801290306
                   1552     0.6319149792877118   0.002661652637891517     0.7202713117142143     -1.281015456572512
                1552.25     0.6880334938662576   0.002661929995369038      1.733487947106486    -0.4026484076936931
                 1552.5     0.6596183599232616   0.002661764741803157      1.166453965164547    -0.7988776755407064
                1552.75      0.600720854477554   0.002662196404562074       1.20639905023385    -0.7650439336813263
                   1553      0.663192970558706   0.002662393858144059       1.09815478648679    -0.8589783935516851
                1553.25     0.6678807262288786   0.002662126204785615      1.251108678078094    -0.7286801334716011
                 1553.5     0.7131155276822939    0.00266179706855827      2.940574952795457     0.1257712460172739
                1553.75     0.6472587469177949   0.002661541984221804      1.211047126629357    -0.7614443353254374
                   1554     0.6450027078668588    0.00266176838122474      1.049738255844876    -0.9043038029314269
                1554.25     0.6302537503430085   0.002661683224732122     0.7330577740841285     -1.263407410372573
                 1554.5     0.6670290828467558   0.002661663350420182      1.224460180250839    -0.7503840379979964
                1554.75     0.6615326456384484   0.002661385756274148      1.182265842049775    -0.7855556122448938
                   1555     0.6216774870922582   0.002661164741179704     0.7928561361476294     -1.185184954200215
                1555.25     0.6699862544128856   0.002660986858271376      1.409030468993239     -0.610236452183175
                 1555.5     0.6635816857553968   0.002660751463037548       1.15902401508502    -0.8056484902951306
                1555.75     0.6720529009828272   0.002660443529042457      1.505739698364594    -0.5440582422352968
                   1556     0.6645113651226271   0.002660158330866707      1.190263564620409    -0.7792749533796099
                1556.25     0.6341565832457347   0.002659960776701098     0.7794191968720192     -1.202730241734308
                 1556.5     0.6519217975168181   0.002659775113262138      1.252889967360671    -0.7281409307215595
                1556.75     0.6311132090659787    0.00265961893528678     0.7598381635463513     -1.228302318717189
                   1557     0.6423130029974389   0.002659533031457122     0.9371682625477327      -1.01857724450013
                1557.25     0.6191717722645117     0.0026593405001144     0.8445288814567707     -1.122733546836458
                 1557.5     0.6109118497952011   0.002659276043297471     0.9054498449006358     -1.053104833771846
                1557.75     0.6300645856362314   0.002659058293579511     0.7761316831466767     -1.207296406034981
                   1558     0.6652775539523681   0.002658846267838802      1.237931282191866    -0.7405014023423573
                1558.25     0.7272532231615726   0.002658624114156967      3.890793747759728     0.4045865609811637
                 1558.5     0.6997896961942555   0.002658596064660926      2.641979019407784    0.01749109035300071
                1558.75     0.6983989073837817   0.002658440268809719       2.61375678035696   0.006692788815271624
                   1559     0.7430164522915412   0.002658544458797089      2.613682415315049   0.006703528390762424
                1559.25     0.8262670897387066   0.002659696427846603      1.591572633131438    -0.4889007664883772
                 1559.5     0.8054774256917273   0.002660475810809624      1.996205230546942    -0.2620823861977975
                1559.75     0.8119830937589526   0.002661854321844742      1.499856153392108    -0.5474431635886132
                   1560     0.7816508501878416    0.00266260331132993       2.15121828531541    -0.1864967041078116
                1560.25     0.8325728142643303   0.002662885503768861      1.839154209505836    -0.3431192548616507
                 1560.5     0.8541606414152518   0.002663659018662272      1.778130426061165    -0.3765721243784324
                1560.75     0.8925164723500891   0.002665183417978038      2.715062950933493    0.04725265671329888
                   1561     0.9315678705454331   0.002667534436942438      1.432389012215814    -0.5913370606067293
                1561.25     0.8569462865985482   0.002669094192207911      2.072721574472497    -0.2212336877599672
                 1561.5     0.8372076673408179   0.002669250715061522      1.677565000545279    -0.4326942232180893
                1561.75     0.8785577336285059   0.002669373938711429      2.714317449646479    0.04854912429384525
                   1562     0.9044402084269088     0.0026701153425262      2.137351379390044    -0.1901463025294112
                1562.25     0.8553119240489921   0.002670353052405753      1.942376211926177    -0.2857125946570289
                 1562.5     0.7985572205562395   0.002670064494949607      1.759830407827664    -0.3845152900073954
                1562.75     0.8231803895303771   0.002669772632309873      1.279116678613043    -0.7036723055372283
                   1563     0.8505088220120129    0.00266950358072158      1.656819485634596    -0.4450430404194351
                1563.25     0.8593791403230505   0.002669309745762571      2.423883285575413   -0.06464452842205914
                 1563.5     0.8756378726129809   0.002669247323007027      2.595225677662265    0.00363464759726337
                1563.75     0.8907257476119583   0.002669200330867237      2.933518285802156     0.1261460460530846
                   1564     0.8732225209623944    0.00266906318188568      2.597376967600316   0.004394257049644304
                1564.25     0.8726568071598423    0.00266885499617847      2.660384437419778     0.0282848149897932
                 1564.5     0.8300072533360595   0.002668605756414015      1.920938406514521    -0.2974653953111874
                1564.75     0.8361034396315807   0.002668275376233946      1.782705553395501    -0.3722708414197268
                   1565     0.9078173791947871     0.0026680575331206       2.20442805788912    -0.1600165797233667
                1565.25     0.9026007847354722   0.002668060962221414      2.194203501240324    -0.1646642744777361
                 1565.5     0.9397535825266736   0.002668092676099449      1.803612650023949    -0.3606798178349917
                1565.75     0.9392818093334776     0.0026688942320005      1.828150776356514    -0.3468661702199007
                   1566     0.9475569529203337   0.002669451066454706      1.079324392652482    -0.8736272215396209
                1566.25     0.9661110757345972   0.002669980863363163     0.3471036508201634     -2.007895895756565
                 1566.5     0.9575998939499392   0.002670183538951054     0.6374343528504188     -1.399992134701133
                1566.75     0.9628088946625759   0.002670549992257186     0.4066659102808557     -1.849314211839181
                   1567     0.9402997325339271   0.002670630791835716      1.863898272329187    -0.3268505267816009
                1567.25     0.9733396077173959   0.002670623992151507     0.2945956729910415     -2.171674675529002
                 1567.5     0.9557834309272364   0.002670858973928394      0.719374448042826     -1.278808495782152
                1567.75     0.9253589483835436   0.002670752436405458      2.025994053095943     -0.243414648130476
                   1568      0.876800302466569   0.002670474786746843      2.745022509420616    0.06021019167825354
                1568.25     0.8561502847126857   0.002670241450192076      2.098571986373894    -0.2084093567194762
                 1568.5     0.9280145643485368   0.002669976555689218      1.856751595841783    -0.3309371639770424
                1568.75     0.9220780866503162   0.002669640288618156      2.248209254076921    -0.1397576105327414
                   1569     0.9243085004013087   0.002669405371522954      2.190401415177977    -0.1658948008097876
                1569.25     0.8568756150868094   0.002669122627113498      2.221819852047821    -0.1517589351806174
                 1569.5     0.8208565044904884   0.002669224161337371      1.179158359173495    -0.7852465797969522
                1569.75      0.822404597141144   0.002669488252518148      1.267049985510283    -0.7132572220159576
                   1570     0.7998928161035551   0.002669632767475869      1.743594797119594    -0.3939454826863625
                1570.25     0.8412118797443269   0.002669963977084899      1.478523389827987    -0.5587265020085563
                 1570.5     0.8297232183117043   0.002669664659134632      1.952740196818198    -0.2806488787607181
                1570.75     0.8156538061267685   0.002669707607293384      1.285674355641202    -0.6985830356444662
                   1571     0.8412398866076055   0.002669535623104058      1.506985829315848    -0.5398193130442984
                1571.25     0.8343313760886737   0.002669398419838964      1.894527117233426    -0.3110129616174557
                 1571.5     0.9120164533570869   0.002669114450548529       2.10075418731318    -0.2077921947496071
                1571.75     0.8922979766225841   0.002668764743696641      2.825376754207485    0.08842207981907216
                   1572     0.8903665291532997   0.002668403183916284      3.058729680530844     0.1676445649771122
                1572.25     0.8467950845508905   0.002668173016663347      1.686059923364293    -0.4280469873003894
                 1572.5     0.8192467268618868   0.002668103328583597      1.212013778928403    -0.7581842502648792
                1572.75     0.8239883430973965   0.002667977023344778        1.4276385447764    -0.5944931347088255
                   1573     0.8583717466596504   0.002667768086069477      2.433572085249425   -0.06123299084576627
                1573.25     0.8558776776381833   0.002667421530205319      2.198920607908924    -0.1627564687811987
                 1573.5     0.8307081440091882   0.002667184054128563      2.012269898056967    -0.2515487208631372
                1573.75     0.8613306374367126    0.00266682794950523       2.69300909180808    0.03971355940215159
                   1574     0.8385853158448638   0.002666518930935005      1.677872592442571     -0.433534835240599
                1574.25     0.8155903899364751   0.002666259419341332      1.323720751530054    -0.6707123166279136
                 1574.5     0.8700662901504704   0.002665894172271852      2.735838473056079    0.05514212328052077
                1574.75      0.959778081852026   0.002666200010290156     0.5475676818160212     -1.553450326377603
                   1575     0.9710980976662948   0.002666920195118216     0.3245911556506935     -2.076099912286152
                1575.25      1.006723516332732   0.002667658534260345    0.03043425826414151     -4.442820617035285
                 1575.5      1.024525308592331   0.002669483717217897   0.006963296401507751     -5.917052569233547
                1575.75      1.049051467490856   0.002671071562103016   0.000396181828587996     -8.782992925729815
                   1576     0.9975603913779411   0.002672113538111428    0.06451510285232108     -3.689821546018948
                1576.25       1.03700742604167   0.002672820296856464    0.00141981130548746     -7.505932456529451
                 1576.5      1.046351792335403   0.002673412509046223  0.0005075738438998482     -8.534347965547905
                1576.75       1.06726000108302   0.002674565853010945  3.899243571115565e-05     -11.10019118029241
                   1577      1.041986641531357   0.002675394545877483  0.0008337582684883578     -8.037305543056437
                1577.25      1.035588270647764   0.002675716313067805   0.001659269375525337     -7.348996146398123
                 1577.5      1.094467362656706   0.002676358921368089  1.098209785207262e-06     -14.66920727533238
                1577.75      1.030519606260144   0.002676783484232287   0.003343813587842256     -6.647862812069662
                   1578      1.103546730247037   0.002677149087115758  2.936952189781142e-07     -15.98780618537246
                1578.25      1.049995302814173   0.002677887488068185  0.0003928050975839792     -8.789004133801273
                 1578.5      1.062777896409314   0.002678124791211462  6.806480562510468e-05     -10.54176880064327
                1578.75      1.007329564768907   0.002678012761028384     0.0294457538411587       -4.4719659116104
                   1579      1.007997733487443   0.002677823985594611    0.02817141078038461     -4.516278461112398
                1579.25      1.006196709967264   0.002677645122393168    0.03432263767009382     -4.318847792306386
                 1579.5     0.9800880796458256   0.002677534015753781     0.1795229352598569      -2.66439144138318
                1579.75      1.009615636705883   0.002677364495691595    0.02468920839960369     -4.648391486935945
                   1580      1.017222096541072   0.002677168435406062    0.01219973006781383     -5.353417133811556
                1580.25      0.986872029756552   0.002676959321366143     0.1394558300383411     -2.917161152348289
                 1580.5     0.9908568937977069   0.002676813659821604      0.126140376508432      -3.01756810138452
                1580.75     0.8828443680916654   0.002676925472622087      2.823977988180439     0.0909800865524303
                   1581     0.9357184238200617   0.002677557491909666       1.50679252339468    -0.5369471324997492
                1581.25     0.9703423132138451   0.002677361254715145     0.3365613557822835     -2.035978471083777
                 1581.5     0.9813317441289079   0.002677143507004928     0.1684323423964239     -2.728306130887075
                1581.75       1.00253692638452   0.002676942571999833    0.04617896296270165     -4.022390982546152
                   1582     0.9551847185785859     0.0026766987379935     0.7573388391358226     -1.225195659573459
                1582.25     0.9359096099166535   0.002676559944578133      1.567988241981009    -0.4975095723648157
                 1582.5     0.9816625990118519   0.002676368052301796     0.1690185469901926     -2.725121516296768
                1582.75      1.018753567943547   0.002676237485329701    0.01142814815873709     -5.419099308203429
                   1583      1.083361647936825    0.00267641330170015  4.193117602595093e-06     -13.32942382765228
                1583.25      1.060913974990155    0.00267692445871213  8.738708383537517e-05     -10.29232988568131
                 1583.5      1.079050018905722   0.002677595712994581  8.531521315627917e-06     -12.61865895642731
                1583.75      1.069583924709371   0.002677837122043018  3.096101914924954e-05     -11.32960752961155
                   1584      1.106499778923242   0.002678156299667256  2.025978351414007e-07      -16.3587496834373
                1584.25      1.109419477460209   0.002678875012226183  1.426166411311336e-07     -16.70954406572202
                 1584.5      1.086193902994714   0.002679099851354446  3.372367076744456e-06     -13.54625016451967
                1584.75      1.114654722910263   0.002679170212533471  1.031389578319369e-07     -17.03351689114417
                   1585      1.082757324627608   0.002679233998673317  4.973307019506908e-06     -13.15772997333518
                1585.25      1.075373786052006   0.002679213359405327  1.467055961112212e-05     -12.07597995383428
                 1585.5      1.113174442551015   0.002679242347154911  1.139252457121344e-07     -16.93402465749996
                1585.75      1.083192197520457   0.002679332727090828  4.894571428813978e-06     -13.17365142032711
                   1586      1.079760234585549   0.002679240473008357  8.472018577920723e-06     -12.62504377080243
                1586.25      1.116383732109088   0.002679056533312039   1.01958473435919e-07     -17.04507089976132
                 1586.5      1.106557431038183    0.00267909982588026   2.15283446267289e-07     -16.29766483287688
                1586.75      1.122147045278476    0.00267904385061687  4.793715944862869e-08     -17.79975026596599
                   1587      1.075347703430823   0.002678942245495725  1.554103257402701e-05     -12.01844009968737
                1587.25      1.086376006519028   0.002678747789849186  3.646149224966888e-06     -13.46832487416043
                 1587.5       1.10709605113566   0.002678629832742494  2.120439939494346e-07     -16.31300202058478
                1587.75      1.095696436903076   0.002678504260305771  9.495483818379787e-07     -14.81385618878713
                   1588      1.092810238379514   0.002678352454497091  1.588904084903509e-06     -14.29909954721484
                1588.25      1.077458762841048   0.002678161541620129  1.260322703831671e-05     -12.22826245821454
                 1588.5      1.062709261767048   0.002677992254407179  7.452999979831112e-05     -10.45107683957507
                1588.75      1.060523913093361   0.002677861341873422  9.674219139971043e-05     -10.19027783193427
                   1589      1.078984417988764   0.002677787848953418    1.0743524734767e-05     -12.38805167371541
                1589.25     0.9768026794558592   0.002678088564378788     0.2430557706548304     -2.361196398053089
                 1589.5      0.977847279330697   0.002678537787678727     0.2295626658644409     -2.418143551620815
                1589.75      1.046480615599892   0.002678658521936022  0.0005409197258132947      -8.46875891631823
                   1590      1.071503559261995   0.002678457070041092  2.539479539791259e-05     -11.52756076468946
                1590.25      1.098236923779942   0.002678295789340944   7.66647425879304e-07     -15.02789349069614
                 1590.5      1.085010242610922   0.002678214071178603  4.346745156403911e-06     -13.29276841456598
                1590.75      1.097125202483023   0.002678146666835062  9.186048025575963e-07     -14.84712018662786
                   1591      1.072255671998331   0.002678022474878318  2.421369889333328e-05     -11.57534873809901
                1591.25      1.093709333897853   0.002677845473676892  1.467092819513569e-06     -14.37905060844392
                 1591.5      1.067169677081398   0.002677687519874171  4.602041954346791e-05     -10.93330716328893
                1591.75      1.055540137663305   0.002677503180740233  0.0002034316504210426     -9.447131131132956
                   1592      1.071630119735957   0.002677313593435514  2.816313464513306e-05     -11.42451817882012
                1592.25      1.108391367741253   0.002677197890859392  1.853938541230566e-07     -16.44784801197629
                 1592.5      1.061557732184034   0.002677024706028135  9.079767714509244e-05     -10.25400622405099
                1592.75      1.110339543589618    0.00267684778092852  1.621304690368371e-07     -16.58205992306982
                   1593      1.072373705880346   0.002676658170162001  2.661922634768837e-05     -11.48114310599946
                1593.25      1.094819847336928   0.002676459913372568   1.32522480481861e-06     -14.48126881817891
                 1593.5      1.093276671387254   0.002676315966878409  1.688971790247795e-06     -14.23878477546502
                1593.75      1.112281028856262   0.002676197129127332  1.427429985534701e-07     -16.70965859413609
                   1594      1.105032010102001   0.002676056746095283  2.756778421689662e-07     -16.05152390665159
                1594.25      1.078180305316641   0.002675866969201472  1.289958258874837e-05      -12.2058775388648
                 1594.5      1.122624101659959   0.002675681673984152   4.88744302868645e-08     -17.78164265872169
                1594.75      1.103434920291186   0.002675562901221182  3.476850239922091e-07     -15.81964444468045
                   1595       1.05373391185319   0.002675370177040049   0.000279058834893769     -9.131835528663094
                1595.25      1.041356566180882   0.002675394542529251  0.0009515610864247337     -7.905145173909446
                 1595.5      1.056537132145371   0.002675215248120459  0.0001864349024933662     -9.535233947165128
                1595.75      1.058160357566626   0.002675044272596492  0.0001498917994985526     -9.753466292876482
                   1596      1.074893432005188   0.002674844154774818  2.037996867745375e-05     -11.74890231110111
                1596.25       1.05543350312986   0.002674644892514081  0.0002337854052286396     -9.309125676730769
                 1596.5      1.061804819238983   0.002674455495991991  9.676839019799289e-05     -10.19127972058136
                1596.75      1.056520879739682   0.002674255371384147  0.0002068977089649973     -9.431450433424114
                   1597      1.077009718232604   0.002674113833055917   1.65033862406854e-05     -11.96016228606247
                1597.25      1.093239474023853   0.002673933407512682  1.779813321345648e-06      -14.1872868628946
                 1597.5       1.12276048433232   0.002673849947151395  5.113917777302348e-08     -17.73703094632804
                1597.75      1.104971690112263   0.002673695291516718  3.052267697912382e-07     -15.95058467197525
                   1598      1.073044431950587   0.002673507532837202  2.647310848325283e-05     -11.48782518418242
                1598.25      1.117861686055084   0.002673364997206426  9.437186977135338e-08     -17.12452018318927
                 1598.5      1.118027452232608   0.002673197764995869  9.815239468530223e-08     -17.08530446048325
                1598.75      1.085687270664567   0.002673056208207779  4.236608995460317e-06     -13.32036027161111
                   1599      1.096012530257596   0.002672867876807533   1.34817608936407e-06     -14.46544127954016
                1599.25      1.102046834974286   0.002672732182599244  4.737147065195111e-07     -15.51139470562328
                 1599.5      1.055709518608728   0.002672580711803591  0.0002411304852600286       -9.2789631368162
                1599.75      1.085237924590667   0.002672419497635844  4.631752486239513e-06     -13.23142637652282
                   1600       1.12152878341855   0.002672257984490632  6.509381434913201e-08     -17.49634787058739
                1600.25      1.064166424271561   0.002672069240893799   7.59113625573233e-05     -10.43492637436594
                 1600.5      1.114755707606085   0.002671885733370202  1.376833799848843e-07     -16.74736000822916
                1600.75      1.109432305988054   0.002671737057442096   2.08871961179808e-07     -16.33065091721929
                   1601      1.079289463317003   0.002671545263893823  1.274453998869513e-05     -12.21958592149526
                1601.25      1.074432378440223   0.002671347920343095  2.415359253391346e-05     -11.58032960841543
                 1601.5      1.053030873643407    0.00267115258645069  0.0003379780044963344     -8.941855043227804
                1601.75      1.066915027584934    0.00267107351667953  5.401196002253039e-05      -10.7756599590055
                   1602      1.045733938001682    0.00267088440200048  0.0006244478019882073      -8.32806852406612
                1602.25     0.9933397989966033   0.002671011790288922     0.1068968905677321     -3.185268563127893
                 1602.5      1.015550919570786   0.002671420135260837    0.01416631003630531     -5.206113811826156
                1602.75      1.030963743616204   0.002671406625998732   0.003243352259046321     -6.680378039056619
                   1603      1.065449119985761   0.002671269327018169  6.803538044515255e-05     -10.54476428737029
                1603.25      1.032062192693195   0.002671191002900655   0.002790051017012738     -6.831006318951141
                 1603.5      1.027594369697558   0.002671031878605006    0.00545301116517513     -6.160957809130474
                1603.75     0.9500228308351756   0.002671265643109348     0.9542973944173212    -0.9960629009459302
                   1604     0.9579215780493391   0.002671597146797666     0.6885253145562049     -1.322362080661351
                1604.25     0.9911712156727399   0.002671723872270073     0.1301480654213318     -2.988193965515385
                 1604.5     0.9943344260877338   0.002671934011841436     0.1010211895253135     -3.241457790420644
                1604.75      1.033089360636837   0.002671793614900028   0.002503347442035506     -6.939211815923263
                   1605      1.068397765377635   0.002671747395438443  4.887721539204787e-05      -10.8753018621594
                1605.25      1.069240644168903   0.002671722389034361  4.622558803329385e-05     -10.93108906846306
                 1605.5      1.050743164412108   0.002671529220076207  0.0004206195397823469     -8.722966151548677
                1605.75      1.068400672472904   0.002671337396477552  5.229956149345146e-05     -10.80777868957104
                   1606      1.079975514355624   0.002671181061685651   1.18392989612525e-05     -12.29340078256609
                1606.25       1.03768900862103   0.002671038776148963   0.001519600500235158     -7.438675718732767
                 1606.5      1.089138914530235   0.002670887279363328  3.423484359229987e-06     -13.53427633822656
                1606.75      1.103017956004584   0.002670844511507876  4.225836742487201e-07     -15.62631900811068
                   1607      1.022743802591757   0.002670722835562227   0.008617761297164092     -5.703416140398479
                1607.25      0.986293962072721   0.002670747830518111     0.1496562200544392     -2.848891324761267
                 1607.5      1.005659379308175   0.002670839832703302    0.03806877410446356     -4.217803305918122
                1607.75      1.033217705103214   0.002670663519025105   0.002526896200307309     -6.930271939894235
                   1608       1.06334417467789   0.002670491339180743  9.101015057605482e-05     -10.25411239798708
                1608.25      1.054002501754647   0.002670410125618226  0.0003238921029063236     -8.984703410396698
                 1608.5      1.076792368507558   0.002670227119297576  1.968239701516211e-05     -11.78545770476245
                1608.75      1.012603754755979   0.002670154501260559     0.0181882581431575     -4.956678076451444
                   1609      1.068709870168215   0.002669978722687913  5.286553531672241e-05       -10.797523797131
                1609.25      1.097783451360961   0.002670012540040769  1.131884654664378e-06     -14.64137867226019
                 1609.5      1.088538326994067   0.002670014731193044  3.793157766679197e-06     -13.43206307501487
                1609.75      1.032890802618359   0.002669898560376033   0.002719941092025803     -6.856939939688349
                   1610      1.092746201955222   0.002669800778832703  2.182937769270681e-06     -13.98467049557822
                1610.25      1.061791279370634   0.002669625519514586  0.0001100159299956228     -10.06478253956094
                 1610.5      1.034693691025548   0.002669437772400426    0.00227190867555332     -7.037102459204216
                1610.75      1.041507346980647   0.002669335375879366  0.0009957790362294227     -7.861991020391519
                   1611      1.072901822343876   0.002669164760073548  3.381263821331776e-05     -11.24474567695421
                1611.25      1.046876555558808   0.002668971507427318  0.0005792354201605774     -8.403943732936856
                 1611.5      1.024649687497416    0.00266881436971287   0.007603202444241148     -5.829386791456179
                1611.75      1.010537701601415   0.002668676577537987    0.02372643225722094     -4.691418244265919
                   1612      1.040227656021259   0.002668498169798164   0.001216614330004355     -7.662002949236435
                1612.25      1.036288450848838   0.002668310437068404   0.001995110779911779     -7.167445587154819
                 1612.5      1.040214383676028   0.002668201907944848   0.001289161216823769     -7.604194051536979
                1612.75      1.037655139974647    0.00266801159031183   0.001806508793948867     -7.266861029959244
                   1613      1.058588828200801   0.002667853949542012  0.0001744282236453381      -9.60455820450815
                1613.25       1.08470670738539   0.002667832532952478  5.437448836130354e-06     -13.07276957647418
                 1613.5      1.076635324975882     0.0026676895386105  2.132597511371995e-05      -11.7062073456287
                1613.75      1.052405790520035    0.00266750793484465  0.0003879064006552117     -8.805437166799184
                   1614      1.072087262725151   0.002667315782408112  3.908604092700118e-05     -11.10050788522037
                1614.25      1.117933937671479   0.002667222881964461  1.109790836769706e-07     -16.96472163949243
                 1614.5      1.099487581687554   0.002667215219979512  9.038913302798077e-07     -14.86735711705637
                1614.75      1.075346786476928   0.002667060512950363   2.69597863789664e-05     -11.47202262387577
                   1615      1.004712367702187   0.002666987185386807    0.04201980260572398     -4.120500203652113
                1615.25     0.9497390948892022    0.00266768754926421     0.9847796968692963    -0.9659606728592608
                 1615.5     0.9380010894516279   0.002668049787031455      1.886550108179527    -0.3157377525507301
                1615.75       1.01602301420724   0.002668368210348006    0.01436893765703974     -5.193054743808592
                   1616      1.008958473053744     0.0026682389770018    0.02976560248216599     -4.464818498412034
                1616.25      1.002446600033084    0.00266807653290011    0.04921344584359132     -3.962065952938052
                 1616.5      1.042151224736356   0.002667892571958093   0.001083915615226635     -7.777721725625066
                1616.75      1.083690585607513   0.002667744051258262  6.630348577273322e-06     -12.87445535150915
                   1617      1.020085720968268   0.002667676996431338    0.01138570632663907     -5.426023849121075
                1617.25      1.008373695699599   0.002667502243287174    0.03262378069661283     -4.373406604916314
                 1617.5     0.9775677926053615   0.002667599851782619     0.2402569760004515      -2.37670242167511
                1617.75      0.945289893785819   0.002667658288858935      1.351535730445242    -0.6493927965401481
                   1618     0.9981618630419938   0.002667724647445159    0.06634996025990555     -3.663421562786505
                1618.25     0.9609743862304015   0.002667647720654247     0.5137438803869568     -1.616668707056032
                 1618.5     0.9800836344566907   0.002667655351546588     0.2059205686863126     -2.530900195082142
                1618.75     0.9681825817776419   0.002667513853279769     0.3595605901391199     -1.973561041217709
                   1619     0.9395009921489909   0.002667395289350529       2.01769478673697    -0.2487772484913801
                1619.25     0.9312058573600166   0.002667531127309862      1.570366546273584     -0.499372928463103
                 1619.5     0.9536159508840402   0.002667576948666583     0.8384633521048146     -1.126849217412957
                1619.75     0.9675779392260793   0.002667411899043567     0.3725373932035777     -1.938144548408818
                   1620     0.9684233450544361   0.002667350850264709     0.3740149141292303     -1.934209178817011
                1620.25     0.9383442604421511   0.002667041434778725      1.996498675239522    -0.2594705975993578
                 1620.5     0.9223170354958879   0.002666966165409557      2.361127800482745      -0.09175441757528
                1620.75      1.011406619520266   0.002666860147679135    0.02337491708303374     -4.707025308062226
                   1621      1.012748343566131   0.002666908043493308    0.02045384097961175     -4.840500188698631
                1621.25     0.9862257511414593   0.002666707064941188     0.1537804526918408     -2.823220286127773
                 1621.5      0.932785465370921   0.002666517278376683      1.496498140266818    -0.5479343263362344
                1621.75     0.9039103371200193   0.002666663571161278      2.274212776082512    -0.1293733105328578
                   1622     0.9342182582197459    0.00266652228457755      1.545316903631323    -0.5158312495601796
                1622.25     0.9026008578413571   0.002666398590672119      2.308370965652424    -0.1145645772154822
                 1622.5     0.9328557119142064   0.002666243985519134       1.55449559919257    -0.5100135082388243
                1622.75     0.9476660273861749   0.002666074370595988      1.162186569722173    -0.8009250407603632
                   1623     0.9444058264968813   0.002665768218142885      1.521256571229916    -0.5318063997768981
                1623.25     0.9696868461291365   0.002665580019947476     0.3728767298258802     -1.937921082314063
                 1623.5     0.9802798622573609   0.002665378604162555     0.2081493653080236     -2.520988604429347
                1623.75     0.9797447727836962   0.002665191542881137     0.2208032260998884     -2.462042787947943
                   1624     0.9606342091142585   0.002664965114233002     0.5502745011805554     -1.548982427775583
                1624.25     0.9498328215785433   0.002664694529903936      1.063618931661241    -0.8900687548006981
                 1624.5      1.002520806075299   0.002664536294803821    0.05132148660068282     -3.921451090853833
                1624.75     0.9948244689218892   0.002664443871504362    0.09895940811377074     -3.264885537507805
                   1625      1.022138985706528   0.002664461134517957   0.009844609116119632     -5.572664797993101
                1625.25       0.98714765862362   0.002664440247231557     0.1582223266116168     -2.795595470345912
                 1625.5      1.033781886252401   0.002664435532545069   0.002656404480286241     -6.882624904948429
                1625.75     0.9510895433973721   0.002664267534888878      1.000360249927571    -0.9515460040597696
                   1626     0.9052575684468507   0.002664317952369311      2.411807989268767   -0.07151059645471364
                1626.25     0.9364905877232169   0.002664243045111295      1.848461468320192    -0.3375617267504619
                 1626.5     0.9741537651042358   0.002664024572896884     0.3233200742037778     -2.081109890672885
                1626.75     0.9410730521931919   0.002663694402377275      2.063603254816541    -0.2276677228435964
                   1627     0.9329681006706986   0.002663471452540317      1.610621514166589    -0.4755848953172015
                1627.25     0.8896315040898828   0.002663411357902397      3.195108661791287     0.2093935009576046
                 1627.5     0.9319003077698808   0.002663295433635615      1.675197873203744    -0.4363398303677682
                1627.75      0.897671551024964   0.002663099174605275      2.472289200746842   -0.04720029158944622
                   1628     0.9256740984666677   0.002662785921918634      2.208601314825708    -0.1601030230225899
                1628.25     0.9683019713261152   0.002662612474050777     0.3946304574293988     -1.882333091633267
                 1628.5     0.9731183963959751   0.002662429252393818     0.3538863900976128     -1.991375753232086
                1628.75     0.9657243861980942   0.002662282065790196      0.423387968856665     -1.812118024530835
                   1629     0.9624418765955878    0.00266206575442385     0.4898237935014871     -1.666442499604148
                1629.25      0.915336384828586   0.002661809841388395      1.950956733975624    -0.2845091947636511
                 1629.5     0.9539101028268473    0.00266159714581886     0.8790900398913732     -1.081776941473726
                1629.75     0.9633705151578354   0.002661364120283117     0.4821161876334273     -1.682566685040049
                   1630     0.9495431909406277   0.002661194230862206      1.131338623464234    -0.8296588275982634
                1630.25     0.9322954373916776   0.002660880497628712      1.687462012816904    -0.4299526480035409
                 1630.5     0.9501720585049014   0.002660706110459319      1.111171246874954    -0.8478291837507689
                1630.75     0.9417162379364659   0.002660374422655798       2.01149315775597    -0.2544911786344403
                   1631     0.9173439146057635    0.00266020744912017       2.08370480643027    -0.2192837883424192
                1631.25      1.013322935231932     0.0026602539426699     0.0197049836592232     -4.880297474958095
                 1631.5      1.002183443760291   0.002660350399345494    0.05312344816476631     -3.888514382743064
                1631.75     0.9992014266582577   0.002660233605631907     0.0640281919079134     -3.701853216206729
                   1632     0.9876229323726362   0.002660121859074951     0.1601396079362734     -2.785172723928159
                1632.25     0.9781439008168347   0.002660014602470487     0.2536501234015113       -2.3253031787954
                 1632.5     0.9485725813516533   0.002659735063178399      1.249038680554219    -0.7312346453510929
                1632.75     0.9255937880208273   0.002659547260227719      2.254792373156925     -0.140621562644994
                   1633     0.8419594912321169   0.002659858386410277      1.581892503967623    -0.4949405619880351
                1633.25     0.9150916899136947   0.002660032753798257      2.037284423292809    -0.2418791705659324
                 1633.5     0.9247107392313987   0.002659685841961135      2.366718140878876   -0.09212310665544253
                1633.75     0.9505394029286943    0.00265947039300674      1.130174977877979    -0.8313358917447394
                   1634     0.9774490068730236    0.00265936716508814     0.2711117811236404     -2.258971242807074
                1634.25     0.9664573362506041    0.00265924445793789     0.4465996021980114     -1.759886148991076
                 1634.5     0.9383948712080487   0.002658907467666384      2.163060827331013    -0.1823957824579207
                1634.75     0.9808512616820618   0.002658736517931867      0.218305803616174      -2.47584277634081
                   1635      1.024899198215833   0.002658813848097411   0.008021088681404187      -5.77963638169035
                1635.25      1.009419187789463   0.002659045073976774    0.03079041856592766     -4.434420022085624
                 1635.5      1.036298304050851   0.002659046108354589   0.002180370081621909     -7.082128564537862
                1635.75      1.032216828489106   0.002659236468826024   0.003236675160009154     -6.687004984212304
                   1636     0.9802394987167515   0.002659210147340477     0.2341704459636472     -2.405512248375075
                1636.25      1.023723702595051   0.002659075697839856   0.009051598736916027     -5.658670663224709
                 1636.5      1.006302569532443   0.002658918360376642     0.0420419515958413     -4.123003265793757
                1636.75     0.9756116556773723   0.002658704898873416     0.3159663603069051     -2.106115764438739
                   1637      1.010818064082418   0.002658510136533954    0.02761954577567489     -4.543301072548171
                1637.25      1.037937036680481   0.002658412453990441   0.001909873523329832     -7.214824497209606
                 1637.5     0.9995218631427135   0.002658388725807731    0.06426612013780658     -3.698837855267628
                1637.75     0.9605382462382012   0.002658155162000039     0.5954740178988229     -1.472600550571563
                   1638     0.9869079686966574   0.002657993986735266     0.1658432390106131     -2.750975944904598
                1638.25     0.9981601394374255   0.002657793607536324     0.0728953486802478     -3.573069501131658
                 1638.5      1.029954995884736   0.002657756450550076   0.004574149137591922     -6.341687613908071
                1638.75     0.9969699432503468   0.002657600749296023    0.08340342358706634     -3.438477541191909
                   1639     0.9556829242509877   0.002657356593243352     0.8691883301578094     -1.094698952659211
                1639.25     0.9840599891600107    0.00265721745256907     0.1825813612851405       -2.6551152479854
                 1639.5     0.9737673873303806   0.002657005603872705     0.3589626832015255     -1.979172429295375
                1639.75       1.05303557903363   0.002656876949876874   0.000383266755546316     -8.821463330271717
                   1640      1.104768694100092   0.002657324442730381  3.861229276637136e-07     -15.72162564749811
                1640.25      1.056262045984143   0.002657948478881475  0.0002729033529015424     -9.160673630204785
                 1640.5      1.043685466517155   0.002658024036554848  0.0009518765344112916     -7.911327581737662
                1640.75      1.030328548919055   0.002657971904071537   0.004461267841037263     -6.366594256905748
                   1641      1.017836025856995   0.002657792604261568    0.01416829909168683       -5.2110877008578
                1641.25      1.055554231124724   0.002657692713242409  0.0003104314862662081     -9.031924354497452
                 1641.5      1.047360719724006   0.002657560019648119  0.0006169114146036727     -8.345212065528061
                1641.75      1.041999097944951   0.002657383737233506   0.001209665339320021     -7.671904818108348
                   1642       1.03274668092847   0.002657216497750435   0.003352716908731285     -6.652540461581525
                1642.25      1.003879658282894   0.002657028177304108    0.05296653212856448     -3.892722125267757
                 1642.5      1.034724293295463   0.002656845728939511   0.002818747472915733     -6.826158411029172
                1642.75       1.00149144612156   0.002656668470483666    0.06291221762601988     -3.720777374896953
                   1643      1.028326014260367   0.002656483925108779   0.006099134423164873      -6.05444036273487
                1643.25     0.9911807160255942    0.00265628814011403     0.1460837713810907     -2.878480695777204
                 1643.5     0.9360690575056897   0.002656258891944301      1.933567892567676    -0.2955497162505187
                1643.75     0.9881133299462203   0.002656466474882002     0.1724611669865217     -2.712421702734445
                   1644     0.9657661254944044     0.0026563087316894     0.4720479493124449     -1.705572609588114
                1644.25     0.9504396946959712   0.002656224026186129      1.178469781950457    -0.7907129855381326
                 1644.5     0.9787441668026582   0.002656122783309372     0.2769351318706254     -2.238939884748645
                1644.75      1.019411705798267   0.002655972883708764    0.01315517602750403     -5.285964324188246
                   1645      1.029879587598319   0.002655922387048768   0.005162887239006116     -6.221302666845627
                1645.25      1.037210507731539   0.002655826863460606   0.002277409293041528     -7.039796077266121
                 1645.5     0.9535800652095374   0.002655618904775021     0.9955091779451861    -0.9596585621744725
                1645.75     0.9639145357129234   0.002655611693536046     0.5085382848937072     -1.631375118022814
                   1646     0.9735640492230386   0.002655438270610574     0.3737706452484054     -1.939338565690987
                1646.25      1.011164304995822   0.002655259709747841    0.02774163214351903     -4.540113922375087
                 1646.5     0.9575434380738019   0.002655035943157397     0.8219466067527211      -1.15145701156769
                1646.75     0.9718467856837587   0.002654880964914439     0.4070829125556185     -1.854173941310437
                   1647     0.9896338681615283   0.002654701783354308     0.1677700765949643     -2.740663865679037
                1647.25     0.9796705180215809   0.002654485133147697      0.266382534351724     -2.278406554562536
                 1647.5      0.962385889039762   0.002654316307887423     0.5586070258320657     -1.537957300356881
                1647.75     0.9906584698183406   0.002654130401101376     0.1617241545506006     -2.777581439019877
                   1648     0.9735423716186563   0.002653941016073758     0.3897741818214736     -1.897977380160301
                1648.25     0.9853342744023883    0.00265374020414117     0.1868455113933956     -2.633338465908911
                 1648.5      1.029790504117875   0.002653605628562473    0.00537790116367816     -6.181373132205058
                1648.75      1.047194119679659   0.002653713197448434     0.0006620775562864     -8.276003351327613
                   1649      1.080620116227007   0.002653935051167919  1.249091312953478e-05     -12.24630102685101
                1649.25     0.9939312385814858   0.002653940243674434     0.1220935823786141     -3.058757402291089
                 1649.5      1.002149957079376   0.002653759728965099    0.06200363628182699      -3.73642020855974
                1649.75     0.9843732050397148   0.002653616759405015     0.1967821153363365     -2.581570014252948
                   1650      1.009816670175339   0.002653429268491684    0.03306892592382613     -4.365143727140936
                1650.25      1.062896150880333   0.002653308584981264  0.0001057227389418527      -10.1107185399365
                 1650.5      1.066659234132596   0.002653335893296838  7.188187120820907e-05     -10.49650415075749
                1650.75      1.041884328862282   0.002653448717190954   0.001289712982216695     -7.609310745906637
                   1651      1.090689941996955   0.002653381641659523   3.25536157510147e-06     -13.59120765057252
                1651.25      1.055458385644537   0.002653508221166492  0.0003282489636966596     -8.977690943083523
                 1651.5      1.093191816652103   0.002653834014017255  2.260385224668486e-06     -13.95580527643348
                1651.75     0.9759503864385356   0.002653793344595621     0.3507158794856878     -2.003624138978916
                   1652      1.018263876832149   0.002653827043779933     0.0146583352822531     -5.178578741172907
                1652.25      1.083242069619091   0.002653821416692715  7.924444669700828e-06     -12.70139303135197
                 1652.5      1.074964021350459   0.002653947349049011  3.021278177478466e-05      -11.3630327509311
                1652.75      1.041506364354788   0.002653799315929592   0.001399569216083412     -7.527433837916726
                   1653      1.093708599557937   0.002653804333875776  2.191844345346124e-06     -13.98660835629079
                1653.25      1.070788159373764   0.002653746635518461  5.065365822514846e-05     -10.84636200085228
                 1653.5      1.028130841271395   0.002653562976604494   0.006729096701330299     -5.957246470390416
                1653.75     0.9991440394974889   0.002653448238428355    0.07565590834505262     -3.537535087306505
                   1654     0.9893640485710073   0.002653400234975601      0.181946309471356     -2.660037076032844
                1654.25      1.045924390006159   0.002653303002095365  0.0008423891221817068     -8.035298593123885
                 1654.5      1.052092921551875   0.002653118937752067  0.0004539180670012528     -8.653693302558976
                1654.75      1.058055411332442   0.002652941505975413  0.0002310280885061103      -9.32913759567208
                   1655      1.022806054041614   0.002652770850574707    0.01064907043279422     -5.498513338974378
                1655.25      1.049333160840761   0.002652581526842039  0.0005754929527540186     -8.416585611183489
                 1655.5      1.066358414148857   0.002652416566209659  7.841318413462694e-05     -10.40988270628519
                1655.75      1.008129571765092   0.002652277176868028    0.03990972014939365     -4.177552151719778
                   1656       1.00767385466569   0.002652139805081208    0.04255539406752911     -4.113417236878505
                1656.25      1.045223238489337   0.002652032435626307  0.0009866192203519871     -7.877735447832511
                 1656.5      1.037473932072074   0.002651875500640215   0.002311796240134927     -7.026298700481687
                1656.75      1.042542320392869   0.002651760798752106   0.001366401767949413     -7.552185932108181
                   1657       1.03767583244419   0.002651575839478479   0.002343315958762833     -7.012869519414366
                1657.25      1.051169548118491   0.002651458892462193  0.0005192532892345456     -8.519844109426668
                 1657.5     0.9833775812981436   0.002651353951719396     0.2118285197804978     -2.508743128641659
                1657.75      1.002127115107954   0.002651375131127695    0.06547562765723239     -3.682834242366596
                   1658      1.040474564681524   0.002651244132874246    0.00177150683562229     -7.292731123832351
                1658.25      1.032066664239673   0.002651062834542456   0.004265462012375761     -6.414079510967966
                 1658.5      1.035982725164134   0.002650885997372664   0.002905976016812012     -6.797927406865198
                1658.75      1.084552890995776   0.002650791514434948   6.96808608116822e-06     -12.83114704737106
                   1659      0.985310293325987   0.002650631533318974     0.2012662193283834     -2.560164209687136
                1659.25     0.9406905905396551   0.002650796661408977      2.255712186986343    -0.1435093921855908
                 1659.5     0.9462516102528209   0.002651365311027586      1.499378346412343    -0.5517100572465321
                1659.75     0.9673931776022645   0.002651374540475297     0.4749908042009972     -1.701216997428178
                   1660      0.978648242799124   0.002651279167852802     0.3030034211335773     -2.150804317040924
                1660.25      1.023532647703154   0.002651111997769208    0.01040752637755756     -5.522082233399307
                 1660.5     0.9668759213270458   0.002650902954524114      0.494864265567591     -1.660406808232214
                1660.75     0.9409927862377602   0.002650799613957024      2.274531221823487    -0.1352000523296841
                   1661     0.9994265914408011   0.002650693200117904     0.0768657034495652     -3.522709662922666
                1661.25      0.982547022786547   0.002650487563499214     0.2341175091436044     -2.409023867302333
                 1661.5     0.8952455762970163   0.002650448947000695      2.687285210732038    0.03142514552549171
                1661.75     0.9066960808433659    0.00265063805295008      2.466923798573187   -0.05406302826941313
                   1662     0.9561840274984826   0.002650641826551752     0.9130698188960561     -1.047976482741257
                1662.25     0.9785397648960226   0.002650519876823495     0.3134387046293188     -2.117231019616583
                 1662.5      1.018529502609915    0.00265040712574701    0.01488359938074088     -5.164617487164592
                1662.75     0.9623229560285274   0.002650215241151936     0.5849465801218975     -1.493429254932913
                   1663     0.9778151954193844   0.002650067056357647     0.3316695975913626     -2.060866412365973
                1663.25     0.9623123386119278   0.002649840200561325     0.6042966911779321     -1.461026017345348
                 1663.5     0.9623650514228557   0.002649678324482563     0.6168496246957489     -1.440527122001075
                1663.75     0.9719943649913353   0.002649456012928128     0.4280199330543462     -1.806066533900607
                   1664     0.9568597050234808   0.002649201923088174     0.9057550809254385     -1.056563268806124
                1664.25     0.9535224739607554   0.002648982012633476      1.052799904338501    -0.9062067520139766
                 1664.5     0.9036495632100077   0.002648945670525585      2.474191250992265   -0.05176008676155459
                1664.75     0.9110182352843517   0.002648820488123493      2.337969304095882    -0.1084381868326501
                   1665     0.8994407767359452   0.002648709688047776      2.529095954018196   -0.02990084305570393
                1665.25     0.9087907052210537   0.002648586755652175      2.499851265908749   -0.04157792830086213
                 1665.5     0.9088402064968525   0.002648560671008004      2.547971648692305   -0.02252140257019642
                1665.75     0.9342273544753056   0.002648303237794045      1.781584698189596     -0.380412967334753
                   1666      0.992564159958565     0.0026481640364385     0.1452427632513394     -2.887317486507966
                1666.25     0.9822580178435892   0.002648190814435738     0.2487110132038509     -2.349422313513025
                 1666.5      0.974620745864032   0.002648006279596457     0.3975763624777593     -1.880396609712903
                1666.75     0.9674518463608357   0.002647871156969426     0.5173504630469926     -1.617114138496008
                   1667     0.9652969934126879   0.002647646818627054     0.5835648961536097     -1.496763724897774
                1667.25     0.9862037593763842   0.002647498655276861     0.2065120362556216     -2.535616653514118
                 1667.5      1.010204342989558   0.002647451643557151    0.03401750301264192      -4.33911792171452
                1667.75      1.009285953349509   0.002647425253316704    0.03832193680841016     -4.219980581733364
                   1668      1.017429303307115   0.002647370423390147    0.01621965657273467     -5.079799912062255
                1668.25     0.9910810655639114   0.002647385972847545     0.1711077286689805     -2.723724563563123
                 1668.5     0.9910453044835333   0.002647201127621432     0.1760224155946855     -2.695476389885578
                1668.75     0.9591257625278065   0.002646966607956828     0.7961761956221837     -1.186355820993033
                   1669     0.9300304842739493   0.002646676970317379      1.955682748422575    -0.2877911187079075
                1669.25     0.8957717768794611   0.002646631143069104      2.714889040043983    0.04020328505061718
                 1669.5     0.9006793253411256   0.002646672627024251      2.570032516144396   -0.01461357312201447
                1669.75     0.9344082233200517   0.002646553284341589      1.847801698333651    -0.3445805553889052
                   1670     0.9121578209081375   0.002646332475108357      2.366150771772725   -0.09739616513119309
                1670.25     0.8830929773409152   0.002646241037534154      2.924474034199372     0.1144194409948591
                 1670.5     0.9230091295245226   0.002646210018138567      2.527430941309964   -0.03150357966524948
                1670.75     0.9040066243527974   0.002645932635088189      2.633220279788955   0.009395781617847253
                   1671     0.8827321768446568   0.002645697962506751      2.988679791645335     0.1359312963455815
                1671.25     0.9207996501764569   0.002645471168218986      2.551353039459188   -0.02236235572005539
                 1671.5     0.8440287609472783    0.00264536471769172      1.684332593860919    -0.4376570188553566
                1671.75     0.7173886112134024   0.002647206245209358      3.411248827243119      0.268747923289332
                   1672     0.7077211502489152   0.002650641069868961      2.429329730482614   -0.06941845063112806
                1672.25     0.7326544112120384   0.002653184792869282      3.503449071564582     0.2976732965537955
                 1672.5     0.7798466828373063   0.002653824171542784      2.539987232641754   -0.02367462490453024
                1672.75     0.8101842639341091   0.002653943733994908      1.796943651282131    -0.3697013773221504
                   1673     0.7825369276659622   0.002654031442384032      2.095798194056822    -0.2158210993881453
                1673.25     0.7953291747058037   0.002654055127402031       1.82797931460621    -0.3525354985166503
                 1673.5     0.7741213870350775   0.002653992802399328      2.665542452714049    0.02463744505569306
                1673.75     0.7710871304401838   0.002653910880934997      2.538072577471782   -0.02439604135425166
                   1674      0.740155741976193   0.002654022206010134      2.815523406923454     0.0793891193858237
                1674.25     0.6855535096370051   0.002655011198049353      1.701125492171645    -0.4240964041324253
                 1674.5     0.7519371127214667   0.002656236496469458      2.442076128803289   -0.06207654278374986
                1674.75     0.7599828655025685   0.002656043034370013      2.266545949995899    -0.1367408638345866
                   1675     0.7902360274252646   0.002655753839173626      1.787410402231929    -0.3743389467687832
                1675.25     0.7808017543249441   0.002655415458780596      2.456339337121416    -0.0565620713350204
                 1675.5     0.8060258555751337     0.0026550995990534      2.126649656357973    -0.2008053849211607
                1675.75     0.7665075157362069    0.00265480111517711      2.426893462070163    -0.0688535915901093
                   1676     0.7870315393426531   0.002654651998563864       1.81339195682999    -0.3603226898309795
                1676.25     0.8283413045816073   0.002654408965438271      1.988052552493192    -0.2684578019927834
                 1676.5     0.8887699765759414   0.002654119898386851      3.244496733870035     0.2212379970268352
                1676.75      0.918653761922988   0.002655238483463221       2.36043934413812   -0.09645312333639657
                   1677     0.9152998217360406   0.002655762271634447      2.163666262727895    -0.1832995146200712
                1677.25     0.8949840690972817   0.002656473190074738      2.820826894194346     0.0821940787610296
                 1677.5     0.8621979734054875   0.002656205610704812      2.758499086213628    0.05975000199708268
                1677.75     0.8441429813246126   0.002656034537610735      1.705698225136203    -0.4210265844943821
                   1678     0.8484869687132129   0.002655734896543659      1.759843657300989    -0.3898889751484672
                1678.25     0.8710867759142685   0.002655380865158296      2.790388083794575    0.07093341797890522
                 1678.5     0.8766922195180787   0.002655066488548037      2.854983207706024    0.09370029576641617
                1678.75     0.9056703657142191   0.002654859144613691      2.689050847869299    0.03374452434347827
                   1679     0.9351043876604866   0.002655017748134546      1.926846275447187     -0.299499411068377
                1679.25     0.9220742882941683   0.002654932944331104      2.643772379112393    0.01679086393355941
                 1679.5       0.89781524114421   0.002654648336579045      2.748633888505739    0.05558085032962909
                1679.75      0.968290136545935   0.002655059133482001     0.5090482697145539      -1.63058087029707
                   1680     0.9115143642029434   0.002654980308552505      2.469475376619793   -0.05139239488212691
                1680.25     0.8279703307634717    0.00265470407953769       1.98702258800739    -0.2688648406771914
                 1680.5     0.8952837434123831   0.002654454167988738      2.894995231115076     0.1073871480955307
                1680.75     0.8493066440920284   0.002654189526623063      1.780278276445611    -0.3789263305418051
                   1681     0.8918704581326967   0.002653831330692936      3.231682047909169     0.2171717778200001
                1681.25     0.9522163974479778   0.002653914464318425      1.123719337713191    -0.8391556355876276
                 1681.5     0.9305965217698057   0.002654090640050451      1.948077190809668     -0.288890445081551
                1681.75     0.9071770394658298   0.002653780652755293      2.730786009096573    0.04873940511983838
                   1682     0.8741400855515434    0.00265342166339288      2.807557471172644    0.07632951610729313
                1682.25     0.8188159147208419   0.002653512009360802       1.27681513052805    -0.7115825156316442
                 1682.5     0.8642833163006862   0.002653428230821873      2.732806979492529    0.04934639175576609
                1682.75     0.8555234307313192   0.002653115171276491      2.244169425011121    -0.1477653906787628
                   1683     0.8491840950016262   0.002652903321159011      1.822429558679174    -0.3560101963703989
                1683.25     0.8416733206564526   0.002652657709484974      1.661761707871293    -0.4483950066760157
                 1683.5     0.8764426124589997   0.002652373965572268      2.938062659409989     0.1213701170405202
                1683.75     0.8744540992603067   0.002652009110168843      2.920229675263143     0.1151444138656392
                   1684     0.9194494931460973   0.002651748453838431      2.548403534691809   -0.02114904814374382
                1684.25     0.9159783224832888   0.002651635103748795      2.254590709016591    -0.1436904400372989
                 1684.5     0.8963054579308067   0.002651337669444184      2.930443485084844     0.1183827024757977
                1684.75       0.89315807626648   0.002650999731204015      3.197691264896044     0.2055305328486047
                   1685     0.8996714588256916   0.002650655725919364       2.81669544614985    0.07853606059085869
                1685.25     0.8687409990646043   0.002650416235327725      2.850883330890072    0.09051022176294586
                 1685.5     0.8007745969329618   0.002650401122592018      1.781566054267095     -0.379631583929099
                1685.75     0.8553845438436607   0.002650232404284403      2.280917798974096    -0.1326101214981665
                   1686     0.9116210555395692   0.002649924347231966      2.538804284475028   -0.02561105533453547
                1686.25     0.9155913334829966   0.002649714633404083      2.312473028482426    -0.1190658870888306
                 1686.5     0.8831733708398039   0.002649376212606846      3.007192273069781     0.1434957018499212
                1686.75     0.8097041651061565    0.00264921174225159      1.938505140100763    -0.2956560930507635
                   1687     0.8363793845465256   0.002649088877111487      1.894067704286759    -0.3188928609929729
                1687.25     0.8366900532630789    0.00264902741101072      1.912234100697132    -0.3093705601017902
                 1687.5     0.8170519830003515   0.002648845525818446      1.349095349395862    -0.6582772120511557
                1687.75     0.8138980101095824   0.002648783957014159      1.477586095313372    -0.5673249726849554
                   1688     0.7685059902001006   0.002648783352511189      2.550013315875761   -0.02163635937537907
                1688.25      0.757172983011165   0.002649202162801296      2.253007897724812    -0.1453106718618179
                 1688.5     0.7850452480926829   0.002649573365820225      1.913444219884185    -0.3085318551235831
                1688.75     0.7771490448013793   0.002649366162190398      2.955649406294491     0.1262034565086196
                   1689     0.8728091590550385   0.002649135819744255       2.96091127836825     0.1278952035682315
                1689.25     0.8445624479140338   0.002648930862516043      1.833712216407752    -0.3513368065606547
                 1689.5      0.876779766031051   0.002648656911976039      3.078664239434649     0.1667131375113116
                1689.75     0.8793895937297823   0.002648429970685034      3.145632609757265     0.1881466554730217
                   1690     0.8960476099707174   0.002648265376598476      3.070482705430091     0.1639042703223302
                1690.25     0.8651252227439845   0.002648097928012605      2.787651494585472    0.06720573965357887
                 1690.5     0.8187889536623828   0.002647826638116321       1.33348497415881     -0.670300399211721
                1690.75     0.8121119725016315    0.00264762683530154      1.644201166522371     -0.460917004625566
                   1691     0.8168081613737098   0.002647421770184242      1.436750159166348    -0.5958653840744552
                1691.25      0.842896602317987   0.002647144807119908      1.779673635361638    -0.3819237383090162
                 1691.5     0.9316652669750801   0.002647056237058111      1.913860960112156    -0.3092645473832729
                1691.75     0.9111696654518074   0.002647432424983383       2.65595469971447    0.01855908696238025
                   1692     0.9395273589057703   0.002647524889160071      2.387750664584976   -0.08785838504033334
                1692.25     0.9283608223274725   0.002647698480228855      2.213042630883216    -0.1637762734239181
                 1692.5     0.9450758558224404   0.002647877312519635      1.645683219167835    -0.4599214290942068
                1692.75     0.9813147205573369   0.002648370552517717     0.2707403817427566     -2.264485715949978
                   1693      1.051369994093227   0.002649666655538715  0.0005141249428251567     -8.530445763656683
                1693.25      1.051254383204547   0.002651465330837659    0.00053398418923596     -8.491867248164903
                 1693.5      1.052246320758019   0.002652786217929538  0.0005126965836684801     -8.532051214713826
                1693.75       1.04723089172715   0.002653740018868375  0.0008061423168207339     -8.079115649178897
                   1694      1.030587472863762   0.002654448271947509   0.005215924930978389     -6.211637383363501
                1694.25      1.056767625438245   0.002655309791107971  0.0003024227063515695     -9.058958862057439
                 1694.5     0.9942785460391207   0.002655637677817005     0.1286250568062567     -3.006004200119589
                1694.75      1.043288490485582   0.002655858917284558   0.001362564327382315     -7.553454070830652
                   1695      1.031147807772133   0.002656267027552679   0.004993643836808839     -6.254503006603143
                1695.25      1.033867639476923   0.002656316982081486   0.003700232725167456     -6.554254355217863
                 1695.5      1.038359803584036   0.002656337056780823   0.002376918022443714     -6.996837814309258
                1695.75      1.057038475740954   0.002656452356421917  0.0002983601587951569     -9.072053045378661
                   1696       1.06603576128993   0.002656640727613148    8.3304424944745e-05     -10.34778181204801
                1696.25      1.098512446657248   0.002657273151303695  1.190163917869223e-06     -14.59595441107789
                 1696.5      1.098150423397312   0.002657751985294463  1.351451693603679e-06     -14.46868593025886
                1696.75      1.103653109448349   0.002658163564448569  4.746933583461368e-07     -15.51479667045072
                   1697      1.065792631337453   0.002658177469793101    8.8356058453591e-05     -10.28833042474783
                1697.25      1.026085352372433   0.002658040149591365    0.00866835964329391      -5.70232200264127
                 1697.5       1.03086727411103   0.002657847830587495   0.005396159757997262     -6.176386388026337
                1697.75      1.052648469586164   0.002657663685170078  0.0005221813521339476     -8.511883552290007
                   1698      1.084341749012062   0.002657613144458058  7.229026517285692e-06     -12.79181313267637
                1698.25      1.092724427206501   0.002657725406422274  2.545134043052509e-06     -13.83569195632035
                 1698.5      1.079665020696789   0.002657623889463897  1.619180275601233e-05     -11.98540836031341
                1698.75      1.070660621534886   0.002657496465268651  5.580729209337641e-05     -10.74805687605967
                   1699      1.061050383828438   0.002657336285325532  0.0001525346072763066     -9.742630192893857
                1699.25      1.104455631664317   0.002657198874784665  4.443282611633251e-07     -15.58126507014551
                 1699.5      1.101201732311458   0.002657313594939074  7.799683232749732e-07     -15.01853220627203
                1699.75      1.076340452213701   0.002657198344334291  2.736727137413786e-05     -11.46072578295689
                   1700      1.105698223731791   0.002657115564646458  4.197757937226044e-07     -15.63813929519056
                1700.25      1.090929394471862   0.002657156214960947  3.501195682247856e-06     -13.51698492828054
                 1700.5      1.086061143310002   0.002657013380584845  6.680269832579375e-06     -12.87098483715115
                1700.75      1.111124766084888   0.002656871177834047  1.868186867177993e-07     -16.44781346141514
                   1701      1.091350915222918   0.002656739245757247  3.464730131866077e-06     -13.52761165176657
                1701.25      1.067207018599752   0.002656557546831267  8.271670041683258e-05      -10.3548932700109
                 1701.5      1.060910483765622   0.002656369928164787  0.0001627418913265717     -9.678219961654918
                1701.75      1.109039886855606    0.00265620523744235  2.716188646743075e-07     -16.07380284710607
                   1702      1.067867321622326   0.002656017366583534  8.094922551880758e-05     -10.37669603783032
                1702.25      1.054458488173024   0.002655848758436336   0.000457908576792756     -8.643912083890232
                 1702.5      1.006601359743309    0.00265582905438853    0.04838379076922585     -3.983668918081538
                1702.75      1.031833902927897    0.00265586422090218   0.004982664710647667     -6.256855702690664
                   1703     0.9976880741347618   0.002655964930484629    0.09031570249714005     -3.359471276242964
                1703.25     0.9900093752652953    0.00265591300172998     0.1926702888919112     -2.601821785730621
                 1703.5     0.9375277701541616   0.002656360696508201      2.324588027973852    -0.1113355048866266
                1703.75     0.9514030451399657   0.002656776195683361      1.209442493838784    -0.7645624269499738
                   1704     0.9593525185498575   0.002657573992032355     0.7944983416822123     -1.184466069444792
                1704.25     0.9013908302474627   0.002657666060069356      2.793195597841441    0.07279926981138586
                 1704.5     0.8485648464626143   0.002659385737964808      1.900342712105414    -0.3117059475098504
                1704.75     0.8429110581212952   0.002660658845892346        1.8313508436734    -0.3482077237233612
                   1705     0.8627025610352848   0.002661979350480649      2.921887507813425     0.1194644142747626
                1705.25     0.9098435211389396    0.00266213323829775      2.764060634796889    0.06399325091576386
                 1705.5     0.8797192618668885   0.002662315431819356      3.207031977017916     0.2127067361600913
                1705.75     0.9328266640330495   0.002662489284362571      1.942961554839171    -0.2883604726791427
                   1706     0.9457875039555754   0.002662193707768045      1.613084319091904    -0.4745368051986804
                1706.25     0.9075550268585185   0.002661874533298868      2.876483795419133     0.1037638674778901
                 1706.5     0.9279468386555091   0.002661759551234923      2.300115625429783    -0.1198885796253188
                1706.75      0.965343509478336   0.002661542867697882     0.6026090771516961     -1.459415971751425
                   1707     0.9502061200762124   0.002661284828067147       1.33620017779152    -0.6631964409429599
                1707.25     0.9452013449751896   0.002660999354200612      1.717566752208329    -0.4122250031792983
                 1707.5     0.9370190928692742   0.002660678246397096      2.308491657343683    -0.1166599435455734
                1707.75     0.8564151614169194   0.002660707482998422      2.458974251305093   -0.05349901230293141
                   1708     0.8260829543506633   0.002661410070988026      1.770630704625339    -0.3816434651316252
                1708.25     0.8835557384157381   0.002661646058053776      3.128174201406067     0.1875588995823362
                 1708.5     0.9657238841049853   0.002661432942285535     0.6054286437766997     -1.454789254614086
                1708.75     0.9619890893582759   0.002661510340341952      0.686953482708426     -1.328430303790663
                   1709     0.9208960941913775   0.002661176964685394      2.725872790144153    0.04972179689682198
                1709.25     0.9112366314943784   0.002660899185329002      2.779243787538369    0.06900761433803423
                 1709.5     0.8965375570323422   0.002660544883694061      3.138265568807253      0.190365863239634
                1709.75     0.8794999970282011   0.002660366147653088      3.306139015782798     0.2424094481122364
                   1710     0.8368528853570225   0.002660328561803029      1.941346506416438    -0.2900039203288703
                1710.25     0.8573139731717101    0.00266064831520035      2.625584235179795    0.01203789492004405
                 1710.5     0.8781820572379211   0.002660329577835309      3.332074288468966     0.2502096733171905
                1710.75     0.8443145230249158   0.002660108639443781      1.943648763510123    -0.2889013863948562
                   1711     0.9484189544900531   0.002659952219741142      1.516698610952618    -0.5369911963895861
                1711.25     0.9252880489241602    0.00265987989056508      2.570431804412011  -0.009480492832062166
                 1711.5     0.8752090665714741   0.002659570421893171      3.207654088751974     0.2118691079595504
                1711.75     0.8566355940419391   0.002659347637482165       2.59164779142246  -0.001460632791520554
                   1712     0.8394264701822109   0.002659225087373237      1.838246036549231    -0.3449887269509816
                1712.25      0.858056796564197   0.002659006141766819      2.825372580705048    0.08475730218073446
                 1712.5     0.8621620099548319   0.002658732079466821      3.075216315461238     0.1693892298173539
                1712.75     0.8458868334934866    0.00265861558370761      2.031348235534403    -0.2453301046663544
                   1713     0.8556491223764509   0.002658384510299493      2.567005214069123   -0.01137681833858015
                1713.25     0.7930353042651983    0.00265857197260777       1.84766746724463     -0.340122221463574
                 1713.5     0.7683106261780837   0.002658787808572405      2.578081752363307  -0.006919439335973343
                1713.75     0.8203942368913975   0.002659032096062785      1.363355904819559    -0.6439239424912104
                   1714     0.8485745941132943   0.002658789646625063      1.984595398981342    -0.2685492994486342
                1714.25     0.8542448860172306   0.002658461409890605      2.406282550952844   -0.07600477801546071
                 1714.5     0.8506800966762006   0.002658155736247642        2.0248087994789    -0.2487275365778815
                1714.75      0.818612103085043   0.002657912327890718      1.412540996779362    -0.6089041793649032
                   1715     0.8618015394575217   0.002657551302071146      3.148639955825435     0.1925403724728721
                1715.25     0.8865544332803289   0.002657181307346358      3.237196971572013     0.2201383624383089
                 1715.5     0.9051462740060711   0.002657015561351273      2.884553017266976     0.1047381153402001
                1715.75     0.9801482426328063   0.002657355524563421     0.2996876250246858      -2.15951849489185
                   1716     0.9732035064192212    0.00265798763804251     0.4285128178845081     -1.801700681336073
                1716.25     0.9282731448640777   0.002658097883946221      2.353922039769768   -0.09814168688518236
                 1716.5     0.9398589626638163   0.002657922591055393      2.510389806086269    -0.0338524835797682
                1716.75     0.9403972600097884   0.002657687946761846      2.518995263819107    -0.0305186936925931
                   1717     0.9653881475420382   0.002658118642829745     0.6360985719460353     -1.406618507649357
                1717.25       0.95439802440112   0.002658211828106608      1.087870808354388    -0.8699593120331859
                 1717.5     0.9534335704472615   0.002658257629990033      1.159979403117678    -0.8057622318798402
                1717.75      1.008359094397287   0.002658374624443801    0.04285324253435562     -4.104094435224131
                   1718      1.034751544141246   0.002659046895037989   0.003621433133015413     -6.574753052700217
                1718.25      1.010479805391423   0.002659400876193977    0.03549058808043265     -4.292222241994414
                 1718.5     0.9700579327654084   0.002659482042952644     0.4939346287577593     -1.659056080620006
                1718.75      1.013191236219986   0.002659494813761279    0.02537311058663013     -4.627764481672704
                   1719      1.073876340618967   0.002660101181223039  3.884339510373298e-05       -11.109443708438
                1719.25       1.04293502737243   0.002660777000205787    0.00145285267401936     -7.487443471156297
                 1719.5      1.002464050465175   0.002660911978726552     0.0664749135197119      -3.66409709237689
                1719.75       1.07180962848794    0.00266114006116918  5.415911974525264e-05     -10.77666491970985
                   1720      1.054467728614894   0.002661294355428181  0.0004666692777838757     -8.622912494324213
                1720.25      1.067398412146753   0.002661614114417342  8.783176390618666e-05     -10.29298996111917
                 1720.5     0.9823671851272959   0.002661594342585011     0.2601607726361606     -2.299365525384534
                1720.75      1.010563273824911   0.002661410179153801    0.03651217761643123     -4.263088678611353
                   1721     0.9514826014021174   0.002661180550221475      1.316384299439149    -0.6781767114250816
                1721.25     0.9774537407930824   0.002661070004778139     0.3586875662859196      -1.97841062172514
                 1721.5      1.013883348984588   0.002660890945634883    0.02415911919448101     -4.676267717839152
                1721.75      1.056635096899944   0.002660958259433033  0.0003599587786015624     -8.882670093885714
                   1722     0.9969784818482138   0.002660827197919197    0.09902353734129021     -3.265596017829998
                1722.25      1.002431018689618   0.002660644260406064    0.06874131245967048     -3.630671980773773
                 1722.5      1.018917995189753    0.00266045498983512    0.01509807052334381     -5.146526529018232
                1722.75      1.018450772721739   0.002660279360814421    0.01598590826459055     -5.089451900895424
                   1723      1.014160868662517    0.00266009314225374    0.02422336577358911     -4.673911808500028
                1723.25     0.9983876596252144   0.002659959397716492     0.0897221604585368     -3.364561993706894
                 1723.5      1.024368377564965   0.002659781387700952    0.01025577162335553     -5.533506075081934
                1723.75     0.9749386337959697   0.002659588244367612     0.4139467443924991     -1.835681997461324
                   1724     0.9333072159558885   0.002659408042543955      2.011171056215022    -0.2550146376781448
                1724.25     0.9012738145761473   0.002659609881505547       2.89477503032443     0.1092514864645426
                 1724.5     0.9439319848572711   0.002659723733971038      1.966126981190184    -0.2775474965270455
                1724.75      1.035866136946907   0.002659588994380243   0.003304244454898673     -6.666211203793964
                   1725      1.024428292450656   0.002659621081146568    0.01048882732350434     -5.511096353573559
                1725.25     0.9628979682446849   0.002659444815262278     0.6897470612054135     -1.325148304375604
                 1725.5     0.9362239352967373   0.002659458939345004      2.303999719030486    -0.1190660460305073
                1725.75      1.029105744604202   0.002659371281294777   0.007009737872217403     -5.914200600359179
                   1726       1.01588359603577   0.002659271372565603    0.02049661648045486     -4.841278653769404
                1726.25      1.052514086980572   0.002659265708049016  0.0005707867035693944      -8.42228029468906
                 1726.5      1.095721101978167   0.002659373233273285   2.06218711837145e-06     -14.04548832474648
                1726.75      1.047346644756317   0.002659865721248645  0.0008510638358676098      -8.02258314140604
                   1727      1.059264831979418   0.002659803811191922  0.0002327967595956244     -9.318927759342136
                1727.25      1.015033600638561   0.002659765390340478    0.02296242309527126     -4.727493620565248
                 1727.5       1.07965353119294   0.002659664392027835  1.785318960066083e-05      -11.8869637929239
                1727.75      1.079575405671721   0.002660039497822623  1.891218008151929e-05     -11.82919878597815
                   1728      1.050048758078308   0.002659942593305993  0.0006765520838627796     -8.252031944789371
                1728.25      1.081813650576634    0.00265991843179839   1.27045032290995e-05     -12.22709394755371
                 1728.5      1.097160908778479    0.00266003280017093  1.817838202686005e-06     -14.17135947274106
                1728.75      1.031848741128116   0.002659939081635078   0.005327939257500825     -6.188322888295881
                   1729      1.086459171864227   0.002659792823247306  6.988707998976032e-06     -12.82480198342347
                1729.25      1.130676200788894   0.002659822834021732  3.649348551237336e-08     -18.07970791733411
                 1729.5      1.075891949607048   0.002659938208670208  3.307534118173119e-05     -11.27025500267768
                1729.75      1.089060784367285   0.002659778413487372  5.320570096907728e-06     -13.09752264591375
                   1730      1.085947181248423   0.002659788476077807  7.689919000261285e-06     -12.72918907102601
                1730.25      1.113077628588582   0.002659851832627993  1.691690671497831e-07     -16.54593216828668
                 1730.5      1.087089123098552   0.002659790578272136   7.25433479517354e-06     -12.78749933802447
                1730.75      1.058198498713616   0.002659636721676896  0.0002962195576515214      -9.07805544986644
                   1731      1.084994794082575   0.002659452146671702   8.89480299204336e-06     -12.58375860633495
                1731.25      1.105470427868492   0.002659336582237481  4.588018268539891e-07     -15.54840614613504
                 1731.5      1.085228626856143   0.002659205054127486   9.08890315881363e-06     -12.56226445811372
                1731.75     0.9956256237111267   0.002659087060091016     0.1202755169530147     -3.071822702680596
                   1732     0.9764667594498028   0.002659474404652822     0.3952864839158208     -1.881851352954238
                1732.25     0.9943167590493336   0.002659925647926513     0.1398982596546592     -2.920377029574309
                 1732.5      1.049496659918005   0.002659791864931291  0.0007271996419386506     -8.179896996776986
                1732.75       1.08166428287138   0.002659635278313045  1.438929289549339e-05     -12.10267253965748
                   1733       1.10096853001091   0.002659700882674044  9.264658963801306e-07     -14.84551029739626
                1733.25      1.117174721720672   0.002659754466427174  1.331648310716063e-07     -16.78527969477572
                 1733.5      1.071179473772345   0.002659714604377003  6.352670160924335e-05     -10.61766677997487
                1733.75     0.9801745560722896   0.002659702231816275     0.3254081622337536     -2.076296189975356
                   1734      1.017975841532234   0.002659868281925527    0.01841083758954633      -4.94837454759102
                1734.25      1.004457038967175   0.002659800574785502    0.06157190597259123     -3.741133799008708
                 1734.5      1.045227491438891   0.002659782985102778   0.001178752591799434     -7.696889353090084
                1734.75      1.052852352444391   0.002659592987960692  0.0006179032492967913     -8.342840931015285
                   1735      1.010084284423198   0.002659424348852035     0.0409928046528205     -4.148084397542277
                1735.25      1.024482807958339   0.002659315011686485     0.0107998081123126     -5.481993699918807
                 1735.5      1.069750004105941   0.002659145389754616   7.67402473324593e-05     -10.42891482379167
                1735.75      1.055916818781771   0.002658983709877432  0.0004548639449087834     -8.649403582833184
                   1736       1.06481777946825   0.002658828427454743  0.0001185241022739472     -9.994344001147599
                1736.25      1.084639953377412   0.002658666209339085  1.015783042263175e-05     -12.45127647047715
                 1736.5      1.063490483000212   0.002658519218497533  0.0001402630990243622     -9.826056699990895
                1736.75      1.064329447846788   0.002658344752742859  0.0001333672108410212     -9.876535957551759
                   1737      1.110446171086719   0.002658327816013991  2.391448869306856e-07     -16.20033432546363
                1737.25      1.056244103804949   0.002658281464226181  0.0004470015584126412     -8.667103991810476
                 1737.5       1.04329857962491     0.0026580944470112    0.00149668856964016     -7.458726101486181
                1737.75      1.020251747098465   0.002658022139224175    0.01572744177507356      -5.10660128185885
                   1738      1.032340211654053   0.002657869408608611   0.005166703761912654     -6.219830899148748
                1738.25      1.040267514963477   0.002657760632398793   0.002080655972448827     -7.129423525671539
                 1738.5      1.035561588541243   0.002657608725545087   0.003670283705382307     -6.561894935628675
                1738.75      1.022914278302131   0.002657474740448755    0.01277104203860481     -5.315034048324039
                   1739      1.064291072038608   0.002657306923568561  0.0001388924226918363     -9.836333049517945
                1739.25      1.001112745753773   0.002657173054349452      0.079580891648509     -3.485553836235165
                 1739.5      1.032320903108592   0.002657051010419945   0.005370722207027969     -6.181411387962368
                1739.75     0.9808287923541578     0.0026569762971146     0.3167031850819794     -2.104436885333657
                   1740      1.020641723417039   0.002656887168592748    0.01590079926671925     -5.096066065270239
                1740.25     0.9891147722139396   0.002656720939209416     0.2058200079692502     -2.535495969875799
                 1740.5     0.9401270838487694   0.002656720246031362      2.656846231994505    0.02239680137600965
                1740.75     0.9715577336534656   0.002657099194264711     0.4883173175573104     -1.671390207043055
                   1741      1.030675194337792   0.002657000080420694   0.006577421704580044     -5.978750114356169
                1741.25     0.9295239460574588   0.002656915490154643      2.296698336156427    -0.1231969173864473
                 1741.5     0.9379733262514558   0.002657228736861853      2.658317956970172    0.02314196448208509
                1741.75     0.9998357682658341   0.002657158203145212    0.08786778034388257     -3.386500246208976
                   1742      1.009538975447141   0.002656973293661589     0.0440213643342152     -4.077727957200063
                1742.25     0.9783966213916448    0.00265678109718957     0.3789091698988007     -1.925178846463119
                 1742.5      1.015747446323167   0.002656612137919873    0.02314501053561158     -4.720759733383088
                1742.75      1.023908081940608   0.002656521670662238    0.01238590430121289     -5.346013941146825
                   1743      1.017303326273829   0.002656353833191497    0.02126842093709698     -4.805412811185134
                1743.25      1.056568797430542   0.002656298362653853  0.0004392183184129937     -8.685415762164583
                 1743.5     0.9909331825618358   0.002656129993262764      0.191957206633094     -2.605448003010583
                1743.75     0.9690603356172888    0.00265597006701967     0.5481609620493689     -1.556211709950579
                   1744     0.9081201977205825     0.0026558857784233      3.021073661781672     0.1505551481714701
                1744.25     0.9482033088153092   0.002656093411602311      1.619509321757609    -0.4728557461707434
                 1744.5     0.9512157259441871   0.002656131635253245      1.407768989074889    -0.6129583968906126
                1744.75     0.9897829356865731   0.002655936945122925     0.2103450431318953     -2.514043906049063
                   1745      1.031233189614557   0.002655784501653095   0.006406458044113887     -6.005543998853395
                1745.25      1.084619517687787   0.002656068793858034  1.063809718857266e-05     -12.40605715588156
                 1745.5      1.023346079726893   0.002656353134777101    0.01342375245074728     -5.265610752834864
                1745.75     0.9804184482077003   0.002656160125432549     0.3416290773139982     -2.028983544518836
                   1746     0.9775754214034355   0.002655990872962473     0.4098853983876097     -1.846895242017849
                1746.25     0.9906492262988634   0.002655820833681693     0.2055133228920688     -2.537326006173101
                 1746.5     0.9792570669554413   0.002655616108970014     0.3859343666195139     -1.907246637515072
                1746.75     0.9609810543524464   0.002655431131708548     0.7638955499162173     -1.224552550354098
                   1747      1.013075675851377   0.002655261348039182    0.03196813637342524     -4.398307887325331
                1747.25      1.017959266678036   0.002655152683298166    0.02130762909261736     -4.804023298917275
                 1747.5      1.034726284432599   0.002655005594037003   0.004339476802292118     -6.395390091688548
                1747.75      1.049416050848488    0.00265516188504076  0.0007877947472408314     -8.101602711352974
                   1748       1.02165119350791   0.002654995409008577    0.01619333073785417     -5.078548241609568
                1748.25      1.051078809783762   0.002654943463147395  0.0007452102026550271     -8.157256230941043
                 1748.5      1.141060090831759   0.002655432980413034  3.282018180102737e-08     -18.18744985218877
                1748.75      1.089911708197878   0.002655948671163682  5.618116858552437e-06      -13.0445474857061
                   1749      1.094497806356348   0.002655914012806536  2.571946656093332e-06     -13.82589399841189
                1749.25      1.082957779058726   0.002656093049413988  1.295466926022159e-05     -12.20903337226284
                 1749.5      1.136243835203819   0.002656167513567795  3.474738370422936e-08     -18.13011262012218
                1749.75      1.089082911180201   0.002656281900539278  6.880442345908477e-06     -12.84173561314716
                   1750      1.049324357586344   0.002656129431837663  0.0008370054809919314     -8.040645339583406
                1750.25      1.029381874747502   0.002655960308454234   0.007976708247319195     -5.786258528319633
                 1750.5      1.010673928578498   0.002655929198093412     0.0420504113197928     -4.123926899770998
                1750.75      1.058596411468735   0.002655760701920435  0.0003235584041320346     -8.991235154414529
                   1751      1.123651823751786   0.002655760584369362  5.842520432526912e-08     -17.61062273593838
                1751.25      1.128267719165955   0.002656023936712438  4.285510107554725e-08     -17.92044627291902
                 1751.5      1.090446693847489   0.002655990135183677   5.56136753855597e-06     -13.05468436508662
                1751.75      1.114578794913037   0.002655971133827914  1.738070222788228e-07     -16.52034522005588
                   1752      1.066337440350181   0.002655860924243374   0.000118763808550609     -9.993440334653382
                1752.25      1.102740560240918    0.00265574480789948  6.938648288507652e-07     -15.13609888364148
                 1752.5      1.095748137561137   0.002655672905447831  2.401458381812364e-06     -13.89457163786907
                1752.75       1.10224126512631    0.00265560704984425  8.002457231729738e-07     -14.99350909266445
                   1753      1.087453397144956   0.002655444811077688  9.169124642957137e-06     -12.55489192000353
                1753.25      1.034579781941326   0.002655333806769334   0.004575611681583461     -6.342279876669717
                 1753.5      1.058852038931323   0.002655268130396854  0.0003221472699477442     -8.995791479321031
                1753.75      1.081272612548049   0.002655084331527529  1.692270598585322e-05     -11.94221323361282
                   1754      1.067506978651547    0.00265491097288218    0.00011084717488427      -10.0627823486577
                1754.25       1.10175588342758   0.002654774474648045  9.133313250043182e-07     -14.86164278044265
                 1754.5      1.102655086032282   0.002654651097846801  8.199953680909527e-07     -14.96948927531363
                1754.75      1.090896192337317   0.002654489006826289  5.483093609483517e-06     -13.06942428007193
                   1755      1.109961761310396   0.002654343429895812  2.723510074591207e-07     -16.07181216834422
                1755.25      1.030765979495041   0.002654228000421565   0.007162788513688802     -5.894537438925039
                 1755.5      1.051040318504574   0.002654154151811448  0.0007899729663767405     -8.099221178577062
                1755.75      1.069871586892615   0.002654007375974989  8.902135831172129e-05     -10.28239888365251
                   1756       1.09455604365935   0.002653905508385269  2.980373847788123e-06     -13.67926484399141
                1756.25       1.10361880516077   0.002653769968422977  8.051833798368029e-07     -14.98804988857616
                 1756.5      1.102183830833339   0.002653686920602752  9.953978578461505e-07     -14.77600872149226
                1756.75      1.129655784975488   0.002653542517170219  4.261787163752337e-08     -17.92693196618619
                   1757       1.12442075437802   0.002653469274848727  5.850563185177586e-08     -17.61011023501464
                1757.25      1.121571802473408   0.002653332993450751  7.819584514910656e-08     -17.32006810155857
                 1757.5      1.127552178947385   0.002653213527296722  5.125170427255449e-08     -17.74258077100034
                1757.75      1.066993802831245    0.00265306035768973  0.0001217502849256067     -9.969659992883011
                   1758      1.065986488365474   0.002652912346802907  0.0001367144342627044     -9.853793556429611
                1758.25      1.121877041377774    0.00265282032689872   8.04242262134553e-08     -17.29216239948358
                 1758.5      1.076885075204405   0.002652651961493233  3.083843048224328e-05     -11.34302438581948
                1758.75      1.123371162153179   0.002652476784843593  7.526085955485204e-08     -17.35864715417821
                   1759      1.099328675359316   0.002652307499380131  1.607592628559381e-06     -14.29717810691536
                1759.25      1.035908234567311   0.002652210153580422   0.004037139402466708     -6.468660956646962
                 1759.5      1.086431418079836   0.002652093408456267  1.065304837324055e-05     -12.40615054369951
                1759.75      1.087727131056493   0.002651958647030268  9.793873330519553e-06     -12.49029042182521
                   1760      1.084019127161486   0.002651776659230734  1.336528018176273e-05     -12.17945575470719
                1760.25     0.9981127864038225   0.002651840983059634     0.1029627270643654     -3.229969482776963
                 1760.5       1.01555754765029   0.002652107303258282    0.02601480393977441     -4.605570350692418
                1760.75     0.9808162058266501   0.002652347183322883      0.351297673676579     -2.002511727005531
                   1761      1.004074290419182   0.002652652257882538    0.06802458909938122     -3.644161406013704
                1761.25     0.9940111940666723   0.002652789595335856     0.1582584959861966     -2.799749131233486
                 1761.5     0.9397153781106041   0.002653366419710466      2.791196282934332    0.07046409727323531
                1761.75     0.9604039591915277   0.002654129819534169     0.8105050514179627     -1.165816218728875
                   1762      1.012325597465377    0.00265407900964814    0.03720014656035121      -4.24718023518188
                1762.25     0.9968677571186401   0.002653932146623263     0.1217309642281729      -3.06173487418402
                 1762.5      1.026846580934702   0.002653761887729702    0.01065925855346121     -5.497183565883813
                1762.75      1.031656948361737   0.002653663242187969   0.006919014910427984     -5.929376195261344
                   1763      1.102009192637196   0.002653643137215419  1.119450577117058e-06     -14.65857444729353
                1763.25      1.084134501827412   0.002653787749848115   1.38769906324351e-05     -12.14112584334618
                 1763.5     0.9992480700997486   0.002653677260946156     0.1006847601561611     -3.251649868785791
                1763.75      1.060570208388035   0.002653547906937388  0.0002514185900270085     -9.244329103922476
                   1764      1.115929244843592   0.002653698331973274  1.689238264326759e-07     -16.54969905352996
                1764.25      1.113295226544614   0.002653886673384476  2.012411344362454e-07     -16.37457210217578
                 1764.5      1.080276703055391   0.002654021437411799  2.128462214640177e-05     -11.71328506043235
                1764.75      1.042511004843534   0.002653855406797496   0.001745729191818294     -7.306404845214669
                   1765      1.052514431250181   0.002653672942778027  0.0007547829556359176     -8.144970992274331
                1765.25      1.053545461804804   0.002653487822128935   0.000718662332215921      -8.19407937470551
                 1765.5      1.024530409004201   0.002653323297016101    0.01336328821229723     -5.271266451590792
                1765.75      1.035858089820532   0.002653146898404624   0.004250030790505409     -6.416917969706142
                   1766      1.015739225986479   0.002652993164858919    0.02675968506072623     -4.577005676810144
                1766.25      1.060472197642007   0.002652952343758906  0.0002661111075081647     -9.187758889910075
                 1766.5      1.081150284870489    0.00265282641310628  1.986174861579403e-05     -11.78292457626276
                1766.75      1.077717858221937   0.002652820261867273  3.022860945908558e-05     -11.36293378784891
                   1767      1.072926934547178   0.002652651077184458  6.014484936794724e-05     -10.67503056535138
                1767.25     0.9988060792303657   0.002652599274030309      0.107640341345087     -3.185255127317498
                 1767.5      1.029895531110702   0.002652458412240169   0.008523204181037806     -5.721311381331766
                1767.75      1.091388987876279   0.002652311478724497  5.630627555068162e-06     -13.04369350259201
                   1768      1.099040731398819   0.002652302655881739   1.81993006503417e-06     -14.17311965672965
                1768.25      1.069523828984556   0.002652146718818212  0.0001055873591528699     -10.11243786697588
                 1768.5       1.09859700348901   0.002652011919080743  2.025075476673567e-06     -14.06642038173917
                1768.75       1.13061175940229   0.002652051860738869  4.547323581478393e-08     -17.86264364320616
                   1769      1.123180060494684   0.002652318228329712  8.062371334310823e-08     -17.28987432252679
                1769.25      1.087901103474516   0.002652179703206863  1.079658023747311e-05     -12.39273464999493
                 1769.5      1.078150393199587   0.002652093938682713  3.035281393994086e-05     -11.35910719768459
                1769.75      1.098139017612774   0.002651976101230234  2.328156010754138e-06     -13.92696431748924
                   1770       1.10897578208925   0.002651905617764874  3.591765636409031e-07     -15.79600862878139
                1770.25      1.107079338638004   0.002651842261491563  5.707621236472341e-07     -15.33287408143399
                 1770.5      1.082816406484391   0.002651664183411828  1.789204805149483e-05     -11.88780211288109
                1770.75      1.108885340614151   0.002651501936214309   4.08577072001616e-07     -15.66729438462154
                   1771      1.119879335259053    0.00265138896266623  1.149853138396157e-07     -16.93521314569718
                1771.25      1.099105286046774   0.002651222892424854  2.160187613893262e-06     -14.00212984212059
                 1771.5      1.116652242544159    0.00265108938470719  1.796591478842302e-07     -16.48906912275689
                1771.75      1.112411535794353   0.002650949177788826  2.498312917670884e-07     -16.15939758641154
                   1772      1.136262820333881   0.002650799684341327  3.727364507123443e-08     -18.06195332709385
                1772.25      1.121260128736473   0.002650664980437674  1.067874851516134e-07     -17.00944991573967
                 1772.5      1.109847560322316   0.002650494587459131  3.658433114488279e-07     -15.77814980940354
                1772.75      1.094655208792254   0.002650377125933069  3.608086339315446e-06     -13.48946644729714
                   1773      1.128105087015343   0.002650211957992468  5.734688665118225e-08     -17.63134302346959
                1773.25      1.108473507916675   0.002650065578414249  4.872201466830068e-07     -15.49180074592377
                 1773.5      1.120610730331452   0.002649917041362475  1.223519518634805e-07     -16.87367112246729
                1773.75      1.094708593754108   0.002649743588874092  3.720417987412377e-06     -13.45904702014055
                   1774      1.101984337500699   0.002649563328708231   1.42589136514122e-06     -14.41815393835946
                1774.25      1.124939053519841   0.002649386574598277  8.426576554785052e-08     -17.24679738789534
                 1774.5      1.125780385924489   0.002649228431667828  8.126734037844247e-08      -17.2830885414808
                1774.75      1.110809104224447   0.002649050240971015  3.498009559827537e-07     -15.82353572805866
                   1775      1.104216528864476    0.00264886654302624  1.069543392896247e-06     -14.70598227004977
                1775.25      1.089918725249744   0.002648688938910742  8.292034536487165e-06      -12.6579857835802
                 1775.5      1.076588341420176   0.002648574282372661  3.714948262852511e-05     -11.15837458764056
                1775.75      1.120931451314284   0.002648400654300216  1.301587832274518e-07     -16.81239015399719
                   1776      1.111421538703157   0.002648222224917877  3.402180712284223e-07     -15.85162584537806
                1776.25      1.107267747002312   0.002648043909584047  6.904940932305953e-07     -15.14387256112179
                 1776.5      1.107590481284738    0.00264786354963081  6.918692570012493e-07     -15.14195108975509
                1776.75      1.116568740045955   0.002647699149697159  2.095799439334259e-07     -16.33630492171894
                   1777      1.111019748954813   0.002647547790645386  4.184664318940342e-07     -15.64487067395418
                1777.25      1.089249142225552   0.002647369197753065  9.646418212079304e-06     -12.50719285267961
                 1777.5      1.082306097184919   0.002647265749052625  1.978462816087487e-05     -11.78891332553004
                1777.75      1.047199562625496   0.002647201493544094   0.001068120306355218     -7.800187219323504
                   1778      1.116377981726621   0.002647100537271068  2.282551764727936e-07     -16.25117209741121
                1778.25      1.093720271809292   0.002646962084331895  4.538950975113492e-06     -13.26123739899128
                 1778.5      1.112282151849155   0.002646794951977029  3.700453192111222e-07     -15.76812626127583
                1778.75      1.099458828354907   0.002646669645337986  2.332908304943129e-06     -13.92692811991886
                   1779        1.0734857908354    0.00264653686838381  5.939802642196499e-05     -10.68983297690917
                1779.25      1.091081401164365   0.002646389798149799  7.472935706805326e-06     -12.76286162836132
                 1779.5      1.083867581902583   0.002646224203009711   1.76012854773754e-05     -11.90624018794711
                1779.75      1.061840182376757   0.002646115254209424    0.00022837853136801     -9.343248820473695
                   1780      1.058968963403095   0.002646114042059957  0.0003617731487432626     -8.883236401700893
                1780.25      1.074052840074099   0.002646074388387338   5.60676125138645e-05     -10.74771041312607
                 1780.5      1.106500433512578   0.002645917308505371  8.677907317972563e-07     -14.91613279281628
                1780.75       1.10166199452012   0.002645750949100912  1.701183600958651e-06     -14.24306673834363
                   1781       1.08127751935841    0.00264557226377028  2.394017787541083e-05     -11.59890039184805
                1781.25      1.155720170523696    0.00264544320399847  3.179301748497359e-08     -18.22301589575133
                 1781.5      1.080215403970482   0.002645386265758087  2.819049864031088e-05     -11.43554383634822
                1781.75        1.1142526147636   0.002645269154749775   3.20301975756784e-07     -15.91306415468848
                   1782      1.090010916743096    0.00264515151636203  9.473998427360711e-06     -12.52606653447764
                1782.25      1.094397660648576   0.002644982424298024   4.66598899402191e-06     -13.23438168547639
                 1782.5      1.074293873452272   0.002644806940860125  5.657540485527076e-05      -10.7391735007242
                1782.75      1.104335247109297   0.002644639369256573  1.249177559756995e-06     -14.55232582645995
                   1783      1.066986702735622   0.002644512361369751  0.0001426302176627357     -9.814603844240231
                1783.25      1.117353289899193   0.002644361713928576  2.353866495490323e-07     -16.22144200217895
                 1783.5      1.094447230009869    0.00264420615601588  4.836570705613322e-06     -13.19876909280769
                1783.75      1.079680386981111   0.002644040243494928  3.126242118438782e-05     -11.33262100305287
                   1784      1.061214091871455   0.002643909061937158  0.0002732000885203663     -9.164882941738348
                1784.25       1.03565449163419   0.002644027247653835   0.004578726365706252     -6.345866540974537
                 1784.5      1.067046897184519   0.002643971565896349  0.0001482044657907602     -9.776470907041396
                1784.75      1.054952526786788   0.002643854134818578  0.0006635469421255047     -8.277508568112088
                   1785      1.085012481432357   0.002643678970609388   1.77035760301058e-05     -11.90140776940723
                1785.25      1.048831283769408   0.002643515993731757  0.0009797718206532805     -7.887916365350627
                 1785.5     0.9752607469833106   0.002643917990724255     0.4684864048167537     -1.717821654632451
                1785.75      1.030889198630322   0.002644283229332764    0.00810298647964027     -5.774957909040057
                   1786      1.069909209398431   0.002644158933533767  0.0001146373066991437     -10.03321959982919
                1786.25      1.097999310952318   0.002643997494766551  3.337385524906913e-06       -13.569866222765
                 1786.5       1.10848235631612   0.002644039324474246  7.300456385083902e-07     -15.08968635403355
                1786.75      1.046888748814536   0.002643893417358859   0.001169934753133385     -7.710390050996341
                   1787       1.07466884285379   0.002643718873783475  5.635857613727417e-05     -10.74342490748816
                1787.25      1.098998395925314   0.002643672828374147  3.015931206386378e-06     -13.67126810721702
                 1787.5      1.115639581528994   0.002643671770773314   3.01761531307967e-07     -15.97329535255985
                1787.75      1.070122604899634   0.002643537622840285  0.0001158296887013043     -10.02310698053027
                   1788      1.102915124993716   0.002643403123120767  1.646837942768133e-06      -14.2764217209533
                1788.25      1.109738853013511   0.002643298930245172  6.293001348679643e-07     -15.23846516300303
                 1788.5      1.039041380791496    0.00264317853538373   0.002881027305716605      -6.80946152420368
                1788.75       1.09156159476821   0.002643031750578716  7.764594780068474e-06     -12.72584500228895
                   1789      1.092163204126925   0.002642859121672168  7.364455479440024e-06     -12.77881947531658
                1789.25      1.099478363424541   0.002642704375270496  3.000719793336829e-06     -13.67669095231425
                 1789.5      1.037674693176835   0.002642579707848778   0.003665716243490073     -6.568811295420481
                1789.75      1.067474301821131    0.00264244807466611  0.0001535642045753065     -9.741521381806889
                   1790      1.045110820792934   0.002642297464716118   0.001455785526283582     -7.492396215697458
                1790.25      1.033715837380518   0.002642169401544014   0.006154582918599555     -6.050793324700401
                 1790.5      1.017827032147214   0.002642200277233912    0.02397756828171756     -4.690859894995424
                1790.75      1.087139492415885   0.002642069329867814  1.491429121253494e-05     -12.07346357848308
                   1791      1.089819680946689   0.002641959593301492  1.129184416204083e-05     -12.35174429916467
                1791.25      1.106023851376052   0.002641859632601229  1.151331786478326e-06     -14.63494349773153
                 1791.5      1.115881772103267   0.002641768132024489  3.136836505651586e-07     -15.93526776396738
                1791.75      1.060960655459462    0.00264165264430761  0.0002924820788589337     -9.097537801853157
                   1792      1.096181751877479    0.00264149351448153  4.785380463290542e-06     -13.21043590494036
                1792.25      1.077754830380204   0.002641321270180862  4.377013039680631e-05     -10.99711501729898
                 1792.5      1.045497468153742   0.002641162824646502   0.001440626924206859     -7.503292974799416
                1792.75      1.041441784846882   0.002641175377147208   0.002241336787716682     -7.061294136950885
                   1793      1.068553091738276   0.002641027776292273  0.0001461336710028232      -9.79165601246611
                1793.25      1.017369634282221   0.002640922701827878    0.02533303013175624     -4.636353194314314
                 1793.5      1.115809911096357   0.002640889709424389  3.317365398782141e-07     -15.87964422887444
                1793.75      1.075700804563107   0.002640839884774678  5.664104861830421e-05     -10.73951495303175
                   1794      1.035743844724475   0.002640764541295428   0.005032164801075776      -6.25267189805901
                1794.25      1.057988635698372   0.002640651214352674  0.0004623493304030523     -8.639999630103654
                 1794.5      1.111450730092742     0.0026405023548925  5.330573603726858e-07     -15.40550297836872
                1794.75      1.042561422604496   0.002640417586059463   0.002054061433868104     -7.148834540113008
                   1795      1.055721176530662   0.002640297465606585   0.000641842053234265     -8.312112083123715
                1795.25      1.036996306377998   0.002640203865577784   0.004442550981822896     -6.377505748841946
                 1795.5      1.078972862169244   0.002640040726222823  4.045102548720311e-05     -11.07645958192997
                1795.75      1.078319943103216   0.002639880555298851  4.570019477284547e-05     -10.95450968891368
                   1796      1.043676708505728   0.002639721239948876   0.001907192446758602     -7.223285083586918
                1796.25      1.069453550446786   0.002639558552660824  0.0001391279373364932     -9.841340310143663
                 1796.5      1.088792620425697   0.002639393960120496  1.338891108454477e-05     -12.18236975711762
                1796.75      1.078923831694119   0.002639293853730304  4.431164254871937e-05     -10.98558706498506
                   1797      1.094852752074236    0.00263912246866527  5.764666659350701e-06     -13.02515212645246
                1797.25      1.106639932702687   0.002639077681671879  1.118431761864113e-06      -14.6649889361367
                 1797.5      1.058087397345649   0.002638979124942078   0.000487480155422863     -8.587704190663159
                1797.75       1.04055796367841   0.002638832281956599    0.00275665492794326     -6.855236177818961
                   1798       1.02042301154309   0.002638808313589292    0.02039111700759949     -4.854163857645309
                1798.25      1.035768515235875   0.002638745057196523   0.005309935127110611     -6.199707576659926
                 1798.5      1.052967640439143   0.002638659095235295  0.0008437796042858565     -8.039183722937617
                1798.75      1.076601644410208    0.00263849087924011  5.761024331758867e-05     -10.72343841639627
                   1799      1.101555238993958   0.002638374661090907  2.290397034975249e-06     -13.94845767158099
                1799.25     0.9923799975476191   0.002638361382261583     0.1924483120540295     -2.609604996963451
                 1799.5     0.9833116105899987   0.002638696993260235     0.2866273516571948     -2.211122463791068
                1799.75     0.9883707376788045   0.002638842630582916     0.2361622504250813     -2.404731147607007
                   1800     0.9898522448350432   0.002638782136976603     0.2328013453230964     -2.419087648050377
                1800.25     0.9816492283285578   0.002638807734399857     0.3441106615427634     -2.028300146175313
                 1800.5     0.9693412597421328   0.002639061985025982     0.5665665838588939     -1.529572487363298
                1800.75     0.9846641334518129   0.002639139784923974      0.269663688676183     -2.271962031621573
                   1801     0.9734818249930173   0.002639063483858187     0.5123294267567038      -1.63019869870705
                1801.25       1.00356784405159   0.002639023340049199    0.07535962355085109     -3.546910105068973
                 1801.5      1.019472552817489   0.002638859171043662    0.02279323650002242      -4.74278010294162
                1801.75       1.01641799284596    0.00263867724443442     0.0281455966186636     -4.531921977195975
                   1802      1.038456841637448    0.00263851158792384   0.003882448650743762     -6.512909625895127
                1802.25      1.059619549062553   0.002638408242838835  0.0004003121179369186      -8.78492558604459
                 1802.5      1.016828350365703   0.002638285849892932     0.0283073749526371      -4.52633886501873
                1802.75      1.058087064804621   0.002638122132896267   0.000520533600428436     -8.522424129855555
                   1803      1.034247484188873    0.00263809233013103   0.006365836321409086     -6.018588970850007
                1803.25      1.010417770225174   0.002637926054011947    0.04631715686056394     -4.034085167921735
                 1803.5     0.9802775368464309    0.00263778716582106     0.3954352448193025     -1.889663226939122
                1803.75      1.033081084677163   0.002637633856436692   0.007212853277537463     -5.893843781047814
                   1804      1.065650571040579   0.002637525080280566  0.0001926363937539171      -9.51670047104024
                1804.25      1.043862345103325   0.002637399095467459   0.001995242518835147     -7.179031795033014
                 1804.5      1.097186299331929   0.002637379909765873  4.690649171580958e-06     -13.23198896580416
                1804.75      1.011899387549672   0.002637317819299511     0.0419899584453594     -4.132397713511251
                   1805     0.9502340291952664   0.002637493856552711      1.546737872025644    -0.5258580787697298
                1805.25     0.9178831853630639   0.002637634828498671      2.569357087380503   -0.01829703839308347
                 1805.5     0.9051535002807768   0.002638102545525735      3.083200339057532     0.1641926918798842
                1805.75     0.9309342567206963    0.00263870260174996      2.245130021845001    -0.1527845694200344
                   1806        0.9535776815702   0.002638705717947036        1.2807138517843    -0.7141292049861353
                1806.25     0.9602203773733471   0.002638605064876923     0.8496770304711733     -1.124483935614431
                 1806.5     0.9659180273373561   0.002638485885347722     0.6925426113850855     -1.329015648535107
                1806.75     0.9420866716634346   0.002638241136636329      2.513738820336155   -0.03995168906630567
                   1807     0.8856167102438175   0.002638242714195284      3.325063057456088      0.239766332778522
                1807.25     0.8949021138885023   0.002638344815357932      3.325301537348611     0.2398767518168801
                 1807.5     0.8887818365900896   0.002638554314797308      3.633493916284922     0.3285904931097834
                1807.75     0.9052951110414126   0.002638441841967208      3.135122274914944     0.1810213452677688
                   1808     0.8845361158220709   0.002638271719986466      3.414384648599204     0.2662859745415424
                1808.25      0.810789553554558    0.00263882525658726      1.881955007382431    -0.3291903891307859
                 1808.5     0.7635697398506665   0.002640245695917059      2.400860222372214   -0.08513628417192613
                1808.75     0.7855983268410284   0.002642311813654295      1.941326379868269    -0.2968097013784849
                   1809     0.8238112256178155   0.002642750634478094      1.574020723747685    -0.5063817648057839
                1809.25     0.8338033578958837   0.002642873929565395      2.108446810504928    -0.2140168603603495
                 1809.5     0.8405553099709537   0.002643049926609535      1.896857253522669    -0.3197033976026697
                1809.75     0.8203135015848334   0.002642929188662172      1.470912843655387    -0.5740643293862115
                   1810     0.8396277014416074   0.002642827416620518      1.947430923831785    -0.2934749985730977
                1810.25     0.8224473538727644   0.002642738914104826      1.546489019033491    -0.5240323033434993
                 1810.5     0.8209187082512495   0.002642747711966624      1.534751027053811    -0.5316480163445739
                1810.75     0.8100505111053997   0.002642666944642524      2.045778276799773    -0.2442684566643273
                   1811     0.7348515674053617   0.002643000724740521      3.245744469218431     0.2174242913249054
                1811.25     0.7706125678317389   0.002643311802010824      2.691916249852524    0.03045053921357887
                 1811.5     0.7423664884591025   0.002643651014577339      2.769033738600054    0.05882398757215715
                1811.75     0.8665901763993232   0.002643582852079703      2.970845820806577     0.1291464756765835
                   1812     0.7703325903434207   0.002643329037568457      2.745509700305997    0.05017049998364364
                1812.25      0.749115094508542   0.002643491705490703      2.541082934253462   -0.02714436153283061
                 1812.5     0.7393284194115648    0.00264345715871934      2.954149189088893     0.1234629144580448
                1812.75     0.7420905068874232   0.002643634582900304       2.89432195751595     0.1030702155422391
                   1813     0.7848065678962415   0.002643456122627599      2.017774170840756    -0.2577531561576305
                1813.25     0.7655250621747117   0.002643227612284049      2.571374985828197   -0.01539384215292041
                 1813.5     0.7564722886974371   0.002643171666404919      2.306477554537388    -0.1241342853267371
                1813.75     0.7916953656738632   0.002642939006683665      1.900028852700753    -0.3180747330178109
                   1814     0.7009165697235898    0.00264306989866553      2.718472331562715    0.04017579894824188
                1814.25     0.6835881919136764   0.002643467837301092      1.580705531928368     -0.501872446283988
                 1814.5     0.6828289453377577   0.002643946080099758      1.555620591493083    -0.5176882740601814
                1814.75     0.6659161071191581   0.002644493423817153      1.291706260386149    -0.7033918111072466
                   1815     0.6716055591567757   0.002644847508922424       1.54193436549626    -0.5261842419848396
                1815.25     0.6685170752556552   0.002645043369391157      1.472617839209938    -0.5721062408671799
                 1815.5     0.6727696052984964   0.002645345556759384      1.612837103593162    -0.4810388563730705
                1815.75     0.7162784889956816   0.002645062420270389      3.297621149518933     0.2340606463629077
                   1816     0.6360937205128941   0.002645235996996489     0.8472687876595252     -1.124812371480542
                1816.25     0.6168650002677584   0.002645405903754602     0.8285458425367789     -1.147093960121611
                 1816.5     0.7094942929307914    0.00264551814119109      2.635709377589498    0.01018393722590724
                1816.75     0.6284372960814086   0.002645548753976525     0.8025081337134838     -1.178970139105064
                   1817     0.6503729224657759   0.002645693360499721      1.355333007504463     -0.654855005591931
                1817.25     0.7229763563075974   0.002645425422623034      4.166980517940689     0.4681882070391483
                 1817.5     0.6705244973971277   0.002645181303345483      1.611052920221023    -0.4822078011541368
                1817.75     0.6525387734532164    0.00264518558991108      1.265146628024301    -0.7239061066474046
                   1818     0.6516501218260019   0.002645048741844882      1.365950978113941    -0.6472949963729311
                1818.25      0.653883309478818   0.002644948854700443      1.245096763621282    -0.7399703855512683
                 1818.5     0.6972501717532298   0.002644638668186403      2.540532561499651   -0.02692718722647354
                1818.75      0.689931139899022   0.002644366184504496      1.828209504759659    -0.3560668787541389
                   1819     0.6252659623782756   0.002644289983022802      0.809554282479746     -1.170704222216518
                1819.25     0.7073237722392245   0.002644117240311964      2.491034116932569   -0.04680016746232452
                 1819.5     0.6781873112688972   0.002643847744583546      1.604138732908599    -0.4870130301401439
                1819.75     0.6852793140130254   0.002643570735474754      1.782203819501647    -0.3818541088244018
                   1820     0.6987259990481657   0.002643239290787295      2.784073347024469    0.06408489437105355
                1820.25     0.6258366579345312   0.002643134260711676     0.8310280628856559     -1.144961644499646
                 1820.5     0.6642783384900951     0.0026430418801985      1.275527383753261    -0.7165451541527813
                1820.75     0.6397313738169369   0.002642906639307916     0.9277260207646425     -1.034974877549406
                   1821     0.5934209935029046   0.002642939159994219         1.351056470837    -0.6590568893075895
                1821.25     0.6266970521714147   0.002642941951611868     0.8526102154313726     -1.119395483662417
                 1821.5     0.6146832138884298   0.002642876128697366     0.8022163568237214     -1.180344531820232
                1821.75     0.6442509572529435   0.002642718009975727      1.050970114404342    -0.9103137698891255
                   1822     0.6365314384528939   0.002642509806248482     0.8845337526776039     -1.082800818960985
                1822.25     0.6321028067500464   0.002642315981142097     0.8316926488539559     -1.144471883433904
                 1822.5     0.6451471731310854    0.00264207062628587      1.141687629051407     -0.827764880795383
                1822.75     0.5930520385045601   0.002642124992567977      1.383854459188806    -0.6353791558279097
                   1823     0.6506840075409041   0.002641956866041423      1.462581673824121    -0.5801123391290763
                1823.25     0.6828519200620424   0.002641797709248737      1.625708703166188    -0.4744318811362171
                 1823.5     0.6082774393507684   0.002641603099624788      1.093561309770386    -0.8710097681602571
                1823.75     0.6172276714893766   0.002641397913801918     0.8643536783766489     -1.106300316904447
                   1824     0.5795829898294151   0.002641166163878864      2.248018566290276    -0.1505656233679808
                1824.25     0.6111118052470331   0.002641048663221105     0.9397495976444179      -1.02280112824374
                 1824.5     0.6349769319747349   0.002640828864049121     0.8808141548789657     -1.087651154443712
                1824.75     0.6432733240116698   0.002640586724347489      1.038445772537632    -0.9231090803545536
                   1825     0.6126621953757605   0.002640364749394337     0.8782055590652414     -1.090792883301124
                1825.25     0.6630016218944703   0.002640125817030054      1.276970678050483    -0.7165181735719975
                 1825.5     0.6339854301072776   0.002639938585049227     0.8853629000360526     -1.082837370595841
                1825.75     0.6630679311115958   0.002639697208667392      1.305993928506519    -0.6942067639438353
                   1826     0.6437683074535974   0.002639468657024296      1.088204384764548    -0.8767287476999182
                1826.25     0.6136264028048555    0.00263925122905462      0.870352187519063     -1.100197447195174
                 1826.5     0.6167853833226361   0.002639027332575356     0.8952965581459703     -1.072025213826844
                1826.75     0.6285725611506836    0.00263881637189364     0.8694487201341873     -1.101400813311585
                   1827     0.6113133661034243   0.002638642750760377     0.9821445914877206     -0.979587426985744
                1827.25     0.6914024709042319   0.002638413927297373      1.914912803926907    -0.3119853228596374
                 1827.5     0.6390917079210762    0.00263845424368859     0.9813516689349666    -0.9804665344336233
                1827.75     0.6692957384871707   0.002638208652855238      1.606221596274705    -0.4878506302458673
                   1828     0.6177434158992253   0.002638010035356723     0.9285086756130347     -1.035986058863135
                1828.25     0.6736052858557339   0.002637737438304284      1.704918346089637     -0.428396625273992
                 1828.5     0.7271271252465462   0.002637747574780033      4.032458143782867     0.4324661500983609
                1828.75      0.652291623545886   0.002637652045210002      1.397094527704674    -0.6275514753737359
                   1829     0.6888032226602762   0.002637443001243009      1.888829389508266     -0.326068208540724
                1829.25     0.6494069658027789   0.002637224899272722      1.539836805997748    -0.5304317323101619
                 1829.5     0.6435754540284861   0.002636981526353303      1.105342133532881    -0.8620455508126807
                1829.75     0.6927327853657684   0.002636702530299532      2.056380690160807    -0.2413587768187166
                   1830     0.7139905537435087    0.00263650335679822      3.177499183549139     0.1937126575658516
                1830.25     0.6672458311306898   0.002636443365148056      1.519868667621752    -0.5437806358296918
                 1830.5     0.6722340595058395   0.002636184077253892      1.732517455571867     -0.412927389119949
                1830.75     0.7048780969682396   0.002635881148847005      2.481460004103943   -0.05377073653848834
                   1831     0.7144771168069858   0.002635684718795928       3.26499660428263     0.2205663635011629
                1831.25     0.6596583149224879   0.002635463894651949      1.319224140349411    -0.6857323538288235
                 1831.5      0.636053686989753   0.002635330348396336     0.9408934249820127     -1.023752222215603
                1831.75     0.7013488822988247   0.002635025273195088      2.806681225643712    0.06906013739132554
                   1832     0.7176691276846268   0.002634755923546497      3.657799360633043     0.3338168853027101
                1832.25     0.7145523134066462   0.002634472339893729      3.380590253442556     0.2548978741124554
                 1832.5       0.65902494697642    0.00263423942309862      1.331369299223515    -0.6770329055150902
                1832.75     0.6885458401040018   0.002633956504677344      1.948125948574113     -0.296480414148118
                   1833     0.6758114233173724    0.00263369159193287      1.758054394000414     -0.399241114010935
                1833.25     0.6768356801108326   0.002633414979173575      1.762320175470303    -0.3969226652872445
                 1833.5     0.6666238587120348   0.002633189030946565      1.519110713115002    -0.5455145853451057
                1833.75     0.7012727039094974   0.002632860645974709      2.865016687788174    0.08880976526355798
                   1834     0.6873923043878652   0.002632618287771179      1.971326390544114    -0.2851498542340968
                1834.25     0.6579631114555444   0.002632387014514566      1.325226686272761    -0.6823607893313359
                 1834.5     0.5728149572732124   0.002632689451236426       2.59990838561099   -0.00835322593669666
                1834.75     0.5961593002654627   0.002633013306870136      1.345740584891928    -0.6667619461197649
                   1835     0.6187403060360882   0.002633271420799688     0.9413621070947035     -1.024035805795618
                1835.25     0.5533619538231659   0.002633343187276502      3.219677401224846     0.2057000186259094
                 1835.5     0.6052463802096902    0.00263347348948614      1.154827137494378    -0.8195810012481449
                1835.75     0.5924264492467742   0.002633461394342056      1.423488913790621    -0.6104254226611228
                   1836     0.5726940315789726   0.002633425650865024      2.661134771815815    0.01520280249180455
                1836.25     0.5786224378435394   0.002633326187527791      2.439186917823472   -0.07192285218259241
                 1836.5      0.551584657103438   0.002633268636461211      3.404978951188374     0.2616292971587716
                1836.75     0.5796988992972339   0.002633148481810944      2.344224418800682    -0.1117004822567635
                   1837     0.6289666861903503    0.00263303820958285     0.8791193866642741     -1.092531540057855
                1837.25     0.5246166428624894   0.002633074462179716      2.979526416041753     0.1280811648098552
                 1837.5      0.522811382067527   0.002633372162753966      3.099072734465944     0.1675328021199224
                1837.75     0.5178865224818375   0.002633509755145338      3.998111123025279     0.4223041317731197
                   1838     0.5651111524184038   0.002633357463980227      2.479492384334071   -0.05552187296831198
                1838.25     0.5508514473570401   0.002633197461799408      3.496247098919051     0.2880536456950072
                 1838.5      0.553075637279459   0.002632934794912946       3.41964727107321     0.2658011615316844
                1838.75     0.5804286809120601   0.002632640795362217      2.287256961389391    -0.1364946495079901
                   1839     0.5914085430836388   0.002632373509626179      1.448938430146627    -0.5931182772475861
                1839.25     0.5903415214217694   0.002632118139836052      1.468477930071594    -0.5798200216951097
                 1839.5      0.587688589436638   0.002631863366766517      1.523583925523689    -0.5430778577243069
                1839.75     0.5858164679129251   0.002631590874677794      1.689058469977833    -0.4400755487984712
                   1840     0.6045213093065996   0.002631351007625052        1.1609932333157    -0.8150620829756426
                1840.25     0.5767129430372937   0.002631107521116676       2.74623185423903     0.0457992427062941
                 1840.5     0.5525158876630609   0.002630897937867679      3.532711134668593     0.2975554493849553
                1840.75     0.6221739636860953   0.002630704831332794     0.8725051662293634     -1.100970259511886
                   1841     0.5859056076182177   0.002630446882390851      1.712911193651564    -0.4264872383308768
                1841.25     0.5517862636646915   0.002630093585852567      3.642851397420169     0.3279507927019421
                 1841.5     0.5919523789774613   0.002629900704277101      1.543105540595081    -0.5310923016589898
                1841.75     0.6037670670637896   0.002629751179145163      1.176368489573952     -0.802513987864409
                   1842     0.5714248523295438    0.00262941894988602      2.793892250803183    0.06236322301730778
                1842.25      0.614122613651873   0.002629239386558081     0.9103981727837004     -1.059013987688446
                 1842.5     0.6057871768881535   0.002629069753159524      1.240474807149313    -0.7497110698427056
                1842.75     0.5767156478706739   0.002628783626193769      2.811235343601665    0.06830988769647474
                   1843     0.6044146258545154   0.002628548971507813       1.23454670348121    -0.7546995296950028
                1843.25     0.6590180895661336   0.002628486531937795      1.380322958424515    -0.6431096457196355
                 1843.5     0.5947630263611217   0.002628290631288343      1.481663691524198     -0.572336105632394
                1843.75     0.6048098401731757   0.002628072672865348      1.271697805751256    -0.7252317466228971
                   1844     0.6443149599709137   0.002627888907478562      1.170177945569924    -0.8084987082023186
                1844.25     0.6177287678040002   0.002627771720129694     0.9659386408490257     -1.000354095971886
                 1844.5     0.5829122324990879   0.002627474631198985      2.068413513662806    -0.2390302992374204
                1844.75     0.6101868812116643   0.002627285502431393       1.13574034533062    -0.8385994530108969
                   1845     0.6226539709801666    0.00262706665519618     0.8902429301306385     -1.082228377551229
                1845.25     0.6872174567577731   0.002627162317070399       2.01388437965608    -0.2658656816308846
                 1845.5     0.6197198006288472   0.002627089777545759     0.9906750973008949    -0.9753273294941585
                1845.75     0.6772370343076217   0.002626870931351636      1.778646062404438    -0.3901895490642884
                   1846     0.6734842998106543   0.002627137228908984      1.835708743142545    -0.3585099725580901
                1846.25      0.655934256413595   0.002626986546152153      1.315965268344658    -0.6914275327216372
                 1846.5     0.6916058124420744   0.002627000557854065      2.089671847747742    -0.2289855966983773
                1846.75     0.6895436258777342   0.002627025832948072      2.094485743224156     -0.226674963858546
                   1847     0.6654133939661776   0.002626821710201125      1.478530882731194    -0.5750117745993948
                1847.25     0.6806323879729411   0.002626620108006922      1.632513359600674    -0.4760167074339539
                 1847.5     0.6448752697255951   0.002626397912466511      1.239465849865069    -0.7515415498073885
                1847.75     0.7144233587465721   0.002626142122715628      3.438842785739189     0.2688155483231773
                   1848     0.6783134562081133   0.002626158551224786      1.791747283660333    -0.3831219313697414
                1848.25     0.6498353757983606   0.002625968500907314      1.587821004068065    -0.5040229434036384
                 1848.5     0.6852526168509193   0.002625702200234202      1.985892578147215    -0.2804185230295509
                1848.75     0.6884068275803759   0.002625527823499696       2.14556693992369    -0.2031495861949194
                   1849     0.6499581316535064   0.002625382163672933      1.617919225972285    -0.4854679959030375
                1849.25     0.6838703184329873   0.002625113916857643      1.901159490253799    -0.3242471126889225
                 1849.5     0.5758606077436205   0.002624874452153745      2.901967063954364    0.09858650935847503
                1849.75     0.5917249213824491   0.002625101889245361       1.60556032366647    -0.4932428455416477
                   1850     0.6384988220955921   0.002624958300057402      1.004389805533358    -0.9623901540907587
                1850.25     0.6130871810668636   0.002624769597889081      0.968774447295754    -0.9985657055141972
                 1850.5     0.5977109498160325   0.002624644931298447      1.420287635572938    -0.6160303287675081
                1850.75     0.6036458697986991    0.00262455855860257      1.284164466032231    -0.7168143631324592
                   1851     0.6433290465791941   0.002624340584199435      1.166198695886598    -0.8132562227447334
                1851.25     0.6443042009606551   0.002624088620492892      1.256470598868844    -0.7387950406939934
                 1851.5     0.6281836501271577   0.002623867987721995     0.9066011091650826     -1.065238519541272
                1851.75      0.629126223450144   0.002623649262512229     0.9165302367840372     -1.054429386476854
                   1852     0.6898629106884383    0.00262343489374604      2.198694261791776    -0.1794872086889628
                1852.25     0.6736899605234176   0.002623290373408552      1.896704778233901    -0.3272879119736453
                 1852.5     0.7183902764242581   0.002623139339164912      3.905692528129166     0.3949715702955522
                1852.75     0.6925067859133393   0.002623056536425145      2.273180583692481    -0.1463151189919915
                   1853      0.700626517299221   0.002622803151803058      2.950025697942057     0.1142221698231617
                1853.25     0.7170810335986212   0.002622530830036703      3.780024251133214      0.362034879687846
                 1853.5     0.6566681310680985   0.002622385251721158      1.364804494559961    -0.6567398667784742
                1853.75     0.6652818690823153   0.002622232260072501      1.498960822128023    -0.5630373173026865
                   1854     0.6783686975506419   0.002621955178534512      1.852059387216737    -0.3516168697014926
                1854.25     0.6996079610153482   0.002621625848690077      3.023911852595722     0.1385106241052892
                 1854.5     0.6867592649681014   0.002621391572386611      2.218583182788636    -0.1712612652953179
                1854.75      0.678216540938943   0.002621156165366032      1.898866723126388    -0.3269626111255171
                   1855     0.6796660906479336   0.002620905675387408      1.827742641536918    -0.3652337508738557
                1855.25     0.6657537836880281   0.002620654509287629      1.547760458054201    -0.5316022431432528
                 1855.5     0.7006452505793027   0.002620317930869199      3.056104556328205     0.1486013794901204
                1855.75     0.6788204092834008   0.002620084304267737      1.930299402189411     -0.310953746747921
                   1856     0.6237317159071376   0.002619889437665836     0.9160310005065762     -1.056408316772529
                1856.25     0.6742325006272705   0.002619613943562102      2.017038061448152    -0.2671782765072058
                 1856.5     0.6910821493233769   0.002619368969791994      2.285782692484096    -0.1421934245203534
                1856.75     0.6734025962925358   0.002619089795526449      2.006327675127054    -0.2727024879112419
                   1857     0.6090249230188199   0.002618903361874753      1.272798926731932    -0.7278613419701961
                1857.25     0.6522567841239713   0.002618692670225419      1.536451146834534    -0.5396848433607652
                 1857.5     0.7057133771715035   0.002618431593399889      2.560543148167616   -0.02904044946776834
                1857.75     0.6966580566122673   0.002618196214537025      2.745024809854119    0.04044036329713301
                   1858     0.6782672865458401    0.00261792177825641      2.054145638671157    -0.2495945602560692
                1858.25     0.7447233016801794   0.002617758222367806      2.659117786654604   0.008477357058353565
                 1858.5     0.7520343394931571   0.002617789752930574      2.518539847197335     -0.045825698896272
                1858.75     0.7117552334309983   0.002617672460741993      3.206108679381985      0.195508138774066
                   1859     0.7054823146865972   0.002617365642052171      2.620155929604521  -0.006433199833763617
                1859.25     0.7427696307929208   0.002617202592575962      2.898465692526354     0.0944521972884292
                 1859.5     0.7921305785845756   0.002617329034131614      1.907668934515728    -0.3237989740358452
                1859.75     0.7435234605466279   0.002617635118260353      2.881072430001046    0.08859851714699554
                   1860     0.7507322015640323   0.002617346373138634      2.625400516362004  -0.004440930862073788
                1860.25     0.7745184019969898   0.002617224726271289      2.866112709363424    0.08323578381376255
                 1860.5     0.7423930709934636   0.002617016915062487      3.034001605783924     0.1400821344899829
                1860.75     0.7689304977183374   0.002616911921332772      2.776468348554126    0.05133934574399527
                   1861     0.8396430092995634   0.002617112797681367      1.952062834633416    -0.3008769608889355
                1861.25     0.7748076438667737   0.002617425693766042      2.955038709833803     0.1138676629023507
                 1861.5     0.7338882575470335   0.002617102748303653      3.387809310411077     0.2504160132691839
                1861.75      0.823822751058481   0.002617032228388618      1.641492025012812    -0.4741888246787584
                   1862     0.8058879820727082   0.002617069831205588      2.240819159106002    -0.1629385608343767
                1862.25     0.8172380842969101   0.002617076205268516      1.542676251207931    -0.5362588866971826
                 1862.5     0.7948748264916082   0.002616893582623276      1.923732889976986    -0.3155798918855214
                1862.75       0.79675658824474   0.002616676648010645      1.940374874754526     -0.307049116295327
                   1863     0.8359109645184416   0.002616639557415813      2.103261058880988    -0.2264554544773675
                1863.25     0.8461480393774713   0.002616731311130528      2.106578429613911    -0.2248443811098204
                 1863.5     0.8638799192166517   0.002616738494310039      3.097899729497446      0.160817705312264
                1863.75     0.7738910490951569   0.002616546917271798      2.942933788142471     0.1094270861365082
                   1864     0.8036918469464027   0.002616327199310312       2.00411685872325     -0.274860366536858
                1864.25     0.7977856611726389   0.002616051973398037      1.963546658485054    -0.2954167041842186
                 1864.5      0.831071461691834   0.002615826936077141      2.159222074761773    -0.2005070810322784
                1864.75     0.8761263062693286    0.00261564347017572      3.313329055458467     0.2276282142801311
                   1865     0.8308243821290002   0.002615607610426112      2.207615725314302    -0.1784258606077586
                1865.25     0.8101130137703951   0.002615326014808077      2.075474082927503    -0.2402570006707104
                 1865.5     0.8342082553736908   0.002615044126765743      2.194661304498143    -0.1845266594720604
                1865.75     0.8475562848309777   0.002614829393795714      2.115028102170624    -0.2215684092595015
                   1866     0.8718084375690512   0.002614826862290054      3.103539084824593     0.1619056236989996
                1866.25     0.8604917205368575   0.002614720166634828      3.244253625025956     0.2062070341897374
                 1866.5     0.7954022871607341   0.002614564704131875      2.017783444005196     -0.268738136247047
                1866.75     0.8621255066915113   0.002614262934042108      3.310147931787554     0.2261397150149131
                   1867      0.878239905618338   0.002614231120658075      3.486890485748079      0.278145025769156
                1867.25     0.8232426027927425   0.002614045549665144      1.640615026529687    -0.4758651347224938
                 1867.5     0.8493380255278917   0.002613765854537689      2.080456560898262    -0.2384559551370911
                1867.75     0.8857330776802013   0.002613471649073085       3.43338751509929     0.2623914960166553
                   1868     0.8284655586007611   0.002613308106724157      2.193687281149767    -0.1856346521155892
                1868.25     0.8133797009192056   0.002613114732579015      1.672488464045288    -0.4569798532457283
                 1868.5     0.8200171779119363     0.0026128622412999      1.584022427579934     -0.511421646004486
                1868.75     0.7645942139010333   0.002612729455278957      2.533081192879306   -0.04200349500783862
                   1869     0.7970923317034081     0.0026127289629492      2.046385866187258    -0.2553648628401213
                1869.25     0.8197760312184817   0.002612507959720094       1.61183870265229    -0.4941491200002798
                 1869.5     0.7963044348011863    0.00261223046177721      2.096669287261478    -0.2312808913855385
                1869.75     0.8187988098383949   0.002611970233214764      1.635199363272216    -0.4799658159358077
                   1870     0.8453047072005623   0.002611686198118525       2.19045830638645    -0.1877285028502202
                1870.25     0.8221969854014923   0.002611426877723955      1.714321242316866    -0.4329213691587679
                 1870.5     0.8443587898449734   0.002611159308737593      2.178887612734628    -0.1932265832675624
                1870.75      0.794011674496694   0.002610912819393461      2.105921229136172    -0.2273824533937109
                   1871     0.8307700092680415   0.002610615306041608      2.299759863971277    -0.1394447092514371
                1871.25     0.8445669304152957   0.002610345780158466      2.236287271420717    -0.1675356447479473
                 1871.5     0.8124480737916363   0.002610094858383003      1.796154155325786    -0.3868009990924858
                1871.75     0.8124624055937336   0.002609818171478574       1.83268558994692    -0.3667723833847905
                   1872     0.8035863988801566   0.002609582640741768      2.054214676828295    -0.2527514394574517
                1872.25     0.7976319447344782   0.002609319029695097      2.149296521169662     -0.207605494486516
                 1872.5     0.8137204012949242   0.002609050266560464      1.769731278518819    -0.4020213751745985
                1872.75     0.8599946813848084   0.002608724859336822      3.321893879103397     0.2275612453506242
                   1873     0.7716976292695218   0.002608461334429564      2.897326747358027    0.09071365830598904
                1873.25      0.826001392659094   0.002608197859740255      1.982695316586895    -0.2887186650859943
                 1873.5     0.7800101918724042   0.002607902265004595      2.783227760279042    0.05032212456584027
                1873.75     0.8415758492220253   0.002607634709681107      2.069772304266275    -0.2459531905219578
                   1874     0.7746404301747584   0.002607306261981979      3.119873094688067     0.1642745682944855
                1874.25     0.8010472816939582   0.002607285588791078      1.968796330734063    -0.2961033305115872
                 1874.5      0.732807619672512   0.002607049179907812      3.594196648009543     0.3057041390796967
                1874.75     0.7711899251564258   0.002606961066220158      2.985172990506414     0.1200075361927079
                   1875     0.8153881554161732   0.002606701805562772      1.771682218404595    -0.4018201154505396
                1875.25     0.7758009924754523     0.0026063765338517      3.286348398286423     0.2159026318236723
                 1875.5     0.7574710967458108   0.002606195974179995       2.32742848366457    -0.1291796827170573
                1875.75     0.7709782944839725   0.002605959918722135      3.060473364230686     0.1445353336368319
                   1876     0.7978116116517454   0.002605688810125097      2.207408359038202    -0.1823191648561978
                1876.25     0.8008126233886624   0.002605408315893702      2.048680344860934    -0.2570501050399541
                 1876.5     0.8077171287170741   0.002605120764526216      2.465175278204143   -0.07209341814076123
                1876.75     0.7484113185762501   0.002604822619026568      2.655733280719889   0.002250022780606254
                   1877     0.7721163283381584   0.002604657559632815      3.150263013776961     0.1729517945599681
                1877.25     0.8009727171644583   0.002604374039793685      2.090713191520442    -0.2371377605237198
                 1877.5     0.7893483713188887   0.002604091384551363      1.953970678095012    -0.3048879976983885
                1877.75     0.7483617090255992    0.00260386638532256      2.708712186156844    0.02163536283601852
                   1878     0.7547951462274919   0.002603605305478276       2.42473495845167   -0.08921599936453926
                1878.25     0.7889052056711993   0.002603375893810203      1.980132113374949    -0.2918627728463255
                 1878.5     0.8281911947401356   0.002603289990733488      2.285656070983002    -0.1484062326839437
                1878.75     0.8019230974113939    0.00260301883486325      2.113972857602859    -0.2265944529323501
                   1879     0.7527198467421301   0.002602754494872013      2.651827745814644 -1.593976095698343e-05
                1879.25      0.703625986998022   0.002602802303193471      2.790206723295837    0.05086899823063084
                 1879.5     0.7211814801460734   0.002602619036251429      4.353119866690251      0.495575695657847
                1879.75      0.676403024446161   0.002602689250386279      2.190656757959778    -0.1910887368567411
                   1880     0.7393940363170227   0.002602566292232545      3.139303529202636     0.1686636002753897
                1880.25     0.7341916659279041   0.002602256946986512      3.487449446781823     0.2737144137554786
                 1880.5     0.6881056743847834   0.002602134533229659      2.300102745292603     -0.142549486422896
                1880.75     0.6702300629561048   0.002602636547721584      1.834876078354225     -0.368333427728801
                   1881     0.6623779127640376   0.002602892525248808      1.463197749138248    -0.5945877466210089
                1881.25     0.7666400515908161   0.002602673722160998      2.862261359617543    0.07631590613811917
                 1881.5     0.7539153213582149   0.002602370425565266      2.583033443368211   -0.02644816941760382
                1881.75     0.7560272582636702   0.002602094346913154      2.489749045621753   -0.06333680343601177
                   1882     0.7756493735436237   0.002601755908847785      3.386236528192203     0.2440703399041292
                1882.25     0.8020909437425632   0.002601633042146014       2.15246752458335    -0.2090811518611053
                 1882.5      0.736172325894129   0.002601408583632989      3.331333012612321     0.2275902264844327
                1882.75     0.7083024988872578   0.002601103508202166      2.771312398395619    0.04342141648836725
                   1883      0.735431644040495   0.002600812005510124      3.464374679426752     0.2665204919801272
                1883.25     0.7514882197706315   0.002600511035477349      2.895114051725892    0.08689712141684632
                 1883.5     0.7403967251927923    0.00260017005168751      3.233095587826458     0.1971815492253989
                1883.75     0.7536417444054747   0.002599854800222671      2.766873108706097    0.04133807559704151
                   1884     0.7498774546098129   0.002599546636572107      2.979000580250101     0.1150895650271802
                1884.25     0.7377837157369853   0.002599206103291142      3.361058728585554     0.2356267128896779
                 1884.5     0.7633775845622092   0.002598900511520068      2.532950443729528   -0.04736208078603832
                1884.75     0.7427715776409535   0.002598561979506775      3.171828493993591     0.1774310780389456
                   1885     0.6944707589464381   0.002598315386729097      2.491531444498646   -0.06407449653834624
                1885.25     0.7684544217084369   0.002598103442253079      3.126278833166257     0.1627897968986486
                 1885.5     0.7577374291397576   0.002597843234253471      2.517045232412289   -0.05406810050879206
                1885.75     0.7938477398418166   0.002597593276790853      2.219643556365919    -0.1799033863962202
                   1886     0.8204452975083163   0.002597551359075909      1.729313290043376    -0.4295417589236838
                1886.25     0.7517564400640951   0.002597330070320476       3.04464214857553     0.1360320318823111
                 1886.5      0.774064318702061   0.002596986601018674      3.365431437169896     0.2360725785061002
                1886.75     0.8117941034090026   0.002596881341858174       2.02028981982098    -0.2742831453074591
                   1887     0.9172727415628089   0.002597512073848272      2.482992204195152   -0.06781690367093098
                1887.25     0.8818317535774155   0.002598344064399874      3.559395878688136     0.2926298145218276
                 1887.5     0.8463785281701891   0.002598792042801649      2.339090105719148    -0.1270266145720425
                1887.75     0.8701444408290457   0.002598647426989792      3.112587974981565     0.1586102529649734
                   1888     0.9069704126733417   0.002599107368658162      3.131140407809579     0.1647299893114266
                1888.25     0.8976166660527304   0.002599436292074392      3.212747042924877     0.1905855958079363
                 1888.5     0.9197987039968034   0.002600003199356457      2.775741074427153    0.04459507818383984
                1888.75      0.946190696485543   0.002600849933947781      1.813235598380469    -0.3808842006825374
                   1889     0.9174768980097433    0.00260121236825191      2.583868322351305    -0.0265701051515212
                1889.25      0.923738857075564   0.002601328408500613      2.794949418355876    0.05200088739135457
                 1889.5     0.8737275371903268   0.002601118898171345      3.263196376982165     0.2068135339031273
                1889.75     0.8448201757700673   0.002600828171395197      2.341424699234408    -0.1252458510651591
                   1890     0.8564048971380271   0.002600507770652877      2.833901640708489    0.06552579339493857
                1890.25     0.8314812740413337   0.002600214457720386      2.355287689747465    -0.1195785561347118
                 1890.5     0.8240478173332504   0.002600022489371512      1.864774186256827    -0.3531753019997598
                1890.75     0.8680042348710086   0.002599767702962412      3.110175165860675     0.1582657812963409
                   1891     0.9165108802221543   0.002599683521598877      2.572353024395097   -0.03162459388157426
                1891.25     0.9068427462355322   0.002599470710995785      3.180253061172064     0.1804332614625034
                 1891.5     0.8473042373362532   0.002599204750880527      2.376701515982773    -0.1109162208058624
                1891.75     0.8138718132727848   0.002599003442573517       1.88330711315657    -0.3436779483478026
                   1892     0.8356739611367912   0.002598896931415875      2.220731620531334    -0.1789115645113591
                1892.25     0.8000485756811655   0.002598632578683102      2.246805237449327    -0.1673406746127194
                 1892.5     0.7738367538670431   0.002598574118237713      3.414275544298331     0.2510928469922069
                1892.75     0.7828954329279726   0.002598582304229957      2.240832088619603     -0.170022069023416
                   1893     0.8491699001565728   0.002598341275065698      2.259233311220291    -0.1619365795439078
                1893.25     0.8882256014088662   0.002598078693872373      3.655349992727864     0.3191286910673456
                 1893.5     0.8986289423721981   0.002597917886046274      3.201645789202753     0.1865399351081326
                1893.75     0.8987363736745986   0.002597843581546825      3.252976049035157     0.2024166311538649
                   1894     0.8941547683673235   0.002597587238617674      3.414209589479898     0.2506936799429255
                1894.25     0.9120736206101251   0.002597566227498408      2.843636492266184    0.06782326565194328
                 1894.5     0.8963686956029913   0.002597350563607079      3.464449325415355     0.2652102438922944
                1894.75     0.8219673174257048   0.002597157433637588      1.818783865712423     -0.379249738480759
                   1895      0.830679165947615    0.00259694510122426      2.448394401772549   -0.08206710609796809
                1895.25     0.7740707554525756   0.002596909247108432       3.49997219065501     0.2752416469688585
                 1895.5      0.758640297634493    0.00259734698437051      2.535206490395626   -0.04706973980709028
                1895.75     0.8254059407165315   0.002597299168593696      2.049042857544323     -0.259990453587672
                   1896     0.8253430732572015   0.002597016496606778      2.083172978260247    -0.2435798762366658
                1896.25     0.7933937051119424   0.002596766368631976      2.242583544471019    -0.1699398268286575
                 1896.5     0.8362635843776771    0.00259654095786902      2.241808476504492    -0.1703723086059856
                1896.75     0.8897135008335035   0.002596279060749241      3.769496033664522     0.3491852411941447
                   1897     0.8540558198001476   0.002596120188240499      2.509913981252375   -0.05756878537559824
                1897.25     0.8503541216633455    0.00259582864748604       2.25219430343097    -0.1660245855137646
                 1897.5     0.8491798039503174   0.002595528146914827      2.357218765311344    -0.1205629072277681
                1897.75     0.8029402458451567   0.002595269571435924      2.239187949677853    -0.1720316927680662
                   1898      0.820759661055292   0.002595039249649783      1.838154069436338    -0.3694718762253624
                1898.25     0.8156349425972802   0.002594786334266842      1.850026076571428    -0.3631314525646221
                 1898.5     0.8411726830460223   0.002594624700896283         2.134339076526    -0.2202364478061512
                1898.75     0.8731565072475798   0.002594340224421143      3.323623896048105     0.2225525953466452
                   1899     0.8919482399847301   0.002594214282363012      3.704837056196491     0.3310876049960575
                1899.25     0.8898108517713004   0.002593919672970338      3.903205504575466     0.3831328959751956
                 1899.5     0.8231199735160277   0.002593667929964169       1.96373105930601    -0.3039160343458131
                1899.75     0.8301469108414649   0.002593417567189499      2.524032540034811   -0.05300099599774238
                   1900     0.8628870545084172   0.002593073996802824      3.366405030022712     0.2348540988354334
                1900.25     0.8936657003999395   0.002592791328412255      3.671292743436461     0.3214435118041863
                 1900.5     0.8913622740857702   0.002592626173206062      3.922219819634111      0.387493739770411
                1900.75      0.915503130473712   0.002592648209951739      2.612234314415686   -0.01894962024511787
                   1901     0.8952559439429638   0.002592347706059794      3.667721908303588     0.3202992884910918
                1901.25     0.9150617753754927   0.002592302942710904      2.684740444540064   0.008295339536331941
                 1901.5     0.9116110958747445   0.002592104054796975      2.996603368026059     0.1181139960992485
                1901.75     0.8890493723931426   0.002591850389284047      4.035426021197337     0.4156485714926156
                   1902     0.9536016151075603   0.002591727434656219      1.257450028128777    -0.7504248630404288
                1902.25     0.8896761104981882   0.002591813570190168      4.136063082970919     0.4402668773230983
                 1902.5     0.8872409038320809   0.002591458247636871      3.945431557535688     0.3929437263470901
                1902.75     0.9100713666663869   0.002591129446462875       3.14272373221243     0.1653483521741993
                   1903      0.947393532729925   0.002591043715063536      1.761496251656238    -0.4136109985620393
                1903.25     0.9858227881409177   0.002591373702892487      0.251418733605321     -2.360282708911877
                 1903.5     0.9856990442940543   0.002591557761751796     0.2589170127883585     -2.330823898003463
                1903.75      1.019360708607584   0.002592264394443768    0.02363416778055861     -4.724365412113191
                   1904     0.9087453379686747   0.002592135515002796       3.27001116710544     0.2054400963082972
                1904.25      0.848800688741378   0.002591956747353205      2.443925633453335   -0.08581665874935518
                 1904.5     0.7997532318737804   0.002592411354773005      2.318153013684161    -0.1384761413534435
                1904.75     0.8461910866120692   0.002592645735781166      2.610561073869898   -0.01959131977301203
                   1905     0.8026594185142973    0.00259290428022208      2.280799367400669    -0.1545307903100104
                1905.25     0.8537531844640061   0.002592884302751036      2.541765724681415   -0.04620546955609103
                 1905.5     0.8788952823935787   0.002592569871497815      3.590164792570091     0.2990123540672752
                1905.75     0.8199169313996798   0.002592429819674693      1.864859329260564    -0.3560541489426565
                   1906     0.7979334138484797   0.002592510005092524      2.422994324108521   -0.09420474307312197
                1906.25     0.7930262135136286   0.002592649351868261      2.264461118647161    -0.1618182801729292
                 1906.5     0.7860932827098536   0.002592747313680718      1.974220543299224    -0.2989436515266453
                1906.75     0.7613285478425796   0.002592862071316006      2.526639558936472    -0.0521828680457633
                   1907     0.8251846928809332   0.002592906454270702      2.145952523333053     -0.215472412473886
                1907.25     0.7600860883628113    0.00259296805039052      2.585300682666681   -0.02919035831974365
                 1907.5     0.8215552960377033   0.002592921061455275      1.973471946641869     -0.299255898613873
                1907.75      0.813160153542359   0.002592665513720211      1.966415071861377    -0.3029367358900402
                   1908      0.752218697294991   0.002592545349263209      3.028793246454663     0.1289690623884143
                1908.25     0.7751418753189953   0.002592457435058493      3.605784092002155     0.3033101280721422
                 1908.5     0.7472572767016115   0.002592392609005331      2.868834717362741    0.07465179928281915
                1908.75     0.7543690107677145   0.002592381598272281      2.872697304472259     0.0759930422041976
                   1909     0.7650329976964692   0.002592304056866032      2.787611439799707    0.04589682913246522
                1909.25      0.755079686037308   0.002592109040467842      2.859257322811738    0.07119839670008769
                 1909.5     0.7244840398640487   0.002591882054380942      4.191778906273041      0.453674114789267
                1909.75     0.7193793126571963   0.002591834903962488      4.222397172226464     0.4609337363035501
                   1910     0.6598627008270782   0.002592171086699515      1.470953234962065     -0.593428930985463
                1910.25     0.6835545846997522   0.002593137013411111      1.946271621643626    -0.3130514643799306
                 1910.5     0.6720848199839331   0.002593390052801738      1.961595436276175    -0.3051113019889788
                1910.75     0.6816546712724243   0.002593754112046708      1.860422235426831    -0.3579256021384011
                   1911     0.6362401690790073   0.002594272427484742     0.9558385255143683     -1.023695546780321
                1911.25     0.6487893097912819   0.002594975161734782      1.603502900465733    -0.5060678687881298
                 1911.5     0.6809979481907863   0.002595157534831221      1.898268516992665    -0.3372459770848367
                1911.75     0.6806185600917246   0.002595014664132369      1.947627209305305    -0.3116313793246874
                   1912     0.6284045326060758   0.002594989335276061     0.9372526890829197     -1.043055310118862
                1912.25     0.6679272302587715    0.00259516900944465      1.719485685991558     -0.436158493042894
                 1912.5     0.6677802747974377   0.002594990450893548      1.742040463089372    -0.4231954198459518
                1912.75     0.6493219901989528   0.002594872236438822      1.653214452181792    -0.4755765363040146
                   1913     0.6731464798974144    0.00259464452332427      2.093874166539625    -0.2393698225002478
                1913.25     0.6114725762281653   0.002594597209538806      1.061751933489783    -0.9184837648417419
                 1913.5     0.6384990942831068   0.002594735204443779      1.013140414203903    -0.9652960641179875
                1913.75       0.64443157972334   0.002594597338331576      1.272287790798789    -0.7375873364979325
                   1914     0.6416596201565196   0.002594537790937785      1.119367183849354     -0.865663466044164
                1914.25     0.6216565002434367   0.002594517924449484     0.9461062456406655     -1.033835040157006
                 1914.5     0.6701555022556396   0.002594261737192636      1.956296006784001    -0.3074804880798371
                1914.75     0.6168070400053244   0.002594151629596249      0.984775973345471    -0.9939169265088941
                   1915      0.615395521931603    0.00259408949378336      0.978947280255255     -0.999877265666048
                1915.25     0.6807060821045195   0.002593878042072226      1.983663466308642    -0.2937359227228442
                 1915.5     0.6129138217129468   0.002593710933172728      1.023611970095139    -0.9554082004347437
                1915.75     0.6059623230734188   0.002593637878145053       1.35337679834162    -0.6761710849676386
                   1916     0.6456840256122364   0.002593418122388691      1.415960322853102    -0.6310506444668531
                1916.25     0.6529090827585265   0.002593174018742082      1.509100278200715    -0.5674391164934502
                 1916.5     0.6481104757400449   0.002592916411262653      1.663796689808103    -0.4699499396970013
                1916.75     0.6121893874501257   0.002592705424895723      1.079075954980325    -0.9030283889653613
                   1917     0.6629736901575872   0.002592475008159018      1.501142050428372     -0.572996156369717
                1917.25     0.6655812619104178   0.002592223613984495      1.646972004208952    -0.4803808641623802
                 1917.5     0.7051903109293087   0.002591974281873836      2.711195060681225    0.01797401305508666
                1917.75     0.6756482700832479   0.002591728794908072      2.276381862333023    -0.1569229413189701
                   1918     0.6748590660336388   0.002591522362491273      2.293379152971707    -0.1495635324076908
                1918.25      0.663666418534507   0.002591277512750638      1.572298701017636    -0.5271456711604581
                 1918.5     0.6937137938953117   0.002591093274392569      2.440435087693106   -0.08757912440915343
                1918.75     0.6580889205535502    0.00259086497435859      1.472265112411385    -0.5930414682369892
                   1919     0.6681305002017517   0.002590596643292558      1.884984725710937    -0.3460274315747113
                1919.25     0.6431617632489087   0.002590388559325627      1.246930566677109    -0.7593424905365764
                 1919.5     0.6351732975388191   0.002590230080728148     0.9740988683478182     -1.006331129681336
                1919.75     0.6468343644989346   0.002590027361590046      1.594275112962259    -0.5137477644818179
                   1920     0.6173710659210262   0.002589857541848137      1.040024646598969    -0.9409880801814351
                1920.25     0.6258056001963477   0.002589677804353785     0.9608155934188505     -1.020274673376414
                 1920.5     0.6250785834652947   0.002589513686004518     0.9705522293994273     -1.010255331518464
                1920.75     0.6620846006978083   0.002589279141592704      1.588238807402712    -0.5178301154811681
                   1921     0.6149956258464832   0.002589080844128157      1.038862698495507    -0.9424058808284209
                1921.25     0.5946387957563827   0.002588883943513677      1.511375532902538    -0.5675883046484714
                 1921.5     0.6166127541992098   0.002588737352632022      1.069951815684943    -0.9130514991641582
                1921.75     0.6113630497961423   0.002588583172054544      1.168147344701275    -0.8253056468081811
                   1922     0.6258970064892265   0.002588389268204453     0.9995981242269649    -0.9812015412241174
                1922.25     0.6093130781670937   0.002588241573913807      1.322952268187803     -0.700990840599355
                 1922.5     0.6243669690242224   0.002588107693813897     0.9971394590620002    -0.9837730143329632
                1922.75     0.6906825298867127   0.002588133959310898      2.396174232878143    -0.1070248299079164
                   1923     0.6201295621830764   0.002587943542922429      1.074939598907517    -0.9087073283640039
                1923.25     0.6289663488958933   0.002587723023572912     0.9956684229751478    -0.9853980006791659
                 1923.5     0.6461964503104666   0.002587469707341574       1.56729757554558     -0.531802064764757
                1923.75      0.603044906172701   0.002587275446725708      1.295368480406334    -0.7224347962748741
                   1924     0.6107057673715072   0.002587178689106914      1.262531730513533    -0.7481483750686548
                1924.25     0.6347879458191689   0.002586963289114078     0.9823563817673108    -0.9991517724207446
                 1924.5     0.6005282444853254   0.002586797038424325      1.343766727712743    -0.6859382557016654
                1924.75      0.660327140070742   0.002586570443904377      1.601801963185464    -0.5103732949256531
                   1925     0.6505355208868517   0.002586382105164896      1.771103267754275    -0.4099726666515598
                1925.25     0.6391095481458391   0.002586165791919126       1.08705272632273     -0.898188859886444
                 1925.5     0.6511733289347486   0.002585928401333501      1.760922640395953    -0.4159128706358164
                1925.75     0.6129654207035714   0.002585755458300981       1.15873811359511    -0.8344860706778032
                   1926     0.7183086811434508   0.002585631356105234      4.078547241928201     0.4238752105735044
                1926.25     0.6366124299867847   0.002585572389516019      1.050769729056066    -0.9323654811376492
                 1926.5     0.6418302082230758   0.002585340909592689      1.224850045293472    -0.7791595590748395
                1926.75     0.6476033350856817   0.002585081827237675       1.76907177597761    -0.4116232119835901
                   1927      0.688948766447734   0.002584809437741192      2.399098652158728    -0.1070904707779015
                1927.25     0.6473244867172447   0.002584592387251948      1.779291937603983     -0.406052053776948
                 1927.5     0.7603813744539597    0.00258469076667407      2.666462149722855  -0.001476931781590292
                1927.75     0.7251223577774625   0.002585092568727045      4.234028455776436     0.4610798479822764
                   1928     0.7446140796620346   0.002585015830959795      2.987307267437244      0.112268671530853
                1928.25     0.7593976151392854   0.002585561162928414      2.742195187422191    0.02686596888070524
                 1928.5     0.7602311482927437   0.002585600098087725      2.764424154056083     0.0349546152598654
                1928.75     0.6913230115310548    0.00258544082731958      2.495604747665558   -0.06740825285734342
                   1929     0.7126206471286026   0.002585104849973562      3.360809832149812      0.230112671705246
                1929.25     0.7746600590457953   0.002584911044428943      3.620141013756644     0.3043687115524717
                 1929.5      0.715892719008126   0.002584739068983698      3.770462852016125     0.3449869660177564
                1929.75     0.7144527046348224    0.00258440416305693      3.712429271205388     0.3293460732034874
                   1930     0.7067163686951307    0.00258409812529243      2.747763225349801    0.02832840473712442
                1930.25     0.6828421931558861   0.002583848585189929      2.026422438487489    -0.2762834828941605
                 1930.5     0.7068277868556574   0.002583541937161247      2.799592599451814    0.04679984494707535
                1930.75     0.7507293006691245   0.002583382574378039      3.230718170589792     0.1899687091626947
                   1931     0.7573314021502356   0.002583273632755314       2.87676290767592     0.0738877533775148
                1931.25     0.6664921203326351   0.002583087587647013      1.805958420404845    -0.3917585082501249
                 1931.5     0.6997808320076885   0.002582792172488026      3.151679230821784     0.1649710883229979
                1931.75     0.7086998745214671   0.002582473445524878       2.94295190916365    0.09632540509689569
                   1932     0.7076068602610629    0.00258215399926819      2.929572984211179    0.09164524452236611
                1932.25      0.678524326889889   0.002581886460790357       2.23420864801375    -0.1794279517681693
                 1932.5     0.7717858776253491   0.002581633982163253      3.458546532582745     0.2574355856530355
                1932.75     0.7358795054888553   0.002581406923197131      3.491013932286271     0.2666914256422379
                   1933     0.7198286853072147   0.002581176114504096      4.507595462694584     0.5221736451440366
                1933.25     0.6801766134733283   0.002580938998379426      2.130001383743283     -0.227559447813194
                 1933.5     0.7274915604888686   0.002580629222560738       4.09362726569362      0.425629330206626
                1933.75     0.7304415335640743   0.002580331058170393      3.986154737184581     0.3989093862677021
                   1934     0.6901058510745127   0.002580041176045632      2.510319310830463   -0.06362004372146733
                1934.25     0.7132310276024707   0.002579706364034524      3.673057468922761     0.3168646303408849
                 1934.5      0.707094769582404   0.002579390396683478      2.961721959342024     0.1014885701116901
                1934.75     0.6822321212588017   0.002579135311801749      2.097300858431872    -0.2437299579572661
                   1935     0.7359276219819044    0.00257881969978839      3.563376292852868     0.2862049430856436
                1935.25     0.7481132770689189   0.002578597965196871      3.063332490615676     0.1349138367258553
                 1935.5     0.7796822296542562   0.002578371873294149       3.15121019969025     0.1631093495457324
                1935.75     0.7816400789421656   0.002578519089122898      2.609039602009287   -0.02563794004881068
                   1936     0.8227736095010095   0.002578658488252418       2.03728972360333    -0.2729457071796441
                1936.25     0.8186810790548835   0.002578979174391813      1.895013525480192    -0.3452157349969845
                 1936.5      0.824467301804051   0.002579147222811791      2.163041505969478    -0.2128612163948001
                1936.75     0.8097661635509272   0.002579117320101092      2.311992889820045    -0.1462782708860544
                   1937     0.8362057683905586   0.002579171348215112      2.246848085635836     -0.174838814998148
                1937.25     0.8475565431671547   0.002579474151110186      2.596238345263276   -0.03018619486481025
                 1937.5     0.8454233772834564   0.002579530630791104      2.618180672066946   -0.02174822983380148
                1937.75     0.8126910154173297   0.002579632570122581       2.06113548582714    -0.2609313509925456
                   1938     0.8106641166229279   0.002579421002891757      2.280008349637268    -0.1600913014124508
                1938.25      0.844332279646881   0.002579293563356846      2.542182350368079   -0.05129690877675546
                 1938.5     0.8656092799513821   0.002579488618916339      3.142114794534058     0.1606518814708059
                1938.75     0.8504136605620157   0.002579460064817777      2.422179696691511   -0.09958742703551106
                   1939     0.8921118521930739   0.002579294731971193      4.021218469970726     0.4072655977923932
                1939.25     0.9217978503726095   0.002579880990239145      2.954577044802854    0.09926341586455949
                 1939.5     0.9331263015670535   0.002580414615449624      2.082943556330828    -0.2501032084583954
                1939.75     0.9285504411693549   0.002580978341271795      2.383862962421612     -0.114944568314871
                   1940     0.9324040922592254    0.00258124360469863       2.14232106690999    -0.2216742106583689
                1940.25     0.9850623796931339   0.002582063705836492     0.2683882632331899     -2.298567001059799
                 1940.5     0.9644521073739581   0.002582830554515062     0.7008697926585036     -1.338382605399269
                1940.75      0.952497203539073   0.002583267023718143       1.35300875667402    -0.6804496554178795
                   1941     0.9711456694576697   0.002583684766646882     0.5288137310231658     -1.619737803010395
                1941.25      0.972254590161035   0.002583866152762774     0.5226853470879326     -1.631324203422355
                 1941.5     0.9000335073612616   0.002583680623945127      3.242572674589229     0.1937466680710318
                1941.75     0.9375288469308152   0.002583519053551181       2.63729110233344   -0.01293062618903308
                   1942     0.9237657433837919   0.002583249645785074      2.850041349809017    0.06454629911462384
                1942.25     0.9509533220444341   0.002583022308025007      1.521396397636292     -0.563246616419729
                 1942.5     0.8995222352739614   0.002582775675489344      3.373235481785091     0.2329016684783642
                1942.75     0.8769745992056994    0.00258251456168999      3.533619138772601     0.2792507953503383
                   1943     0.8338005573683196   0.002582385790317484      2.384717947392326    -0.1140408098944774
                1943.25     0.8652702132143163   0.002582326079444528      3.211392630937974     0.1835598956489869
                 1943.5     0.8835660996535279   0.002582023449804652      3.567231217728856     0.2885277372748892
                1943.75     0.8670414803305205   0.002581702390286098      3.235593888542678      0.190826153114715
                   1944     0.8705026636693769   0.002581418832121082      3.347385502706395     0.2246834141237252
                1944.25     0.8410426556880893   0.002581240468759834      2.185209939384166      -0.20185337149781
                 1944.5      0.838475425753151   0.002581142823994968      2.211618781538301    -0.1898783791323874
                1944.75      0.830872415747107   0.002580910051881174      2.555202243470743   -0.04556191625276217
                   1945     0.8480322749921539   0.002580674151832084      2.703392660783307    0.01072282645667595
                1945.25     0.9022926015048417   0.002580404156154725      3.139516317821647     0.1601794227242258
                 1945.5     0.9488830915474832   0.002580329327866901      1.714524956364769    -0.4447822766357531
                1945.75     0.9011421222973175   0.002580265864407029      3.272110011667816     0.2014921194093136
                   1946     0.8793557298839786   0.002579924664948039      3.687602207108175      0.320901274580325
                1946.25     0.9154544972591575   0.002579646396467547      2.733946838178417    0.02156326455816546
                 1946.5     0.9565412746122371   0.002579695733011184      1.103248753948785    -0.8859046639905314
                1946.75     0.9867435209616232   0.002579976573470981     0.2579692719200428      -2.33896984615447
                   1947     0.9872013896800772   0.002580334876479689     0.2607176613573046     -2.328233389595104
                1947.25      1.001577637685837   0.002580595974085208    0.08597357458603333     -3.437530294994782
                 1947.5     0.9372373583245944   0.002580488427056018      2.637684167981238   -0.01395534584235861
                1947.75     0.8766319281333383   0.002580165069710691       3.63863821251116     0.3076275088441087
                   1948     0.9323939291549407    0.00257991780686837      2.205926420150391    -0.1929302562794918
                1948.25     0.9469441627502244   0.002579721446035546      1.831261877003984    -0.3791486568080522
                 1948.5     0.9463957335675791   0.002579506209413578      1.889883128075127    -0.3477223836801313
                1948.75     0.9321428486920351   0.002579241204351082      2.251863294887564    -0.1725821093569463
                   1949     0.9594773888423543   0.002579079416053413     0.8842932604336106     -1.107369371768417
                1949.25     0.9849102241138163   0.002579064878695819     0.2842883764337484     -2.242174625666275
                 1949.5     0.9560565676325296   0.002578937104590127      1.161807625376883    -0.8344809337036785
                1949.75      0.982712810213247   0.002578815901458262     0.3291302049222822      -2.09580686896556
                   1950     0.9564687452880576    0.00257869215487986      1.153365077846729    -0.8418691848961587
                1950.25     0.9790593700050025   0.002578543045325836     0.4130043845336729     -1.868907904221073
                 1950.5     0.9236403033807077   0.002578283825086027      2.921042274993068    0.08722912684901071
                1950.75     0.9163776520979106   0.002577990267686716      2.787290583512246     0.0402447735838511
                   1951     0.8984232652410922   0.002577798797397808      3.698333012089241     0.3229826735622891
                1951.25     0.9488352622333222   0.002577557814782694      1.807742308064623    -0.3929142724485989
                 1951.5     0.8945892147955161   0.002577272849654593       3.90354477299142     0.3767814985754591
                1951.75     0.8769760954913434   0.002577101315632118      3.720444503769157     0.3286730348869104
                   1952     0.8881464514343693   0.002576886529236262      4.173463897643154     0.4434928977186486
                1952.25       0.77749239322749   0.002577307154043907      3.704072227425174     0.3243425687968433
                 1952.5     0.8563846493205998   0.002578067750213919       2.90908856915184    0.08304464720565616
                1952.75     0.8127773212728446   0.002578157020210154      2.128073307289548    -0.2295435325336499
                   1953     0.8257939951377348   0.002578258428485722       2.32945799050531    -0.1390856010608534
                1953.25     0.7624522235885285   0.002578801456553153       2.74367453217626    0.02478746862021117
                 1953.5     0.7198664981777259   0.002579653403378055      4.555621365963861     0.5321816228260723
                1953.75     0.6325233663463999   0.002581765429830237     0.9577064728001109     -1.026575866490584
                   1954      0.654469613568312   0.002585248698547384      1.466163372018336    -0.5993646131670692
                1954.25     0.7081033979716566   0.002586182013904836      3.035077953813533     0.1285844085837861
                 1954.5      0.635351977604228   0.002587600870819219      1.045408567410152    -0.9366964384301774
                1954.75     0.6413849046196746   0.002589423056342023      1.224016250429529    -0.7782628095332693
                   1955     0.6593247966195636   0.002590571160173578      1.585473432742437    -0.5190739277300452
                1955.25     0.6424132495576254   0.002591239611755411       1.30904186000783    -0.7104035219365762
                 1955.5     0.7512945256268808    0.00259130322286439      3.310595799598151     0.2174537343240362
                1955.75     0.7136302365605146   0.002591122627997864      3.771404338266722     0.3477033017624989
                   1956     0.6833167637153428   0.002591106785191159      2.146513899273557    -0.2159051641553716
                1956.25     0.6846143482694402   0.002591026515979449      2.271387096593748    -0.1593905267089111
                 1956.5     0.6963716394491872   0.002591012765783971      2.784797837277907    0.04438874667973114
                1956.75     0.6895307744586705   0.002590878095585082      2.524156046303825   -0.05393174369148369
                   1957     0.7658513258825386   0.002590613497211187       2.93704342346648    0.09746279349433912
                1957.25     0.7133957670471811    0.00259036226513454      3.807452219369816     0.3569226305070415
                 1957.5     0.7321326307980469   0.002590218203912713      3.878465030478671     0.3753462226788858
                1957.75      0.713471968956184   0.002589869244330771      3.881590870120192     0.3760171145375852
                   1958     0.7083461389137561   0.002589600512889582      3.121029853110286     0.1578312874109823
                1958.25     0.6990070686579248   0.002589306326505326      3.162538676330237     0.1709297331255616
                 1958.5     0.7127866758161562   0.002589018853010017      3.873774215176093     0.3736729011453279
                1958.75     0.7492791104180705   0.002588707250620236      3.261891581759791     0.2016305242195937
                   1959     0.7531759359661255   0.002588474450917912      3.250183449917176     0.1979447652032444
                1959.25     0.7545579527650513   0.002588164903490467      3.126219489663647     0.1589381741136883
                 1959.5     0.7420034569833223   0.002587906162536885      3.257576061845147     0.1999971340483895
                1959.75     0.7458976763910583   0.002587623813482692      3.040259745253064     0.1308475995955525
                   1960     0.7545491394425444   0.002587352262524782      3.202651348760308     0.1827787108327062
                1960.25     0.7123840404181245   0.002587017526323406      3.874896532064826     0.3731892762365519
                 1960.5     0.7014672862406698   0.002586772766460146      3.167547165971679     0.1715332235902449
                1960.75      0.695471273397571   0.002586484506018068      2.780114873671458     0.0409565056713956
                   1961     0.6956373794214171   0.002586321564028469      2.858266903596499    0.06861672128946517
                1961.25     0.6731284195553185   0.002586192026053846      2.211723869979887    -0.1878765860224031
                 1961.5     0.7008365083397005   0.002585953926184788       3.30913377320783      0.214945556001382
                1961.75     0.7102762158115279   0.002585633618023637      3.508773225949771     0.2734016966314547
                   1962     0.7013997376821467   0.002585307859371531      3.317034423576557     0.2170803704814641
                1962.25     0.6700099712950778   0.002585107227017799      2.049792664276678     -0.264329726528684
                 1962.5     0.7008213334534092   0.002584874743506051      3.429470273602159      0.250247498972824
                1962.75     0.7133432211837443   0.002584543963182175      4.118561253540101     0.4332176051426788
                   1963     0.6863665034498277   0.002584293085787041      2.442163822010947   -0.08949890135845277
                1963.25      0.662814501283385   0.002584105637989277      1.653708378454866    -0.4794356279471261
                 1963.5     0.6672492102215882   0.002583915022196196      1.910188739869641    -0.3353276096632639
                1963.75     0.6875231543241194   0.002583655423602963      2.550345608693017   -0.04640125292105921
                   1964     0.6758849826482325   0.002583397010357086      2.419219658183311   -0.09928512632164258
                1964.25     0.6086504267389415   0.002583451282497807      1.410382438775783    -0.6388482505747696
                 1964.5      0.609173670401865   0.002583833188738378      1.408227903029661    -0.6402292267786238
                1964.75     0.6518792297876632   0.002583686261407957      1.747855610887139    -0.4242285287187234
                   1965     0.6123707294958903   0.002583634588297874      1.214559000194154    -0.7882571519324884
                1965.25     0.6137989085932315    0.00258365543643007      1.171311249286614    -0.8245062836124984
                 1965.5     0.6420293040547634   0.002583605493339794      1.304880062630817    -0.7165383308284772
                1965.75     0.6226554376337651   0.002583508002396815      1.010267379767695    -0.9724721682546031
                   1966     0.6923175769620737   0.002583244693407729      2.742329814834058     0.0260187356078024
                1966.25     0.6990880195710097   0.002583023745941315      3.502856456236478     0.2707041104722614
                 1966.5     0.6350768912288025   0.002582828603126947      1.064204822846029    -0.9207223315166452
                1966.75     0.6629127209246916   0.002582625957603786      1.708052217642879    -0.4476750011307759
                   1967      0.692958955912737   0.002582338050913623      2.807750092630429    0.04924333094122062
                1967.25     0.7067876147079544   0.002582132088867532       3.18823300064134     0.1762469309694324
                 1967.5     0.7464994765967753   0.002582069268731143        3.1308080165596     0.1580468803473757
                1967.75     0.6759279531304059   0.002581944587069116      2.467208847751944   -0.08020504127592963
                   1968     0.6728505834426456    0.00258166446225052      2.326089276279341    -0.1392125961796669
                1968.25      0.705849679214282   0.002581376469390194      3.200007025150609     0.1796404143371663
                 1968.5     0.6940794419966364   0.002581075493651179      2.894305475618054    0.07911598476671119
                1968.75     0.7311722693023179   0.002580781204990563      4.018926525375371      0.407271616457473
                   1969     0.7334795313181284   0.002580624250615693      3.880951575296802     0.3722763394425825
                1969.25     0.7338274907601859   0.002580446615919637      3.920725560339368     0.3824038567380836
                 1969.5     0.6818006268201049    0.00258018354818966      2.189353778044103    -0.2003684018803656
                1969.75     0.6970579895590576   0.002579877117007499      3.306004501133386     0.2116467668765795
                   1970     0.7251062643008942   0.002579525861117263      4.409160109741935     0.4994544645410002
                1970.25     0.7290229678449237   0.002579189199712436      4.309259334591407     0.4764057643323879
                 1970.5     0.6362430862380875   0.002579060198259534       1.12134487285553    -0.8698815501419455
                1970.75     0.6815087243297235   0.002578850386034974      2.229008693205703    -0.1829346954924193
                   1971     0.6805806989602812   0.002578568333369029      2.296799028808374    -0.1530846004115954
                1971.25     0.6834356381113889   0.002578294486185562       2.34988234336122    -0.1303419740338103
                 1971.5       0.67057498566675   0.002578016491737172      2.206390662047691    -0.1934570653202644
                1971.75      0.651343639984366   0.002577856445618675      1.837903595658212    -0.3762515723084619
                   1972      0.673418331181093   0.002577603599686984      2.449791857162742   -0.08897216810429431
                1972.25     0.6088011407886199   0.002577437850252824      1.470696119925689    -0.5993036988831827
                 1972.5     0.6415938048950081   0.002577411666118911      1.310441762103536    -0.7146853942372465
                1972.75     0.6417774409735938    0.00257721488425851      1.345184636496785    -0.6885947692940164
                   1973     0.6309617635897451   0.002577214406780814     0.9769417519447841     -1.008454482416731
                1973.25     0.6762928453462237   0.002576986111076456      2.625538179217733   -0.01992892498888068
                 1973.5      0.637339600131536   0.002576817523569017      1.205875480524994    -0.7980744002354786
                1973.75      0.655952239853977   0.002576608911179735      1.502333779117461    -0.5783414521171852
                   1974     0.6488143333581906   0.002576348452041152      1.952808181283634    -0.3161938654122054
                1974.25     0.6586469108962946   0.002576120215583534      1.648343634991532    -0.4857799619355212
                 1974.5     0.6423965285443154    0.00257590548948727       1.41736907455664     -0.636831855327111
                1974.75     0.6276446589639515   0.002575788251302385      1.060293160324996    -0.9271343222450704
                   1975       0.71933836712691   0.002575490922626179      4.588726355309612     0.5378073058136114
                1975.25     0.6589223589098008   0.002575323436302391      1.692023533934564    -0.4599350601670512
                 1975.5       0.62308750799891   0.002575136833078328      1.035899734015708    -0.9506623336791203
                1975.75     0.6136711924645933   0.002574990628149688      1.206720835729922    -0.7980828405516228
                   1976     0.6124919748760995   0.002574948822120659       1.28545467309934    -0.7348932167750536
                1976.25     0.6091348566816897   0.002574759685739236      1.496761828563587    -0.5827751653000313
                 1976.5     0.5731236426602516   0.002574700832794872      2.761294011205052    0.02959739766444952
                1976.75     0.5840306966532511   0.002574658646170588      1.879130315305511    -0.3553093304552197
                   1977     0.6403703051522309   0.002574485114055185      1.360713888972283     -0.678176323954392
                1977.25     0.6288692815324001   0.002574275399050644      1.053671407631335     -0.933986622622061
                 1977.5     0.6653746173077818   0.002574039063776055      1.853869215185412    -0.3690841547228224
                1977.75     0.7038261229761285   0.002573848848191848      3.274732444858892     0.1998031916790715
                   1978     0.6973879606459543   0.002573815223002769      3.439679164815952     0.2489321588978337
                1978.25     0.7034906019471364   0.002573696122471363      3.374796173587235      0.229842612398311
                 1978.5     0.7000317406915573   0.002573633152077995      3.782266901705822     0.3438067550222872
                1978.75     0.6948067656911704   0.002573648243275683      3.094145912625993     0.1430009903584071
                   1979     0.7997983489498749   0.002573935891689743      2.349591935084852    -0.1321574915643636
                1979.25     0.8044001192597197   0.002574892342285543      2.397054525366162    -0.1117869358072354
                 1979.5     0.7631102713346476   0.002575096886419295      2.819854111066703    0.05073694639122567
                1979.75     0.7694615471325351   0.002575051921248845      3.330645549570002     0.2172004786800664
                   1980     0.8133577807827825   0.002575239154831912      2.116653291777249    -0.2360567519210097
                1980.25     0.8480579467929072   0.002575740448590856      2.715404237140281    0.01324251546699682
                 1980.5     0.8650014994003138   0.002576966077968131      3.344020237680615     0.2219511525870485
                1980.75     0.7820647658106599   0.002577176651153597      2.519474677356254   -0.06109046586383468
                   1981     0.7865578622056204   0.002577116810632957      1.960077914952083    -0.3121798789899387
                1981.25     0.8223766675663473   0.002577127144057604      2.191243926499343    -0.2006907087491117
                 1981.5     0.8265161149713293    0.00257717567398703      2.439299671846514   -0.09343028507921032
                1981.75     0.8577353406750079   0.002577100844289412      3.152175040403144     0.1629224041597965
                   1982     0.8860435655432221   0.002577562884139514      3.838280764811376     0.3600335200388369
                1982.25     0.8833337230143316   0.002578029618955901      3.697653621307642     0.3228884928993319
                 1982.5     0.8782654785213619   0.002578216905946119      3.815852057798549     0.3544266594282482
                1982.75     0.8631108121683219   0.002578544639298993      3.569701668033532     0.2878718096425614
                   1983     0.8426711621037942   0.002578646918135248      2.383368780438045    -0.1160556108935967
                1983.25     0.8526567364367472   0.002578427208028765      2.495683704290694   -0.07009303756297648
                 1983.5     0.9147002659655955   0.002578567917356954      2.832270318427747    0.05647743397328619
                1983.75     0.9075042033491615   0.002578718999586756      3.275309448022707     0.2018697536539858
                   1984     0.8724243505592346    0.00257885777839435      3.411155674520014     0.2425623579559163
                1984.25     0.8447800653079809   0.002578633057847261      2.725055190395394    0.01791275449632357
                 1984.5     0.8569990060700199   0.002578321743865488       3.11783522281546     0.1524422598058876
                1984.75     0.8432569957295113   0.002578052109421427       2.55306437658046   -0.04750689133276777
                   1985     0.8612327893414363   0.002577722982720226      3.685244141283895     0.3194078578183023
                1985.25     0.8973961288218998   0.002577587581357307       3.83621092552678     0.3595036940707496
                 1985.5     0.9265340978252633   0.002577546955640457      2.636028050089836   -0.01572395076109206
                1985.75     0.9619666684556307   0.002577962687235287     0.7650769100675917     -1.252614846050428
                   1986      0.956633636600322   0.002578176270031264      1.148355251196384    -0.8464223835687305
                1986.25     0.9220833785422761   0.002578187067778693      3.081885502093924     0.1407926879545509
                 1986.5     0.9061091640242673   0.002577970482074229       3.31168199132559     0.2126233065622218
                1986.75     0.9059454621305096   0.002577755241239266      3.364151711576357     0.2282594355769777
                   1987     0.8274002839643184   0.002577519835698325      2.556929871470316   -0.04620046033034409
                1987.25      0.891839876084106   0.002577243314290328      4.237950058947423     0.4589646577755518
                 1987.5     0.9188103290643495   0.002576977044696481      3.021039519391131     0.1203826449886162
                1987.75     0.8462172277471224   0.002576699802028895      2.910578527723046     0.0830259390704788
                   1988     0.8397774386513617   0.002576493592361394      2.249144805714635    -0.1748559033134707
                1988.25     0.8979245691451336   0.002576184468106428      3.875456285440762     0.3691374601646157
                 1988.5     0.9106150793053339   0.002575944213642388      3.227075883349452     0.1859572169859181
                1988.75     0.8703544762891731   0.002575650935917509       3.42604906291358     0.2456746506154769
                   1989     0.8848181660482631   0.002575331725836808      3.821836539527332     0.3548740652236724
                1989.25     0.8373124528309718   0.002575119581455912       2.31237921428466    -0.1476624329406297
                 1989.5     0.8045294471990163   0.002575159706993607      2.438441066962577   -0.09456488029767861
                1989.75     0.7881463067065938   0.002575204817038709      1.992544195925844     -0.296493978629531
                   1990     0.8126100341724373   0.002575349638908347      2.188400302867673    -0.2026792341551921
                1990.25     0.7985385260815983   0.002575141029016807      2.441761405708778   -0.09321139513670772
                 1990.5     0.8416766822626255   0.002574925266288696      2.449582473755186   -0.09009726070576429
                1990.75     0.8376708005497449   0.002574659935138992      2.353756574246544    -0.1301053073072772
                   1991     0.8315755314804345   0.002574382282656574      2.589448607918499   -0.03478078730004436
                1991.25     0.8297062381797105   0.002574090366005036      2.727405677183623    0.01701170900399849
                 1991.5     0.7782923908466383   0.002573933510232246      3.588450637376846     0.2913204467931869
                1991.75     0.7798870069439978   0.002573794452044229      3.244244603392788     0.1904284229628907
                   1992       0.76936886866196   0.002573888999976156      3.344924564479714     0.2210267635345082
                1992.25      0.802165849251424   0.002573783876869152      2.366556869201562    -0.1250221200217299
                 1992.5     0.8116194753896778   0.002573520896858896      2.306745932884479    -0.1507225583269227
                1992.75     0.8065663670406981    0.00257327423534112      2.645827971050524   -0.01367220433511428
                   1993      0.740739942958537   0.002573163093141122      3.379417088568569     0.2310037905258337
                1993.25     0.7791595085319968   0.002572981388083451       3.50913949652044     0.2686007867035887
                 1993.5     0.7656705657396333   0.002572872878349663      3.026996713689535     0.1207587076894162
                1993.75     0.7397080240983229   0.002572757268324246      3.453360646117146      0.252490685330006
                   1994     0.7648451612344106   0.002572655871057254      3.009387830615362     0.1148400949518119
                1994.25     0.7078175683830658    0.00257267564030628      3.411546722673632     0.2402768725713928
                 1994.5     0.7313231474697726   0.002572853632001383      4.226734994507789     0.4546101089021927
                1994.75     0.7193358327184183   0.002572604421444533      4.607279932732423     0.5407210631556689
                   1995     0.7548086971643033    0.00257243706715228      3.195946259571647     0.1749015748369326
                1995.25      0.752604910596732   0.002572228724988383        3.5217674181039     0.2719003395201611
                 1995.5     0.7601283279166026   0.002571949761587247      2.887183520337207     0.0731103771012787
                1995.75     0.6798762920290536   0.002571836971683393      2.397312663875267    -0.1128665575967926
                   1996     0.6535883008994933    0.00257225230817975      1.636872114997278    -0.4942662893740035
                1996.25      0.661124379613824   0.002572511615822989      1.754299054490494     -0.424883280673054
                 1996.5     0.6188089021209339   0.002573002176031206      1.105557375213332     -0.886412363986728
                1996.75     0.6273871192142718   0.002573786436870029      1.091315301131578    -0.8990735593335212
                   1997      0.669512497382293   0.002574101796184872        2.1705807439333    -0.2113399508288649
                1997.25     0.5799055730188525     0.0025744185937649      2.413734979622039    -0.1050363110635525
                 1997.5     0.6750343079826182   0.002574708009408919      2.619456283399532   -0.02313245865967785
                1997.75     0.6546346862488686   0.002574543985981787      1.594077241991753     -0.519867899991557
                   1998     0.6795262728511247   0.002574299754219936      2.485837926635846   -0.07564800920474692
                1998.25     0.6625957859198688   0.002574095994706908      1.786380013850221    -0.4061457267650618
                 1998.5     0.6535175187148351   0.002573959862617534      1.696035951275543    -0.4580961122632727
                1998.75     0.6974668336513719   0.002573678123795963      3.562373475777641     0.2839277189591808
                   1999      0.660416883390025   0.002573459180906411      1.813295050807844    -0.3914387237979075
                1999.25     0.6766437975405661   0.002573189946034663      2.714135621324439    0.01178452178062263
                 1999.5     0.6846674718381363   0.002572926886162767      2.445280221600186   -0.09263151923485878
                1999.75     0.6926201196828475   0.002572624742430529      2.956322807831678    0.09703751692995352
                   2000     0.6575652478752909   0.002572428856691962      1.714629413990021     -0.447787857602223
