#! FIELDS time d sigma_d height logweight
#! SET action OPES_METAD_kernels
#! SET biasfactor       10.93385113982189
#! SET epsilon   5.935750805222388e-06
#! SET kernel_cutoff       4.906020186104555
#! SET compression_threshold                       1
                    2.5     0.2873317062730391    0.01029433651614703  1.684640495683208e-05     -10.93385113982189
                   2.75     0.2799826743196696   0.008571755125522282     0.8995057931829813     -0.231509026170253
                      3     0.3045938084965096   0.008441582966880148     0.0272186976187135     -3.744753034472732
                   3.25     0.3040296436990593   0.007997842765660599     0.1431953007436267     -2.138445741430668
      3.499999999999999     0.2820165619271048   0.007320588533824914      2.050526346647553     0.4347154887691071
      3.749999999999999     0.2578246806003836   0.007151458894176834    0.03697499882116384     -3.604268676655934
      3.999999999999999      0.264111451116076   0.006813535485266197     0.4127390932381821     -1.240100226299371
      4.249999999999999     0.2747067659826007   0.006379844734764305      2.454524639638273      0.477005122414712
      4.499999999999999      0.300627472426637   0.006155582582345482     0.2122874085688557      -2.00652656602977
      4.749999999999999     0.2721206729014488   0.005799016340022909      2.740396578024219     0.4917192016286819
      4.999999999999999     0.2962344048591802   0.005618429427785875     0.3220001925017423     -1.681222723430094
      5.249999999999999     0.2877673030077207   0.005341328413741168      1.418874992067126    -0.2487330642692266
      5.499999999999999      0.298636450025344   0.005168716284546842     0.5315801711085412      -1.26334864783392
      5.749999999999999     0.2847741981236433   0.004929569203587142      2.631652182943302     0.2887917055652673
      5.999999999999999      0.304149002218827   0.004814947337348845     0.4151940901874184     -1.581355824325667
      6.249999999999999     0.2784836673375042   0.004639860969022719      3.478283003984796     0.5071514331620224
      6.499999999999999     0.2881560314151312   0.004467408834953628      2.379143223746104    0.08947724298949522
      6.749999999999999     0.2818773035087412   0.004351815322419862      3.972416603768677     0.5758959479438698
      6.999999999999998     0.2772176216886473   0.004252102925067794      4.092255282056468     0.5824381468216853
      7.249999999999998     0.2769849733556014   0.004156879988896875      4.540807310137953     0.6637978566479529
      7.499999999999998     0.2665253163076802   0.004085859931055104      1.098679969825791    -0.7724301040647205
      7.749999999999998     0.2652360800232273   0.004017125515892466     0.9850736079230044    -0.8985440621050572
      7.999999999999998     0.2900159138934293    0.00393470803127696      1.869874180974592    -0.2783639245030488
      8.249999999999998     0.2706367301850158   0.003836074860773915      2.795118778066494    0.09825252305676027
      8.499999999999998     0.2928452635914587   0.003762132167110159      1.373490470923987    -0.6317306002995577
      8.749999999999998     0.2722610912000281   0.003680293704026592      3.952088290478632     0.4031649287924919
      8.999999999999998      0.287397486810243   0.003609585929807152      3.048136583729426     0.1240517612123181
      9.249999999999998     0.2711537443488438    0.00353737062303237      3.873812692403114     0.3435511517756694
      9.499999999999998      0.329469407923123   0.003568654476031841  7.306483129945475e-05     -10.52604653509769
      9.749999999999998     0.3320127713188928   0.003735561570413407  7.591362141016394e-05     -10.44208801506258
      9.999999999999998     0.3356604449627049   0.003805015267577434  7.963038326026267e-05     -10.37586658630816
                  10.25     0.3440602590999967   0.003969979540639316  4.789926189953884e-05     -10.84172127309174
                   10.5     0.3292079399419085   0.004078193737910346  0.0001700860919759741     -9.547623398045616
                  10.75     0.3438568863640186   0.004218651194593741  7.439941529669596e-05     -10.34061877167244
                     11     0.3509672742283623   0.004351264722882169  5.643077590551905e-05     -10.58610108389001
                  11.25     0.3397682641870054   0.004381198877273464  0.0001227969255591548     -9.801727926945153
                   11.5     0.3431386333824549   0.004423302054846426  0.0001903857622829632     -9.353643479350255
                  11.75     0.3606075646665921   0.004433490942315843   4.23523305192213e-05     -10.85437156300915
                     12      0.357049056461131   0.004450415009512781  7.629560884113141e-05     -10.26196957159058
                  12.25     0.3345256276728617    0.00443974472310259  0.0002560708146818185     -9.053531403316192
                   12.5     0.3290900566189815   0.004461218410358287  0.0003595548927238158     -8.709293537121219
                  12.75     0.3675548462540402   0.004480519396523642  5.119694361649361e-05     -10.65416349768486
                     13      0.361846005499857   0.004472969372247985  0.0001212547568310473     -9.793636071567951
                  13.25     0.3521140836256144     0.0044707146988183  0.0001573746497070334     -9.533404759152175
                   13.5     0.3552197633109955   0.004451316359066969  0.0002550172349710995     -9.055051314931532
                  13.75     0.3785121387967804     0.0044686718106789  4.095086104408374e-05     -10.88011824219726
                     14     0.3519160886630232   0.004482169180759318  0.0004260568691637228     -8.534902354962334
                  14.25     0.3430759378217313    0.00444655886108937   0.000456942141518285     -8.472895024109969
                   14.5     0.3605340548802446    0.00441508173274701  0.0003909069224574317     -8.636086481324895
                  14.75     0.3400300053417107   0.004384701895285182  0.0007013024361550888     -8.058521439399815
                     15     0.3303204263189053   0.004354593886631689   0.000713899866924576     -8.047608245539136
                  15.25     0.3693673571605242   0.004366456390582162  0.0001562440550995471     -9.564211283308126
                   15.5     0.3336457635148314   0.004344643925404794   0.001147226950567873     -7.575535542409465
                  15.75     0.3381453274876732    0.00432432220364021   0.001527697587819829      -7.29380986079916
                     16     0.3514234618394856   0.004294912852102207  0.0007681804109373919     -7.988126429069843
                  16.25     0.3418584311381116   0.004263081439673214   0.002021949669861677     -7.027772559942171
                   16.5     0.3373258811808169   0.004245924359187895    0.00320130722629402     -6.572308247283434
                  16.75     0.4013561931855728    0.00425583031558687  4.074940701412863e-05     -10.93385113982189
                     17     0.3951323419798294   0.004322617452329706  5.198629525594002e-05      -10.6747410677933
                  17.25     0.4672334982989219   0.004722768693062716  3.672052835610128e-05     -10.93385113982189
                   17.5     0.4727007753843066   0.005445356140616078  4.631334025467063e-05     -10.55938910219206
                  17.75      0.511213900601294   0.005936950504052914  2.921071374850242e-05     -10.93385113982189
                     18     0.4988502501984746   0.006379687962303282  2.971048513092939e-05      -10.8449631037402
                  18.25     0.4924586369673906   0.006584039129345984  4.024447250048162e-05     -10.50996123768205
                   18.5     0.4998458812152458   0.006882737810976087  6.644328181182228e-05     -9.964217120312041
                  18.75     0.5141597098363067   0.007155911664854762  4.981343852722895e-05     -10.21335869045362
                     19     0.5186283405229971   0.007343939437245298  6.449252912287173e-05     -9.929157513126373
                  19.25     0.5367007083472455   0.007521986420074604  2.523602127536253e-05     -10.84347966513914
                   19.5     0.5644013666638831   0.007763191887692576  2.236001652689909e-05     -10.93291434661696
                  19.75     0.5324683278460431   0.007868531641414376  4.665199392578615e-05     -10.18399517243555
                     20     0.5484472964690433    0.00801839647983354  3.379569332850501e-05     -10.48751046961718
                  20.25     0.4845189082513099   0.008011879054877612  4.565707828909053e-05     -10.18749833655442
                   20.5     0.4080484577338425   0.007987516957965976  3.171530787852965e-05     -10.55490290392282
                  20.75     0.4366790138825495   0.007960200954027625  2.183026948985129e-05     -10.93183054895343
                     21     0.4422323656815204   0.007948670824051287  3.673753496967769e-05     -10.41277860301984
                  21.25     0.4355250787820431    0.00791134573128211  6.447579560069265e-05      -9.85499452033433
                   21.5      0.409091018243726   0.007934544428544131  5.583098078676628e-05     -9.996027443423721
                  21.75     0.3962047416498578   0.007929966629152085  9.991212695744518e-05     -9.414642412675924
                     22     0.3410240419750694   0.008118823764395811   0.004748345151505656     -5.529845575139185
                  22.25     0.3487672668421611   0.008339263102604039   0.003492540851924162     -5.810222665817758
                   22.5     0.3230611125912516   0.008451881492876796   0.002434011597166683     -6.157897192736757
                  22.75     0.3207109342414949   0.008584426183878275   0.007359896975546328     -5.035831442921285
                     23     0.3401009709043407    0.00865670142886942   0.008650137677897452     -4.865918040414397
                  23.25     0.3315287993985001   0.008704869992033756   0.009586544417261226     -4.757583900080084
                   23.5     0.3491738587616066   0.008742680096435739   0.008279081890044563     -4.899878161152185
                  23.75     0.3272687070477271   0.008767523110368807    0.01166289930772577      -4.55435988727298
                     24     0.3373599833851992    0.00878327109546044    0.01953861760571752     -4.036585232799158
                  24.25     0.3357074044812121   0.008791906841158527    0.02764788501429956     -3.688446175528864
                   24.5     0.3628899847165081   0.008751004283762619   0.002791693039081668     -5.986010325502661
                  24.75     0.3838832087796908   0.008711906722904488  0.0001418828129842832     -8.969890174340755
                     25     0.3557768809624654   0.008672191781897525    0.01001041993041647     -4.718078927345057
                  25.25     0.3357713597874745   0.008632329724214936     0.0412739095527457     -3.306082034903367
                   25.5     0.3328411295052651   0.008595807571824814    0.05521553888946018     -3.019308022368727
                  25.75     0.3222301031210615    0.00859645508010283    0.04065981421689599     -3.325236873109402
                     26      0.347070718413291   0.008560549906086876    0.04348930606604781      -3.26214753064172
                  26.25     0.3517259383478093   0.008521101511992311    0.04413972981622112     -3.251921132731555
                   26.5     0.3969932212497111   0.008487401439958608  0.0002053822879471543       -8.6261263671715
                  26.75     0.3670298500235193   0.008454581435170779    0.01110873670537872     -4.639386664988464
                     27     0.3393097953583064   0.008410006466547581    0.09218516073464979     -2.528605616380081
      27.24999999999999       0.37026292566018   0.008377807527663124    0.01090335708439073      -4.66717005047833
      27.49999999999999     0.3544918331590265    0.00833604053746469    0.06140116120132898     -2.943809935419948
      27.74999999999999     0.3337226847601823   0.008293926812093979     0.1270611397930398     -2.221635106512009
      27.99999999999999     0.3431927154135702   0.008246808283780721     0.1532983907407693     -2.039614491237042
      28.24999999999999     0.3367189798922894   0.008194755539602108     0.2314164181183086     -1.634113885600274
      28.49999999999999     0.3306554269390283   0.008143756178547614     0.2456708970819944     -1.580582686313473
      28.74999999999999      0.338428444108972   0.008087304479703983     0.3793232580094111     -1.153142781430653
      28.99999999999999     0.3343306848849822   0.008015057969258135     0.4978408695148618      -0.89022452494091
      29.24999999999999     0.3438112552538721   0.007943732235893368     0.4914195107096122    -0.9121456470578796
      29.49999999999999     0.3361180658934993   0.007866585457909261      0.763322952607613    -0.4815217216600367
      29.74999999999999     0.3266467338583229   0.007805770538157693     0.5500215456252809    -0.8170063063299637
      29.99999999999999     0.3398711163276674   0.007727615495130666     0.9889774461103579    -0.2403551628843759
      30.24999999999999     0.3551504945549327   0.007688510811648674     0.2905793024655014     -1.470223393073843
      30.49999999999999      0.336937332739345   0.007602699316547136      1.420572695752294     0.1054917032130708
      30.74999999999999     0.3622355623701495   0.007562781714292545     0.1351215251682047     -2.252413396322186
      30.99999999999999     0.3234040187813929   0.007496338661316597     0.6792601489131268    -0.6464081180070411
      31.24999999999999     0.3771169827929689   0.007470613628879053    0.01937264452399687     -4.206987893975076
      31.49999999999999     0.3345480532592765   0.007394517445434981      1.747807003445995     0.2850289496517611
      31.74999999999999     0.3363166060506986   0.007322543329408308      2.242728590909353     0.5245792110759868
      31.99999999999999     0.3396791726460429   0.007263694379031529      2.604870917888985     0.6661999379215366
      32.24999999999999     0.2901333012460337   0.007255800822084177      3.665076448893563       1.00657870521353
      32.49999999999999      0.262239192592651   0.007232063861900941      0.939415898201355    -0.3580442796616628
      32.74999999999999     0.2711276610576195   0.007371820455768563       5.75565228411365      1.473775311106867
      32.99999999999999     0.2950255686447741   0.007324179937148142      2.119977270752358     0.4685148105214395
      33.24999999999999     0.2713617307648326   0.007411796568512176      6.171725277225483      1.548979532754897
      33.49999999999999     0.2976393313198466   0.007346928001016557      1.699924287391979      0.250794228627633
      33.74999999999999     0.3068871642901149   0.007302443933383001      0.550999661642208    -0.8818837578123847
      33.99999999999999     0.2824169827676649   0.007299896004525385      5.693040846930519      1.453032875555492
      34.24999999999999     0.2871312665357905   0.007264791379589227      5.217520177877186      1.360990056675886
      34.49999999999999     0.3011647185828634   0.007210559994065275      1.403337055453008    0.04032787730038551
      34.74999999999999     0.2812317615218101   0.007220091501853505      6.852498166361447       1.62740915639466
      34.99999999999999     0.3047619809108157   0.007172485124523243      1.009505049896476     -0.294359395381061
      35.24999999999999     0.2929473653615219   0.007100588285252893      3.868556158277487      1.038987237979524
      35.49999999999999     0.3159192903660663   0.007066973371100414     0.3544903354207563     -1.355713653732246
      35.74999999999999     0.3110533893219202   0.007029744999605307     0.5995511908193052      -0.83549523840151
      35.99999999999999     0.2959155548044569   0.006961626135457336      3.391040889564254     0.8874782571161431
      36.24999999999999     0.2799172304091671    0.00695098599776741      7.282319545489818      1.650261198618132
      36.49999999999999     0.2711093862282914   0.006901566640412729      5.926343700058879      1.437084129871414
      36.74999999999999     0.2764852658445871   0.006880263913105122      7.688765283028989      1.694345468499404
      36.99999999999999     0.2921877536676732   0.006818478395024509      4.446632462632246      1.137711646032283
      37.24999999999999     0.2931603461552236   0.006757874316028159      4.499848114664801      1.140680282798615
      37.49999999999999      0.302377046700823   0.006706803342447113      2.076416504357145     0.3596942575071743
      37.74999999999999     0.2816510896227374   0.006670587127052685      7.403591274270032      1.625601319494682
      37.99999999999999     0.3070939642894115   0.006631452557547748      1.205039153292371    -0.1957358238301465
      38.24999999999999     0.3101936932981809    0.00659652443217169     0.9087847628863702    -0.4831758396274541
      38.49999999999999     0.2914826603921101   0.006542041382931409      5.324163072861641      1.276433033229844
      38.74999999999999     0.3083416075759225   0.006504017520203046      1.276742885868913    -0.1573394709572454
      38.99999999999999     0.2753432759265878   0.006465819097178364       7.36511419721307      1.589212505126313
      39.24999999999999     0.2914249697207809   0.006413646087655972      5.502697462493225      1.289594589956581
      39.49999999999999     0.2876531985228285   0.006380430132117955      7.981037288608006      1.656232151542137
      39.74999999999999     0.2747792663489889   0.006347390142423253      8.398634990028381      1.702041167260046
      39.99999999999999     0.2822555081406712   0.006346581812080314       11.3295333074541      2.001257502558291
      40.24999999999999     0.2647422207242587   0.006300758307216001      3.868627434151925     0.9194980169084287
      40.49999999999999     0.2911812776478227   0.006261619084097613      8.536256606183363      1.704689615068562
      40.74999999999999     0.2799430770083102   0.006256584778286196      12.17764133572848      2.059164315171908
      40.99999999999999     0.2831381078660635   0.006238204329526523      11.98504425285939       2.04028018207279
      41.24999999999999     0.2728460351774812    0.00620269548480267      10.24808899659618      1.878003450606862
      41.49999999999999     0.2919856781760777   0.006157597684239562      8.247570427263174      1.653533627041336
      41.74999999999999     0.2841794299491655   0.006131414747173731       12.1124095787685      2.033584274697067
      41.99999999999999     0.2898522681274082   0.006092605077385588      9.998838203690589      1.835472908563829
      42.24999999999999     0.2651340065777117   0.006052238393708776      4.009789106751652     0.9150950827256558
      42.49999999999999     0.2698214562202879    0.00601003478308925      7.856079094840825      1.580646423723405
      42.74999999999999     0.2726546302792856   0.005971770088043327      10.07531709988264      1.823060210464166
      42.99999999999999      0.304763566444488    0.00594387798042031      1.771354448941516     0.0800345069277746
      43.24999999999999     0.2970625571183802   0.005905057535250221      5.392265713607479      1.186703093283048
      43.49999999999999     0.2807949337065981   0.005877539235540476        12.642437674641      2.034125649665544
      43.74999999999999     0.2878787176620968   0.005840918808323691      10.63916655920829      1.855358513176801
      43.99999999999999     0.3009077496279965    0.00580879619247374      3.527424863345633     0.7458697064451094
      44.24999999999999     0.3189911447692741   0.005802976142917885     0.3675054467695975     -1.516717976685499
      44.49999999999999     0.3007867175097266   0.005773235211427393      3.801130535030917     0.8144593988898231
      44.74999999999999     0.2831629494029261   0.005744124969440444      12.33122981757626      1.986240890701034
      44.99999999999999     0.2721425515909667   0.005710301730028786      9.680132097526352      1.738275660868036
      45.24999999999999     0.2776819445337365   0.005683110307653214      13.03617973250175      2.031155469088471
      45.49999999999999     0.2992271715972865   0.005650885011004157      4.496358044246731     0.9610081661793293
      45.74999999999999     0.2740927368529953   0.005619996239210756      11.62075869290461      1.905052284581832
      45.99999999999999     0.2776482131054011   0.005593385392004058      13.50549841279022      2.050609860534981
      46.24999999999999     0.2755813479235318    0.00556593466468118      13.17121714560859      2.020627102847314
      46.49999999999999     0.2682494993292472   0.005532399096523775      7.322818830680539      1.427545143042492
      46.74999999999999     0.2693020574913405   0.005500702291103655       8.54615164607236      1.576285103702505
      46.99999999999999       0.27457993607225   0.005474116010857608      12.85916277766496      1.980015665902648
      47.24999999999999     0.3054936327490489   0.005452676025669799      1.965436497598604    0.09774910746213165
      47.49999999999999     0.2712964085160198    0.00542234363577169      10.83804033783728      1.799518574717073
      47.74999999999999      0.287360656601632   0.005390739649125878      9.616410361867453      1.674081902049841
      47.99999999999999     0.2811573379998709   0.005364168579436146      13.05900750231171      1.975147767166285
      48.24999999999999     0.2685486580172241   0.005333585171411736      8.229443155350767      1.507670252725625
      48.49999999999999     0.2686614964844083   0.005303690446635105      8.624891950856886       1.54898357290956
      48.74999999999999     0.2797383918674482   0.005277892146563705       13.7151739451491        2.0079578590692
      48.99999999999999     0.2670043451365477   0.005250017922514201      7.259408156666636      1.366458043378666
      49.24999999999999     0.2820716624822112     0.0052241399433521      13.11990328430183      1.953348840599776
      49.49999999999999     0.2842105428168986    0.00519756580018656      12.22613287059675      1.877694348632763
      49.74999999999999     0.2653868058923863   0.005172717246661375      5.804990570301015      1.128044369390838
      49.99999999999999     0.2646837170744796   0.005149987720630648      5.466311975251231      1.063526740385675
      50.24999999999999     0.2681084305001328   0.005123218879045837      8.883096418930011      1.543861369448599
      50.49999999999999     0.2693243507232473   0.005096595069418242      10.26627810790087      1.683365485853958
      50.74999999999999     0.2795111657495939   0.005074765588775012      14.63348732798744      2.033521137942818
      50.99999999999999     0.2769102708898722   0.005053058277089207      15.01295282393586      2.054835258062552
      51.24999999999999     0.2547601990665069    0.00503972202740073     0.4742370648875942     -1.402768769576048
      51.49999999999999     0.2526272207942445   0.005027865947342764     0.2339011915434978     -2.111932633442353
      51.74999999999999     0.2713420893385012    0.00500428918694579      12.79899285685567      1.885590115438152
      51.99999999999999     0.2687743973832771   0.004979130418147595      10.67442834202638      1.699034516117715
      52.24999999999999     0.2789742828405363   0.004958278195291339      15.64456975261548      2.077110667110624
      52.49999999999999     0.2915027852254508   0.004935304932302096      7.511153088220651      1.338731703644272
      52.74999999999999     0.2813211666832394   0.004914542004284585      15.03645685762365      2.028604524067219
      52.99999999999999     0.2543527705377926   0.004903250056605886     0.4171786694976228     -1.558414174245358
      53.24999999999999     0.2749910888052721   0.004882667534149772      15.71841033966139      2.066452603401815
      53.49999999999999     0.2818058604032816   0.004861107803503218       15.2112162233808      2.029227668784201
      53.74999999999999     0.2792521698814506   0.004841421879690223      16.76164364189924      2.122229862526625
      53.99999999999999     0.2640186564446957    0.00482192599476053      5.572452679886829      1.016936975321868
      54.24999999999999     0.2704912664446978   0.004799972307780911      12.73297445043906      1.838733439286981
      54.49999999999999     0.2709822148667753   0.004778435918081233      13.46062202223026      1.889810063537999
      54.74999999999999     0.2545210057967388    0.00476803861033152     0.4522123748335165     -1.505740077561183
      54.99999999999999     0.2650048736859138   0.004747711433592129      7.198885812591078      1.257517212859059
      55.24999999999999     0.2735875892582491   0.004729192593431295      15.88587032318698      2.045112792661005
      55.49999999999999     0.2552027431190089   0.004717609828269509     0.6466180903528695     -1.158768908828254
      55.74999999999999     0.2532776576068685   0.004706960257232547     0.3643755730919345     -1.734599581444643
      55.99999999999999       0.27564791205307   0.004689652573831726      17.19216011194274      2.115740222677793
      56.24999999999999     0.2790106286754113   0.004671613817422668      17.40027163916367      2.123918649287587
      56.49999999999999     0.2651035625645738   0.004652207316729502      7.556651721420136       1.28569824540679
      56.74999999999999     0.2911830751002329   0.004634667258486742      7.287713286202408      1.245682474776222
      56.99999999999999     0.2507081972566302   0.004627883734834033     0.1818863680706427     -2.446345202681578
      57.24999999999999     0.2900713365270379   0.004609371242563315      8.325523141187876      1.373345580056962
      57.49999999999999     0.2721583796163629   0.004590295969793616      15.55939153513514      1.994537165565371
      57.74999999999999     0.2695336079231612   0.004571537479350616      13.20615132755154      1.826460556350475
      57.99999999999999     0.3044201669610945   0.004560099277854652       1.66577578497879    -0.2464364048342915
      58.24999999999999     0.2930501355039693   0.004546338442767894      6.381559400629535         1.093662907362
      58.49999999999999     0.2710160170843425   0.004531386512383795      14.97343413037674      1.943233787563262
      58.74999999999999     0.2948064587932919   0.004515299058096944      5.507808143839769     0.9395664178037303
      58.99999999999999     0.2776554224377407   0.004498546743219832      17.71725885834941      2.104221888486366
      59.24999999999999     0.2982240748657694    0.00448657765423038      3.900320891261838     0.5880772741639722
      59.49999999999999     0.2926708386708455   0.004472939808084529      6.849705247358629      1.148179737979629
      59.74999999999999     0.2852200653207769   0.004455904539049673      12.49666173095341      1.745619875074121
      59.99999999999999     0.2933853425392586   0.004439348461044958      6.806525315723087      1.134317628552457
      60.24999999999999     0.2540246676738114   0.004433335699436064     0.4310853187365283     -1.626368724321594
      60.49999999999999     0.2599484583145575   0.004421229824222228      2.687731488098814     0.2010436715883347
      60.74999999999999     0.2796464434182354   0.004408517713383041       16.9634855368101      2.040529886509558
      60.99999999999999     0.3004838910201894   0.004398176009248266      3.131809050792744      0.348728969290196
      61.24999999999999     0.3118776650884753   0.004389975680440085     0.5800529933211168     -1.339383875936416
      61.49999999999999     0.3188900439951429   0.004390605002889307     0.2015805074926191     -2.396171156447341
      61.74999999999999     0.3298213705866395   0.004389476614864818     0.4108595919034058     -1.684365501963915
      61.99999999999999     0.3127941797972116   0.004386254734263221      0.527343425828752     -1.435499304934144
      62.24999999999999     0.3302699509906336   0.004384091327130964     0.4442820226371692     -1.607385102152837
      62.49999999999999     0.3175555120650002   0.004379645483519353     0.2590107329080458     -2.147989748489662
      62.74999999999999     0.3297603074033176   0.004375686777325045     0.4655056974440054     -1.562639209193295
      62.99999999999999     0.4109768430127397   0.004410728090130286  5.544669885351688e-05      -10.5901203554815
      63.24999999999999     0.3743603525166166   0.004447928389281975   0.006389402709299875      -5.83474778182246
      63.49999999999999     0.3843769745083997   0.004457724163732303   0.001529135148216148     -7.262486358821207
      63.74999999999999     0.4613458667661082   0.004550772215255608  4.080556804415907e-05     -10.86546682941861
      63.99999999999999     0.4923141075051165   0.004658907952998708   5.04450880984688e-05     -10.62991585327947
      64.24999999999999     0.5046066584515576    0.00479080328492184  5.039349146916567e-05     -10.60302218240322
      64.49999999999999     0.5131540057707056   0.004935171727314064   5.14354421078169e-05     -10.55286736926174
      64.74999999999999     0.5300259212753248   0.005080900681607414  4.229117748947262e-05     -10.71951526967556
      64.99999999999999     0.4810493941036056   0.005156305431939344   4.16067651744854e-05     -10.72109920947716
      65.24999999999999     0.4753387491101272   0.005187492418771525  4.244218346906042e-05     -10.69518912447685
      65.49999999999999     0.4810465247130468   0.005219314635500954  4.756001183102422e-05     -10.57522389141296
      65.74999999999999     0.5326592150088348   0.005242900219884174  4.512876141881863e-05     -10.62318771836993
      65.99999999999999     0.5404365618171986   0.005282339997447541  4.243833570995932e-05     -10.67716103066318
      66.24999999999999     0.5322486310203477   0.005314940604216815  5.049995708295991e-05     -10.49708798634271
      66.49999999999999     0.5139320507456024   0.005323041804563621  5.290492644425742e-05     -10.44904093963832
      66.74999999999999     0.4717232556877059   0.005319255070922169  4.501644345151995e-05     -10.61122120704432
      66.99999999999999     0.4782296242422018   0.005314258195763187  5.204853482958868e-05     -10.46701223001781
      67.24999999999999     0.4977552265211194   0.005312512230823934  5.253351580354659e-05     -10.45806611070089
      67.49999999999999     0.4765492004856553   0.005311807293646353  5.665804458584312e-05     -10.38261619298632
      67.74999999999999      0.496605699925698    0.00530420299018872   5.72054707294121e-05     -10.37443325015104
      67.99999999999999     0.4936627425684352   0.005305328801531463  5.990109280893448e-05     -10.32817581084639
      68.24999999999999     0.4981157460808457   0.005301493043598478  6.747217348288059e-05     -10.20987855397908
      68.49999999999999     0.4890373143011508   0.005300737268867746  6.170051225742998e-05     -10.29944415790549
      68.74999999999999     0.4969226404038098   0.005293976030856943  7.588186538478286e-05     -10.09383500508259
      68.99999999999999     0.5021968093508234   0.005287125182237266  7.329568799428271e-05     -10.12980587470449
      69.24999999999999     0.5200797116124047   0.005291751461137347   5.28626392938861e-05     -10.45573619143691
      69.49999999999999     0.5627501515206603   0.005295554974491072  3.520206380465994e-05     -10.86160981308184
      69.74999999999999     0.5529531405753252   0.005321161465600288  3.782279937821008e-05     -10.78497863030981
      69.99999999999999     0.5300869472014879   0.005318499602427028   5.58090682720653e-05     -10.39645470541256
      70.24999999999999     0.5171256562449867   0.005315613747989023  6.270908903106021e-05     -10.28042743181343
      70.49999999999999     0.5438409871670667   0.005310894765574314  4.530913338484817e-05     -10.60631335043171
      70.74999999999999     0.5443342777330269   0.005307952430379867  4.915750733373317e-05     -10.52534657659174
      70.99999999999999     0.5531477179726075   0.005304575535685164  4.422219361055098e-05     -10.63178577169714
      71.24999999999999      0.586259066016095   0.005313692343280751  3.264680830925072e-05     -10.93354826298294
      71.49999999999999     0.6317261920834784   0.005364636359348729  3.232699293973589e-05     -10.93385113982189
      71.74999999999999     0.6019869760107192   0.005387902417711814   3.22296724823673e-05     -10.93253862815742
      71.99999999999999     0.5909904908747033   0.005396701826343336  3.489427249480565e-05     -10.85147161147196
      72.24999999999999      0.531438174065563   0.005393389192544791  6.439036361079276e-05     -10.23944434085404
      72.49999999999999     0.5188520133807837     0.0053862635699283  6.979399304805098e-05     -10.16018243349796
      72.74999999999999     0.5189054922815798   0.005378060719806864  7.712824014666964e-05     -10.06178496823008
      72.99999999999999     0.5377647940267604   0.005369480508001046  6.520831777794727e-05     -10.23126411113511
      73.24999999999999     0.4645610749117582   0.005365207553715593  4.408510955326658e-05     -10.62352517385249
      73.49999999999999     0.5577014634073765   0.005362675274574747  4.399973778748022e-05      -10.6259356659085
      73.74999999999999     0.5574316276961806   0.005357967541105579  4.973097765830151e-05      -10.5043695644494
      73.99999999999999     0.5445128418709843   0.005349456742588014  6.022268013415206e-05     -10.31453826930023
      74.24999999999999     0.5376616369209404   0.005340965532096737  7.581992898121703e-05      -10.0858146880955
      74.49999999999999     0.5384490586003213   0.005332461081156272  8.329202199002647e-05     -9.993416666319085
      74.74999999999999     0.5771319253460405   0.005324728637480807  3.419522311050219e-05     -10.88513460000788
      74.99999999999999     0.5274454894591192   0.005317382264244453  7.934146046913071e-05     -10.04484036008294
      75.24999999999999      0.568069557139491   0.005309298459219812  4.027983192485144e-05     -10.72427170459941
      75.49999999999999      0.522482651119233   0.005303033674077568  8.609385849502479e-05     -9.965865182266102
      75.74999999999999     0.5474458878389329   0.005295770418026926  6.995663313453719e-05     -10.17479831835034
      75.99999999999999     0.5373980316949908   0.005287509916592404  0.0001022504647649065     -9.796809549249176
      76.24999999999999      0.527320718412175   0.005280148810263678  9.832299995563011e-05     -9.837370051352954
      76.49999999999999     0.5307790989259941   0.005272047774382089  0.0001150861868158226     -9.681482152083406
      76.74999999999999     0.5593235819165617   0.005264520851939575   5.74862977634388e-05     -10.37704555458447
      76.99999999999999     0.5010427294140808   0.005260221576028016  9.212089195762754e-05     -9.906307401338585
      77.24999999999999      0.588516968621286   0.005255495562667636  4.109727208425258e-05     -10.71436625977614
      77.49999999999999      0.550885579871435   0.005253731168458964  7.356539083135375e-05     -10.13246910458722
      77.74999999999999     0.5576293396663865   0.005245400914874452  7.282325185662122e-05     -10.14419533508396
      77.99999999999999     0.5773092559081706   0.005245604636429794  4.049094703827563e-05     -10.73111337634495
      78.24999999999999     0.5152305459270872   0.005238876265447849  9.715248061113555e-05       -9.8571935778903
      78.49999999999999     0.5398394508445363   0.005235894548518816  0.0001141439241212046      -9.69658445683387
      78.74999999999999     0.5119861551420603   0.005228759332328911  9.428356373166107e-05     -9.889101404007144
      78.99999999999999     0.5208292790761581   0.005223500768361675  0.0001191622698855639     -9.655928310276334
      79.24999999999999     0.5075991349693563   0.005221454233912619  9.287362742570529e-05     -9.905566633219447
      79.49999999999999     0.4896216574690824   0.005220344468605384  8.150776360980702e-05     -10.03632064479134
      79.74999999999999     0.5234025614219846   0.005215843299773911  0.0001310671755159188     -9.562171545470065
      79.99999999999999     0.4868108714055347   0.005210822339954336  8.162844890114993e-05     -10.03666678761178
      80.24999999999999     0.5028274775323301   0.005204145749790038   0.000108068278152644     -9.757363509385304
      80.49999999999999     0.4916312818439396   0.005212093332112862  0.0001062841146662429       -9.7724849076463
      80.74999999999999     0.5017157981173078   0.005206297491022992  0.0001248247909650664     -9.612802278810998
      80.99999999999999     0.5127648777360463   0.005199799983776551  0.0001301781838757901     -9.572057992022394
      81.24999999999999     0.4999535902140786   0.005192131773805526  0.0001426993009029876     -9.481698324743624
      81.49999999999999      0.518228358135905   0.005185278701491504   0.000160635594406213     -9.364620306791776
      81.74999999999999     0.5082377593829431   0.005178045750517745   0.000137669230609144     -9.520300664141924
      81.99999999999999     0.5263778157985015   0.005170830577574268  0.0001505205753605425      -9.43244919226578
      82.24999999999999     0.5019865608427803   0.005164363085671211  0.0001607624775052714     -9.367872547273695
      82.49999999999999     0.5601397348698844   0.005159439370709399  7.576409584038061e-05     -10.12112987410607
      82.74999999999999     0.5174742459854387   0.005153713760088901  0.0001844656160910136      -9.23240165266783
      82.99999999999999     0.5561505797708326   0.005147756938501399   9.52200107523129e-05     -9.894831118825904
      83.24999999999999     0.5416611352052327    0.00514149756852969  0.0001251989419162146     -9.622333909130774
      83.49999999999999     0.5531105861701389   0.005137288809784637  0.0001059258582000156     -9.790317439557125
      83.74999999999999     0.4650291161305902   0.005135738525971203  5.418885295461428e-05     -10.46088343209993
      83.99999999999999     0.5519213002507917    0.00513388852285782  0.0001173323501284131     -9.688708433374687
      84.24999999999999     0.4994574071073398   0.005127578728161507   0.000177232592414501     -9.277485793077393
      84.49999999999999     0.5500234985564744   0.005122049838333599  0.0001293287380038319     -9.593670071984555
      84.74999999999999     0.5065442606981304   0.005115743945466497  0.0001742815219821491     -9.296587542495402
      84.99999999999999     0.4753591122714015   0.005115225043730216  7.279063418332151e-05     -10.16977361853561
      85.24999999999999     0.4933295372785205   0.005113036040767393  0.0001503662519301297     -9.444714946892043
      85.49999999999999     0.4976502086468957   0.005110502640752435  0.0002025924579705256     -9.147088180956338
      85.74999999999999     0.5312534621244797   0.005103366749402972  0.0001608306478340614     -9.379329905951298
      85.99999999999999     0.5281195902753621   0.005097091342346378  0.0001813451680507935     -9.260510036341786
      86.24999999999999     0.5078767830572003   0.005092687417612866  0.0001929111510784049     -9.199546912472869
      86.49999999999999     0.5153500924626119   0.005085424990383614  0.0002116623365474705     -9.108211453358251
      86.74999999999999      0.466657550748364    0.00508150437445193  6.502807129743112e-05     -10.28915591215258
      86.99999999999999     0.4689753022952346   0.005077919854976744  7.606442013364204e-05      -10.1330999944386
      87.24999999999999     0.5032012423772181   0.005072354192853227  0.0002376713647688504     -8.994888362554731
      87.49999999999999     0.4902907339038223   0.005068673910305125  0.0001507624222017792     -9.450797847272858
      87.74999999999999     0.4725988447980763   0.005063317120759709  8.786691733744985e-05     -9.991737116600778
      87.99999999999999     0.4939412277663391   0.005057647916171058  0.0002101187934069556     -9.121007719192439
      88.24999999999999     0.4825392696166989   0.005051320685786985  0.0001020749504621632     -9.844225226457239
      88.49999999999999     0.5731012729874354   0.005052527011423003  4.790545063686597e-05     -10.60046450301312
      88.74999999999999     0.5265322558272757   0.005057775703206169  0.0002059852509419144     -9.140850938224657
      88.99999999999999      0.481418385498339   0.005054591736087989  0.0001085252436977176     -9.782302417824747
      89.24999999999999     0.5777630970406362   0.005054769942182413  5.163428016309448e-05      -10.5250641727407
      89.49999999999999      0.540995950561701   0.005054161161209119  0.0001555471572726829     -9.422421465229965
      89.74999999999999     0.5548480189767107   0.005056800863336561  0.0001466531381635317     -9.480778072289397
      89.99999999999999      0.499650493811827   0.005051892062079078  0.0002776479826853103     -8.843465408526981
      90.24999999999999     0.4787991899839118   0.005049005488021018  0.0001127792180073645     -9.744958933993884
      90.49999999999999       0.48866732356433   0.005048440483301642  0.0001795530124293342     -9.280032430788648
      90.74999999999999     0.5106983338421247   0.005046713075950418   0.000234068979099057     -9.015229299670361
      90.99999999999999     0.4948967331328721   0.005040461162515829  0.0002742470233784962     -8.858055485575088
      91.24999999999999     0.4687836855809395   0.005041468197798245  9.643744356200371e-05     -9.902990415746473
      91.49999999999999     0.4444636665130909   0.005058944741413219  4.498674027012238e-05     -10.66205661128137
      91.74999999999999     0.4319790025261395   0.005069769959484505  4.740662258418085e-05     -10.60752492979059
      91.99999999999999     0.4743118986787762   0.005069376252372167  0.0001197185404683394     -9.681221034799629
      92.24999999999999     0.4539942142611527    0.00506364482313307  4.187143121831284e-05     -10.73289200274266
      92.49999999999999     0.4499180732924085   0.005061074524155874  4.766698893086874e-05     -10.60376438972506
      92.74999999999999     0.4554792027661667   0.005060371727411713  5.250581091914908e-05     -10.50721851722573
      92.99999999999999     0.4370209448485665   0.005057451985203928  6.041510698254847e-05     -10.36748032388278
      93.24999999999999     0.4149786546718411   0.005059837853139936  5.038331437815552e-05     -10.54858781509892
      93.49999999999999     0.4689138373873157   0.005063358138631343  0.0001176535187674943     -9.699808358953723
      93.74999999999999     0.4638675631586653   0.005056738786482058  9.852370776612147e-05     -9.878563335276617
      93.99999999999999     0.4436825050661088   0.005050682120245811  6.297074541855371e-05     -10.32738874179912
      94.24999999999999     0.4448468493969721   0.005048531683638276  6.971425344966149e-05     -10.22608007010899
      94.49999999999999     0.4611906430257365   0.005042340173256757  9.068127917737467e-05     -9.964361082938902
      94.74999999999999     0.4344096186647429   0.005038236216227994  7.253598262906557e-05       -10.188443494789
      94.99999999999999     0.4318651366060298   0.005035064666761823  7.151546268290873e-05     -10.20324225223436
      95.24999999999999     0.4404588806516423   0.005032682267544926  9.766653319727202e-05     -9.892070259654389
      95.49999999999999     0.4111690512063232    0.00503107120275282  6.586177897845475e-05     -10.28639109707713
      95.74999999999999     0.4502669607505334   0.005025854681253166  7.321268307016432e-05     -10.18161811214091
      95.99999999999999     0.4257130594094339   0.005021724308201847  5.486251800946816e-05     -10.47097856369423
      96.24999999999999     0.4529003108924812   0.005017038771206905   7.96432969809828e-05     -10.09918455905549
      96.49999999999999     0.4374140402840052    0.00501091660759558  0.0001133064037400185      -9.74786776876984
      96.74999999999999     0.4146256583993249   0.005006114888601552  6.652692504743135e-05     -10.28131541281449
      96.99999999999999     0.4251256189488636   0.005004093364039741  6.299186697430645e-05     -10.33632043666463
      97.24999999999999      0.417978732419371   0.004999630109095163  6.752435295661704e-05     -10.26773006051844
      97.49999999999999     0.4601727913878904    0.00499545328198226  0.0001036885331837381     -9.839662621960937
      97.74999999999999     0.5622405668675083   0.005021492606478561  0.0001025425386634454     -9.845577364076075
      97.99999999999999     0.5744400537979418   0.005085979430526091  6.049654407174867e-05     -10.36050844610523
      98.24999999999999       0.55756513101189   0.005106723525519715  0.0001575561130114723     -9.399242631662204
      98.49999999999999      0.583060416369716   0.005149436499145612  5.383103435911215e-05     -10.46484487066224
      98.74999999999999     0.5522983381329917   0.005169453493920212  0.0001831174085363006     -9.236687809807915
      98.99999999999999     0.5252805912087499   0.005173489251200295    0.00023512969139612     -8.985897704796471
      99.24999999999999      0.509120612191811   0.005170491588880904  0.0002718691382893467     -8.841293699203467
      99.49999999999999     0.5663958317806607   0.005171482004210009  8.497102786405385e-05     -10.00411265763007
      99.74999999999999     0.5347446842807345   0.005171944920901952  0.0002057149236097378     -9.119842153623003
      99.99999999999999     0.4822000904674785   0.005166311436710136  0.0001525997757366171     -9.419604681447243
                 100.25     0.4547884352690996   0.005168390605872855  9.285823225637735e-05     -9.915947018375718
                  100.5     0.4589943067880657   0.005166036275168354  0.0001164952168612769     -9.689626377655401
                 100.75      0.473120962481632   0.005166765940076341  0.0001547915188595302     -9.405256188182506
                    101     0.4744656350988256   0.005161146219305045  0.0001722652526907433     -9.299388163337634
                 101.25     0.4756874834490793   0.005155049397579037  0.0001905721035019845     -9.199574990477753
                  101.5     0.4625514364632324   0.005151052007672242  0.0001525032805996949     -9.423195234294587
                 101.75     0.4689602872659724   0.005149147707009755  0.0001991643942725334     -9.156620516631223
                    102     0.4726066485843676   0.005144175279381508  0.0002300924695703627      -9.01323597876789
                 102.25     0.4469675677487787   0.005142719607236537   0.000105267130333765     -9.795499045548723
                  102.5     0.4543697371192716   0.005139441193810781  0.0001275264393872016     -9.604314242145902
                 102.75     0.4572438678550264   0.005135697278725985  0.0001560776647857901     -9.403012951242667
                    103     0.4721165709448548   0.005131290873110969  0.0002564026845891016     -8.907475854366927
                 103.25     0.4499659345695242   0.005128470403911984  0.0001378353122534334     -9.528715278512502
                  103.5     0.4433002098530197   0.005123449108415268  0.0001350205961349589     -9.550327112388754
                 103.75      0.465716678084071   0.005117825486735381  0.0002411235946874509     -8.971543027114771
                    104     0.4641434523370565   0.005113076290446146  0.0002515789184659703     -8.930024341090139
                 104.25      0.440506414752404   0.005108694828477401  0.0001516237351564301     -9.437236327658331
                  104.5     0.5009500426304446   0.005104731131751897   0.000353094258122164     -8.592679485322828
                 104.75     0.4682789319735688   0.005099296941094214  0.0003089462997809903     -8.727312159170403
                    105     0.4262610054000275    0.00509497575859606   7.60682890221649e-05     -10.12969592400014
                 105.25     0.4859137431859983   0.005097687169523021   0.000211249949968364     -9.107753339289978
                  105.5     0.4829944563648862   0.005092957725146626  0.0002300947611536444     -9.023232333012514
                 105.75     0.4422048213570657   0.005087388394992773  0.0001694562305006395     -9.330223029623721
                    106     0.4324163591123799   0.005086358467256534  0.0001266348757519736     -9.621712212051708
                 106.25      0.442703062959245   0.005080992135388886  0.0001944349507267725     -9.193978101069996
                  106.5     0.4415720142979013   0.005076676271439183  0.0002201503857960564     -9.070614654583235
                 106.75     0.4185006364605061   0.005072209093632035  7.998967779399046e-05     -10.08390826924456
                    107      0.455090831951929   0.005069694091138606  0.0002005414203724677     -9.165281019850072
                 107.25     0.4942716386872441   0.005065836702563313  0.0003524232456299242     -8.602230136678456
                  107.5      0.480467952309935   0.005061671302888946  0.0002687951356419597     -8.873936071696813
                 107.75     0.4650183769728929   0.005056438814798205  0.0003323850710889862     -8.662625715924245
                    108     0.4744135699740512   0.005051535976126462  0.0003478544036923962     -8.618105946623803
                 108.25     0.4473667187164331   0.005046443682346286  0.0002192087492308873     -9.080874066847739
                  108.5     0.4839316964674609   0.005041156429335674  0.0003012541499458871     -8.763992542896354
                 108.75     0.4453367114353625   0.005037360103317048  0.0002535180754751952     -8.937265029416492
                    109     0.4463257406239826   0.005032123030079113  0.0002793856847400843     -8.841147130959722
                 109.25     0.4567851370775415   0.005027266128491224  0.0002560840305803872     -8.929200351182772
                  109.5     0.4899058223602882   0.005022142039556745  0.0003548043685978974     -8.604159202383384
                 109.75     0.4686709975650549   0.005016932968273526  0.0004124792503391882     -8.454577622592728
                    110      0.465228558971533   0.005011869739128953  0.0004292757309092034     -8.415673820633508
                 110.25     0.4721857949513577   0.005006387662375206  0.0004642122253844755     -8.338525849877056
                  110.5      0.444940765414157   0.005002079163044467  0.0003183006166279743     -8.716732379240094
                 110.75     0.4531285860876648   0.004996767714100548  0.0003008428601035881     -8.774202994206378
                    111     0.4672108434408315   0.004991755815417031   0.000516733472793221     -8.234267379632261
                 111.25      0.507098793255902   0.004989441948689171  0.0003477502664674115     -8.630773642744714
                  111.5     0.4684212181829915   0.004985319227802924   0.000577202824514438     -8.124891149987938
                 111.75      0.471402577287546   0.004980660462171033  0.0006029787189393531     -8.082137900090222
                    112       0.46891577834161   0.004975326334707153  0.0006940366727059595     -7.942566544387128
                 112.25     0.5075249414481513   0.004971840717672847  0.0003822412407229477     -8.539740242621161
                  112.5     0.4830915180964273   0.004968705506362275  0.0003641030251495647     -8.588986100988144
                 112.75     0.5231554626415151   0.004965653430315207  0.0002817016147875469     -8.846189006075969
                    113     0.4666243693204272   0.004969269224504902  0.0007327294747837765     -7.889532949428569
                 113.25     0.4770742062857824   0.004964186539338561  0.0005237041499522586     -8.226405938773114
                  113.5     0.4773099528574209   0.004958990366586107  0.0005801398345784643     -8.125110975913257
                 113.75      0.478354606437399   0.004954225148206839  0.0006085854660165382     -8.078204175427265
                    114     0.4973057972642334    0.00494976901551293  0.0004490149973343638     -8.383185108609855
                 114.25     0.4869166106477377   0.004944799956450983  0.0004418361453471686     -8.400306697370201
                  114.5     0.4576234877283308   0.004940228677755539  0.0003845196884236956     -8.540175695318915
                 114.75     0.4458116790216145   0.004940133272448232   0.000391691330211411     -8.521715893644496
                    115     0.4678895722697111   0.004935474000242063   0.000880281870150388      -7.71289142926059
                 115.25     0.4820638463460702   0.004930596387853431  0.0005903047764158913     -8.113483383763983
                  115.5     0.4709424526132449   0.004925515967191711  0.0009784787075134518     -7.609154249074659
                 115.75      0.500541488063362   0.004920530330829287  0.0005057163844308194     -8.270189986806416
                    116      0.510120413293045   0.004916843569067841  0.0004060776616484642     -8.490371109611528
                 116.25     0.4914998717495147   0.004912747120827987  0.0005042919339645173     -8.274593694527868
                  116.5     0.4944279413895578   0.004908002162678112  0.0005694799177337045     -8.153991822609978
                 116.75     0.4851527298560707   0.004903578800180652  0.0006154891115108203     -8.077199748486917
                    117     0.4590621247353221   0.004899321218436668  0.0005053968927146226      -8.27514159395305
                 117.25     0.4261636762504254   0.004895796218344502   9.27318792499358e-05      -9.97149307668367
                  117.5     0.4498732639796109   0.004893405492557055  0.0004202982697258962     -8.460729203301131
                 117.75     0.4940155812688335   0.004888846850603746  0.0006462886845893881     -8.031379567453264
                    118     0.4714923454598992   0.004884697082967727   0.001090930774695052     -7.508688502866725
                 118.25     0.4882283674107367   0.004881201889246245  0.0006893239319843938     -7.968479522521305
                  118.5     0.4932868831036782   0.004876795205474575  0.0007733591494368864     -7.854350467121088
                 118.75     0.4787552725718808   0.004873425374909364  0.0008838307852721101     -7.721519632194269
                    119     0.4862933473702842   0.004869018344039027  0.0008432602636852507     -7.769414319230531
                 119.25     0.4999066048085375   0.004865285528906488  0.0006969975364259312     -7.960675028835734
                  119.5     0.4784137136881365    0.00486061377202414   0.001042331583923817     -7.559202198481215
                 119.75     0.4621939480110826   0.004856626102318008  0.0007777939793746449     -7.852776649078379
                    120     0.4801313968111033   0.004852547420011725   0.001127074849918379     -7.482697574067178
                 120.25     0.5334514108604033   0.004848749581639818   0.000260975081230135     -8.946436527348256
                  120.5     0.5159538444441117   0.004851272903681626  0.0003550604471328339      -8.63805313591318
                 120.75     0.5383595801948258   0.004850420322499238   0.000242377808444033     -9.020019243080874
                    121     0.5193322547536264   0.004848416756901217  0.0003614742641299482     -8.620739252439785
                 121.25     0.5111082798428619   0.004845660169925681   0.000481362625935323     -8.334877929206584
                  121.5     0.5163753383101527   0.004841756875190651  0.0004576080001121745     -8.386291741108327
                 121.75     0.5326593087891077   0.004844813367366208  0.0003132959263759991     -8.764525389892853
                    122     0.5935979934800472   0.004856713966037892  4.883327459473811e-05     -10.62080830188653
                 122.25     0.4894468496960744   0.004858907038082119   0.001001649413122896     -7.599365452734283
                  122.5     0.5232853871287224   0.004854422139156775  0.0004100614638000403     -8.493385178420006
                 122.75     0.5669137878507918   0.004851316802742241  0.0001009981657544041     -9.895229779741623
                    123     0.5721138143866344   0.004855125300201145  8.894731567017323e-05     -10.02150316379906
                 123.25     0.5308646732227025    0.00485390438328223   0.000378301608662765     -8.574107116842816
                  123.5     0.5490861797025652   0.004849900938816599  0.0002103089210533855     -9.162046527219733
                 123.75     0.5773026087806711   0.004854171347090722  8.669970933532877e-05     -10.04729337127686
                    124      0.534602186158734   0.004856928291745465  0.0003831830436547222     -8.560663314250304
                 124.25     0.5529770107873745   0.004853076259083224  0.0002559830810861783     -8.964858172498428
                  124.5     0.5672437951360674   0.004852257711700714  0.0001204881513904105     -9.718586785801568
                 124.75     0.5254746121171693   0.004848227785930812  0.0004647708647009711     -8.369424556123606
                    125      0.527478734743005   0.004844772468129729  0.0005076941364503861     -8.281802854705539
                 125.25     0.5657766984169161   0.004841633833338646   0.000145021433137919     -9.535448530510992
                  125.5     0.5498747900192764   0.004838264284662677  0.0002713674009108082     -8.909552646215602
                 125.75     0.4779344506091277   0.004839474055206658   0.001326212710644757     -7.322693687696412
                    126     0.4801405002520863   0.004842763660527305   0.001439684295196199     -7.239917618293612
                 126.25      0.476548545482855   0.004841349876545368   0.001591523575214046     -7.139941667616751
                  126.5     0.4784564390449055   0.004842612539478281   0.001752622196305468     -7.043259610077315
                 126.75     0.5404441480879884   0.004839539686541866  0.0003168527299256701      -8.75432560770744
                    127     0.5281776637968831     0.0048412160084508  0.0005635889599381958     -8.178091187438296
                 127.25     0.5739931137772204   0.004839229680614869  0.0001177864204596419     -9.743953769886208
                  127.5     0.5985415920719808   0.004861582772687878  4.681194004528883e-05     -10.66207995154749
                 127.75     0.5973762643200863   0.004874816254465426  5.504384450898788e-05     -10.49736985649154
                    128     0.6004418261886071   0.004877353529281236  5.734427570113092e-05     -10.45590652101333
                 128.25     0.6255972930832014   0.004880101527710349  3.788619491002592e-05     -10.86982948954361
                  128.5      0.589406948654096   0.004882253176865346  6.716923838921502e-05     -10.29676009885258
                 128.75     0.5711651838827509   0.004879261579301465  0.0001447935272589042     -9.529279638988333
                    129     0.5665221629406902   0.004875050216791559  0.0001762732194939245     -9.333416729287157
                 129.25     0.5956644272716205   0.004876015487843488  7.457088395527871e-05     -10.19350378591401
                  129.5     0.5958189985412856   0.004880187635437813   8.67369788488966e-05      -10.0415183325419
                 129.75     0.5819415044885162   0.004876887544709127  9.042419707018039e-05     -10.00056319293169
                    130     0.5090855883551348    0.00487471532224143  0.0005903526865367766     -8.124800469986518
                 130.25     0.5367146550148567   0.004875645687657563  0.0004433815211014471     -8.410899144104711
                  130.5     0.5533427640965469   0.004876762103585481  0.0003165372869717117     -8.747659768120968
                 130.75     0.5319358328468291    0.00487274256474199  0.0006031009232405127     -8.103840824548163
                    131     0.5671576005524354   0.004869727050247969   0.000193168987861332     -9.242979030464246
                 131.25     0.5644804720505732   0.004865436457894947  0.0002234076633171123     -9.098427694754751
                  131.5     0.5004076542338283   0.004863609334581928  0.0007921877122119981     -7.833003111575862
                 131.75      0.500640979397792   0.004863664581049487  0.0008660896877262554     -7.743801657887394
                    132     0.5133964897800058   0.004864619236123548  0.0006107175724378092     -8.092959248699421
                 132.25     0.4807172304072673   0.004863240559135403   0.001841657549716996     -6.989456024635897
                  132.5     0.5442206517635013   0.004860723860941827  0.0003270630269422381     -8.718242044719398
                 132.75      0.547063112407891   0.004856877769877228  0.0003521859999134322     -8.645027067223142
                    133     0.5163206364295384   0.004854453974732692  0.0006393602148632099     -8.049217668474981
                 133.25     0.5213220763777046   0.004851339957790521  0.0006547830908997127     -8.026023340782713
                  133.5     0.5394757702023283   0.004847687925077311  0.0004961820403788273     -8.304137558300361
                 133.75      0.520642691469489   0.004843854172163861  0.0007441420311368598     -7.899639670310131
                    134      0.514204216318277   0.004842971450867785  0.0008118396785750746      -7.81275096042304
                 134.25     0.5094222472197544    0.00484265120806834  0.0008327353957131451     -7.787404028870107
                  134.5     0.5331309612987026   0.004838424670493321  0.0006931227983909366     -7.971785941196483
                 134.75     0.5197679675692337   0.004834196660598911  0.0009054266991957672     -7.705461021739691
                    135     0.5219316175129327   0.004829938875576814  0.0009644369508366988     -7.643204036546389
                 135.25     0.5050573800591843   0.004826418268471054  0.0009039235626348027     -7.708732873928609
                  135.5     0.5203070451073452   0.004826354658743889   0.001102597949339025     -7.510066409401724
                 135.75     0.5200592053302079   0.004823526304862604    0.00122926555991849     -7.401904886024442
                    136     0.5108501615987822   0.004820152465192429    0.00108377385964981     -7.528572206367111
                 136.25     0.5050399172313261   0.004817516892221396   0.001078243219289656     -7.534235334776977
                  136.5     0.4617584860555358   0.004816105748572609  0.0008745327228602035     -7.743926931168023
                 136.75     0.4927547364075883   0.004816041826380335   0.001120153779346231     -7.496408658688823
                    137     0.4859178737424563   0.004812551623137015   0.001566607932757035     -7.161686874349208
                 137.25     0.4804031213746559   0.004809267625350991   0.002190050538524159     -6.827357598209952
                  137.5     0.4840970202330107   0.004805945496702066   0.002112382056192609     -6.864156986532254
                 137.75     0.4527474995279274   0.004808618060083095  0.0005280195671380129     -8.250039230154337
                    138      0.495497925131788   0.004810966828079345   0.001245250412896212     -7.391592318180801
                 138.25     0.4950243518546511   0.004806920981421711   0.001405111538207915     -7.271653593601852
                  138.5     0.4728611392555672   0.004806844435195864   0.001909180571911746     -6.965112074096376
                 138.75     0.4678995182320445   0.004807003507532223   0.001585157638890669     -7.151069252726344
                    139     0.4968035256712227   0.004804622639825618   0.001488334140321266     -7.214591058095025
                 139.25     0.5121850467161304   0.004802434268319875   0.001300132756442987     -7.350237722216949
                  139.5     0.5089167424665821   0.004798334524508992   0.001406880594513601     -7.272183237538614
                 139.75     0.5125758254526106   0.004794915807767493   0.001564853883105075      -7.16647842635868
                    140     0.5020370379031145   0.004790792568344326   0.001504429965825302     -7.206717103347482
                 140.25     0.4612045078160041   0.004792396760543447    0.00105003621699695     -7.565971720627823
                  140.5     0.4254099160722187   0.004791852872863426  0.0001055832628012386     -9.863165289195074
                 140.75     0.4215568749900329   0.004802702429570217  0.0001087046530131381     -9.831768944523478
                    141     0.4586638010807228   0.004801592492447915  0.0009415442587024723     -7.673113321533881
                 141.25     0.4126218986858293   0.004803619445489283  0.0001085623144215553     -9.832888289901067
                  141.5     0.4340854941018307   0.004806444580332778  0.0002218329359165247     -9.117700113427251
                 141.75     0.4260692956108543   0.004809863610463172  0.0001395404852706084     -9.580558804936112
                    142      0.401703596238029   0.004812679529288794  9.908389662568556e-05     -9.922361373760566
                 142.25     0.4255434639225635   0.004815984381111908  0.0001522641103844686     -9.492025263172566
                  142.5     0.4116918104342954   0.004819038718592725  0.0001222429667081284     -9.710997242532924
                 142.75     0.4140481686579403   0.004820785682628515  0.0001400640337712558     -9.574545687794034
                    143     0.4087060145662894   0.004818713202617068  0.0001382055502873342     -9.588333315584928
                 143.25     0.4143002376675706   0.004818244867007885  0.0001706942071934282     -9.377298889488767
                  143.5     0.4100931165293766   0.004814709132151848   0.000181692693180562      -9.31558991370696
                 143.75     0.4288612059596453   0.004812772578837511  0.0001800733109097922     -9.324944920815296
                    144      0.443582957718678   0.004808981674639181  0.0005058214104598336     -8.292913294506324
                 144.25     0.4284727503688865   0.004805040247747823  0.0002034935807056804     -9.204282430838232
                  144.5     0.4081112331635195   0.004803363933698748  0.0001859867035580991      -9.29459063250267
                 144.75     0.3981780231323769   0.004802143303873773  0.0001413432409951505     -9.569328704008186
                    145     0.4406473932649225   0.004799678667205494  0.0004926587304890394     -8.321216633952785
                 145.25     0.4390429521064284   0.004796819279232322  0.0004927822999330507     -8.321561767054046
                  145.5     0.4202132372937351   0.004793101871463148  0.0001872783341442583     -9.289808607077735
                 145.75     0.4309948058389326   0.004790908839341425  0.0002836189374983049     -8.875230611338868
                    146     0.4594039811732892   0.004787193772051628   0.001107763328789814     -7.513539678674491
                 146.25     0.4518524100980629    0.00478360413147177  0.0007221205073999321     -7.942196011881192
                  146.5      0.416483855179993   0.004781822927980356  0.0002280875628288092     -9.095030867178846
                 146.75     0.4370429490488356   0.004777891654539981  0.0004986394687780541     -8.313699609486054
                    147     0.4300192184842305   0.004774647511348243  0.0003346766427925075     -8.713097337513723
                 147.25     0.4537024984383976   0.004770997930019029  0.0009077839443989718     -7.716020413132044
                  147.5     0.4594891250525671   0.004767790087842702   0.001338477861708856     -7.328411082599462
                 147.75     0.4470172919535251   0.004764260888432227  0.0007808623753824436     -7.868040978507719
                    148      0.414153269936074   0.004762366877792025  0.0002749008405965406      -8.91242706850327
                 148.25     0.4488325227003637   0.004759347235795981  0.0009084239285150396      -7.71776063461601
                  148.5     0.5152646700043533    0.00476335336936514   0.001707507159317658     -7.085840615517766
                 148.75      0.439599699819765   0.004761668838310882  0.0007468646546413087     -7.913100122808649
                    149     0.4527132635093057   0.004758778740089561   0.001160935512237397     -7.472609806132617
                 149.25     0.5258952230323821   0.004761397282816277   0.001135059839574581     -7.494600486794002
                  149.5     0.5169918870731818   0.004767179997000049    0.00183787205630342     -7.011463684699502
                 149.75     0.4983464047838617   0.004772997433025806   0.001743048312964043     -7.063217045759761
                    150     0.5138157492165938   0.004776421133731073   0.002051711643953944     -6.899461088079353
                 150.25     0.5062171268847749   0.004775208816154605   0.001860832281389962     -6.997365475542186
                  150.5      0.547050016776899   0.004778367030043405  0.0004331116611457296     -8.454487874074378
                 150.75     0.5387402092539353   0.004784937601004931  0.0006440614840699196     -8.056315131405929
                    151     0.5043862314632587   0.004788947585189342   0.001984469520623936       -6.9301647195354
                 151.25     0.5118574569090063   0.004785828634947457   0.002416648630925518     -6.733786129941591
                  151.5     0.5294414789408396   0.004785277470240402    0.00102820319949562     -7.588470207293169
                 151.75     0.5609406978784205   0.004790131901052634  0.0002734093169082516     -8.912054359943806
                    152     0.5869851858139821    0.00480897116699348  9.421417287804396e-05     -9.973528517299908
                 152.25     0.5919549701500331    0.00483497606697292   0.000104173401535113     -9.867649297294406
                  152.5     0.6112605467504981   0.004853845203272516   3.80764890799588e-05     -10.87021408600044
                 152.75     0.7026800760463247   0.004921687490299252  3.523640256613942e-05     -10.93385113982189
                    153     0.6522022804698837   0.004959997399891557  3.496743411239944e-05     -10.93375991845062
                 153.25     0.6769138049928581   0.004995730343163203  3.471415584915436e-05     -10.93385113982189
                  153.5     0.6510153703910115   0.005008815567932042  3.971887554576865e-05     -10.79655630657486
                 153.75     0.6893976295937543   0.005037375908645252  3.479469769223532e-05     -10.92323200593306
                    154      0.656954519898417   0.005049302132464467  4.072860989715435e-05     -10.76340147586834
                 154.25     0.6804848957755122   0.005062196323203772  3.955870588151448e-05       -10.789996070879
                  154.5      0.687688331751121   0.005076414237354638  4.215496862576255e-05     -10.72362459870721
                 154.75      0.648550665998361   0.005084723760182062  4.526068688111532e-05      -10.6509027893825
                    155      0.723412692993923   0.005094035317993507   3.40449749153472e-05     -10.93382955747622
                 155.25     0.7099064262673285   0.005111080703257001   3.59853347748963e-05     -10.87505995152101
                  155.5      0.705941466651032   0.005124830971721095  4.265060517700831e-05     -10.70244330282005
                 155.75     0.6791003448546086   0.005129305798932561  4.785690159390261e-05     -10.58639663977297
                    156     0.7202596062432575   0.005130945312407798   3.91811164391026e-05     -10.78609748851952
                 156.25     0.7107851476884962   0.005142843998063295  4.678803752394336e-05     -10.60634851413609
                  156.5     0.6533204383491021   0.005140635531957672  5.482220304448613e-05     -10.44831031627329
                 156.75     0.6435981646826544   0.005136985192573567   4.42920501385107e-05     -10.66231073457813
                    157     0.6448674977931326   0.005133017106587653  5.493262910917377e-05     -10.44778118403723
                 157.25     0.5882083737447248   0.005134003598758915   0.000127072228339128     -9.608940874099936
                  157.5     0.6803994638183878   0.005133231297380531  5.617400742179625e-05      -10.4253928174473
                 157.75     0.7176227389893184   0.005134788505715688  4.815786999397627e-05     -10.57905908134685
                    158     0.7333896252549251   0.005146924155924978  3.492725207006102e-05     -10.89791563831466
                 158.25     0.7080466377039585    0.00514744524883741  5.792008318936887e-05     -10.39201760162575
                  158.5     0.7120505087857173   0.005147766070946435  6.653500573064846e-05     -10.25329125032606
                 158.75     0.7694898655797747   0.005165286311894386  3.357462708573719e-05     -10.93385113982189
                    159     0.7370680549310817    0.00517526102382907  3.820814682530956e-05     -10.80264377156978
                 159.25     0.7224139089860385     0.0051756076291988  5.556481431852929e-05      -10.4280753959263
                  159.5      0.733606242915244   0.005174668118882716  4.707666563366776e-05     -10.59402964744092
                 159.75     0.7041143026992541   0.005173329665480178  6.797614111174218e-05     -10.22690901469001
                    160     0.7118934269731846   0.005171951917488087  8.585973190493125e-05     -9.993617204894631
                 160.25     0.7077733431031477   0.005168975056489476   0.000103276377806012       -9.8094992144519
                  160.5     0.7529524709005345   0.005167421133452749  3.366161221265035e-05     -10.93085047435835
                 160.75     0.7242363081455835   0.005169733366828324  6.355403076758383e-05     -10.29487077300921
                    161     0.6982484106014937   0.005167869495171151  5.653886658759657e-05     -10.41219348984983
                 161.25     0.6859469633099518   0.005166064255886995  5.955498941794905e-05     -10.36057109891691
                  161.5     0.7073881475451294   0.005162189906671897  0.0001229812422453422     -9.636189577737662
                 161.75     0.6239534767061077   0.005162223268832105  4.192845770585662e-05     -10.71225017872612
                    162      0.680841712311051   0.005163394186232988  7.286939012017843e-05     -10.15931949588891
                 162.25     0.6709203097859154   0.005159644802170372  4.441860117192074e-05     -10.65505624203487
                  162.5     0.6362293913790111   0.005167162649011763  4.437340252027363e-05     -10.65461833455183
                 162.75     0.6643052274982845   0.005169373611747516  4.173929116097799e-05      -10.7153878672211
                    163     0.6800352821525033   0.005165544373336445  8.718277720701846e-05     -9.979565013477385
                 163.25     0.7473546540297582   0.005163793216945638  3.834401864340766e-05      -10.8013123323287
                  163.5     0.7106456870495326   0.005166880555401717  0.0001432117065375398     -9.482989176419952
                 163.75     0.7399215833075075    0.00516634382052299  5.006314263896876e-05     -10.53413200095493
                    164     0.7530179898173166   0.005171156664306979  4.401435420114037e-05     -10.66197010715967
                 164.25     0.7620014185638074   0.005170591674216332  3.892401710515797e-05     -10.78498371725139
                  164.5     0.7286392683842644    0.00517062338478934  6.809813086829368e-05     -10.22563928489789
                 164.75      0.697014401150286   0.005167942804861247  6.842571859925273e-05      -10.2213588532705
                    165     0.6892592970128791   0.005164489948288996  7.637868778785448e-05     -10.11207226163416
                 165.25     0.6928534308805707   0.005161106296625065  8.093682915899579e-05     -10.05476239082835
                  165.5     0.6877381601507385   0.005157644853660536  0.0001077040555005801     -9.769715018814273
                 165.75     0.6690579437546204   0.005154871901951628  5.482083361400961e-05     -10.44556974436695
                    166     0.6676426787826405   0.005153108486235005  6.208426044697953e-05     -10.32148968538577
                 166.25       0.68262466272585   0.005149872116506764  0.0001237169258379029     -9.632614326997301
                  166.5     0.6794056261416188   0.005146356176324862  0.0001328703377242217     -9.561919635350243
                 166.75     0.6299901901595639    0.00515143690801962  5.325622774280132e-05      -10.4751918716962
                    167     0.6973948846153173    0.00514953093743601  0.0001006361380537931     -9.839165260624306
                 167.25     0.6824064993070096   0.005145910805592601  0.0001645521709925769     -9.348152259628939
                  167.5     0.6450329621455188   0.005146848631152739  7.036566164647594e-05     -10.19749231482489
                 167.75     0.6330890690950168   0.005146583263804825   6.37513494453732e-05     -10.29625890722592
                    168     0.6240035410796657   0.005149451333738982  5.913407204081296e-05     -10.37088486416276
                 168.25     0.6175984177470031   0.005152548640398603  4.836005898980901e-05     -10.57141658994435
                  168.5     0.6733828778065014   0.005151040536476423  0.0001107782727585042     -9.742852908357184
                 168.75      0.663935983404216   0.005147962160495884  7.476943140635747e-05     -10.13657223959942
                    169     0.6463016842256571   0.005144828112364493  8.640743385080169e-05     -9.992516637287881
                 169.25     0.7781068510335903   0.005150123862416843  3.533140947821805e-05     -10.88578918881588
                  169.5     0.7588552812893771   0.005171928577403774  4.889676284864412e-05     -10.55662546317271
                 169.75      0.788891947224073   0.005191613157135798   3.41739710769689e-05     -10.91107356556872
                    170     0.7418687226885639   0.005193735505936757  6.003527925672667e-05       -10.347196743408
                 170.25     0.7900850428166049   0.005203654852467404  4.028228746573701e-05     -10.74430921908807
                  170.5     0.7367217469551702   0.005214827709734901  8.181696484588476e-05     -10.03359164261544
                 170.75     0.7221853247240423   0.005213192238848844   9.54794009524261e-05     -9.879479400077994
                    171     0.6581008210763188   0.005214755659391169   7.54008102977946e-05     -10.11527205384709
                 171.25     0.7225036080076273   0.005214843165000212  0.0001115237310350581     -9.723835892564589
                  171.5     0.7705027945619308   0.005219548140280624   4.47596380839169e-05     -10.63586467669815
                 171.75     0.7273106380036579   0.005217295491330002  0.0001111078597087543     -9.727101708269851
                    172      0.836668107594567   0.005220222299076934  3.322129820861887e-05     -10.93385113982189
                 172.25     0.8099961127995333   0.005231242472730479  3.315832720442388e-05     -10.93363961023169
                  172.5     0.8336818211397218   0.005241810835340434  3.874759754666567e-05     -10.77584653640966
                 172.75     0.7986960661744101   0.005255336027133587  3.687687990376039e-05     -10.82275356903387
                    173     0.8046663970531184   0.005262186519885981  4.110708779173025e-05     -10.71285512183493
                 173.25     0.7714282099612759   0.005261814899531707  5.358672227722542e-05     -10.44780498553649
                  173.5     0.7979223182531842    0.00525974824823619  4.879956979282089e-05      -10.5417776482374
                 173.75     0.8295898252763734    0.00526219505053497  4.189717360536255e-05     -10.69381569076768
                    174     0.8392178959599916   0.005268319356578566  4.572761038209536e-05     -10.60516862399202
                 174.25     0.8652555646429525   0.005274393574332011  3.288009498511502e-05     -10.93385113982189
                  174.5     0.8190981763025786   0.005279361809002155  3.607752492656368e-05     -10.84010699523821
                 174.75     0.8048869433239438   0.005278604376615142  5.458068305210076e-05     -10.42624053932314
                    175     0.7766811377883173   0.005275467818638769  5.516460458117368e-05     -10.41619342170413
                 175.25     0.8461880036871364   0.005274083052658643  3.930803762231901e-05     -10.75534845640085
                  175.5     0.8098975362690662   0.005276180142398695  5.808452222983608e-05     -10.36448070180232
                 175.75     0.7864031528293038   0.005273487642725801  5.222778116262309e-05     -10.47127581443706
                    176     0.7946322275630395   0.005270115089296695  6.449074136202953e-05     -10.26100843977443
                 176.25     0.8052908053345591    0.00526709906536974  7.944977449300753e-05     -10.05297750574702
                  176.5     0.8262871013317421   0.005264834267917206  4.845523425850805e-05       -10.547892275644
                 176.75     0.7391118800133902   0.005262778132533507   0.000101214158299179     -9.811684608779411
                    177     0.7026952639474398   0.005275684569130232  0.0001577127553807066     -9.365698487775944
                 177.25     0.8219594715454049   0.005276536904499885  5.335602074869124e-05     -10.44932549100809
                  177.5     0.8140458603249807   0.005275370518031461  6.797724602130371e-05     -10.20736036026296
                 177.75     0.7610094234804796   0.005272677456142907  6.275419959835747e-05     -10.28781851801571
                    178      0.730287764777974   0.005272893305272664  0.0001330350069313149     -9.536390779607654
                 178.25      0.744935288143995   0.005272611114214481  8.852776385631089e-05     -9.943740383240447
                  178.5     0.8055675577460888   0.005269755330240621  0.0001013063731836601     -9.809449051581904
                 178.75       0.87460727950645   0.005278029812291996  3.438929187725511e-05     -10.88828418963385
                    179     0.8579825333244715   0.005283456910421288  3.651878075488584e-05     -10.82717503853493
                 179.25     0.7783405442892471   0.005281468448126861  6.831057598142017e-05     -10.20131353457829
                  179.5     0.8093056219416932   0.005278321172764479  0.0001162761565059701     -9.670006200574193
                 179.75     0.9154680864001294   0.005287775717872472  3.279688303094162e-05     -10.93385113982189
                    180     0.9014846620900061   0.005305444872162712  3.291993869954104e-05     -10.92677016810405
                 180.25     0.8685898957040307   0.005314685932149061  4.422618661546361e-05     -10.62979131917427
                  180.5      0.861643970568341   0.005314597129457047  5.065366383176343e-05     -10.49411353491062
                 180.75     0.9068166275317813   0.005318032022513529  3.928396867126369e-05     -10.74766248125136
                    181     0.9447061095249224   0.005337333099417307  3.249236247440691e-05     -10.93385113982189
                 181.25     0.9167313644292003   0.005354607953039728  4.176745529096479e-05     -10.67950736483029
                  181.5     0.9106445147135138    0.00536468132981666  5.151259951013737e-05     -10.46791890462437
                 181.75     0.9130334281093387   0.005366054136659366  6.396241506990887e-05     -10.25119382228719
                    182     0.9177006874348748   0.005365727026153878   6.66943732024575e-05     -10.20942984011082
                 182.25     0.8958726301020586   0.005365361713755851  3.843545631956615e-05     -10.76063813933066
                  182.5     0.8187463608324215   0.005363330235896444   8.17909810055688e-05     -10.00583023369942
                 182.75     0.8555936407142634   0.005360738830186534  5.152562589865368e-05     -10.46840122817493
                    183     0.8085527867470097   0.005359943948498437  0.0001532713836711066     -9.378418692089697
                 183.25     0.7989385169975192   0.005363599525540782  0.0001148983151190488     -9.665899485567394
                  183.5     0.7792851908965555   0.005371008066095246  8.337649613812124e-05     -9.985200247920339
                 183.75     0.8506650310542596   0.005368725527402998  5.445235005930774e-05     -10.41166575259242
                    184     0.8542705966949659   0.005365278654483702  7.303739172000857e-05     -10.11866246997564
                 184.25     0.8553584384502063    0.00536185410939318  9.256509567721236e-05     -9.882360344127251
                  184.5     0.8272104953865239   0.005358409668867697  7.761540629699844e-05     -10.05914913966199
                 184.75     0.8698025441835768   0.005355270494964716  5.985094349373183e-05     -10.31964389798045
                    185     0.8795954834567837   0.005355369881304375  4.225047917484278e-05     -10.66786684058031
                 185.25     0.8784786954702081   0.005355682781663529  5.673182639661089e-05     -10.37308874467195
                  185.5     0.8330750652538412   0.005352461705003415  8.099724974717185e-05     -10.01761052217545
                 185.75     0.8475778501165618   0.005350140934017223  8.148090279168471e-05     -10.01209073480621
                    186     0.9024956295239558   0.005348452803025349  5.886803942373749e-05     -10.33747666700345
                 186.25     0.8428488875329194   0.005346622088004294  8.357326246549231e-05      -9.98739369134117
                  186.5     0.8361065701275082   0.005344606671322094  0.0001030498646010245     -9.778281362352409
                 186.75     0.8262085810004413   0.005341720658184471  0.0001097558971264428     -9.715775704813804
                    187     0.8716309289861083   0.005339072566968921  7.922608845440885e-05     -10.04222470384083
                 187.25     0.8453857703607847   0.005335945132267154  0.0001177885257866672     -9.646225421101589
                  187.5     0.8508050921624515   0.005332590916154658  0.0001394207594067273     -9.478248681785008
                 187.75     0.8660919084318301   0.005331195524910688  9.772510559541245e-05     -9.833848303039193
                    188     0.8021100550384155   0.005331485394255545  0.0001684651579517207     -9.289223473759014
                 188.25     0.8203590950285031   0.005330027119062072  0.0001215730296007079     -9.615710834335095
                  188.5     0.8888360255155671   0.005328469503008955  4.270898992446018e-05     -10.66210882515165
                 188.75     0.8717125743193034   0.005327589331917258   0.000114674933870819     -9.674581992647298
                    189     0.8560291518571759   0.005324831697744338  0.0001519818794636143     -9.393439904665769
                 189.25     0.8300725707944329   0.005323206750308712  0.0001446125300938171     -9.443448455560711
                  189.5     0.9029554554604017   0.005322421431946611  7.463287690008157e-05     -10.10507283396432
                 189.75     0.8860447395960365   0.005324100353829956   5.69356021252241e-05     -10.37541771783723
                    190     0.8646550657963802   0.005320956691731786  0.0001442495564757278     -9.446384362238001
                 190.25     0.9328103909269708   0.005321101474330652  3.382582036596873e-05     -10.89667755641245
                  190.5     0.8877472355032745   0.005322561854504562  6.846020346272133e-05     -10.19137496525373
                 190.75     0.8749114633929106   0.005319888577881611  0.0001349143374716107     -9.513489910474775
                    191     0.8520988863084448   0.005316899860045807  0.0002020530465648188     -9.110161639281758
                 191.25     0.8298610373746442   0.005314759347653198  0.0001808753841904477     -9.221286267562647
                  191.5     0.8303644181899639   0.005313700641754137   0.000219338486437145     -9.028677660744036
                 191.75     0.8965559927637561   0.005312941699148535   7.58547118096113e-05     -10.09061681125995
                    192     0.8860135555654721   0.005311925208035842   9.30710204921766e-05     -9.886265114207838
                 192.25     0.8920999906023959   0.005308776323909928  9.976614754200515e-05     -9.817392025377611
                  192.5     0.9471795320576577   0.005312884039460243  4.019216829491716e-05     -10.72577532985943
                 192.75     0.9271336291706289   0.005315036210834579  4.437441434935004e-05     -10.62637943471985
                    193     0.9505540175642002    0.00531895373959289  4.574379639849266e-05     -10.59524950618646
                 193.25     0.9285041348285629   0.005325173110497961  5.362156508623505e-05     -10.43518576844747
                  193.5     0.9299124339387459   0.005322921721928347  6.685171110799733e-05     -10.21508306148632
                 193.75     0.9847801224106634   0.005331112061563655   3.25302788067919e-05     -10.93385113982189
                    194     0.9296295713374756   0.005331718460968384   8.34166243209796e-05     -9.992061088348905
                 194.25     0.9411981624993225   0.005329812283913969  5.558500061978998e-05     -10.39835289877334
                  194.5     0.9079472216446279   0.005327080691243295  0.0001012492610873536     -9.799193525915557
                 194.75     0.9756586455626317   0.005326418808734291  3.450991783838473e-05     -10.87565643402719
                    195     0.9583432288468821   0.005329377355183021  3.870325730451745e-05     -10.76042413238085
                 195.25      0.922850925159287   0.005326358472494667  9.224022133456482e-05     -9.892518242614733
                  195.5     0.9189821539929522   0.005323670964624226  0.0001137286490260578     -9.683603873709631
                 195.75     0.8828493557455148   0.005322808926826702  0.0001310295657739004     -9.542158160943742
                    196     0.9422761052710673   0.005320345815826996  7.143776610475337e-05     -10.14921733862396
                 196.25     0.9676615700397525    0.00532032452726578  3.799358342296617e-05      -10.7806307183521
                  196.5     0.9371581007953516   0.005318985048408527  8.954743814651106e-05     -9.923531284592256
                 196.75     0.9319489608891028    0.00531617379716842  0.0001271929946159006     -9.573122900235244
                    197     0.9288103153935371    0.00531285436245106   0.000161189816745937     -9.336870417316906
                 197.25     0.9541740270426355   0.005310003337966025  6.069287052015562e-05     -10.31416360871246
                  197.5     0.9587057011910388   0.005308054611200272  6.396858659833133e-05     -10.26196477604164
                 197.75      0.909506104471616   0.005306337691683943   0.000136221045911864     -9.506401508443913
                    198     0.8985711358123303   0.005303671804114733  0.0001280140417767056     -9.569042976188726
                 198.25     0.9230036635753891   0.005301131437747707  0.0001701998961891551     -9.284688426589256
                  198.5     0.8963261057257423   0.005298547730775855  0.0001594114184897952     -9.350661141460504
                 198.75     0.8802860550063172   0.005299521802172801  0.0001700001937251194      -9.28616614229745
                    199     0.9211942740063838   0.005296768101546772  0.0001986120410364614     -9.131132087628083
                 199.25     0.8969677526701784   0.005294702785775627  0.0002110796971899459     -9.070639689058767
                  199.5     0.8885400680500265   0.005292126695289462  0.0002056799126487967     -9.097040984251118
                 199.75     0.9137165479327786   0.005289229305573117  0.0002033179785447881     -9.109138612765635
                    200     0.9000254161721301   0.005286354562077472  0.0002555186056047178     -8.881158192406856
                 200.25     0.9061111780164215   0.005283777335667006   0.000247610438509802     -8.913084364283046
                  200.5     0.8955548111608777   0.005281744488704516  0.0003277198875776282     -8.633166628421799
                 200.75     0.9096152792064002   0.005279242748387323  0.0002984465439957123      -8.72720880611813
                    201     0.8365363782600174   0.005279275680467678  0.0002101657136421183     -9.077897070697285
                 201.25     0.8132124857827471   0.005285971344610242  0.0001822721578744198     -9.219024971162014
                  201.5     0.7775537746477086   0.005301086279797566   0.000111337412945704     -9.709105204517458
                 201.75     0.7530482798334938   0.005327771297832342  8.253327125397995e-05     -10.00344780168419
                    202     0.7018521358123385   0.005361559016588557  0.0002076987185514058     -9.074238954140458
                 202.25     0.7363460805751207    0.00539105814547599  0.0001642193871638326     -9.303637366846868
                  202.5     0.7183541349782508   0.005418525597054974   0.000174203425074307     -9.239534835047399
                 202.75     0.7527997870512614   0.005430176724576255  9.996775632354669e-05      -9.79276293278056
                    203     0.7787874478948912   0.005435612408224878  0.0001310987859048506     -9.520658986663067
                 203.25      0.822427390869377    0.00543560012746279   0.000208508330893345     -9.056633379111469
                  203.5     0.8137839267160943   0.005432757336639252  0.0002237258305171613     -8.986714176240088
                 203.75     0.8840977398166187   0.005431671874033294  0.0002412705386256934     -8.911416456267698
                    204      0.839117460123797   0.005430632632657909  0.0002185728130838801     -9.010407475612526
                 204.25      0.857033240947108    0.00542976072795846  0.0002314191610621716     -8.953456624979301
                  204.5     0.8506563214056141   0.005426728271453674  0.0002827207814644134     -8.753786112652886
                 204.75     0.8805688098163575   0.005428632690919445  0.0002654085324066275      -8.81662474299711
                    205     0.8424669310223148    0.00542694968215421  0.0002682759942541163     -8.806188806204583
                 205.25     0.8827219441552916   0.005424335730507389  0.0003374627928215183     -8.577231602705416
                  205.5      0.902798977831187   0.005424426181734555  0.0003774607885143399     -8.465203496700036
                 205.75     0.8889514237992456   0.005423828674387096  0.0003905057037521496     -8.431337770377661
                    206     0.9068857781733952   0.005428621748192616  0.0004245752218660809     -8.346807838205812
                 206.25     0.8442845564485277    0.00542661732008346  0.0003423436669408329     -8.562451224264086
                  206.5     0.7843293119836205   0.005429052179675369  0.0001213061310718891     -9.599500383854275
                 206.75     0.8397550519327669   0.005428859710306716  0.0003950448951028798     -8.418853778666872
                    207     0.8852425002303047   0.005426280304067028  0.0004876139989211934     -8.208804330014933
                 207.25     0.8614195337214253   0.005423519254067948  0.0002454546431694587     -8.895725218486774
                  207.5     0.8192108263143868   0.005420518054989416  0.0002572622854713274     -8.849294785895626
                 207.75     0.8525829539099994   0.005417872802232554  0.0004231159996973117     -8.352232670472686
                    208     0.7769999633431333    0.00541873259165104  0.0001725130783109868     -9.249247310567705
                 208.25     0.7634045837284901   0.005426646569036861  9.015194843637257e-05     -9.896764378297258
                  208.5     0.7127233948188552   0.005443381812615045  0.0002380466623119712     -8.922715070350334
                 208.75     0.7863890749778792   0.005449390041778932  0.0001447046134374546     -9.419384110013221
                    209     0.7847755592131126   0.005449813363778515  0.0001914621929921233     -9.139310582977306
                 209.25     0.7468547137511147   0.005453167868079859  0.0001305189481465836     -9.521867196633607
                  209.5     0.7816963305605495    0.00545345028535939  0.0002515194834265234     -8.865813365709872
                 209.75     0.7491918854964348   0.005452505078372604  0.0001524162869509358     -9.366891651612285
                    210     0.7270325278809711   0.005458309616925194  0.0002087547278801652     -9.051283149533731
                 210.25     0.7423230210142148   0.005459568654787758   0.000198573525168856     -9.101053088289476
                  210.5     0.6733003087944109   0.005471823132752356  0.0001692231323510124     -9.258752297972105
                 210.75     0.6808247058473947   0.005486486140288263  0.0002626625389276134     -8.816424219767827
                    211     0.7359734775305244   0.005490432053598922  0.0002465812874374629     -8.878883653074121
                 211.25     0.7599482797815532   0.005487355567337986  0.0001242562769100459     -9.564789669545451
                  211.5     0.7728922220620111    0.00548419574099364  0.0001943388486623982     -9.118108577173063
                 211.75     0.8012973013827535   0.005482082281910825  0.0002153801572013244     -9.015692662372246
                    212     0.7864833045923472   0.005479888805098298  0.0002571271503661422       -8.8389267886214
                 212.25     0.7735452472982013   0.005476806530879623  0.0002525477255308393     -8.857459885274945
                  212.5     0.7627223172613461   0.005474458599986164  0.0001565459499508192     -9.336139347628519
                 212.75      0.793595194965921   0.005471501457589226   0.000203676760345947     -9.073495012040448
                    213     0.7508909380566994   0.005468778014108644   0.000208559913034524     -9.050300763053839
                 213.25     0.6558139083719209   0.005471686752213094  0.0001058011443566939     -9.728434040690811
                  213.5     0.7072046018513295   0.005483065579867667  0.0003147576289595559     -8.636115041670591
                 213.75     0.7697400476668945   0.005481287077062112  0.0002425620094453825     -8.896984981186485
                    214     0.8303378710062383   0.005481411187840473  0.0003572323102047915     -8.509833426538897
                 214.25     0.7991133424074197   0.005482852980935007  0.0002640889303375743     -8.811670823182128
                  214.5     0.7478168975192375   0.005480189178003403  0.0002815921666366032     -8.747982880936014
                 214.75     0.7896570476121003   0.005478006345932564  0.0002955338605552713     -8.700057662500017
                    215     0.8147974876509267   0.005477349083601085  0.0003077959999344884     -8.659523843683321
                 215.25     0.7622501038391694   0.005474999777404403  0.0002214097224654416     -8.989375141458011
                  215.5     0.7230911662781886   0.005472431892227624  0.0002660176159253914     -8.806296672637792
                 215.75      0.708997348876083   0.005473383041915026  0.0003835232166490599     -8.440285254291181
                    216     0.7071151091640939   0.005478378616793816   0.000453508739991804     -8.271758583378087
                 216.25     0.6649945684010551   0.005481684170052534  0.0001467679478772988     -9.399317171713173
                  216.5      0.646286573260102   0.005495037437055393  0.0001273211692055591     -9.539024123049698
                 216.75     0.6129369134262359   0.005507084449747342  5.302552402991088e-05     -10.41277358114682
                    217      0.578798098350129    0.00552872992387831  0.0002013848755509504     -9.074406309522358
                 217.25     0.5588434255371423   0.005568332868508249  0.0005354074867248698     -8.089458491312984
      217.4999999999999     0.6270023622726831   0.005584779779020693  9.010195909117574e-05     -9.868595400540075
      217.7499999999999     0.5969844868519498   0.005590386812403967  0.0001688857091336615     -9.239311618577112
      217.9999999999999     0.5880636885693887   0.005598791138649051  0.0002167664062652048     -8.988211298141254
      218.2499999999999     0.5762008147768692   0.005611383914821073   0.000284921425054367     -8.712571492450341
      218.4999999999999     0.6181751786464134     0.0056179879154862  7.793359142892782e-05     -10.00775165963123
      218.7499999999999      0.601833299265726   0.005617854302126231  0.0001376800671667121     -9.438699875411251
      218.9999999999999     0.5804820592065986   0.005623824465865698  0.0002958791175677525     -8.672619382668589
      219.2499999999999     0.6047578508850647   0.005623023930895618  0.0001284568002814344      -9.50712006096097
      219.4999999999999     0.6139655550477754   0.005621945331724295  9.267442792683145e-05     -9.833811984821157
      219.7499999999999     0.5909926184659904   0.005620980906230116  0.0002822418075823412      -8.72031194502447
      219.9999999999999     0.5581321103809878   0.005622359804001297  0.0006800745766026115     -7.840628376032604
      220.2499999999999     0.5842020700094952   0.005627144845510777    0.00036232403252549     -8.469441199187703
      220.4999999999999     0.5979636705159296   0.005625797761121532  0.0002821068449218441     -8.719933665273393
      220.7499999999999     0.6351829092952148   0.005624338240345712  9.705982739789136e-05     -9.787151448707764
      220.9999999999999     0.6085272717335208   0.005621861692667244  0.0001384490461815245     -9.432417077967898
      221.2499999999999     0.5739551730223927   0.005621201305568144  0.0004258039162942425      -8.30905796297246
      221.4999999999999     0.6186930450636816   0.005618708205854421  0.0001252678156543992     -9.533026557910532
      221.7499999999999     0.6119153272273831   0.005617334032302319  0.0001642262939367884     -9.262479811713229
      221.9999999999999     0.6049302726857512   0.005614511583312446  0.0002361807473510368     -8.899630318757575
      222.2499999999999     0.5704890839491232   0.005612190606229855  0.0005168099860680622     -8.116965908509988
      222.4999999999999     0.5970248579083042   0.005611651873071759  0.0003768162785753656     -8.432979437735774
      222.7499999999999     0.6167190408196748   0.005608658920909513  0.0001952706696669579     -9.090884024275374
      222.9999999999999     0.5545240584472773   0.005606952935038898  0.0008744692544448715     -7.591957750274394
      223.2499999999999     0.6134222287400845   0.005608602308986048  0.0002543920729654644     -8.826404092425227
      223.4999999999999     0.6034326046145774   0.005606307549226192  0.0003558849034585475     -8.491082623739775
      223.7499999999999     0.5539658208061913   0.005606204519788149   0.001028917837874057     -7.429445488938347
      223.9999999999999     0.5485488466278063    0.00560493455217689   0.001063510706956968     -7.396604227368491
      224.2499999999999     0.5466894404620448   0.005606058524385457   0.001212074240862225     -7.265645997512905
      224.4999999999999     0.5715972437427433   0.005605269197916028  0.0006371206873094843      -7.90891612619317
      224.7499999999999     0.5368971397238734   0.005606657269417462   0.001435042507546491     -7.096677869859893
      224.9999999999999     0.5655994559907541    0.00560445372748789  0.0007964399553188397     -7.685868978413313
      225.2499999999999     0.5546375737616406   0.005602770684971818   0.001437671391663214      -7.09554107428281
      225.4999999999999     0.5901618358231243   0.005600460982898776  0.0004650193256243287     -8.224654431454837
      225.7499999999999     0.5549990562821598    0.00559781140620201   0.001665918390562987     -6.949074772088393
      225.9999999999999     0.5917828950568754    0.00559486408342367  0.0005604077518212933     -8.039068613402305
      226.2499999999999     0.5724074829472526   0.005591969601895005  0.0008336290782078757     -7.642462187393228
      226.4999999999999     0.5812306527090614    0.00558915132226069  0.0006572146377553456     -7.880744195629158
      226.7499999999999     0.5722611177418503   0.005587623561864933    0.00103336619672711      -7.42845133112973
      226.9999999999999     0.5506692848284047   0.005586542688685464   0.001960406433705188     -6.788314600149188
      227.2499999999999     0.5661654499712139    0.00558540890093288   0.001216740054540525     -7.265494190525015
      227.4999999999999     0.5562369132106469   0.005584440546085366   0.002198972247506096     -6.673852682716013
      227.7499999999999     0.5806613696555681   0.005581494191813766  0.0008753774403208246     -7.595470638815534
      227.9999999999999     0.5364385116075878   0.005580365349026846   0.001790468897171373     -6.880095242145147
      228.2499999999999     0.5308326686333714   0.005578593221618018    0.00217267707059925     -6.686930316329763
      228.4999999999999     0.5448891931132581   0.005575809379985152   0.002084099970179618     -6.729052450255552
      228.7499999999999     0.5685244585431688   0.005574432920363436   0.001467080167103226     -7.080362291918171
      228.9999999999999     0.5194542760661518   0.005572345538178086   0.003553963511563495     -6.195947500284086
      229.2499999999999     0.5372937219552217   0.005570266996536022   0.002461673196614451     -6.563542762905437
      229.4999999999999     0.5536470321040168   0.005567715623533917    0.00285358553720962       -6.4162658952501
      229.7499999999999     0.5869274476240792   0.005565423707124447   0.000819647616187983     -7.664134678172643
      229.9999999999999     0.5540947783376988   0.005562842798928695    0.00329702319916113     -6.272697757529145
      230.2499999999999     0.6080389197934691   0.005561934690900223   0.000374111152369832     -8.449083343553786
      230.4999999999999     0.6116116245113695   0.005560980549317334  0.0004072781172896168     -8.364311571945194
      230.7499999999999     0.5847183398855492   0.005560257075437517   0.001018903308685119     -7.447455825319918
      230.9999999999999      0.631040432724807   0.005559420589729337  0.0001338627029253275     -9.477273747387576
      231.2499999999999     0.5985692290751276    0.00556089205428485  0.0006361799121855436     -7.918342368445866
      231.4999999999999     0.5387666753201723   0.005558556096439488     0.0028703686517329     -6.412048179152159
      231.7499999999999     0.5376681052395546   0.005560827326123985   0.003475648300398904      -6.22029911066904
      231.9999999999999     0.6397864077438765   0.005559942732597159   0.000135061391049489     -9.468265077485679
      232.2499999999999     0.5882424415355511   0.005558434796846215    0.00115575683901308     -7.321755071884968
      232.4999999999999     0.5481658013952304    0.00555668033832177    0.00359615153853235     -6.186961905327967
      232.7499999999999      0.538052167319281   0.005556190390819221   0.004229808492877418     -6.024757620013887
      232.9999999999999     0.5675593249798666   0.005553821594411722    0.00183945511762808     -6.857871367996782
      233.2499999999999     0.5276697988209071     0.0055515833189466   0.003330235684384365     -6.264700783061486
      233.4999999999999     0.6000102424954228   0.005550158115185482  0.0007490863503503436     -7.756901628424507
      233.7499999999999     0.5693160555937569   0.005547727336943511   0.002086089244218966      -6.73314753722391
      233.9999999999999     0.6013309927998548   0.005544965946368294    0.00083788134409017      -7.64581533363546
      234.2499999999999     0.6382203687056125   0.005545912372453103  0.0001643119216671105     -9.274754579684213
      234.4999999999999     0.6103477577446543   0.005546604050612611  0.0005970169311210069     -7.984450978352593
      234.7499999999999     0.5325196007536601   0.005544942051562094    0.00458630960404463     -5.945865167382585
      234.9999999999999     0.5507744539393704   0.005545476067902309   0.004424252993729831     -5.981743108709506
      235.2499999999999     0.5752358158815549   0.005542832106252963   0.002069469720445439     -6.742029048994861
      235.4999999999999     0.5223284415420995   0.005541524289624712   0.004164364527328659     -6.042993735453593
      235.7499999999999     0.5472566690427656    0.00554076153716926   0.004953691365151134     -5.869562048516215
      235.9999999999999     0.5935330948037245   0.005539110650331754   0.001214684308781112     -7.275508860097761
      236.2499999999999     0.6458712154121398   0.005537741679699463  0.0001887130560663184     -9.137767891258871
      236.4999999999999     0.5714360546380713   0.005540360400366515   0.002955151268105684     -6.386217637437575
      236.7499999999999     0.5673044032434376   0.005538068204386603   0.003318026894845492     -6.270810992551175
      236.9999999999999     0.4944568287060486   0.005540612392857769   0.003233775582785075     -6.296071629860783
      237.2499999999999     0.5287322772980284   0.005544286183694767   0.004984121789046039     -5.862801932224888
      237.4999999999999     0.4839656386245943   0.005547478938456252   0.004086092082129961      -6.06089441902249
      237.7499999999999     0.5197065103443073   0.005545815095624435   0.005308520960996947     -5.799470165865459
      237.9999999999999     0.5233933695541507   0.005544755776966508   0.006108465190277357     -5.659298909129252
      238.2499999999999      0.581269435702448   0.005543398040543484    0.00185202159487616     -6.852941556503498
      238.4999999999999     0.5554180853868625   0.005541059434720308   0.005009124758076309     -5.858380113378036
      238.7499999999999     0.5508639892406074   0.005538198457144552   0.006405452091264547     -5.613008253799809
      238.9999999999999     0.5698391059404281   0.005535924444659676   0.004079685479785866     -6.064548563029939
      239.2499999999999     0.5524000761271268   0.005533220616649178   0.007405095952119328     -5.468888589021778
      239.4999999999999     0.5202962075064452   0.005530768645735916    0.00700581557197719     -5.524759628787169
      239.7499999999999     0.5806051117873186   0.005528443407279896   0.002363087780949528     -6.611951590390197
      239.9999999999999      0.612765867652232   0.005528479825722576  0.0006423269336088901     -7.914572011085003
      240.2499999999999     0.5576583631399148   0.005528241187217667   0.006417449680911844      -5.61293652197378
      240.4999999999999     0.5451420377834973   0.005525642537267296   0.006968654102696158     -5.531005385909268
      240.7499999999999     0.5141021706185358   0.005525587123704242   0.006457245038182635     -5.607234759760101
      240.9999999999999     0.5310809726697403   0.005523859929033612   0.006860822411694865     -5.546922832342939
      241.2499999999999      0.504791563399335   0.005524363330819791   0.004377110151979639      -5.99627029990076
      241.4999999999999     0.5113431802823833   0.005524354528087348   0.006962630268086828      -5.53210330228635
      241.7499999999999     0.5013527312430158   0.005524033241126667   0.004877321557346472     -5.888122569309058
      241.9999999999999     0.4323218476017891   0.005524960246072565   0.000750125848651519     -7.760065266636137
      242.2499999999999     0.4645545517218948   0.005534228094853509   0.002935932264184631      -6.39384989319154
      242.4999999999999     0.4676578258917067   0.005533770119842155   0.003582905937502121     -6.194783503970192
      242.7499999999999     0.4346059055881408   0.005538357531600679   0.001042001164052637     -7.428985987581538
      242.9999999999999     0.4214097055440988   0.005551227617577673  0.0004508420788470253     -8.264446093317659
      243.2499999999999     0.4736134662507674   0.005554885530840208    0.00438010423659163     -5.990076691623151
      243.4999999999999     0.4972257523380887   0.005552681764436065   0.004840237790747548     -5.890582168711637
      243.7499999999999     0.4534422094663365   0.005551724222433527   0.002289873953562309     -6.639221706249103
      243.9999999999999     0.4181944026865224   0.005554492443050557  0.0005174281300342766     -8.126104623525501
      244.2499999999999     0.4319625113890771   0.005559977796893571   0.001057619106148484     -7.410212659993067
      244.4999999999999      0.415964066344948   0.005562038283479636  0.0006263092239573442     -7.933773453437777
      244.7499999999999     0.3984288537879036   0.005567806083184769  0.0002414682003577727     -8.885843425092038
      244.9999999999999     0.4049095865033102   0.005572022446829284  0.0003501419198740394     -8.513485667323692
      245.2499999999999     0.3784630401497167   0.005579151166463971   0.008765467022514954     -5.291970586676741
      245.4999999999999     0.3944684538449398   0.005581130659267197  0.0004935014712586847     -8.168665086269963
      245.7499999999999     0.3880945152529235   0.005583306138327966   0.002190091131278581     -6.678102776144303
      245.9999999999999     0.3655988487280469   0.005586704102435564    0.04298786002958224      -3.70051977219117
      246.2499999999999     0.3683511199892064   0.005590586368291719    0.03637481518041118     -3.866866208275422
      246.4999999999999     0.3717527954968107    0.00559582355046319    0.02912377733951692     -4.088251574223325
      246.7499999999999     0.3488660401302403   0.005596754198159217     0.5366468827581599     -1.174299903969493
      246.9999999999999     0.3518884127350587   0.005597315491423164     0.3928933065429195     -1.486001833747897
      247.2499999999999     0.3681935187717363   0.005598148416921196    0.04266871690826212     -3.705925100540169
      247.4999999999999     0.3665525230607729   0.005597699008652164    0.05590661770257743     -3.435788650601126
      247.7499999999999     0.3369055020458437   0.005596230374969256      1.301446463945017    -0.2885022171877094
      247.9999999999999     0.3593651465459915   0.005597684998539728     0.1410363409194115     -2.510456317067286
      248.2499999999999     0.3677092215098208   0.005596651373666833    0.06679727692240357     -3.257996265431482
      248.4999999999999     0.3544433847709982   0.005594169445779015     0.3108525355672623     -1.720783507891035
      248.7499999999999     0.3571387641654301   0.005592564879271177     0.2459308609445807     -1.955338571611838
      248.9999999999999     0.3187980588124694   0.005591080932265701     0.5559752491407719     -1.139930615686762
      249.2499999999999     0.3304054164720897   0.005589178367737343      1.165929801248876     -0.399720576221215
      249.4999999999999     0.3412685160924839     0.0055851938141449      1.282665286679443    -0.3050124486222648
      249.7499999999999     0.3451860080713792   0.005580916817823349       1.06666961192323    -0.4901774019466919
      249.9999999999999     0.3577695082248264   0.005577728436339796      0.284930691953501     -1.810799462592943
      250.2499999999999     0.3876251040936122   0.005575579129730749   0.002976047673877079     -6.372834702392922
      250.4999999999999     0.3750733151964241   0.005572818740122289    0.03416272875766417     -3.932790799604267
      250.7499999999999     0.3211606279268643    0.00556962979364138     0.6479187598238696    -0.9907331251631765
      250.9999999999999     0.3250797391481982   0.005567163031622056     0.9266077548360651    -0.6334110941923513
      251.2499999999999     0.3254971989445445     0.0055639021052036      1.041788203369852    -0.5168334088889309
      251.4999999999999     0.3253184681500533   0.005560629161545756      1.122323530029233    -0.4429593742927161
      251.7499999999999     0.3243031163237103   0.005556427848582565      1.148068559774781    -0.4210353057407549
      251.9999999999999     0.3593865866356862   0.005553777396175955     0.2645264154958806     -1.889407606374735
      252.2499999999999     0.3345413303610977   0.005547766004051483      1.701023979135599   -0.02944601609663011
      252.4999999999999     0.3243399423946329   0.005542763438950662      1.298119831277401    -0.3006616253805431
      252.7499999999999     0.3330833688635774   0.005536793491306012      1.858189239983592    0.05694627623614416
      252.9999999999999     0.3124103527951791   0.005531899554911202      1.400165051311318    -0.2269503714229903
      253.2499999999999     0.3308822096684472   0.005525426773455732      1.955074198769383     0.1057168831122279
      253.4999999999999     0.3298822609614344   0.005518936839388792      2.102945575005222     0.1774525054467806
      253.7499999999999     0.3112410504343325   0.005512927229323918      1.760438291351209  -0.001413204512365537
      253.9999999999999     0.3386097322786749   0.005506355042171133      2.063045500949466     0.1560144255594769
      254.2499999999999     0.3464653466451749   0.005501239713738561      1.202339225045936    -0.3848292686140691
      254.4999999999999     0.3495445970017061   0.005496714299639585     0.9260806108574896    -0.6467152331292331
      254.7499999999999     0.3579499479661793   0.005493642736462571      0.390001673507044     -1.512084442636306
      254.9999999999999     0.3440326367312493   0.005487646078032746      1.708490145853329   -0.03596232839672366
      255.2499999999999     0.4004575421191732   0.005487526741029373  0.0004594743680431665     -8.257021499957331
      255.4999999999999     0.3745488071666407   0.005487747382126985    0.03888340104965089     -3.818741720672856
      255.7499999999999     0.4180972524330845   0.005487689250780295  0.0007494389417391661     -7.767750195069084
      255.9999999999999      0.434809639918034   0.005491445054718463   0.001393847949610519     -7.146567362220448
      256.2499999999999     0.4165211482546852   0.005493009255855097  0.0009687255238944933     -7.510124755311455
      256.4999999999999     0.4090989889294571   0.005493613294778587  0.0007575922575686232     -7.755850788881734
      256.7499999999999     0.3967277320846752   0.005492545722001437  0.0007626229188616881     -7.749426759150323
      256.9999999999999      0.445284800521584   0.005492453435703172   0.001942976382403765     -6.814230967863026
      257.2499999999999     0.4937208102537509   0.005500226805818481   0.004828476452561653     -5.902506717944669
      257.4999999999999     0.4695459831259091   0.005508310092801987   0.004626953234378623     -5.943670549745808
      257.7499999999999     0.4505709829667691   0.005513100531100747   0.002522682757523187     -6.549376934113215
      257.9999999999999     0.4398492045517468   0.005513907958834634   0.002065905004358462     -6.748985021037525
      258.2499999999999     0.4081655646349637   0.005512358642920221  0.0008537901388748755      -7.63290428738502
      258.4999999999999     0.3847843833151754   0.005509928139158865   0.007181755444862909     -5.503731605116872
      258.7499999999999      0.428224933161718   0.005507540965657861   0.001216638048064162     -7.279617436071005
      258.9999999999999     0.4241768056523995   0.005508175947447517   0.001167095211818598     -7.321075569273441
      259.2499999999999     0.4216490994933996   0.005505802205071608   0.001342329412155636     -7.181618075825053
      259.4999999999999     0.4317533873275961   0.005503314009212145   0.001915018886607461     -6.826749087455332
      259.7499999999999      0.421401614869056   0.005501418956321598   0.001680860253322722     -6.957515261475415
      259.9999999999999     0.3941487952303941    0.00549904687235612   0.001507517297972876     -7.066788124958842
      260.2499999999999      0.375214708029065   0.005496712498108526     0.0391465325442804     -3.810364994454009
      260.4999999999999     0.4177977451705736   0.005494510405236185   0.001817836195220779     -6.880430654691701
      260.7499999999999     0.3989523895438798   0.005491977274236706   0.001064571718361374     -7.415966104588689
      260.9999999999999     0.4034660091696275   0.005489455610555232   0.001031179972488166     -7.448294189097293
      261.2499999999999     0.4918822387295931   0.005488673086584438   0.005174638836406614     -5.835370953881704
      261.4999999999999       0.46367364918794   0.005490373398230691   0.004474963687711267     -5.980332525732572
      261.7499999999999     0.4430704752178687   0.005491470864432288   0.002757302214151147     -6.464378150686121
      261.9999999999999     0.4775912221439859   0.005491676229101855   0.005570799036163192     -5.761055000244068
      262.2499999999999     0.5030731978351123   0.005492000299212259   0.006591670265232059     -5.592727717107646
      262.4999999999999     0.4499486453646322   0.005493275230680396   0.003330133332934442     -6.275290028477724
      262.7499999999999     0.4337666550125835   0.005490700362324976   0.002505564523589549     -6.560257144605029
      262.9999999999999     0.4642347554058159   0.005488313075494281   0.005439519349748558     -5.785515392187691
      263.2499999999999      0.437719857452032   0.005486164616564451   0.003161688860286551     -6.328491297387172
      263.4999999999999     0.3822598072152962   0.005484070270652466    0.01536960221820774     -4.747587778217436
      263.7499999999999      0.401460216821046    0.00548375815474481   0.001294377641022218     -7.222006376285332
      263.9999999999999     0.4667012103039654   0.005481846324785678   0.006688918663573736     -5.579932839277033
      264.2499999999999     0.4181982589234068   0.005479427420804747   0.002177508037913842     -6.702645299073085
      264.4999999999999      0.425360925607041   0.005477596805342375   0.002592854807417375     -6.528401053869815
      264.7499999999999     0.4560486487439042    0.00547705981955804   0.004535522071175122     -5.969318405331147
      264.9999999999999     0.4409193911391814   0.005474726569881388   0.003892750054237218     -6.122568834853241
      265.2499999999999     0.4416561159788621   0.005472603756540578   0.004537788834303376     -5.969632668039985
      265.4999999999999     0.4668161826172229   0.005470371356092987    0.00780152196462275     -5.428161688349783
      265.7499999999999     0.4534885914022941   0.005469606237482705   0.005063410092387206     -5.860580214787499
      265.9999999999999     0.4415850444957487   0.005467152869939817   0.005309511614067389     -5.813569192304492
      266.2499999999999      0.460186494563017   0.005464846200705671   0.007142849041266338     -5.517379329622131
      266.4999999999999     0.4426305208942921    0.00546246018219166   0.006217583407789319     -5.656546447703185
      266.7499999999999     0.4174938391076016   0.005460094418511704   0.002692980924726517     -6.493712217507567
      266.9999999999999     0.4517918531344987   0.005457816305319122   0.006442937006511977     -5.621793771663969
      267.2499999999999     0.4165217753925554   0.005455423221611992   0.003012929232172637     -6.382304057592035
      267.4999999999999     0.4816701979000012   0.005453571881321265   0.006310719957614308     -5.643306477415336
      267.7499999999999     0.4677156309873128   0.005451670976364478   0.009508067080707203     -5.233764262897446
      267.9999999999999     0.4286143174609201   0.005449373428347033   0.003471828530837433     -6.241644986317629
      268.2499999999999     0.4255681994340776   0.005447033827403663   0.003949505144161002     -6.113165530637369
      268.4999999999999     0.4451908616540309   0.005444704215642727   0.007464151585539213     -5.477071825466664
      268.7499999999999     0.4511576042781855   0.005442237887515458    0.00807416583114756     -5.398967116621111
      268.9999999999999     0.4146606566095091   0.005440728846181733   0.003295304458341385     -6.295415435646353
      269.2499999999999     0.4744539935907956   0.005438977393881153   0.008663777149410239     -5.329085178351168
      269.4999999999999     0.4394061961531651   0.005436943336622624   0.007799034215199327     -5.434610106641442
      269.7499999999999      0.399199746295917   0.005435952406344174   0.001714589755329866     -6.949618447145206
      269.9999999999999     0.4502672129387909   0.005434740713394197   0.009570116346580259     -5.230369854980447
      270.2499999999999     0.4702790541329221   0.005433180662105557    0.01112142105613295     -5.080429237180598
      270.4999999999999     0.5144156127074294    0.00543407311379224    0.00903858259262621     -5.287635695358152
      270.7499999999999      0.543222731093055   0.005441239761069776   0.007474517801475605     -5.476320489215884
      270.9999999999999     0.4913593615607596   0.005443667728984769   0.006349785304494623     -5.638952979815566
      271.2499999999999     0.5444894180686943   0.005444675123225774   0.008942112728365915     -5.296417056608904
      271.4999999999999     0.5201660553997777   0.005454775379506404    0.01014155188507567     -5.168694556643792
      271.7499999999999     0.5616649370631235   0.005458886081953602   0.005499776121330391     -5.779874889560641
      271.9999999999999     0.5726090091313241   0.005465394920117689   0.004692310611194638     -5.937465519103207
      272.2499999999999     0.5621156561496491   0.005470554184951223   0.006356446347111741     -5.632977634846648
      272.4999999999999     0.5824292743661083   0.005476740995559601   0.002654456637753153     -6.505076837660335
      272.7499999999999     0.5974600187719461   0.005484783510688212   0.001382913096432239     -7.155657193084587
      272.9999999999999     0.5602971728961894   0.005487500350967158   0.007892781362688865     -5.413405597858763
      273.2499999999999     0.5881744166742094    0.00548888096387345   0.002209512941823775     -6.686330524453339
      273.4999999999999     0.5783965794139145   0.005490496313130182   0.004067839969253135     -6.075696237363683
      273.7499999999999     0.5323485754326075   0.005490504200827088    0.00835232976424119     -5.356266425615887
      273.9999999999999     0.5428728300461058   0.005488273842055729    0.01004010195448045     -5.172625973853558
      274.2499999999999     0.5676088733266111   0.005486790705057792    0.00706084788615576     -5.524918375358068
      274.4999999999999     0.5660695880884768   0.005485610270616626    0.00839115250881237     -5.352520803126412
      274.7499999999999     0.5159643207558114   0.005483478016538835    0.01192419423167329     -5.001517991396224
      274.9999999999999     0.5498700088102682    0.00548117185984238    0.01200646034564975     -4.995063242210518
      275.2499999999999     0.5396314059663283   0.005478742423318964    0.01117159704215948     -5.067576861695883
      275.4999999999999     0.4632043903184064   0.005478974736516704    0.01165076185041071     -5.025537466068646
      275.7499999999999     0.4895363374572942   0.005481729746161844   0.007012463589980438      -5.53271725346742
      275.9999999999999     0.4951023619934446    0.00548059695872606   0.008505664741425945     -5.339880619614251
      276.2499999999999     0.4647261793909509   0.005480013100854263    0.01459874651683833     -4.799783868765417
      276.4999999999999     0.4618859213557045    0.00548132386423891    0.01496705643821528     -4.774628829173931
      276.7499999999999     0.4824901783583016   0.005480503058113003   0.008529852793512635     -5.337058030881168
      276.9999999999999     0.5149654301354283   0.005478600029403388    0.01321573766019217     -4.899569064757071
      277.2499999999999     0.5341601294571628   0.005476272941452012    0.01104296905922809     -5.079608339790207
      277.4999999999999     0.5585561943652714   0.005474553981305635     0.0111805206516515     -5.067543186066582
      277.7499999999999     0.5561114722517796   0.005476821613938801    0.01364595822690307     -4.867858717975522
      277.9999999999999     0.5058264798191952   0.005474692816718617   0.009497071583281383     -5.230707366118752
      278.2499999999999     0.4903308318682209   0.005473306928203536   0.009701984587117509     -5.209613578193241
      278.4999999999999     0.4936410694582607   0.005471791305590822    0.01137444325490105     -5.050851970396895
      278.7499999999999      0.466285085379895   0.005469876919329383    0.01876983390375594     -4.550319913730846
      278.9999999999999     0.4791622197709034   0.005468744101309485    0.01093277116761573     -5.091013230097337
      279.2499999999999     0.4830656721587257   0.005467126977221239    0.01189495384934551      -5.00695952072845
      279.4999999999999     0.5097621413926554   0.005464980837494731    0.01297590181342811     -4.920372484628024
      279.7499999999999     0.4938955178344786   0.005462977535237628    0.01330332110262582     -4.895819342147109
      279.9999999999999     0.4857024032578075   0.005460698554793538    0.01396568364821346     -4.847647155795111
      280.2499999999999     0.5139598185443892   0.005458360388074171    0.01658923041285684     -4.675924866461978
      280.4999999999999     0.4878758484525783   0.005456085239602872    0.01641430805879323     -4.686942089810642
      280.7499999999999     0.4882763652399685   0.005453744174395065    0.01926402658607634     -4.527285203918391
      280.9999999999999     0.5326761231419862   0.005451623242920356    0.01215694570103988     -4.988012954253549
      281.2499999999999      0.489746134953042   0.005449656198791467     0.0221327442993262     -4.389216352034095
      281.4999999999999     0.5339034015875157   0.005447383165467909    0.01424603027677228     -4.830213399330963
      281.7499999999999     0.4984569273680997   0.005445760309699171    0.01559540855615586     -4.740013101687467
      281.9999999999999     0.5408197707512725   0.005443454953395616    0.01575383850769373     -4.730329019051324
      282.2499999999999     0.5050509141362735   0.005441494309775615    0.01447453202201203     -4.815382625111237
      282.4999999999999     0.5303985322141573   0.005439393077754245    0.01511987972662517     -4.772149126220775
      282.7499999999999     0.5164295649402437   0.005437084626918262    0.01935150619724945     -4.525813771264119
      282.9999999999999     0.5312143415683145   0.005434865780839806    0.01805509271471763     -4.595564415632992
      283.2499999999999     0.5210313002839381   0.005432655146176303    0.01868526382847813     -4.561663856136387
      283.4999999999999     0.5076042858914538   0.005430525902862533    0.01849348848346686     -4.572372353534548
      283.7499999999999      0.500366589733934   0.005428265582317797    0.01847746000543421     -4.573655750248588
      283.9999999999999     0.5600857304957675   0.005426604709976417    0.01395136681218029     -4.854935892810715
      284.2499999999999     0.5034180984675095   0.005425744966432152    0.02069331419201051     -4.460861157199675
      284.4999999999999       0.48964989078337   0.005424116750974875    0.02634015852091249     -4.219877240560696
      284.7499999999999     0.4612757670761712   0.005422955263050797    0.01875023485024317     -4.559979834381141
      284.9999999999999     0.4964731971771736    0.00542116059529632    0.02628778145283594     -4.222412858215729
      285.2499999999999     0.5144341329615396   0.005418920362810712    0.02522816964553003      -4.26396921657796
      285.4999999999999     0.5442310988258217   0.005416853595874896     0.0177497036608585     -4.615943080267773
      285.7499999999999     0.5069357756658813   0.005415213579367289    0.02630893719927672     -4.222706009636727
      285.9999999999999     0.4770179006289954   0.005413377809936048    0.01637498427427938      -4.69719894708242
      286.2499999999999     0.4770096896846894   0.005411442308331546    0.01870459950520162     -4.564541916187359
      286.4999999999999     0.4983045461658931   0.005409434515210767    0.03007174767154135     -4.090096353434648
      286.7499999999999     0.5060144947704494   0.005407587661568547    0.03110709338455992     -4.056588064301717
      286.9999999999999     0.4999044481772326   0.005405854036900799    0.03548867050105197     -3.925131078390705
      287.2499999999999     0.4720521769578776   0.005403749310329926    0.02129971785695861     -4.436040174559667
      287.4999999999999     0.4801597948359448   0.005401751806204201    0.02433178133080997     -4.303320351368726
      287.7499999999999     0.4836994247365963   0.005399716949909817    0.02964759260830007     -4.106099566395613
      287.9999999999999     0.4740345324186665   0.005400523076365229    0.02653762959349277     -4.216767505106755
      288.2499999999999     0.4699941652789401   0.005398399323280797    0.02884461438430024     -4.133801243318968
      288.4999999999999      0.482213678204424   0.005398384783808931    0.03406354653380123     -3.967499439809959
      288.7499999999999     0.4711950913768848   0.005396577376992823    0.03403536662347389     -3.968661918063713
      288.9999999999999     0.4564011271009937   0.005395522305573023    0.01632352485590877     -4.703650313454165
      289.2499999999999     0.4619915976521696   0.005393987589677486    0.02819584580023013     -4.157367451412165
      289.4999999999999     0.4224286896709659   0.005393336072005182   0.004731714803641822     -5.942375225085594
      289.7499999999999     0.4530401431618518   0.005393982880320027     0.0166822965097185     -4.682194911639598
      289.9999999999999     0.4472637085439981   0.005391873450400205    0.01377882931454438     -4.873800820380036
      290.2499999999999      0.438537047022395   0.005390433479203754   0.009842439474388941     -5.210497631459319
      290.4999999999999     0.4636224997265461   0.005388446553781717     0.0356356573271091     -3.924223149078812
      290.7499999999999     0.4572994915604974   0.005386950097417588    0.02738017221577349     -4.188028540592474
      290.9999999999999     0.4980400820293368   0.005385323146822913    0.04004075674759276      -3.80825185884537
      291.2499999999999     0.4599103007450989   0.005383809479643586    0.03630049398491227     -3.906599475508537
      291.4999999999999     0.4534479544560912   0.005381750659924986    0.02772086848438904     -4.176627803255048
      291.7499999999999      0.434014480192856   0.005380300184828628   0.007941812163286422     -5.426941379983115
      291.9999999999999     0.5149858040720201   0.005378963282218131    0.03110216361183805     -4.062053986996474
      292.2499999999999     0.5162080144060288   0.005378958536758126    0.03387879342699576     -3.976542999485477
      292.4999999999999     0.5320239158122072   0.005380454244396999    0.02187224613102924     -4.413835694587451
      292.7499999999999     0.4814486098291175   0.005380024544026593    0.03914858589887787     -3.831769792452052
      292.9999999999999     0.4628378645799078   0.005378114473326504    0.04732632107822828     -3.642422575580043
      293.2499999999999     0.5085095049415039   0.005376176723914731    0.04017432622448468      -3.80662141450599
      293.4999999999999      0.492981093648971   0.005375295416218916     0.0428121694782229     -3.743191100970408
      293.7499999999999     0.5164918639806756   0.005374178904961485    0.03964621450892326     -3.820225759069636
      293.9999999999999     0.5074379766725124   0.005372744203444915    0.04694022307471599     -3.651613284815714
      294.2499999999999     0.4869281540223014   0.005370444095855149    0.04566023679456382     -3.679688598763345
      294.4999999999999     0.4950788422244396   0.005368179443994307    0.05233837657878124     -3.543608323047668
      294.7499999999999     0.4797613913981091    0.00536600612847544    0.04681732980569815     -3.655489706935304
      294.9999999999999     0.5170530567880738   0.005364169550412271    0.04485602384529928     -3.698627566118192
      295.2499999999999     0.4845959331494361   0.005363781403102312    0.05659636030071748     -3.466213140908274
      295.4999999999999     0.5068056059901809   0.005361691471586561    0.05457218914678427     -3.503023135350706
      295.7499999999999     0.5246080254453512   0.005359984942470468    0.02766536713383945     -4.182684517609335
      295.9999999999999     0.5104250070038138   0.005357884224464875    0.06085280035229764     -3.394800028539072
      296.2499999999999     0.5065847245296775   0.005356330481462428    0.06780146571250457     -3.286964088553897
      296.4999999999999     0.5357116371702716   0.005354538408501145    0.02529462470752252     -4.273290617441162
      296.7499999999999     0.5373808035153785   0.005353740771297642    0.02768967674828437     -4.182971841080382
      296.9999999999999     0.5582243967570033   0.005355227335777502    0.01704057195700576     -4.668156788025337
      297.2499999999999      0.536290868281759   0.005354240868309967     0.0324107495078478     -4.025447955136083
      297.4999999999999     0.5198623798130633   0.005352510261569751    0.04651265046313179      -3.66453704320818
      297.7499999999999     0.5292278169780985   0.005350266807563041    0.03350263216143089     -3.993056592442418
      297.9999999999999     0.5903417528773388     0.0053511017317651   0.002395539623774576     -6.630916041404197
      298.2499999999999     0.6222871129111643   0.005358000811438367  0.0002781660644984247     -8.782773097165801
      298.4999999999999     0.6012068875562363    0.00536137958120119   0.001468838006535569     -7.118134087430729
      298.7499999999999     0.6333122865078915   0.005364981036817646  0.0002068565277669546     -9.077664017538815
      298.9999999999999     0.5790830167098894   0.005366909255624736   0.004904444167341517     -5.911433078202657
      299.2499999999999     0.6372045111470352   0.005368081066956056  0.0002468789086288663     -8.900213839990831
      299.4999999999999     0.5867315616560069   0.005370054956426613   0.003558496128831385     -6.231650868075629
      299.7499999999999     0.5824528457499999   0.005368279732111756   0.004996032366318025     -5.892675450357294
      299.9999999999999     0.6222697535926682   0.005371174167194306   0.000342980616816278     -8.570861836831012
      300.2499999999999     0.5660129584591101   0.005369921302578603    0.01344973450358078     -4.902054410664394
      300.4999999999999     0.6521370873530415   0.005370196842831299  0.0001807161059341141      -9.21179042110097
      300.7499999999999     0.5721849213319156   0.005373130590268831     0.0100917282765906     -5.188700208265772
      300.9999999999999     0.5770682205896298   0.005371555211001661   0.008202165254285859     -5.396311378013474
      301.2499999999999     0.6168976988785448   0.005371306941220406  0.0006182884995153646     -7.981555876004189
      301.4999999999999     0.5948229219600039    0.00536949695132664   0.002591180307127314     -6.548979314925289
      301.7499999999999      0.623995586749015   0.005369952151142251  0.0004184060940381477     -8.372310833564283
      301.9999999999999     0.6652982354745869   0.005372250310069327  0.0001870404431597458     -9.177010569439188
      302.2499999999999     0.6497327834427054   0.005374896685804815   0.000245995927304469     -8.902527976683116
      302.4999999999999     0.6466762075083055    0.00537604581824853  0.0003091540841439033     -8.673789376666258
      302.7499999999999     0.6407417660802577   0.005375360250299649  0.0003454582682713942     -8.562884864876466
      302.9999999999999     0.6916962261818068   0.005378551551443381  0.0001888593433806651     -9.166160676742805
      303.2499999999999     0.6445466587476991   0.005381706572735257  0.0004249235411323127     -8.354667529164759
      303.4999999999999     0.6173566739410823   0.005379682105910997  0.0007593747161749998     -7.774457672314107
      303.7499999999999     0.6615638757260603   0.005380420566665273  0.0002101190703131608     -9.059141394503802
      303.9999999999999     0.6296412659491968   0.005379268434570434    0.00039577684005423     -8.426179405973311
      304.2499999999999     0.7009032133230768   0.005378290684324553  0.0003724769726839604     -8.487036484755469
      304.4999999999999     0.6762829708522472   0.005380773301105409  0.0002905231014832588     -8.735067112971013
      304.7499999999999     0.7108739395436834   0.005381509227948132  0.0005262536188653268     -8.140830187237617
      304.9999999999999     0.7357840721926321   0.005389118728770593  0.0003101331248443257     -8.668198798711446
      305.2499999999999     0.7226653603585637   0.005393036430175297  0.0003395415816299454     -8.576877319444668
      305.4999999999999     0.7505403617819774   0.005397157983381319  0.0003256255312997645     -8.617961749599596
      305.7499999999999     0.6817909134433312   0.005400606818953467  0.0003655414399102123     -8.501691336801626
      305.9999999999999     0.6797054360302738   0.005398858122871204    0.00044906838178696     -8.296219662794197
      306.2499999999999     0.7581998541745244    0.00540392223855717  0.0002859263336434864     -8.746723076034048
      306.4999999999999     0.7316638122878129   0.005406033305339344  0.0003616180375230552     -8.511478190939052
      306.7499999999999     0.7410719735034935   0.005407797524935309  0.0004027094227103177     -8.403525144847631
      306.9999999999999     0.7227296104375268    0.00540841137483412  0.0004274538202501505     -8.343780645974251
      307.2499999999999     0.7830799849143847   0.005411729061950509  0.0004052210840265715     -8.396580858146423
      307.4999999999999     0.7464078854671784   0.005413546248022723  0.0004594257445933204     -8.270700604278483
      307.7499999999999     0.7799295330360796     0.0054137516463262  0.0004754353732429449     -8.236409032257026
      307.9999999999999     0.8753510874033558   0.005428286170341078  0.0003136688145402845     -8.649621149142357
      308.2499999999999     0.9301691147920932   0.005455963626248256  0.0002136811498485108     -9.028388105655619
      308.4999999999999     0.9554467915673905   0.005502870696801658  8.239511290506208e-05     -9.972786282691347
      308.7499999999999     0.9111340550224464   0.005533073983425661  0.0004198797412384955     -8.338870434365722
      308.9999999999999     0.8501745752733517   0.005541464558975796  0.0005014366819464536     -8.159846140645165
      309.2499999999999     0.8725444533991915    0.00554644218911934   0.000312633611346818     -8.631393700084468
      309.4999999999999     0.8606912912423123   0.005550083081313436   0.000378111812020125     -8.440579461261867
      309.7499999999999     0.8708052777637507   0.005551400200964562  0.0003714826384272888     -8.458029995630627
      309.9999999999999     0.8592317477277299    0.00555397593576563   0.000511470703037982     -8.137777946100833
      310.2499999999999     0.8751686751563441   0.005554713430890774  0.0004863120882844178     -8.188084900456676
      310.4999999999999     0.9459816614623847   0.005565780105059456  9.866491199375144e-05     -9.781215772231418
      310.7499999999999     0.8711857673606743   0.005570216875303826  0.0005298073647620321     -8.099634842123033
      310.9999999999999     0.8423931479119334   0.005568882106096664     0.0005250158884503     -8.108959448828921
      311.2499999999999     0.8728945212536847   0.005567344008007017  0.0006464939791167735     -7.901100322827295
      311.4999999999999     0.8155539479238116   0.005565871867007836  0.0003533067567378898     -8.505591988380429
      311.7499999999999     0.8084122343928607   0.005564713236673598  0.0003618358752284095     -8.481946130117684
      311.9999999999999     0.8128369972618905   0.005563441553219639  0.0004589664562442584     -8.244388280914034
      312.2499999999999     0.8214362461118748    0.00556132482819849  0.0004157124186099929     -8.343752231273296
      312.4999999999999     0.8929249428504807   0.005559851886783048  0.0004872371508477683     -8.185259873267912
      312.7499999999999     0.9241761112864427   0.005563540821378258  0.0002732879046204911     -8.762821730275508
      312.9999999999999     0.9573108502150471   0.005570468618598704   9.78255653659061e-05     -9.788917178945759
      313.2499999999999     0.9824847191983928     0.0055836848121903  4.190623306112121e-05     -10.63429881405727
      313.4999999999999      0.933109724211322   0.005589065101861407  0.0002322834900388087     -8.920811715428474
      313.7499999999999     0.9582336855314605   0.005595801436394742  0.0001140312351974567      -9.63109333252155
      313.9999999999999     0.9331591287294724   0.005597637260727992  0.0002820412575294217     -8.725184354874639
      314.2499999999999     0.9181206138768393   0.005596948997580372  0.0003682419643711188     -8.458620447997083
      314.4999999999999     0.9695922337370262   0.005599212017209494  5.384225914847235e-05     -10.38089778789504
      314.7499999999999     0.9684276577965633     0.0056036784381359   7.00317231456965e-05     -10.11721073614923
      314.9999999999999     0.9500340093997268   0.005606798587186904  0.0001311306649438244     -9.489408146158896
      315.2499999999999     0.9438683155119161   0.005605813102106838  0.0001585017130457763     -9.300012794986886
      315.4999999999999     0.9365207008850551   0.005607328094948835  0.0002819976243397088      -8.72360933214431
      315.7499999999999     0.9456460361203357   0.005607287293285446   0.000209726746819865     -9.019709777440873
      315.9999999999999     0.8870916415545922   0.005605714084353932  0.0006323884566809475     -7.916292007691583
      316.2499999999999     0.8547110087457759   0.005607262065402728  0.0006773187756798877     -7.847377727169283
      316.4999999999999     0.8466546749261588    0.00560802663370141  0.0007015582044969624     -7.812079542848513
      316.7499999999999     0.8443361498885481   0.005610863730904457   0.000778526328996778      -7.70747482811228
      316.9999999999999     0.8552321732463992   0.005610800841693681  0.0008626628935112524     -7.604864854397065
      317.2499999999999     0.9382777994641097   0.005609338627602466  0.0003294881754544537     -8.567609021527849
      317.4999999999999     0.9004691399468783   0.005608253317299795  0.0005862516324293185     -7.991593885690032
      317.7499999999999     0.8530696266872977   0.005606670382985559   0.001051640681401077     -7.407518503323137
      317.9999999999999     0.8572704627329467   0.005605606032210901   0.001102321054880823     -7.360641849561468
      318.2499999999999     0.8435939169796198   0.005607330746532372  0.0009831187606654163     -7.474777578479716
      318.4999999999999     0.8474839656878524   0.005607299386748229   0.001335125473271985     -7.168732544610044
      318.7499999999999     0.8208539340372804   0.005607906807853344  0.0004989131779679044     -8.152972688945017
      318.9999999999999     0.8313448677546499    0.00560842277234991  0.0005024963904792404     -8.145724318350329
      319.2499999999999     0.8046042359687414   0.005610601576113496  0.0004183611512692951      -8.32857930503952
      319.4999999999999     0.8713110140866117   0.005609353992733493  0.0008118387230450681     -7.665845045800189
      319.7499999999999     0.9016016706367064    0.00560861536750709  0.0006866052159035254     -7.833518957671002
      319.9999999999999     0.8140573436051535   0.005607784970185388  0.0006352189417822675     -7.911456774122145
      320.2499999999999     0.8252172991020646   0.005607500042901809  0.0005814538879328345     -7.999945643993274
      320.4999999999999      0.896666439220737   0.005606472059072459  0.0008136699288135865     -7.664105863239197
      320.7499999999999     0.8403718485769899   0.005604585588122389   0.001092536007989122      -7.36974030602045
      320.9999999999999     0.8351984946359713   0.005606350737543013  0.0008664541382129557     -7.601273113802913
      321.2499999999999      0.875228465913927   0.005604507176492782  0.0009584376927343193     -7.500706627022359
      321.4999999999999     0.8140377863007235   0.005602550848917632  0.0007686270604049791     -7.721754421717621
      321.7499999999999     0.8008025643341058   0.005604343712497771    0.00044212010793902     -8.274458766790451
      321.9999999999999     0.7820077708624797   0.005605700129279067  0.0005513808429494412     -8.053372593687461
      322.2499999999999     0.7424547184940355   0.005614043517826309  0.0005215561713926751     -8.107494099974028
      322.4999999999999     0.7092329600197761   0.005619975437556789  0.0006274469837287881     -7.921595836679362
      322.7499999999999     0.6863049591401577   0.005636976154191871  0.0003708043853549878     -8.444559870167504
      322.9999999999999     0.7433231021989537   0.005643960438727553  0.0006250932589669158     -7.921095431909582
      323.2499999999999     0.7146229364096138   0.005648086712150804  0.0005770263688971635     -8.000377491138943
      323.4999999999999     0.7193091770249022   0.005653426261738054  0.0005713915286709857     -8.009245865901216
      323.7499999999999     0.7227184390393785   0.005654882832074395  0.0006147023461343576      -7.93592475876562
      323.9999999999999     0.7206006489507669   0.005658559630253924  0.0007558041189664838     -7.728630691136583
      324.2499999999999     0.7693126290711642   0.005658426988928841  0.0003340039169534947     -8.545283652636732
      324.4999999999999     0.7518589878439254   0.005656440370868349  0.0005182937462648488     -8.106245365498056
      324.7499999999999      0.768668493294866   0.005654510180551695  0.0003896829666531569     -8.391795318108835
      324.9999999999999     0.7555532293580264   0.005652545938486054   0.000487231521695162     -8.168736843137063
      325.2499999999999     0.7786906216623616    0.00565043771601306  0.0006827908005091975     -7.831660777726245
      325.4999999999999     0.7516132299537578   0.005648445463031917  0.0007057988788645512     -7.798871618595347
      325.7499999999999     0.7654641372276982   0.005646790077386658  0.0004677175759694266     -8.210630409967095
      325.9999999999999     0.7403287943128735   0.005644759414734682  0.0007610743162493777      -7.72412372273699
      326.2499999999999     0.7382601372807948   0.005643676993247177  0.0008191724886228301     -7.650751836650953
      326.4999999999999     0.7508057345159831   0.005642162366757496  0.0008890145216928369     -7.569201348752991
      326.7499999999999     0.7349534299409581   0.005640760648865428  0.0008067346011837507     -7.666568642872437
      326.9999999999999     0.7496420772828594   0.005639927842810629   0.001081004309686411       -7.3740652333985
      327.2499999999999     0.7320178596163691   0.005637906766125214  0.0008301180357094249     -7.638501551149051
      327.4999999999999     0.7217627635705113    0.00563672853412486  0.0009121933506043746      -7.54442648446675
      327.7499999999999     0.7601713589678979   0.005635057323292398  0.0006639162536231373     -7.862418971765641
      327.9999999999999     0.7970406100062722   0.005634167269305098   0.000426189408432567     -8.305849082924341
      328.2499999999999     0.7552439656075067    0.00563241278747824   0.001033050290118582     -7.420773248492077
      328.4999999999999     0.8144947043169605   0.005631066423050808  0.0008957532723529103     -7.563618457848718
      328.7499999999999     0.7935369161942616    0.00563038766340587  0.0004754540749853265     -8.197133718129503
      328.9999999999999     0.8069589322975116    0.00562938486827123  0.0007799228058627311     -7.702387184895255
      329.2499999999999     0.7963905824412171   0.005628187125510047  0.0006336468326316203      -7.91030316875807
      329.4999999999999      0.805360945598298   0.005626706491552511  0.0008841152165055023     -7.577470641473528
      329.7499999999999      0.813220092788853   0.005627207371334416   0.001145954674618006     -7.317975671156704
      329.9999999999999     0.8323893027444565   0.005626996725118093   0.000873377969078898      -7.58963803451894
      330.2499999999999     0.8230249620440813   0.005627130624851954  0.0009000188538609492     -7.559566943425885
      330.4999999999999     0.7991551132280179   0.005625415724108159  0.0008779143906733333     -7.584738373567936
      330.7499999999999     0.7579164957840859   0.005623721868495726   0.001054599352187969     -7.401672397672677
      330.9999999999999     0.7785762246687103   0.005621864114374755  0.0008210897047662539     -7.652286641239261
      331.2499999999999     0.7844029657450245   0.005620325347607484  0.0009286185431164623     -7.529494711843529
      331.4999999999999     0.8209298098527511   0.005618857427072706   0.001128110531347362     -7.335154554903337
      331.7499999999999     0.7628826338838881   0.005617096112971592  0.0009081727505077466     -7.552332870530267
      331.9999999999999     0.7944826335595947   0.005615083070505033  0.0008846002613990244     -7.578990065983157
      332.2499999999999     0.8078446037771116   0.005613165086779373   0.001286441315120696     -7.204832547593305
      332.4999999999999     0.8319858526521559   0.005612285419653151   0.001081755512064223     -7.378283815031362
      332.7499999999999     0.8946946392167883    0.00561635632121987  0.0008976682610088134      -7.56409861692958
      332.9999999999999     0.9191240685479442   0.005628314591999604  0.0004240974283580395     -8.311809061345491
      333.2499999999999     0.9277424422834365   0.005640911390732667  0.0004398865153740331     -8.273019888791483
      333.4999999999999     0.9132606582271756    0.00564682233497327  0.0005611703044234449     -8.028464908634964
      333.7499999999999     0.9423828836824001   0.005655320049143391  0.0003247365580433782     -8.573971342653248
      333.9999999999999     0.9055673581703338    0.00566179456144268  0.0008438115716367003     -7.617912193785345
      334.2499999999999     0.8841499673370834   0.005663998365616407  0.0008414378144117142     -7.620340129154375
      334.4999999999999     0.9396598029117053   0.005666226566957209  0.0004300153043967317     -8.291238121996933
      334.7499999999999     0.9128542450644666   0.005668731558934963  0.0007633465391314406      -7.71690481971978
      334.9999999999999     0.9250470939129167   0.005671455114639633  0.0005573169201176229     -8.031002535605712
      335.2499999999999     0.9039985361632866   0.005670434087755965   0.001106194946254081     -7.345635206906849
      335.4999999999999      0.933528650689107   0.005669830468815094  0.0005801816055181819     -7.991081924282929
      335.7499999999999     0.9582454826171212   0.005672512052511318  0.0001542487755058683     -9.315383522612413
      335.9999999999999     0.9555896809248738   0.005674868125322836  0.0002057185083651499     -9.027026214040937
      336.2499999999999     0.9531441288967268    0.00567875589071068   0.000262341771835222     -8.783202007643389
      336.4999999999999     0.8662246990747628   0.005677384984322065  0.0008671754581697352     -7.587850242548157
      336.7499999999999     0.8589350232552524   0.005675994518017474    0.00125758054346275     -7.216391565519368
      336.9999999999999     0.8879030928686813    0.00567453698998852  0.0009999945251449847     -7.445843532904997
      337.2499999999999     0.8901072639192354   0.005672945652254101   0.001186904311251615     -7.274770033743092
      337.4999999999999     0.8648208303102242   0.005671438671087216   0.001138395258979013     -7.316764607824912
      337.7499999999999     0.8507537621616805   0.005670951122013074   0.001703552358388296     -6.913754486929233
      337.9999999999999     0.8764576303777957   0.005669547069118215   0.001219824263346454     -7.248010995915445
      338.2499999999999     0.8476861403417389   0.005667619684519444   0.001948965713412043     -6.779758981054622
      338.4999999999999     0.8264612665993114   0.005670491900629924   0.001219693133018537     -7.247951864675496
      338.7499999999999     0.8320229343010342    0.00567087462695301   0.001407216731372316     -7.104869865165655
      338.9999999999999     0.8347725271046459   0.005669571992317317    0.00162231422149116     -6.962859740232026
      339.2499999999999     0.8159769738453703    0.00566922311190763    0.00159131103389594     -6.982216713257153
      339.4999999999999     0.7915389592508482   0.005669460868936612  0.0009835467023005988     -7.463323158495472
      339.7499999999999     0.8035869388002527   0.005671603905477979   0.001415580629409878     -7.098815291188425
      339.9999999999999      0.765115469449017   0.005674752023299315  0.0009645144553607018     -7.481930623663722
      340.2499999999999     0.7897626884033714    0.00567586341507093   0.001182173111958549     -7.278249969909275
      340.4999999999999     0.7769200932150968   0.005677593352246178   0.001068650689771209     -7.378902777952933
      340.7499999999999     0.8616426363814693   0.005676995481538667   0.001530467554480444     -7.019831622258087
      340.9999999999999     0.8650433898989717   0.005676248663006932   0.001616472679038431     -6.965290045784137
      341.2499999999999     0.7898276343322512   0.005675359688359342   0.001413098059864018     -7.099908588197898
      341.4999999999999     0.7938674220828338   0.005675169955835377     0.0016416731943588     -6.950010557115727
      341.7499999999999     0.7619014525998338   0.005675130138522952   0.001323347820087401     -7.165568782263542
      341.9999999999999     0.6861908642703531   0.005682110843784828  0.0004505744744636826     -8.241736139755259
      342.2499999999999     0.7129501890748567   0.005692783935530593  0.0009515880055778749     -7.492250738925525
      342.4999999999999     0.8123462246042309   0.005694364514092349    0.00190817576775196     -6.796202336126171
      342.7499999999999     0.8335423605397734   0.005693677005561677   0.001922651403363634     -6.788765595889888
      342.9999999999999     0.7958035924156494   0.005691806375565801   0.001896890214598252     -6.802583551590748
      343.2499999999999     0.7817354081857874   0.005690216657838015   0.001587342912907811     -6.981017211655198
      343.4999999999999     0.8162717768812863   0.005689267998600141   0.002137511193388809     -6.683603279050788
      343.7499999999999     0.8030805381409328   0.005687287869015977   0.002011858827743137     -6.744534459942528
      343.9999999999999     0.7923547837927821    0.00568573821661022   0.002248331861308759     -6.633677511955742
      344.2499999999999     0.8071715313185117   0.005683720623646955   0.002418686634396813     -6.560996292956521
      344.4999999999999     0.8342905011167999    0.00568224643533455   0.002204848509259959     -6.653821573429126
      344.7499999999999     0.8246303609708179   0.005680952167057719   0.002079178498621069     -6.712735313564648
      344.9999999999999     0.7829384786338014   0.005679803340401704   0.001980340446413134     -6.761641648882935
      345.2499999999999     0.8068103473019219   0.005677817928184552   0.002756851236507166     -6.431170866939036
      345.4999999999999     0.7674881811943047   0.005676161521140587   0.001223849362398763     -7.243550708072552
      345.7499999999999       0.78736570941164   0.005674734515194638   0.002531314612020627     -6.517064472313625
      345.9999999999999     0.7207649399334577   0.005675543515827081   0.001110764778166429     -7.340611930492125
      346.2499999999999     0.7654331569040925   0.005675059673601652   0.001513278179303779     -7.031467674595486
      346.4999999999999     0.7310378091361578   0.005673866593460442  0.0009974101506372106     -7.448549415024112
      346.7499999999999     0.7711419381998771   0.005673669957570155   0.001520918267783238     -7.026676587227437
      346.9999999999999     0.8435951128761452   0.005672234406039573   0.002302967095209272     -6.612045582213105
      347.2499999999999     0.7561365449636938   0.005671287106431913   0.001712261574223749     -6.908595880799694
      347.4999999999999     0.8232914241317469   0.005669918585475525    0.00240421467831215     -6.569428958444335
      347.7499999999999     0.7790928090991214   0.005668538495266488   0.002301751811343729     -6.613225216741622
      347.9999999999999     0.7844359218196626   0.005666597697115647   0.003131610002155163     -6.305690896199422
      348.2499999999999     0.7295484524287678    0.00566679313922543   0.001153590819201923     -7.304324127453473
      348.4999999999999     0.8202194595183153   0.005665936986930266   0.002816137596911638     -6.411988450680463
      348.7499999999999     0.8343404364090924   0.005665645094552456   0.002962727137092575     -6.361296094431781
      348.9999999999999     0.7893155491659857   0.005664834299279698   0.003490228361292083     -6.197582219152429
      349.2499999999999     0.8219378196590326   0.005663277078503921   0.003259290396089016     -6.266314814832526
      349.4999999999999     0.8630995060346434    0.00566314365942385   0.001915669490263879      -6.79778071071263
      349.7499999999999     0.8846993622738281   0.005667325137034987   0.001359407122981073     -7.140061115401786
      349.9999999999999     0.8548078637282988   0.005669103628122691   0.002387093904192722     -6.576719329022237
      350.2499999999999     0.8669840557271167    0.00566928861161259   0.002039903065105033     -6.733861096240839
      350.4999999999999     0.8932200170117598   0.005671448461682832   0.001476226936269228     -7.056893019457635
      350.7499999999999     0.9270906131545735   0.005676057808412503  0.0007131402060704941     -7.783647321895432
      350.9999999999999     0.9717225178990102   0.005687085736997648   7.57991679638899e-05      -10.0232970493572
      351.2499999999999     0.9218921182890684   0.005698166814936405  0.0008116295903654435     -7.650393731107092
      351.4999999999999     0.8633462947783195   0.005697075669237136    0.00258705281227415     -6.491354710220211
      351.7499999999999     0.8927390991848106   0.005695394785970622   0.001744500639116073     -6.885700766400097
      351.9999999999999     0.9027992498209783   0.005693933032415572   0.001520011724159918     -7.023707754607664
      352.2499999999999     0.9051641252668006    0.00569247381197268   0.001675650673440324     -6.926480560304869
      352.4999999999999     0.9432500346482471   0.005694922530556216  0.0004795236734095811     -8.177214051509063
      352.7499999999999      0.977304074781515   0.005701897595878518  6.866043553293921e-05     -10.11961014705555
      352.9999999999999     0.9532253269876401   0.005708589866780285  0.0003371981538327889     -8.526939523631649
      353.2499999999999       1.00868574028915   0.005714376132521743  3.034903350646309e-05     -10.93383250919281
      353.4999999999999     0.9927801623191126   0.005721634405415205  3.521048990515639e-05     -10.78398376272179
      353.7499999999999      0.956804816862629    0.00572379017556715  0.0003509353748711487     -8.484349015987515
      353.9999999999999     0.9932503317456696   0.005726763531702168  4.266919194780713e-05     -10.59095460713455
      354.2499999999999     0.9834517397325987    0.00572664551617673  6.595811425694919e-05     -10.15543246674973
      354.4999999999999     0.9380076242067035   0.005727233495038593  0.0007161141570932795     -7.770510114358858
      354.7499999999999     0.8652773967227247   0.005727119212756406   0.002902499557652953     -6.371042099106942
      354.9999999999999     0.8995468558880525   0.005726439268799512   0.002163041832170991     -6.665217625229876
      355.2499999999999     0.9468572494663295   0.005724587677582193  0.0005639333495566294     -8.009875713955392
      355.4999999999999      0.944455479780916   0.005722806515034439   0.000734237603265557     -7.746290288442028
      355.7499999999999     0.9543139452032483    0.00572131703112863   0.000542528742797732     -8.049142214176664
      355.9999999999999      0.951331440645091    0.00572148316718436  0.0007300074640150812     -7.752299483877684
      356.2499999999999     0.9584620874870389    0.00571992694181482  0.0005476943938739665     -8.039908820512004
      356.4999999999999     0.9736048179081926   0.005719814379347174  0.0001057310302039987     -9.684747537265313
      356.7499999999999      0.967717551981282   0.005718888308924391  0.0001949851396079841     -9.072884525951284
      356.9999999999999     0.9464659142044664   0.005717240632304387  0.0009951447589312398     -7.443207814393137
      357.2499999999999     0.9343595136426757   0.005715921356158201  0.0009769339863447421     -7.461907725913369
      357.4999999999999      0.967039157594529   0.005714086508196229  0.0002527538732572757     -8.814231683760415
      357.7499999999999     0.9863103160976634   0.005713240701723123  7.416243244660909e-05     -10.04053817755189
      357.9999999999999     0.9674073089541526   0.005712709178241683  0.0002958977176798047     -8.656875089974278
      358.2499999999999      0.984858617538409   0.005712360584562997  9.569778777172043e-05     -9.785754776885794
      358.4999999999999     0.9278570091693028   0.005711061267912647   0.001064318568504644     -7.377087410132659
      358.7499999999999     0.9118057761101486   0.005709472493479318   0.001419343703561071     -7.089505809750742
      358.9999999999999     0.9212423735900555   0.005707897902726594   0.001128914285986291     -7.318719855660524
      359.2499999999999     0.9528592525762321   0.005706285201114789  0.0009938959749379857     -7.446381526976571
      359.4999999999999     0.9788729637258903   0.005705318971403463  0.0001514354001682916     -9.328024284302085
      359.7499999999999     0.9329216650625497    0.00570376820327179   0.001299574767618156      -7.17866287656976
      359.9999999999999     0.9171748737329946   0.005701921530809432    0.00134906219362691     -7.141614122040098
      360.2499999999999     0.9284474923701452   0.005700636300840645    0.00155734169224799     -6.998268905773037
      360.4999999999999     0.9193084578471358   0.005698778150496002   0.001627029773867111      -6.95481911018036
      360.7499999999999     0.8926518327842311   0.005697821075275794   0.002334104085442749       -6.5941150679692
      360.9999999999999     0.8595021993701872   0.005699272262625451    0.00326803020722349     -6.257301116649327
      361.2499999999999     0.9470255723788644   0.005701074444062672   0.001291697645531648     -7.185215016884611
      361.4999999999999     0.8838759132610026   0.005699962947056443   0.001866943453723061     -6.817064779242829
      361.7499999999999     0.9325620438534769   0.005698527174495897   0.001756333358654441     -6.878390962418091
      361.9999999999999     0.9116064998229318   0.005696812899032247   0.001994340124231671     -6.751606921633362
      362.2499999999999     0.9414099151568183   0.005694977851765089   0.001634237751128367     -6.951065834202026
      362.4999999999999     0.9306656020872465   0.005693168129644831    0.00214663896818541      -6.67865679983109
      362.7499999999999     0.9244659960773183   0.005691340707962956   0.002236912128750928     -6.637784783830766
      362.9999999999999     0.8746638416844801   0.005689802404483598   0.002030479172433889     -6.734879698942556
      363.2499999999999     0.7998713077046544   0.005695069780756441   0.003102301425583068     -6.310081949195136
      363.4999999999999     0.8128816033117549   0.005702308212808211   0.003483208122534438     -6.193002244508016
      363.7499999999999     0.8076505173468795   0.005708394172626629   0.003780291766500903     -6.110088083447272
      363.9999999999999     0.7729633121525626   0.005715100696782867   0.002101331002757965     -6.696144158787456
      364.2499999999999     0.7336896996762812   0.005728729627722708   0.001351043729246477     -7.135455803206624
      364.4999999999999     0.6946814742244596   0.005747220189389658  0.0003276579240864661     -8.548895867000558
      364.7499999999999     0.6995204035691848   0.005764744617837811  0.0004822854057977401     -8.159285388353354
      364.9999999999999     0.7014941068006457   0.005781191891723286  0.0006571363232286776     -7.847080947862654
      365.2499999999999     0.7211391600553282   0.005793664474727716   0.001393172847743398     -7.093478271637953
      365.4999999999999      0.763187245927579   0.005794914457728512    0.00218940506900883     -6.641216466180998
      365.7499999999999     0.7633500867443623   0.005794593290116886   0.002569257411223742     -6.481284826868804
      365.9999999999999     0.7584369540635334   0.005793694038513997   0.002696709863642657     -6.433024478131706
      366.2499999999999     0.6805294196472774   0.005797886373902016  0.0005788363011598913     -7.971069165787124
      366.4999999999999     0.6733530513807807   0.005806557015519275  0.0004216218689834741     -8.286485643191046
      366.7499999999999     0.7300497852935655   0.005809938243012806   0.001582144366233066     -6.963475968327067
      366.9999999999999     0.6870679504999744   0.005812624239696474  0.0005885904094880093     -7.951819622234064
      367.2499999999999     0.7124803429884125   0.005815080937375891   0.001250019222434926     -7.198213396665827
      367.4999999999999     0.7320181080438962   0.005816682871293236   0.001819374353284311     -6.822604204477324
      367.7499999999999     0.7234672470270548   0.005815334434279593   0.001875594937462547     -6.792402824672654
      367.9999999999999     0.6711036765946908   0.005817133254572037   0.000433425651978362       -8.2570544618219
      368.2499999999999     0.7022516064871135   0.005817867294936135  0.0008517638518813957      -7.58133923971414
      368.4999999999999     0.6595133652272021   0.005819728758549927  0.0002533942595304677     -8.793382039947968
      368.7499999999999     0.6941803224294969   0.005823149351672079  0.0006292889032723978     -7.883150611353086
      368.9999999999999     0.6962437990630571   0.005823137928271648    0.00079981292534814     -7.643365173000922
      369.2499999999999     0.6803971203980278   0.005824086110518501  0.0007933322990628148     -7.651338038849707
      369.4999999999999     0.6853150989396389   0.005823144516969618  0.0008926777206761629     -7.533516277901702
      369.7499999999999     0.6609140889480914   0.005823332615358594  0.0003113673283342916     -8.586736261952158
      369.9999999999999     0.6364343776586903   0.005825778343589153  0.0004327790912087704     -8.257062281797154
      370.2499999999999     0.6714152636334763   0.005827906434316836  0.0005845748782847035     -7.956039596426812
      370.4999999999999     0.6178105281380248   0.005828421853148303  0.0008298560634443184     -7.605583771598333
      370.7499999999999     0.6687778406700052   0.005832684328453181  0.0005893349489139171     -7.947110285401155
      370.9999999999999     0.6671813851198416   0.005832342791151976  0.0006367581266133867     -7.869773662355692
      371.2499999999999      0.633332405317419   0.005834727875293797  0.0004882117387798902     -8.135005478670719
      371.4999999999999     0.6599218366396071   0.005833464807147803  0.0004622721028606276     -8.189817494073948
      371.7499999999999     0.6301586852790311   0.005832005411814205  0.0005626982790614231       -7.9934778186557
      371.9999999999999     0.7024843682947359   0.005830748849967636   0.001146284223817877     -7.282155989269347
      372.2499999999999     0.6518121181225973   0.005829384987503967  0.0004194308136530267     -8.287772219017464
      372.4999999999999     0.6630927294038281   0.005827558782363251  0.0006558977834303767     -7.840979171586686
      372.7499999999999     0.6539582712261225   0.005825809974190209  0.0005220751734646496     -8.069472680257972
      372.9999999999999     0.6633456898989509   0.005824012632269577  0.0008029870125831942     -7.639254289298523
      373.2499999999999     0.6470879103220745    0.00582285156588205  0.0005842518096091443     -7.957460137129067
      373.4999999999999     0.6965981143428033   0.005821467435388965   0.001137730612977539      -7.29123907580156
      373.7499999999999     0.6399574956244033   0.005819889273544246   0.000678066787403193      -7.80905528340744
      373.9999999999999     0.6337753797938194   0.005818308688580002  0.0008148651476815288      -7.62555005663277
      374.2499999999999     0.6659557190059242    0.00581681605767768   0.000978710857097722     -7.442593012712931
      374.4999999999999       0.64358660357836   0.005815200430932026  0.0008158831144043141     -7.624835953543821
      374.7499999999999     0.6125776328186061   0.005814203418046406   0.001049740343512248      -7.37298039956342
      374.9999999999999      0.634994410473029   0.005814008728475261   0.001005579713317911     -7.415992522604401
      375.2499999999999     0.6245616163269048   0.005813204665834331  0.0008382509317997793     -7.598132816044832
      375.4999999999999     0.6591483805128034    0.00581136549308459  0.0009095975932755169      -7.51676444499416
      375.7499999999999     0.6430356023506028   0.005809513288299684   0.001035254246197067     -7.387683189378712
      375.9999999999999     0.6870983837060455   0.005808065099662958   0.001056405278059712     -7.367707646629012
      376.2499999999999     0.6533048896421482   0.005806256143018087  0.0008936636413389136     -7.535316863544135
      376.4999999999999     0.6505518399330859   0.005804674227668025   0.001052081789806559     -7.372392677838652
      376.7499999999999     0.6645143722818601    0.00580284409907621   0.001264951921410214     -7.188444756465969
      376.9999999999999     0.7084643425459632   0.005801995589327189   0.001502300675970058     -7.016627387863642
      377.2499999999999     0.6673327611059025   0.005800661122360453   0.001414988727891703     -7.076733567827323
      377.4999999999999     0.6215256417697087    0.00579898399726071   0.001047660685481391     -7.377584541007749
      377.7499999999999     0.6398685426367731   0.005797384195438258   0.001324073933579344     -7.143706918344588
      377.9999999999999     0.6311725536268572   0.005795631773991824   0.001273284388979003     -7.183122843786832
      378.2499999999999      0.613459316448837   0.005793987278597235   0.001318193686029727     -7.148743946896073
      378.4999999999999      0.663300884761066   0.005792973545703036   0.001649925035067162     -6.924451451312081
      378.7499999999999     0.6688183502265096    0.00579186723637959   0.001892800499627127     -6.787314819277996
      378.9999999999999     0.6956629175548843   0.005790567303350442   0.001351310050742572     -7.124522233901938
      379.2499999999999     0.6430883246144952   0.005789050110053659   0.001536802642108098      -6.99615475756849
      379.4999999999999     0.7089077851719622   0.005788192919720487    0.00174898725820451     -6.866969980390619
      379.7499999999999     0.7015932560513143   0.005787572828921762   0.001845707879891168     -6.813251148596714
      379.9999999999999     0.6869747593565031   0.005786433913557121   0.001305913100144607     -7.159408343262571
      380.2499999999999     0.6773865292177879   0.005784671538878428   0.001360168814788303     -7.119006628875304
      380.4999999999999     0.6707479388782883   0.005782860442382113   0.002082768426341798     -6.693230600958018
      380.7499999999999     0.6729782727211231   0.005781148423682066   0.002179190742030539     -6.648271089610208
      380.9999999999999     0.6311186179423924    0.00577960056063059   0.001515428374996127     -7.011794302501372
      381.2499999999999     0.6392564211610002   0.005778169976605408   0.001969498833490647     -6.749960899757443
      381.4999999999999     0.6635085641341091   0.005777505116038921   0.002709098368827651     -6.431239207426634
      381.7499999999999     0.6880896021977461    0.00577654034099143   0.001589311303446426     -6.964721303938792
      381.9999999999999     0.6828648507347292   0.005775226987880061   0.001871047066425228     -6.801751266776116
      382.2499999999999      0.634133990444819   0.005773546152431827   0.002206532095665686     -6.637118458605638
      382.4999999999999     0.6429580794239341   0.005772951427645785   0.002200693169486029     -6.639871180297462
      382.7499999999999     0.6847988691360576    0.00577122545639053    0.00214211201717763     -6.667150322054625
      382.9999999999999     0.6832206831925836   0.005769410364531375   0.002490967784771769     -6.516585841416842
      383.2499999999999     0.6971295647135575   0.005767784552624109   0.002110007391098497      -6.68284753292991
      383.4999999999999     0.7121903830084465   0.005766963095066229   0.002032890366662442     -6.720222808806811
      383.7499999999999     0.7407125869780713   0.005767789821554304   0.001523182558235621     -7.008736135540985
      383.9999999999999     0.6883861961388219   0.005767703735115697   0.002797601253066247      -6.40079064060628
      384.2499999999999     0.6911866050322136   0.005765880976061433   0.002935863454612177     -6.352867471393289
      384.4999999999999      0.705372465422869   0.005764328518400922   0.002513244332205541     -6.508563877893375
      384.7499999999999      0.721091427475907   0.005763009314571002   0.002208402400394456     -6.638097883316926
      384.9999999999999      0.714177048603213   0.005762931103953947   0.002613999334532644     -6.469499452292495
      385.2499999999999     0.6449598731917452   0.005761719239585772   0.002294494651603927     -6.600078497253862
      385.4999999999999     0.7098010723595163   0.005760423342611389   0.003230235000136846     -6.258261171370273
      385.7499999999999     0.7367522614277374   0.005759476290525097   0.002052328814655593     -6.712005326084932
      385.9999999999999     0.7212852434668371   0.005760359478133116   0.002804782306832172      -6.39950122125782
      386.2499999999999     0.7229129249924544   0.005758958424905621   0.003098170122608207     -6.300258746884088
      386.4999999999999     0.6911047722517221   0.005757161536100263   0.003419043811401198     -6.202021541357703
      386.7499999999999     0.7007159462667695   0.005756486589633059   0.003285625931577387     -6.241942532759387
      386.9999999999999     0.6497062821964403   0.005755058790770831   0.001973488538788374     -6.751944964138391
      387.2499999999999     0.6848405560195011   0.005753564215468829   0.004324514615163897     -5.967707597695719
      387.4999999999999      0.661102030910081   0.005752380620814177   0.002723911891340658     -6.430144197828082
      387.7499999999999     0.6712864914482691   0.005751453305094379   0.003359805191736928     -6.220491465176472
      387.9999999999999     0.7454343459021616   0.005750585651560386   0.001725608493984175     -6.886945589921474
      388.2499999999999     0.6992707197930094   0.005750157456602347   0.003774243626906517     -6.104399793323403
      388.4999999999999     0.7176251479192138   0.005748565265690187   0.003656991286068575     -6.136235969387273
      388.7499999999999     0.7386152401488979   0.005747170139703508   0.002366499158739703     -6.571707731482708
      388.9999999999999     0.7589076471975191   0.005746929232881944   0.003091393814258608     -6.304539302923835
      389.2499999999999     0.7252709429649167   0.005745693384129232   0.003593562633936855     -6.154232345333156
      389.4999999999999     0.6737397683171319   0.005744230330981641   0.003635980846805239     -6.142752191413906
      389.7499999999999     0.7386303656614592   0.005742942972130681   0.002743196907006984     -6.424731243899741
      389.9999999999999     0.7284808494799071   0.005741890200206482    0.00373799437811653     -6.115489366061264
      390.2499999999999     0.6710560869270176   0.005740368328874532   0.004599488063668423     -5.908358646545629
      390.4999999999999     0.6433569878842407   0.005740941477347093   0.002945240377856665     -6.354013376946626
      390.7499999999999     0.6902979493427482   0.005740144271562208   0.004904705454952761     -5.844147644717077
      390.9999999999999     0.7101079749434851   0.005738389452194735   0.004233204383244745     -5.991689199005834
      391.2499999999999     0.7564382231463698   0.005737370107020456   0.003232395756253385     -6.261602512077295
      391.4999999999999     0.6865553266335523   0.005736822361969981   0.005866570893515349     -5.665651280567706
      391.7499999999999     0.6308168946933771   0.005737895775011529   0.002263859525812977      -6.61766336549144
      391.9999999999999     0.6606115498356249    0.00573796686937796   0.003583297605699595     -6.158438591408046
      392.2499999999999     0.6985414849302788   0.005736414688403514   0.004830237123610285     -5.860097073601312
      392.4999999999999     0.7247320382117938   0.005735918535338056    0.00479574034143446     -5.867351034509329
      392.7499999999999     0.7520997263474712   0.005735149063801731   0.002988116668908311     -6.340569975891047
      392.9999999999999     0.7823854848007795   0.005736196012450996   0.003756942716428529     -6.111425236051338
      393.2499999999999     0.7499473189773791   0.005737573992707733   0.003119011166937659     -6.297274540857303
      393.4999999999999     0.7539106109347734   0.005736232343847599   0.004088852482428107     -6.026760057635208
      393.7499999999999     0.7807345190343683   0.005735869453119932   0.004034904212548962     -6.040105124292545
      393.9999999999999     0.7470202989966729   0.005736148361676917    0.00359879666362172     -6.154439532957897
      394.2499999999999     0.7818238893538337   0.005736274619393963   0.004764942412195537     -5.873731600342298
      394.4999999999999     0.7378545917569083   0.005735405738027229   0.003684616879840021     -6.131001981876234
      394.7499999999999     0.7584235685148302   0.005734996291859198   0.004944508474689584       -5.8369623647171
      394.9999999999999     0.7036405407726363   0.005733520053503454   0.005104772240338532     -5.805321532709852
      395.2499999999999     0.6707205035251748   0.005734128418957089   0.005462365830390979     -5.737509268967376
      395.4999999999999        0.7010293137616   0.005733434614852069   0.006053285876524097     -5.634911025337298
      395.7499999999999     0.7728051565088023   0.005732204735733724   0.003253081625861529     -6.256124063387408
      395.9999999999999     0.7467686975176481   0.005730713642768689   0.004377513566391645     -5.959506078157748
      396.2499999999999     0.7910962629903846   0.005731756867864845   0.004490466925167387     -5.933848249383038
      396.4999999999999     0.7703808972371436    0.00573140863448097   0.003633292071854075     -6.145726550772586
      396.7499999999999     0.7911229982776633   0.005732005869623829   0.005115036348339454     -5.803576990828581
      396.9999999999999     0.8092039918918262   0.005732927370850439   0.004252086640698059     -5.988190908442472
      397.2499999999999     0.7430807975032688   0.005731892395991978   0.004605935709457488     -5.908435449821427
      397.4999999999999     0.7043459277171615   0.005730850663869043   0.006565740605992118     -5.554097740118372
      397.7499999999999     0.7250421557428164   0.005731186826681282   0.005533026275639463      -5.72516948325199
      397.9999999999999     0.7370798332347117   0.005729588365230205   0.004980018894140678      -5.83074965575589
      398.2499999999999     0.7185712033420659   0.005728747251299284   0.005934510535080417     -5.655545599634677
      398.4999999999999     0.7402959360312094   0.005727058832949427   0.005802470696333484     -5.678341115164694
      398.7499999999999     0.7211133572892134   0.005725409894605199   0.007164873964798339     -5.467722415491071
      398.9999999999999     0.7886925928254542   0.005724483427204936   0.006139809823084327     -5.622280947853125
      399.2499999999999     0.7500711836553204   0.005723560938962056   0.006080229244591838     -5.632193476967364
      399.4999999999999      0.785102549333719   0.005722250810645447    0.00702447892146105      -5.48806376646294
      399.7499999999999     0.7467181884529299   0.005721069349825045   0.006904743080966067     -5.505462714729282
      399.9999999999999     0.7188544410388855   0.005719442656380834   0.007770226434358524      -5.38765636137208
      400.2499999999999     0.7283185621254236   0.005718654358285029   0.007134555530505852      -5.47314355000368
      400.4999999999999      0.757112635760374   0.005716924140404587   0.006530868428954064     -5.561856182242017
      400.7499999999999     0.7573738600062309   0.005715261940052935   0.007366983866340514     -5.441678522722455
      400.9999999999999      0.713266005500645   0.005713820507943925   0.007370577876793237      -5.44144302731042
      401.2499999999999      0.739872614408984   0.005712529599464201   0.007380276029319539     -5.440354052414672
      401.4999999999999     0.6841979366759616   0.005711485795239042   0.006585221081583713     -5.554519923118856
      401.7499999999999     0.7099514770038767   0.005711610774169268   0.007993468915300431     -5.360701126800151
      401.9999999999999     0.6900630627100799   0.005710698355926164   0.007503696888284555     -5.424089892666483
      402.2499999999999     0.7393857170676694   0.005709333304977566   0.008276661032150336     -5.326285142673546
      402.4999999999999      0.773500873611447   0.005708537242172577   0.004513806303244548     -5.932723447058367
      402.7499999999999     0.7891790900684003    0.00571034850018634   0.007788250951075723     -5.386930665514565
      402.9999999999999     0.7615826380743503   0.005709244574894812   0.007054410118019337     -5.486087344203072
      403.2499999999999      0.769295425653487   0.005708373688335779   0.005394760493795906     -5.754464661843876
      403.4999999999999     0.6965838473974219    0.00570757369330972   0.007972877768724098     -5.363987516654117
      403.7499999999999     0.7334206843749775   0.005706448012098571   0.008055962956478573     -5.353817707579016
      403.9999999999999     0.6735537840434517   0.005708107949455984   0.005934177526931458     -5.659210980684048
      404.2499999999999      0.647617509205296   0.005709391775570555   0.002941459882356195     -6.360808514846251
      404.4999999999999     0.6651591386253073   0.005711715268975457   0.006461630348744194     -5.573425992560743
      404.7499999999999     0.6551317616453469   0.005714001467863702   0.003147863444775583     -6.292183518501697
      404.9999999999999     0.6515276401467252   0.005717445019349216   0.003457112203838296     -6.197871382333319
      405.2499999999999     0.6485827984724691   0.005717915245494836   0.004047331193924142     -6.040165059577596
      405.4999999999999     0.6274394576267228   0.005718770277346846   0.002120121720280936     -6.686599732343221
      405.7499999999999     0.5742969363569344   0.005723498457275662     0.0101893725321122     -5.115901525062875
      405.9999999999999     0.5873999795099275   0.005728894392588759   0.004615334698950767     -5.906920079505359
      406.2499999999999     0.6216289327685774    0.00573615668003595   0.001821206633684418      -6.83553834532225
      406.4999999999999      0.601782353940815   0.005737812793149488   0.001825502199775297     -6.832893812042595
      406.7499999999999     0.6098297995330557   0.005737689812668516   0.001585425654359782     -6.973917449827048
      406.9999999999999     0.5986827501830386   0.005738829098041104   0.002710212264244683     -6.437544872658569
      407.2499999999999     0.5911952317181258   0.005739627202940556   0.004207160407302195     -5.997644836858837
      407.4999999999999     0.6057285107521651   0.005739084603563953   0.002196205458899875     -6.647796229734253
      407.7499999999999     0.5836595609587438   0.005738221660587917   0.007044599765587087     -5.482416350700011
      407.9999999999999     0.5948943126163942   0.005739672493200914   0.004312781764062447      -5.97284176181943
      408.2499999999999     0.6492041606559972   0.005738120842424204   0.004603695403981269     -5.907835923369455
      408.4999999999999     0.6330598036457129   0.005736955987980569   0.003323777081888942     -6.233796464891175
      408.7499999999999     0.5778904580770411    0.00573594772329355    0.01044124840861115     -5.089309886267884
      408.9999999999999     0.6159826919829807   0.005736153407205738   0.002071664466891105     -6.706685808380256
      409.2499999999999      0.653927476951493    0.00573463901165673   0.004843351547455043      -5.85769527702647
      409.4999999999999     0.6550221152976845   0.005733828176204916   0.005500103548397837     -5.730676710134156
      409.7499999999999     0.6569598452980222   0.005733011096805032   0.006273475532392066     -5.599255628423311
      409.9999999999999       0.65075540716495   0.005732085297427585   0.006946166052068252     -5.497557779453613
      410.2499999999999     0.6373401125772513    0.00573036821200363   0.004311599508076573      -5.97473829052785
      410.4999999999999     0.6512145194892421   0.005729059897827391   0.007956484892715589     -5.362288273905963
      410.7499999999999     0.7051706285764807   0.005729009170734412    0.00923347604174635     -5.213448854034504
      410.9999999999999     0.6910533306543606   0.005730031012347757   0.009237521762057143      -5.21283244530775
      411.2499999999999       0.70577358131473   0.005729192151777624    0.01068094134759056     -5.067791524539712
      411.4999999999999     0.6871761978920176   0.005729622790226658    0.01032720506504513     -5.101395650856037
      411.7499999999999     0.6847539832916996   0.005728355473609243    0.01075620726908121     -5.060915535423538
      411.9999999999999     0.6680626723907821    0.00572713598354731   0.008330604438080425     -5.316675437846646
      412.2499999999999     0.6604442847634352   0.005725478770782396   0.008343152209496888     -5.315459748648721
      412.4999999999999     0.6894508481863205   0.005724958963754596    0.01290073123289282     -4.879707654413816
      412.7499999999999     0.6814246674434846   0.005723333449836413    0.01084552845058404     -5.053522753139956
      412.9999999999999     0.6117324415693305   0.005722371427123666    0.00239670763966922     -6.563347747022963
      413.2499999999999     0.6659713811311497   0.005721965930989926     0.0100008622948609     -5.134843271072815
      413.4999999999999      0.652325094560076   0.005720334961504789   0.009569693404545186     -5.179198499216947
      413.7499999999999     0.6401282582905923   0.005718785229906292   0.005632269349715485     -5.709558177372665
      413.9999999999999     0.6259610591897221   0.005717537704848798   0.002971444851717886     -6.349240472294206
      414.2499999999999     0.6200392871670352   0.005716867581471166   0.002801133623335314     -6.408381799911537
      414.4999999999999     0.6037109860711084   0.005716121270097501   0.003246463801671393      -6.26097021171259
      414.7499999999999     0.6483770091854277   0.005715202840268179   0.009832383732260948     -5.153015840765565
      414.9999999999999     0.7146559231490242   0.005716442613292133     0.0103142345496348     -5.104955402971694
      415.2499999999999      0.707811326553251   0.005715849741757846    0.01267301634977465     -4.899109021765152
      415.4999999999999     0.6707239547474912   0.005715253847067836    0.01061169182295898     -5.076731921037773
      415.7499999999999     0.6566498726134062   0.005713866045051186    0.01135658963344634     -5.009133010263128
      415.9999999999999     0.7065722014260237   0.005713243509597363    0.01447803860705953     -4.766407205333837
      416.2499999999999     0.6968466323897831   0.005712232450557393    0.01338892771957128     -4.844789035264705
      416.4999999999999     0.6757465101177234   0.005710731093667024    0.01051977044855033     -5.086223590923676
      416.7499999999999     0.7117858174584607   0.005709291816261083     0.0153855926363791     -4.706300511170069
      416.9999999999999     0.7238106222389623   0.005709940680959464    0.01093308702185571     -5.047824697436978
      417.2499999999999     0.7274668147312486   0.005710758505075006    0.01088084287490792      -5.05247146899706
      417.4999999999999     0.7407122146144692   0.005710508243936771    0.01021627402580231     -5.115537059684319
      417.7499999999999     0.7399190738726934   0.005711452221260861    0.01160076635374322     -4.988282548699383
      417.9999999999999     0.7294632020344908   0.005710405566827384    0.01211106005306386     -4.945417892713834
      418.2499999999999     0.6922729867804243   0.005709730994243311    0.01587526659677173     -4.674892781054388
      418.4999999999999     0.6707374238528694   0.005708170346708335    0.01312314010392752     -4.865551395666728
      418.7499999999999     0.7162316372348319   0.005706531291036248    0.01550256474888775     -4.699210193100708
      418.9999999999999     0.6542743789890486   0.005705325944086309    0.01329939263406389     -4.852708548095237
      419.2499999999999     0.7044978272520473   0.005704297081133761    0.01885455506527372     -4.503852732976376
      419.4999999999999     0.7167524919981065    0.00570268172328176     0.0181194789736426     -4.543902942450076
      419.7499999999999     0.7432913143339448   0.005702391005532247    0.01239103546305989     -4.923968204234694
      419.9999999999999     0.7828811465068711   0.005705376877015189   0.008536705565620093     -5.296042820224075
      420.2499999999999     0.8054374368548967   0.005710186025097605   0.004728545847664526     -5.885957704989739
      420.4999999999999     0.7543595743395609   0.005712182508860161    0.00981677018362275     -5.155133687653809
      420.7499999999999       0.77887557822986   0.005711625016825117   0.008046525025655058     -5.354083131438545
      420.9999999999999     0.7613215398195465   0.005712298885123796   0.009401224036270868     -5.198365583488385
      421.2499999999999     0.7692991747561196   0.005712056275092893   0.007163550495141174     -5.470242216061194
      421.4999999999999     0.7880155209681159   0.005711495909760453    0.01024579832336638     -5.112478358483407
      421.7499999999999     0.8241109545416039   0.005717210796914104   0.003728408050206155     -6.122364620497982
      421.9999999999999      0.784630806882825   0.005718623772739585     0.0119456269534475     -4.957733587050113
      422.2499999999999     0.7767829163830251   0.005719726074011705   0.009657560424406339     -5.170165043048102
      422.4999999999999     0.7410635063886329   0.005718126793061441    0.01486453220249272     -4.739207776153261
      422.7499999999999     0.7534508680397155   0.005716579126595522    0.01216841770252381     -4.939612576392052
      422.9999999999999     0.7148224159481444   0.005715142747492682    0.02114124439757952     -4.387481912476351
      423.2499999999999     0.7316970030939027   0.005713911029434545    0.01430999201047688     -4.777965262096187
      423.4999999999999     0.7816768078204194   0.005712362103284281    0.01390499838121526     -4.806946042678193
      423.7499999999999     0.7648054703258931   0.005712036684408282   0.009983130572836726     -5.138354657262132
      423.9999999999999     0.7588050091433651   0.005710519923924118    0.01380237039550109      -4.81467661070347
      424.2499999999999     0.7672097554677041   0.005708982928130468    0.01135754980446377     -5.009903439969764
      424.4999999999999     0.7457350639436741   0.005707463882978303    0.01576282087043326     -4.682398201344522
      424.7499999999999     0.7370685605028531   0.005705861544610166     0.0178644901785344     -4.557518089164591
      424.9999999999999     0.7777289191996308   0.005704405132433424    0.01375869461535017     -4.818917363859873
      425.2499999999999     0.8012861556549181   0.005703901438428605   0.005322490543274403     -5.768735285783098
      425.4999999999999     0.8015298961606314   0.005705149294552018   0.006338234498403992     -5.593857618978002
      425.7499999999999     0.7646445016584573   0.005703644825068291     0.0139961959300572     -4.801936043517146
      425.9999999999999      0.790999846044368    0.00570217065895279    0.01221272767435116     -4.938501450772637
      426.2499999999999     0.7532501311289406    0.00570057293560065     0.0165952599542732     -4.632143235936436
      426.4999999999999      0.821619253701481   0.005699285402835971   0.004428739447972861     -5.953371236774035
      426.7499999999999     0.8402631285082112   0.005701384189946825   0.003006650277053416     -6.340291450404991
      426.9999999999999     0.8425836686370995   0.005704083431381007   0.003350684207561257     -6.231480154536138
      427.2499999999999     0.9032015460162931    0.00570799025677316   0.002637790424034017     -6.470018431618007
      427.4999999999999     0.8475054735700466   0.005712125218313139   0.003474855602998958     -6.193682958576619
      427.7499999999999     0.8558688558198472   0.005711770018632988   0.003657630166645201     -6.142482626779004
      427.9999999999999     0.8869451959836168   0.005715881052307947   0.002460491559190247     -6.538217429367118
      428.2499999999999     0.9180713964219795    0.00572166940579126   0.002299618913131212     -6.604822994172849
      428.4999999999999      0.890272114588964     0.0057249705801647   0.003005251410671269     -6.336628391211127
      428.7499999999999     0.8665769817457226    0.00572491795161721    0.00352536875500979     -6.177013770521286
      428.9999999999999     0.8446747986538079    0.00572360030554157   0.004230036011603296     -5.995018492570241
      429.2499999999999     0.8641603618337447   0.005722648745059391    0.00435738512695303     -5.965523128960065
      429.4999999999999     0.8540208241410515   0.005723034248904598   0.004435933126942618     -5.947589908271754
      429.7499999999999     0.8297771381156873   0.005721415450530039    0.00417347891668689     -6.008860838655436
      429.9999999999999      0.847395004600187   0.005720333869688854   0.005030043040828239     -5.822371316992011
      430.2499999999999     0.8173838860017193    0.00571874337740435   0.005258625460959728     -5.778208265024646
      430.4999999999999     0.8861012324452253   0.005717593790373448   0.003156548454778553     -6.288799810037614
      430.7499999999999     0.8411620110825909   0.005716821570408306   0.005372193874788921     -5.757177681084509
      430.9999999999999     0.8445997797489285   0.005715224994757835    0.00646112993672213     -5.572889149469147
      431.2499999999999     0.8755510641562803   0.005714223190431462   0.002620560379494518      -6.47548048687646
      431.4999999999999       0.89144433882911   0.005714535044147814    0.00383143576934151      -6.09557448612781
      431.7499999999999     0.8382967608308403   0.005713078427200921   0.006347508629326195     -5.591006628829748
      431.9999999999999     0.8807713152274831   0.005711745670874123   0.003124112054841474     -6.300152231406456
      432.2499999999999     0.8793762217887978   0.005710714177413375   0.003547304526102468      -6.17329491304656
      432.4999999999999     0.8966940853409259    0.00571089036313295   0.003976130640108917      -6.05914294297383
      432.7499999999999     0.8692371598276472   0.005709940480381807   0.004407910304249898     -5.956217707301267
      432.9999999999999     0.8955506474494094   0.005708821581143645   0.004694729165664125     -5.893373980819377
      433.2499999999999     0.8656296495429928   0.005708291427031247   0.005641379418991036     -5.709778662762578
      433.4999999999999     0.8584095530474215   0.005706680730307243   0.005989713534076771     -5.650145896984834
      433.7499999999999     0.9262234630947266    0.00570589925200775   0.002792220150805099     -6.413489401905449
      433.9999999999999     0.9173612604667918   0.005705545282936673    0.00279086792870168      -6.41403583881671
      434.2499999999999     0.9220788851028906   0.005705865734043426   0.003442175991849563     -6.204228481377732
      434.4999999999999     0.9268778570062906   0.005705046179983923   0.003740592130907496       -6.1212320298079
      434.7499999999999     0.9082644698295839   0.005704844513613617    0.00322782222759829     -6.268703624974569
      434.9999999999999     0.8733952673093541   0.005703583783571639    0.00481050993854887     -5.869929224348069
      435.2499999999999      0.938329663775491   0.005703763219310283   0.002239020372694681     -6.634662422907259
      435.4999999999999     0.9566717507942556   0.005704923681352019   0.001011598398641154     -7.428965771867734
      435.7499999999999      1.014335099056359   0.005711535423300117  3.457284957765477e-05     -10.80402574137272
      435.9999999999999     0.8984407951237166   0.005711989790862449   0.004945632431165512     -5.840754742731313
      436.2499999999999     0.9047504643637145   0.005710458242401159   0.004388245730679163       -5.9605982158937
      436.4999999999999     0.9714229766438532   0.005709454640109292  0.0002966636160924816     -8.654859908724545
      436.7499999999999     0.9589541789464817   0.005711019554312565  0.0009732465622364163     -7.466547291505553
      436.9999999999999     0.9296286417658645   0.005710070105194824   0.004041442376611511     -6.042994077028001
      437.2499999999999     0.9235335627733708   0.005708766794839865   0.004743218885336361     -5.883108007983754
      437.4999999999999     0.9145879638998372   0.005707170170971771   0.004071592047241745     -6.036069631991492
      437.7499999999999     0.9939620898808059   0.005706589798079626  6.892100560497083e-05     -10.11499969494148
      437.9999999999999      1.007544162307404   0.005710133472802297  4.388198335619326e-05     -10.56583607678817
      438.2499999999999     0.9565378775708548   0.005710545118532416   0.001373559465379695     -7.122107023556365
      438.4999999999999       0.98567589425344    0.00571037761592419  0.0001418391145475255     -9.392603736389901
      438.7499999999999     0.9831847364392731   0.005709928427069175   0.000190843106424809     -9.095924162308073
      438.9999999999999      1.004048587948819   0.005710584347658537  5.279181840194244e-05     -10.38090472916684
      439.2499999999999     0.9887949021620364   0.005710821684625863   0.000167077083447042     -9.228764109887615
      439.4999999999999     0.9769095242868212   0.005709518751087314  0.0002833804592113945     -8.700657197429996
      439.7499999999999        1.0518914840688   0.005711112483879164  3.036581089979213e-05     -10.93385113982189
      439.9999999999999     0.9502382154057389   0.005710685946454806   0.001897593478688105     -6.798901390021383
      440.2499999999999     0.9695736243614862   0.005709131568297507  0.0004874939058204809     -8.158237597424248
      440.4999999999999     0.9730447518513307   0.005707665410869046  0.0004751782517402554     -8.184082228608412
      440.7499999999999      1.003867921729711   0.005706960233877526  6.923439596212035e-05     -10.11039799520402
      440.9999999999999     0.9795458681283564   0.005705579115623712  0.0003850373989942397     -8.394797351223733
      441.2499999999999     0.9900206491760889   0.005704338060436033  0.0002168852616485106     -8.968986895235483
      441.4999999999999     0.9995104928180977    0.00570292811515045  0.0001024714329212698     -9.719018505510617
      441.7499999999999     0.9842523344196874   0.005701795874882851  0.0003884692750666419     -8.386587037779607
      441.9999999999999     0.9749395595484823   0.005700910945360643  0.0006023030839790297     -7.948195551968261
      442.2499999999999     0.9954427211544306   0.005699807073168523  0.0001821436467872413     -9.144354338103456
      442.4999999999999      0.997809409261656   0.005698324031165613   0.000182286816433428     -9.143828846307638
      442.7499999999999      1.022274711378737   0.005697935468393644    3.4473668756467e-05     -10.80928259050256
      442.9999999999999      1.016099533090513   0.005697155672954596  5.645060893896907e-05     -10.31624918607295
      443.2499999999999     0.9875703530709775   0.005696213261890896  0.0004233520358212588     -8.301576626425177
      443.4999999999999     0.9641718230822042   0.005694655550856029  0.0009824090012118154     -7.460046477226124
      443.7499999999999     0.9880410483476759   0.005693227031529971  0.0004996969868564193      -8.13630319272098
      443.9999999999999      0.999221854298882   0.005691858342691836  0.0002309696705279369     -8.908259111073772
      444.2499999999999     0.9583813728206974   0.005690510861646253   0.001808894457827521     -6.850311142050589
      444.4999999999999     0.9916422566432341   0.005689828851196829  0.0004964781266850704     -8.143362713079025
      444.7499999999999       1.01359421694185   0.005688424557358098  8.227672216673078e-05     -9.941060752342322
      444.9999999999999     0.9911366226273979   0.005687236745505301  0.0006106222380269695     -7.936879313091075
      445.2499999999999     0.9622916602571683    0.00568580032911693   0.001601090899899135     -6.973169924670248
      445.4999999999999     0.9443568195621946   0.005684458130208349   0.002550405065208069     -6.507839027797295
      445.7499999999999     0.9351334373862551   0.005685175453582453   0.003937771305926674     -6.073350136262508
      445.9999999999999     0.9615268979189777   0.005683931154060943   0.001978154837534659     -6.762019422497016
      446.2499999999999     0.8926481137291522   0.005685190664481835   0.006564669556258541     -5.562260193268409
      446.4999999999999      0.922915638080637   0.005686439044263933   0.006118946650434123     -5.632352839430207
      446.7499999999999     0.9635383149542993    0.00568553350292482   0.002014096913218177      -6.74373115073586
      446.9999999999999     0.9249143463734305   0.005684130997884039   0.007088239967194788     -5.485711705513305
      447.2499999999999      0.919361394440987   0.005684842359782642   0.007182211390632299     -5.472416303974414
      447.4999999999999     0.9114510674098766   0.005684944381129137   0.005527415217967378     -5.734285391286758
      447.7499999999999     0.9200498796386649   0.005684556889956515   0.008767192351532439     -5.273057237190258
      447.9999999999999     0.9620159550489215   0.005683150043530972   0.002519443121904532      -6.52028347253884
      448.2499999999999     0.9561950714277343   0.005681701111016817   0.003105939526322565     -6.311260096553261
      448.4999999999999      0.942971828901171   0.005680209694729394   0.003292550987019706     -6.253176239946576
      448.7499999999999      1.015373035473966   0.005681335713846024  9.137530694432293e-05     -9.837420666177367
      448.9999999999999      1.025895431207457   0.005682618438011449  4.723158249553657e-05     -10.49710740077443
      449.2499999999999     0.9770105605192044   0.005682143864295667  0.0008146758325810969     -7.649463424289092
      449.4999999999999     0.9487085417747402   0.005680607969839352   0.003403979289612159      -6.21982363989834
      449.7499999999999      0.993064450892351   0.005679293045362798  0.0006495293544710723     -7.876507517666849
      449.9999999999999     0.9810188947483647   0.005678221026955367  0.0008975988371531698     -7.553221085931876
      450.2499999999999      1.009346603731905   0.005678539854926238  0.0001403163838241849     -9.408988420128615
      450.4999999999999       1.00785880675427    0.00567853177399051  0.0001833277514371771     -9.141614058176327
      450.7499999999999      1.030850389066212   0.005678596055725673  4.272870730272485e-05     -10.59800728398369
      450.9999999999999      1.001137775490199   0.005678820587566144  0.0003708037868545215     -8.437165694950718
      451.2499999999999      1.022596387720731   0.005678490511752183  8.213048557249007e-05     -9.944587596970891
      451.4999999999999      1.021591767283986   0.005677310493995886  0.0001068118000632775      -9.68203628546607
      451.7499999999999     0.9796346471880552   0.005676037180204188   0.001078225675029672     -7.370256924091233
      451.9999999999999      1.020655324167111   0.005674669909325917  0.0001362950949122019     -9.438747562853763
      452.2499999999999     0.9147860495263027   0.005674154772184214   0.008203157843929306     -5.341386233898652
      452.4999999999999     0.9632372911789263   0.005674475980240729   0.003051296361723257     -6.330282272638917
      452.7499999999999     0.9833270318146857   0.005673009800990288   0.001197019622730439     -7.266272404708254
      452.9999999999999     0.9786459357184676   0.005671669662721555    0.00145082647444393     -7.074210106443346
      453.2499999999999     0.9727585260713856   0.005670246200180999   0.001715802907527709     -6.906713353344875
      453.4999999999999     0.9693547706108053   0.005668747782812007   0.002377789565795557     -6.580687484393357
      453.7499999999999     0.9399809912090512   0.005668384200355809   0.004473846706903473     -5.948674327378181
      453.9999999999999     0.9612257822584552   0.005667000896611979    0.00403598850265834     -6.051915741212814
      454.2499999999999     0.9389472235783606   0.005666493918989706   0.005281392394388323     -5.783066686356606
      454.4999999999999     0.8803340865682266   0.005669253234792699   0.005231865808529439     -5.792001660353912
      454.7499999999999     0.8865119785656251   0.005671646170499023   0.006731811419161364     -5.539503361576778
      454.9999999999999     0.8879765256457678   0.005672411151614371   0.007906322465696695     -5.378550004353281
      455.2499999999999     0.9368223953414725   0.005672398074326915   0.006308903286007316     -5.604253205539885
      455.4999999999999     0.9809292281648216    0.00567127513534294   0.001850539128798224      -6.83093602874917
      455.7499999999999      1.005252856543007   0.005670846688455261  0.0003185448116060016     -8.590480714131935
      455.9999999999999      1.000526625737994   0.005671963492961723  0.0005194482194094081     -8.101279824868186
      456.2499999999999     0.9816046039018221   0.005670788132908148   0.002103446688132297     -6.702921642449698
      456.4999999999999      1.023579329002767   0.005669983007693374  0.0001444226310618495     -9.381652249549498
      456.7499999999999      1.005878187682167   0.005670974782449381  0.0004330675339487936     -8.283327603732456
      456.9999999999999     0.9934018653842571    0.00567028747348741   0.001014056752013956     -7.432628341102541
      457.2499999999999      1.055119832153809   0.005670295195387132  3.690452968679377e-05     -10.74600683107369
      457.4999999999999      1.036746287877775   0.005672404107687909  4.379439178463396e-05     -10.57446350889302
      457.7499999999999     0.9733273231825874   0.005672065863742585   0.002628939431443759     -6.479693122306879
      457.9999999999999     0.9524748376974229   0.005671809225722237   0.004496278573556628     -5.943068805153158
      458.2499999999999     0.9721228056679916   0.005670954928201997   0.003136807001195191     -6.303264105227384
      458.4999999999999     0.9958031481279036   0.005669646244311813   0.001038231434602026     -7.409181583451745
      458.7499999999999     0.9695376183514024   0.005668219424856399   0.003862164091252659     -6.095724324627052
      458.9999999999999     0.9832257365247214   0.005666911239860217   0.002579607235224099     -6.499545663039282
      459.2499999999999     0.9915171640441437   0.005665553654424955    0.00168572587717197     -6.925226149554306
      459.4999999999999      1.053513958666442   0.005664902192968018  4.716415400152692e-05      -10.5016585252567
      459.7499999999999     0.9851255644245765   0.005663918665075014   0.002828596330975819     -6.407930441611403
      459.9999999999999     0.9134095226142758   0.005663720170804559   0.009270739959960292     -5.220882880634894
      460.2499999999999     0.8705642709657858   0.005667163250665025   0.006979679421256089     -5.504135358855137
      460.4999999999999      0.973744631371516   0.005669204770155854   0.004187957992422183       -6.0145649121852
      460.7499999999999     0.9823516602210745   0.005668295812586203    0.00391066329160439     -6.083231520592499
      460.9999999999999     0.9225941614441834   0.005667133575549439    0.01156871317461804      -4.99883926857048
      461.2499999999999     0.9604983718543678   0.005666375568323558   0.005342258168054041      -5.77162890513684
      461.4999999999999     0.9162020889232086   0.005665153396474691    0.01228578069536982     -4.939050505742533
      461.7499999999999     0.9089424519584693   0.005665787562499155    0.01045896809070315     -5.099921322209267
      461.9999999999999     0.9507574312384997   0.005664666797347861   0.005508375263033717     -5.741309246334866
      462.2499999999999     0.9518864866944252   0.005663143542100338   0.006425218749223903     -5.587617219462714
      462.4999999999999     0.9013167784513447    0.00566386178410745   0.008141769734897695     -5.350713508303068
      462.7499999999999     0.8969524206383299   0.005663011445620119   0.009640757404586793     -5.181871547677443
      462.9999999999999     0.9136707666473313   0.005662963059317608    0.01453226925277722     -4.771508124006825
      463.2499999999999     0.8602537196582889   0.005664263568923606   0.007980574971496946     -5.370639680604509
      463.4999999999999     0.8704851028750221   0.005667798785723621   0.008506451577093245     -5.306201324592903
      463.7499999999999     0.8878363956316558    0.00566823404011883   0.009708115266639557     -5.173987256788905
      463.9999999999999     0.9262303717645609   0.005667094404177534    0.01231672103125706     -4.936192722156373
      464.2499999999999      0.843145473307753   0.005668160402577643   0.008642657574263676     -5.290252284166467
      464.4999999999999     0.8459979271111296   0.005669421700402954   0.009620637396266183     -5.182829390852192
      464.7499999999999     0.8731288390159543   0.005670062221502437   0.009093581969859937     -5.239058052257503
      464.9999999999999     0.8019043151524393   0.005670971746754835   0.008225402111607398     -5.339239359038652
      465.2499999999999     0.8360444067261608   0.005674916123707205    0.00823643616753424     -5.337203500687476
      465.4999999999999     0.8329911662839089   0.005675704379486994   0.007974315143668169      -5.36940658542685
      465.7499999999999     0.7912397781840395   0.005677692229961357    0.01493610239541113     -4.741500915949677
      465.9999999999999     0.8605335058154084   0.005678941146464945    0.00982456788461418     -5.160176057349216
      466.2499999999999     0.8682132715308579   0.005677486870114946    0.01184062838204872     -4.973781647173524
      466.4999999999999     0.9004597361312309   0.005675998400276365     0.0109000721231178     -5.056811146935987
      466.7499999999999     0.8768770942733488   0.005674538153124394   0.009986480645886121     -5.144605610166942
      466.9999999999999     0.8843656917348648    0.00567306655861898    0.01072128414836961     -5.073866281177096
      467.2499999999999      0.889318929659932   0.005671569110685858    0.01297120065987509     -4.883629645730662
      467.4999999999999     0.9200092662869116   0.005670988871081909    0.01720576316818224     -4.601219128188601
      467.7499999999999     0.8542230787809371   0.005670027397871718   0.009691723980510037      -5.17536075715936
      467.9999999999999     0.8482121143676389   0.005668940447151752    0.01143556166173898      -5.01009685607845
      468.2499999999999     0.8135463780308052   0.005670016818413164   0.006933796321275102     -5.510227473544432
      468.4999999999999     0.8233619868399953   0.005670384105392767   0.006883985156118079     -5.517372449446447
      468.7499999999999     0.8280103436541967   0.005671402895791417   0.008003336225079788     -5.366532036086887
      468.9999999999999     0.8269293063476633   0.005671371235690771   0.009349507401826109     -5.211072443779933
      469.2499999999999     0.8095792825735559   0.005671088200493535   0.008754838870716396     -5.276839447286351
      469.4999999999999     0.8459873716284642   0.005670251611503137    0.01352408302772488     -4.842121513610879
      469.7499999999999     0.8875199855556216   0.005668807613405299    0.01464471107401314     -4.762768980800725
      469.9999999999999     0.8986550250653619   0.005668852887708544    0.01358505243459543     -4.837870143095634
      470.2499999999999     0.9541267929740085   0.005672091511779229   0.007376985632968906     -5.447904002998091
      470.4999999999999     0.9363565733097676    0.00567490855904927   0.008234848703724778     -5.337397588997881
      470.7499999999999      0.855943057427741   0.005673762573321451    0.01268987262449343      -4.90517029536438
      470.9999999999999     0.9108408461418114   0.005672456233734307    0.01661137923732085     -4.636116851539472
      471.2499999999999     0.9830705688853695   0.005674573784107005   0.004382786518341448     -5.968146860475336
      471.4999999999999     0.9653086865345805    0.00567966894954969   0.005971647254817306     -5.657911271477294
      471.7499999999999      0.930590609215175   0.005681522889740628    0.01206870144100445     -4.953992275563896
      471.9999999999999     0.9458827771486729   0.005682375278129601   0.008255274136071512       -5.3336054170094
      472.2499999999999     0.8961505649289949   0.005681020548609041    0.01632261520511213     -4.652144557652967
      472.4999999999999     0.9088236426880064   0.005679526066322811    0.01772112371264636     -4.570201882081439
      472.7499999999999     0.8784355787837247   0.005678394143759909    0.01267906845715311     -4.905206078029765
      472.9999999999999     0.8780599823299234   0.005677207812928631    0.01444350113055417     -4.775122936130195
      473.2499999999999     0.8548852483468843   0.005676842222500853    0.01444201884566958      -4.77528996606305
      473.4999999999999     0.9124492844415131   0.005675935506590948    0.02173486951534757     -4.366673772660639
      473.7499999999999     0.9688156368327331   0.005677344002498653   0.006226078256058074     -5.616596871053447
      473.9999999999999      0.972634203228852   0.005679854090769737   0.006483896995970764     -5.575579768378617
      474.2499999999999     0.9462600092730368   0.005679985575241159   0.009611158900516413     -5.181953528349849
      474.4999999999999     0.9391706628180816   0.005679031254883621     0.0115378338402361      -4.99941483129525
      474.7499999999999     0.9291309129661042   0.005677792009410094    0.01523471558537637     -4.721687860225065
      474.9999999999999     0.9307093166974014   0.005676415383622042    0.01629802918338062     -4.654462899822798
      475.2499999999999     0.9347129840529758   0.005675020569465527    0.01616255156880646     -4.663055907732167
      475.4999999999999     0.9378001293874039   0.005674569058522803    0.01703236026010518     -4.610717327423914
      475.7499999999999     0.8834016741119182   0.005673407031787274     0.0174965807713258     -4.584031728343495
      475.9999999999999      0.951269419503982   0.005672561938284649    0.01072024959380268     -5.074051735373613
      476.2499999999999     0.9309692360347196   0.005671889065594149    0.02187810671842246     -4.360818356047123
      476.4999999999999     0.9084415025958779    0.00567040411733809    0.02228013922172864     -4.342870978537134
      476.7499999999999     0.8817663926137354     0.0056694304122662    0.01953421769033955     -4.474570692964171
      476.9999999999999     0.9430385530173644   0.005668279329941064    0.01688797748641093     -4.620339450435891
      477.2499999999999     0.9399164857377226   0.005667466404282929    0.02135777585933474     -4.385668972574207
      477.4999999999999     0.9380322040513929    0.00566609434391266     0.0250753320955832     -4.225442400401041
      477.7499999999999       0.92448156641113   0.005665164557565675    0.02413439747170645     -4.263852984351801
      477.9999999999999     0.9612597390846388    0.00566416033679803   0.008804185042377548     -5.272441184932919
      478.2499999999999     0.9503374079485268   0.005663342047501931    0.01486213419792128     -4.748996195397742
      478.4999999999999     0.9626448817030968   0.005662259379891444   0.009990816367871096     -5.146337726290614
      478.7499999999999     0.8918759221671433   0.005661400408497538    0.02094299094029774     -4.406351717731718
      478.9999999999999     0.9401937359496166     0.0056606415687644    0.02777019617268593     -4.124326427755247
      479.2499999999999     0.9626064105851049   0.005659503748505694    0.01138629124117692     -5.016080709891917
      479.4999999999999     0.9421871845684779   0.005658625472476987    0.02939698256732943     -4.067753981756946
      479.7499999999999     0.9721090580852318   0.005657307958792814    0.00851366740218687     -5.307206075161964
      479.9999999999999     0.9891523292239057   0.005659079492007534   0.003395347452944117     -6.226159687018804
      480.2499999999999     0.9454432235675563   0.005657698753854877    0.02796205334106428     -4.117961448268257
      480.4999999999999     0.9481890862840354    0.00565642137222327    0.02655318283278094     -4.169885983337818
      480.7499999999999     0.9016502674354047   0.005655496698550099     0.0208818006619749     -4.410321093280377
      480.9999999999999     0.9306110830088601   0.005654158430234449     0.0306318031709667     -4.027396962063735
      481.2499999999999     0.9334718404341943   0.005653144325120367    0.03652445966137488     -3.851632958464538
      481.4999999999999     0.9644587612285767   0.005652130168443219     0.0128925614061511     -4.893144025472043
      481.7499999999999     0.9313846112439792   0.005650693194346696    0.03963229030111431     -3.770404605871974
      481.9999999999999     0.9537821674854181   0.005649247108522596    0.02039666814612573     -4.434933187915741
      482.2499999999999      1.031117500289353   0.005649907231717947  9.155722355021303e-05     -9.840979012734785
      482.4999999999999      1.021249985046782   0.005653584179934725  0.0001998922162014453     -9.059514294940712
      482.7499999999999     0.9703430134110429   0.005652900445423103    0.01166610215787223     -4.992970878614321
      482.9999999999999      1.030320188643303   0.005652964134213282  0.0001320297918301981     -9.474374683469705
      483.2499999999999     0.9844755533560751   0.005652535397534163   0.005483058681824376     -5.748059744109312
      483.4999999999999      1.040499562312333   0.005653306615618556  5.698149406649853e-05     -10.31461514409604
      483.7499999999999      1.025358330110028   0.005653627651639791  0.0002231306872068433     -8.949527266935934
      483.9999999999999      1.000498235731198    0.00565339891379184   0.001145050013660666     -7.314121772356227
      484.2499999999999      1.007076293943055   0.005652617222548949  0.0006535888071940002     -7.874985227713375
      484.4999999999999      1.008719276314539   0.005651463471031054   0.000654989749231305     -7.873048190865156
      484.7499999999999       1.00606222071032   0.005650498889673007  0.0009614522696703337     -7.489393546803396
      484.9999999999999      1.013244295452172   0.005649280623269308  0.0005789218078809305     -7.996886674036461
      485.2499999999999     0.9750763127701316   0.005647858433134901    0.01014152933708413     -5.133911786496685
      485.4999999999999      1.024779776631245   0.005646920210275726  0.0002978102466609114     -8.662015480856914
      485.7499999999999      1.010698013734376   0.005645876127828125  0.0008734079876765039     -7.586254133103141
      485.9999999999999       1.00216709993033   0.005644515569116511   0.001481629166376451     -7.058000381964967
      486.2499999999999      1.011203582056608   0.005643107534794881   0.001145818421484975     -7.315272975021548
      486.4999999999999     0.9995188839615424   0.005641798367215137   0.001966495687351619     -6.775371036456963
      486.7499999999999      1.006678303056167   0.005640525087639843   0.001812324560589676     -6.857239559680635
      486.9999999999999      1.004416604710233   0.005639104991766077   0.002245967289348312     -6.642965374641194
      487.2499999999999      1.022712861513791    0.00563773688242594  0.0004409114266945997      -8.27125557761032
      487.4999999999999       1.03766006399784   0.005637339852977849  0.0001015417358942939     -9.739700107374919
      487.7499999999999      1.035746057655992   0.005637061623549828  0.0001508202639700218     -9.344130545367861
      487.9999999999999      1.049826454704717    0.00563672157063987  6.143053616398233e-05     -10.24237265150452
      488.2499999999999      1.028424325140773   0.005636139186731003  0.0003560800136201032     -8.485227556686402
      488.4999999999999      1.041991506957411   0.005635121328825383  0.0001132566369522405     -9.630907263757106
      488.7499999999999      1.005021308589322   0.005633911796057577   0.002634804265211109     -6.484214120145085
      488.9999999999999      1.020468271238608   0.005632492572249477  0.0006540294121604612     -7.877877911627829
      489.2499999999999     0.9388150584216829   0.005631539119833735    0.04474717685398752     -3.652415891646323
      489.4999999999999     0.9362905551502064   0.005635795160160686    0.05059916286815044     -3.528753749878945
      489.7499999999999      1.011976790530575    0.00563545851270358   0.002016651542196779     -6.751310033901882
      489.9999999999999     0.9820618055224624    0.00563409104818573   0.007753719619332063     -5.404818521488606
      490.2499999999999      1.016631100443687   0.005633312801108092   0.001415560775885671       -7.1056035812939
      490.4999999999999      1.024230067736207   0.005632793259256931  0.0008350129581375931      -7.63352960840366
      490.7499999999999     0.9835264610754464    0.00563150993005717   0.008184053360668882     -5.351261881847925
      490.9999999999999     0.9816375839224231   0.005630246439634936    0.01013882778783645     -5.137301427928433
      491.2499999999999       0.96127435112463   0.005629802520793473    0.01711085952010864     -4.614039343506949
      491.4999999999999     0.9771300817237157   0.005629310863044775    0.01275861951896032     -4.907632916285136
      491.7499999999999     0.9825686987977845   0.005627886193660414    0.01244362945446581     -4.932884311264318
      491.9999999999999     0.9718950441433044   0.005627594302921674    0.01652970986191684     -4.648985619766618
      492.2499999999999      1.009629855623412   0.005626265496876308   0.003015705580232246      -6.35054730430318
      492.4999999999999        1.0019734392629   0.005624912974992268   0.003407823153464466     -6.228547837516876
      492.7499999999999     0.9706662380358297   0.005623673310822884    0.01887678715830865     -4.516908991451622
      492.9999999999999     0.9262960234361499   0.005622761866673016    0.03876798436798847     -3.797409291010278
      493.2499999999999     0.9193280652418828   0.005624783052717154    0.03096648888970877     -4.021739035244319
      493.4999999999999       0.95670480093182   0.005625296238264714    0.02148863276363656     -4.387029332472799
      493.7499999999999     0.9878652437427176   0.005623937660398402   0.009142448911653757      -5.24186667750665
      493.9999999999999     0.9625355166543299   0.005622637111794918    0.02253772722544164     -4.339835569000622
      494.2499999999999     0.9071639990138647   0.005622165756118249    0.02665691961520253     -4.172061310119011
      494.4999999999999     0.8841911730825792   0.005626438741507541    0.02442968093969562     -4.258551513753481
      494.7499999999999     0.9199485613784228   0.005627685776740825    0.03631163196617519     -3.861990595068455
      494.9999999999999     0.9746699890398351   0.005626737878561555    0.02062027899688264     -4.428022164945756
      495.2499999999999     0.8943294695791204   0.005626476322321753    0.02609004758495316     -4.192789736426489
      495.4999999999999     0.8687822148922844   0.005628001885120079    0.01559341677016636     -4.707223732925669
      495.7499999999999     0.8447881287240586    0.00563189528286372    0.01596609758657902     -4.682913431610992
      495.9999999999999      0.896911778909716   0.005632065913277589    0.02899365464550327      -4.08627370755006
      496.2499999999999     0.9198595909958001   0.005630726020781804    0.04080690327537172     -3.744737375811832
      496.4999999999999     0.8785502850611188   0.005629919079469628    0.02338589269023132     -4.301598997379748
      496.7499999999999     0.8348138094416324   0.005632117951027231    0.01202450361292364     -4.966394933211999
      496.9999999999999     0.8243456523720043   0.005640597122451547    0.01075974876335454     -5.076024892395423
      497.2499999999999     0.8420152388458025   0.005642166715285187    0.01740821519845949     -4.594616636653191
      497.4999999999999     0.8347986790372217    0.00564992917539329    0.01498127774513927     -4.743382749465842
      497.7499999999999      0.797671668928518   0.005651014628374171    0.01155594242830599     -5.002792120510455
      497.9999999999999     0.6998385278788335   0.005659411126434168    0.02118572107949139     -4.395179764104613
      498.2499999999999     0.5783755621512645   0.005692451106888233    0.01265538240609737     -4.904603489200421
      498.4999999999999     0.7358089176808371   0.005716924165059105    0.02098822874225331     -4.394434358545634
      498.7499999999999     0.6752020683857647   0.005726666258887746     0.0141984566407112      -4.78356020229935
      498.9999999999999     0.6596852720920827   0.005741438996398478      0.015027376944176     -4.724243488069006
      499.2499999999999     0.6207491771852057   0.005759257498126749   0.003515527674595948     -6.173828835792306
      499.4999999999999     0.6481650389450407   0.005770045902321074    0.01371182149826881     -4.810888650727009
      499.7499999999999     0.6435834706027997    0.00578407138543217    0.01112861882783935     -5.017199140693445
      499.9999999999999     0.6201197210842047   0.005792234461134218    0.00402055361959848     -6.033889286507531
      500.2499999999999     0.5946071217344751   0.005802776251049431   0.005502197480617991     -5.718343009030082
      500.4999999999999     0.6224838896199408    0.00581129134427528   0.004708430680506889     -5.872669558229286
      500.7499999999999     0.5633403080311414   0.005818279951772501    0.01799009742722546     -4.531000889696728
      500.9999999999999     0.5985442638574521   0.005827494015213525   0.005481980328036165     -5.717773556060531
      501.2499999999999      0.618391104678739   0.005831687718251479   0.005016799301526984     -5.805728442367392
      501.4999999999999     0.6807755230728401   0.005830897820724757    0.01653231590987395     -4.613339036316858
      501.7499999999999     0.7007682527928797   0.005829443228332868    0.02357480169803377     -4.258727118800568
      501.9999999999999     0.6437790720209321   0.005828470645227122    0.01269343582490663     -4.877987393797899
      502.2499999999999      0.619283903640502   0.005829754479394313   0.005969108483091192     -5.632254560804903
      502.4999999999999     0.6098793306370101   0.005831436181374217    0.00428052489566273      -5.96448807584535
      502.7499999999999     0.6058944142932864    0.00583245284931464   0.004861836401351593     -5.836973162753957
      502.9999999999999      0.631882988940985   0.005832277573201617   0.005969398725255753     -5.631773235682035
      503.2499999999999     0.6208169708007697   0.005832128065252981   0.007250658909493285     -5.437352728074026
      503.4999999999999      0.589635416472401   0.005831783139807799   0.007935212725005367     -5.347194058860747
      503.7499999999999     0.6173014632988714   0.005832505016755139    0.00776542591339694     -5.368699139853969
      503.9999999999999     0.5546703028942058   0.005833115813558973    0.02175896416145182     -4.338249909964626
      504.2499999999999     0.6031716647008148   0.005836549373559582   0.006092061511491354     -5.610700736810399
      504.4999999999999     0.6551263793910692   0.005835366093246961    0.01845124545653387     -4.502758153092639
      504.7499999999999       0.59868042395289   0.005834186806753749    0.00764294359754921     -5.384309322506899
      504.9999999999999     0.5816220603971909   0.005834685028755736    0.01270384352408156     -4.876102158403055
      505.2499999999999     0.6056138245149517   0.005833720149960557   0.007162838699839043      -5.44926576006366
      505.4999999999999     0.6012088905660524   0.005832581584442872   0.008990277353734769     -5.222223618319836
      505.7499999999999     0.5717599578400601   0.005832355760269167    0.01755278178733341     -4.553193592391216
      505.9999999999999     0.5841500967000687   0.005832828152138875    0.01328358657855342      -4.83179586311491
      506.2499999999999     0.6261122708534396   0.005831582193208554   0.007812927171099904     -5.362758987194536
      506.4999999999999     0.6095962906039915   0.005830417899743616   0.008193335921300969     -5.315417220364428
      506.7499999999999     0.6143051559407912   0.005829016812573002   0.009661464326894477     -5.150833463678166
      506.9999999999999     0.5662003184117314    0.00582877464144976    0.02179639279029214      -4.33727574593671
      507.2499999999999     0.6011616284640013   0.005827569295766844    0.01088537355476085     -5.031807034980573
      507.4999999999999     0.6421560002428981   0.005826224703882177    0.01310727280683228     -4.846290551212921
      507.7499999999999      0.626261059576491   0.005825002783343292   0.009264839106391858     -5.193441059284342
      507.9999999999999     0.6133667010749382   0.005823854134650938    0.01127111750813406     -4.997621284475605
      508.2499999999999     0.5828026278096219   0.005822531754200774    0.01612044525064181     -4.640003496235125
      508.4999999999999     0.6797825584192837   0.005822058572271115    0.01867010029682616      -4.49324979500291
      508.7499999999999     0.6403690063504316   0.005823648946989313    0.01323874628058941     -4.836752144061453
      508.9999999999999     0.6609366941611702   0.005822895793785763    0.01849573474181811     -4.502489182329002
      509.2499999999999     0.6815729467495486   0.005823416663991877    0.02268868825847661     -4.298073399561682
      509.4999999999999     0.6323760431156525    0.00582320070860887   0.009795230251274701     -5.138081411756059
      509.7499999999999     0.6644690540558703   0.005822476082204485    0.02038793410003355     -4.405158155280481
      509.9999999999999        0.5904589129106   0.005821599162959165    0.01254673898362138     -4.890791246267471
      510.2499999999999     0.6441787994948599    0.00582040194089202    0.01835890120136719     -4.510343173057842
      510.4999999999999     0.6176891114976298   0.005819057469622423    0.01326474191780478     -4.835579197054079
      510.7499999999999     0.6348617278664436   0.005817632531912077    0.01266964628465751     -4.881724556485256
      510.9999999999999     0.6284103888730895   0.005816195510966987    0.01263184673806409      -4.88495953063953
      511.2499999999999     0.6858350832795084   0.005815238438428618    0.02670472445261142     -4.136504745703968
      511.4999999999999     0.7111703315479321   0.005816278398919276    0.02619875182404609     -4.155454654227897
      511.7499999999999     0.6982193735975257   0.005817379099607368    0.02531327518331049     -4.189648227695141
      511.9999999999999      0.648117343831253   0.005816653277921821    0.02287580988413921     -4.291021956913088
      512.2499999999999     0.6741204989635506   0.005815293154456177    0.02336314746201943     -4.270175946087079
      512.4999999999999     0.6868070772143057   0.005814788700974996    0.03048599720365974     -4.004155111873763
      512.7499999999999     0.7021832432750029   0.005814327093819982    0.03062814297576123     -3.999582678786679
      512.9999999999999     0.6846452557108311   0.005813295687653613    0.03439245169480476     -3.883842263537671
      513.2499999999999     0.6619127507195581   0.005812049156155754    0.02415040256955248     -4.237592777527604
      513.4999999999999     0.6930061178934546   0.005811187125291888     0.0319053948325734     -3.959267043422812
      513.7499999999999     0.7277724593905597   0.005810790916590577    0.01928579546709938     -4.462741499806302
      513.9999999999999     0.7309266163529723   0.005811935921685597    0.02249433582838809     -4.308649773376291
      514.2499999999999     0.7374445434552374   0.005812690002545766    0.02629318599271642     -4.152473753532266
      514.4999999999999     0.7658557480267674   0.005815154672187888    0.01644837854473606     -4.621132742317259
      514.7499999999999     0.7627491680324452   0.005817767415341696    0.01981791721753642      -4.43432400937741
      514.9999999999999     0.7455980380473691   0.005818142984028894    0.02304193656025487     -4.283530010097886
      515.2499999999999     0.7754452082556202   0.005820522501620311    0.01614993430920583     -4.638521013663479
      515.4999999999999     0.7442455086721718   0.005820833319154782    0.02742349255263207     -4.108983558452721
      515.7499999999999     0.7048661415350169   0.005819688126338364    0.03492423404918078      -3.86739938304129
      515.9999999999999     0.7516050732565392   0.005819484189472221     0.0249868118243885     -4.202267241177108
      516.2499999999999     0.7140649766906648   0.005818233479636376    0.03040498732195153     -4.006223688972903
      516.4999999999999     0.7653544200658574   0.005817289864434684    0.02209003336937835     -4.325866008107075
      516.7499999999999     0.7338109243380091   0.005816307593365594    0.03001195721313911     -4.019565528107522
      516.9999999999999     0.7451918836482795    0.00581494794454946    0.03313504587855879     -3.920803686268036
      517.2499999999999     0.7425498778806547   0.005813913842497642    0.03859485826422036      -3.76845398534377
      517.4999999999999     0.8019725948494748   0.005813741902322098    0.01125115370797889     -5.001131946488237
      517.7499999999999     0.7916395604258135   0.005814740072526511    0.01727195829226634      -4.57234666646509
      517.9999999999999      0.784378547474968   0.005814268148154502     0.0216430487184558      -4.34682778068728
      518.2499999999999     0.7645029562527104   0.005814956068244853    0.02528467906580635     -4.191195157586598
      518.4999999999999     0.7515192785957016   0.005813575035457985    0.03316136176652412       -3.9202459282924
      518.7499999999999     0.7324542191679591    0.00581217723807918    0.03463673773600683      -3.87695688692061
      518.9999999999999     0.7388071941605383   0.005810784305466722    0.04541113711816087     -3.606354090382354
      519.2499999999999     0.7432216739514791   0.005809386190585599    0.04993041911315871     -3.511721693691202
      519.4999999999999     0.7203042965269463   0.005808051194803148    0.02795439789557665     -4.092007402488862
      519.7499999999999     0.7849228050125824   0.005807159187710549    0.02459081441230544     -4.220362555986145
      519.9999999999999     0.7416770300949352   0.005805902962979074    0.05719851291724438     -3.376423978077787
      520.2499999999999     0.7553475993017986   0.005804893312339689    0.03420516023058799     -3.890749277384361
      520.4999999999999     0.8171136771676769   0.005804975025865682   0.009777821843038688     -5.142994973636395
      520.7499999999999     0.7436123068982342   0.005804485435544848    0.06275890120833354     -3.283895640902675
      520.9999999999999     0.7472891116498354   0.005802969516113148    0.06184161316131332     -3.298880768348909
      521.2499999999999     0.7692152071433561   0.005801611751945682    0.02502224300480505     -4.203926113697703
      521.4999999999999     0.7671768790543194   0.005800220917271467    0.03057496834577775     -4.003749378119888
      521.7499999999999     0.8045135844350122    0.00579984698784681    0.01270654768032972     -4.881878068621458
      521.9999999999999     0.7982047559435945   0.005799332464458635    0.01641448217903559     -4.625920206953147
      522.2499999999999     0.7972032799886409   0.005798561048781231    0.01973155110108733     -4.441998305352941
      522.4999999999999     0.8124016790085301   0.005797753587171391     0.0121264154064553     -4.928970335872335
      522.7499999999999     0.8251023169144401   0.005797212946222052    0.01307988057414184     -4.853374539287635
      522.9999999999999     0.7488122827841194   0.005796112260459263    0.06313757575790228     -3.279323549845625
      523.2499999999999     0.7240919416289806   0.005795449184028634    0.03043581275624595     -4.009134078029174
      523.4999999999999     0.7100739779594303   0.005795760315899422    0.03873082704983354     -3.768064512626194
      523.7499999999999      0.697068312439051   0.005798306684739526    0.03736687921761714      -3.80347637674329
      523.9999999999999     0.6745664212910302   0.005800327597140958    0.02840856997918322     -4.077221772706577
      524.2499999999999     0.6305000496607568   0.005802941951510905    0.01469391379367348      -4.73602862802415
      524.4999999999999     0.5890508295236409   0.005813423449927907    0.01492339303929295     -4.718727414583591
      524.7499999999999     0.5236980573010638    0.00582709893913611    0.03890792287644315     -3.758109860158261
      524.9999999999999     0.5515595635371869   0.005845357031765659     0.0225206377587338     -4.301747231539198
      525.2499999999999     0.5175513251913568   0.005858243988625484    0.05943965633183093     -3.329015513742378
      525.4999999999999     0.4730584718256639    0.00587521984300119    0.04358067057072653     -3.636469834472426
      525.7499999999999     0.4278446168867798   0.005903696637472114   0.005709482983189912     -5.664119853253485
      525.9999999999999     0.4483205199634884   0.005923649130259773    0.01968788778681286     -4.422870750773421
      526.2499999999999     0.4241237957393554   0.005943006631980043    0.00595080166390797     -5.616085914179813
      526.4999999999999     0.4256628875130716   0.005962665574500836   0.006939969645485746     -5.459012004609737
      526.7499999999999     0.4048577123154823   0.005975171736602656    0.00170428404751866     -6.861069081406293
      526.9999999999999     0.4446338961691504   0.005986172649036765    0.01772518268317071     -4.517388400363491
      527.2499999999999     0.4572882697886876   0.005994230440417012    0.03917230284400516     -3.723059680106682
      527.4999999999999      0.401532893858673   0.006001695736705629   0.001939227226364499     -6.727495421532261
      527.7499999999999     0.4271540986033189   0.006007852914704861   0.007963963015384623      -5.31383285560203
      527.9999999999999     0.4191697065256107   0.006011464221341973   0.006597718356102225     -5.501434795051678
      528.2499999999999     0.4414360200306179   0.006013606862291174    0.01671293461049206     -4.571619371192286
      528.4999999999999     0.4306330107961545   0.006014887296989017    0.00994598831870897     -5.090420132327755
      528.7499999999999     0.4512108634917213   0.006015164582166683    0.03150240698081943     -3.937479364396413
      528.9999999999999     0.4801282305026611   0.006014450731113115    0.05457568508472693     -3.388073546228633
      529.2499999999999     0.4985350235590561   0.006012990475785126    0.05714844099089138      -3.34225271166865
      529.4999999999999     0.4879085424553859   0.006011576916912139    0.06069000421357382     -3.282360924818561
      529.7499999999999       0.47454930281221   0.006010066932479902    0.05269973377149638     -3.423780741309491
      529.9999999999999     0.4861056210944881   0.006008560732360482    0.06916892977047422     -3.152090019307378
      530.2499999999999     0.5073660031386271   0.006007333346264041     0.0719530780878662      -3.11283186976192
      530.4999999999999     0.5155615146875346   0.006006027142241134    0.07120061648833442     -3.123562064743722
      530.7499999999999     0.5349330354976671   0.006005000150716664    0.03756431820667335     -3.763179933815798
      530.9999999999999     0.5269429221386497   0.006004188771515445    0.04277379512523784     -3.633444024522289
      531.2499999999999     0.5264124420396181   0.006002756804144529    0.04856451239742526     -3.506715132745612
      531.4999999999999     0.5074619562002228   0.006001243958403493    0.08260416223907917      -2.97580018670629
      531.7499999999999     0.4991782462585407   0.005999768822337891    0.07246893773604804     -3.106948066499555
      531.9999999999999     0.4671584446731351   0.005998372669395025    0.05418853991201356     -3.397869374382402
      532.2499999999999     0.4664859182923067   0.005997898834117956    0.06050911063544349     -3.287623874109749
      532.4999999999999     0.4903026106636521   0.005997445961881277    0.07605424868745124     -3.059046440650568
      532.7499999999999      0.501493695697979   0.005995854767819186    0.08568579484020832     -2.940071614595966
      532.9999999999999     0.5121025293840632   0.005994375505337557    0.09320483543762323     -2.856205813881117
      533.2499999999999     0.4457408592891441   0.005993384192278536    0.02631727852838265     -4.120945102414285
      533.4999999999999     0.4721707718103856   0.005992290962643103    0.06480905427459546     -3.219907906795048
      533.7499999999999     0.5124716657219188   0.005990903414077177     0.1042983477174581     -2.744329289025376
      533.9999999999999     0.4995327338358811   0.005989298074552983     0.0942484457366036     -2.845918472691351
      534.2499999999999     0.4606298619784866   0.005987914622268997     0.0604752673166363     -3.289849345319478
      534.4999999999999     0.4316101839728591   0.005988216766880453    0.01201461003473414      -4.90590995216389
      534.7499999999999     0.3983621580097408   0.005988514618197141   0.002286450603938678     -6.564982965427539
      534.9999999999999     0.4488129175683701   0.005989147036861014    0.03523972877191969     -3.829703921830581
      535.2499999999999     0.5113871498683201   0.005987748048671413     0.1191714346097998      -2.61154855739765
      535.4999999999999     0.4336841147323579   0.005986773053772321    0.01500665927810283     -4.683780431225817
      535.7499999999999     0.4215263538788568   0.005986252962628908   0.009758641863704573     -5.114208125393258
      535.9999999999999     0.4485704015418585   0.005986598396357838    0.03947342600859827     -3.716675973765271
      536.2499999999999     0.3964683731524616   0.005986422946912357   0.002643689035262012     -6.420157663857808
      536.4999999999999     0.4716247413248233    0.00598540257231819    0.07361897032965804     -3.093600688546192
      536.7499999999999     0.4635653585879873   0.005983855595631472    0.07810064309503828     -3.034763630708672
      536.9999999999999     0.4341558745876143   0.005982573592407513    0.01759101279736803     -4.525588053290366
      537.2499999999999     0.4307806795649917    0.00598161262080745    0.01740805170451926     -4.536203988939429
      537.4999999999999     0.3946591083561359   0.005981468413153916   0.003143873949912036     -6.247705157052507
      537.7499999999999     0.4088470400120631   0.005980524134379342    0.00320305505364942     -6.229213759764716
      537.9999999999999     0.4241479635731988   0.005979369036438821    0.01458544836069249     -4.713487636245159
      538.2499999999999     0.4443912687297383   0.005978475531935893    0.03666624765963043     -3.791804773119381
      538.4999999999999     0.4039933022611975   0.005977206200024737   0.003282025525219723     -6.205412992268544
      538.7499999999999      0.420025391945716   0.005976955851950634    0.01239149693328546     -4.876905140711244
      538.9999999999999     0.4218641577688519   0.005975894953638467    0.01574913820814366     -4.637307513938486
      539.2499999999999      0.453651168060384    0.00597486282030048    0.05638248813781867     -3.362107275517837
      539.4999999999999     0.4431549370338608   0.005973682836143861    0.03958556262134032     -3.715998931208921
      539.7499999999999     0.4046787099874402   0.005972591596029385   0.003867094745941203     -6.042142580536802
      539.9999999999999     0.3997423387769453   0.005971402723246085   0.004284695402540284     -5.939795703648674
      540.2499999999999     0.4030928616884592   0.005970423448774189   0.004904594018539559     -5.804836855384155
      540.4999999999999     0.4057819930431877   0.005969515881184223   0.005501201933915102     -5.690194596416762
      540.7499999999999     0.4167523399695518   0.005968425138464043    0.01231273165848556     -4.884710112481113
      540.9999999999999     0.4104446850715857   0.005967177425686671   0.007875592708813394     -5.331784561330759
      541.2499999999999     0.3929201707480952   0.005966065255630617   0.004721263344473739     -5.843662984943052
      541.4999999999999     0.4049136761872744   0.005964947334047446   0.007588026323998359     -5.369355282829719
      541.7499999999999     0.3971659868333964   0.005963667974808977   0.006651286528522949     -5.501331007723212
      541.9999999999999     0.4124590513106551   0.005962456470962918    0.01099310656998318     -4.999076073787251
      542.2499999999999     0.3974842719372784   0.005961351587086278   0.007801522219147783     -5.342210927726609
      542.4999999999999     0.4263247778679856   0.005960063649158181    0.02146603439489821     -4.330273979642973
      542.7499999999999     0.4011531618414457   0.005958839353089165   0.009868222717540611     -5.107631539622104
      542.9999999999999     0.3831806202665401   0.005957702170234383    0.01447277184116169     -4.724873085492475
      543.2499999999999     0.4026378913873908   0.005956536433067145    0.01152484734766688     -4.952832510172319
      543.4999999999999     0.4355341752187197   0.005955175483418578     0.0277780107160335     -4.073321633517337
      543.7499999999999     0.4655452484868932   0.005954029170896766    0.09015534458320709     -2.896224635106387
      543.9999999999999     0.4442683894885944   0.005952930294354453    0.04823175613703014     -3.521925800501452
      544.2499999999999     0.4309221225686569   0.005951573420699559    0.02789547015069676     -4.069707089898356
      544.4999999999999     0.4059162771615606   0.005950212460860994    0.01324492459183793     -4.814785674401665
      544.7499999999999     0.3974457043071085   0.005949024401388074    0.01194500421502009     -4.918286656799729
      544.9999999999999     0.4110722253777737   0.005947721384576412    0.01466917511526809     -4.713070483560219
      545.2499999999999     0.4447932158000098   0.005946315169663587     0.0548965794363304     -3.393604260685167
      545.4999999999999     0.3834632098621737   0.005945345739134825     0.0158269867471245     -4.637501840674466
      545.7499999999999     0.4231017920899031   0.005944116825790278    0.02471798219158659      -4.19189406607438
      545.9999999999999     0.3943673411101172   0.005942843544104459    0.01140498681019777     -4.965588601206431
      546.2499999999999     0.4139492082033413    0.00594159373194616    0.01904509447399395     -4.453040067493126
      546.4999999999999     0.4005851258820216   0.005940484577441773    0.01708840136924405     -4.561636370795071
      546.7499999999999     0.3876767884113444   0.005939249517258447    0.01273374298488926      -4.85598885089509
      546.9999999999999     0.3915253161400583   0.005938254608143597    0.01394660113873138      -4.76517594461185
      547.2499999999999     0.4095830046412562   0.005936987966340016    0.02073838500956864     -4.368638770634284
      547.4999999999999     0.3784057020427982   0.005935651990022764    0.03076979545409923     -3.974316611541795
      547.7499999999999     0.3906753371828661   0.005934626870356298    0.01646996896010339      -4.59948421412487
      547.9999999999999     0.4003303523543343   0.005933443819393695    0.02220258313553494     -4.301013601138341
      548.2499999999999     0.3573650084344952    0.00593124649455277       0.43800515701405     -1.319361953732276
      548.4999999999999     0.3939661311253723    0.00593096885034741    0.02201902632711888     -4.309732536914286
      548.7499999999999     0.4304869303523496   0.005929672731803746    0.03371543716132428     -3.883902199008854
      548.9999999999999     0.3977255748903554   0.005928497832621734    0.02665414448684801     -4.119111512102606
      549.2499999999999      0.373662507387275   0.005927199294384546    0.05409171240398761     -3.411594239530355
      549.4999999999999     0.4040566299593271   0.005926004987924553    0.02766849152315226     -4.082182463932553
      549.7499999999999     0.4219645270274291   0.005924821019196622    0.03172141165459175     -3.945684652183387
      549.9999999999999      0.440238336668365   0.005924289632784529    0.04993638541691416     -3.492016340058037
      550.2499999999999     0.4085526227820482   0.005923008051681062    0.02852532090101773     -4.052190448219068
      550.4999999999999     0.4268583965575747   0.005921910571831681    0.03922128738671807      -3.73394825686916
      550.7499999999999     0.4266760135823202   0.005921181898394137    0.04396060971291024     -3.619996957278601
      550.9999999999999     0.4222513797955078   0.005919977273874666    0.04423881570824992     -3.613891833240017
      551.2499999999999     0.4694104717290671   0.005919205993468669    0.09527520805676939     -2.846855082723599
      551.4999999999999     0.4050611596037005   0.005919370544514296     0.0335259806667463     -3.891276233559703
      551.7499999999999     0.4568073727716871   0.005918305273788436    0.07606047029659138     -3.072248208101304
      551.9999999999999     0.4755671259844548   0.005918675041017215    0.08949761330527296     -2.909502459254144
      552.2499999999999     0.4184831116722857   0.005917934824700419    0.04102884087902331     -3.689564234068329
      552.4999999999999     0.4421575849335901   0.005916720625265072    0.06215503778767392     -3.274412810229735
      552.7499999999999     0.4380876915957979   0.005915296380642419    0.05857322358898005     -3.334007770799681
      552.9999999999999     0.5311342958682318   0.005915765026024866    0.05098588496730996     -3.472657375662763
      553.2499999999999     0.4936663944234653    0.00591760532900116    0.09238463988063568     -2.877934438810469
      553.4999999999999     0.5504292216146625   0.005920783407890031    0.02446944184721291     -4.205933190334368
      553.7499999999999     0.5935810609611534    0.00592973043192163    0.01424601758275713     -4.745370877011473
      553.9999999999999     0.6223394075820773   0.005935577513666581    0.01582826618696035     -4.639065359793733
      554.2499999999999     0.6898002377165938   0.005951748300742294    0.03923600016755457     -3.728547324979404
      554.4999999999999     0.6703320362043007   0.005969581346331442     0.0293981228864713     -4.014219406796505
      554.7499999999999     0.6786591679459947   0.005983915382030638    0.03608001959787937     -3.807012692165275
      554.9999999999999     0.6379958465468591   0.005992537790591655    0.01810744051774572     -4.494989104654706
      555.2499999999999     0.5962139651916477   0.005994247491555469    0.01548703960650633     -4.651023252748097
      555.4999999999999     0.6247946648275632    0.00599612624007374    0.01760392569022263      -4.52259146858689
      555.7499999999999     0.6802741373796199   0.005998897819289562    0.04230717329805141     -3.645294621648993
      555.9999999999999     0.6663945572729875   0.006005358589331056    0.03166708134828751     -3.933897163476042
      556.2499999999999     0.6608518753726168   0.006007557572822094    0.02993714855818103     -3.989708622414937
      556.4999999999999     0.6822467655681715    0.00601017943985546    0.04911064187038693     -3.494296675403815
      556.7499999999999     0.6671421048812629   0.006011898834553639    0.03861234079591424     -3.734514450797629
      556.9999999999999      0.618314391752499   0.006011977911953175    0.01785496453363028     -4.505791637826585
      557.2499999999999      0.643519909433457   0.006011214675555758    0.02366905969572072     -4.224031496038227
      557.4999999999999     0.7120156335769227   0.006013916042294618    0.03982371974498957      -3.70328819805366
      557.7499999999999     0.6958373247144699   0.006017102368958516    0.04383178094959553     -3.606862074300545
      557.9999999999999     0.6666046803603357   0.006017359260438242    0.04245038130466648     -3.638842633223633
      558.2499999999999     0.6417388766078423   0.006016367800996839    0.02534937019899905     -4.154589422986636
      558.4999999999999     0.6371850647144868   0.006015169727085402    0.02405467074404322     -4.207213276646908
      558.7499999999999      0.606160270413918   0.006014024222683562    0.01361204922037027     -4.776777545546189
      558.9999999999999     0.6103575063863415   0.006012813607713202    0.01564155295987124     -4.638003212750888
      559.2499999999999     0.6423195532741801   0.006012022694380788    0.03062141287588681     -3.966366252254797
      559.4999999999999     0.6326661674292857   0.006010995140471957    0.02408699101114505     -4.206564812101536
      559.7499999999999      0.629618702400398   0.006009677056034632    0.02439390924258408     -4.194122537807221
      559.9999999999999     0.6082203863475432   0.006008878177704326    0.01720498435486961     -4.543389828653718
      560.2499999999999     0.6267654762769466   0.006007572994426553    0.02597206327199614     -4.131784720497398
      560.4999999999999     0.6657413155372256   0.006006304509547124    0.04637112491163788     -3.552340403661181
      560.7499999999999      0.664348774617498   0.006005874656779402     0.0496296837192963     -3.484499813924068
      560.9999999999999     0.6401250738218511   0.006004622136925522    0.03515380835733723     -3.829564543338602
      561.2499999999999       0.66911407592994   0.006004556233128748    0.05881261963034857     -3.314952025726936
      561.4999999999999     0.7224687227790255   0.006005463295757712    0.03348191365806547     -3.878152023950824
      561.7499999999999     0.6692330341856169   0.006004669055142621    0.06480425977935457     -3.217918349410129
      561.9999999999999     0.7356603285436208     0.0060043570108822    0.05611226008728015     -3.361987327698616
      562.2499999999999     0.7178340035391104   0.006005853160275128    0.04072164151422147     -3.682332826318111
      562.4999999999999     0.7248703749058168   0.006006233287011285    0.04093162958115865     -3.677126115705212
      562.7499999999999     0.7650729631157465   0.006007119770955989    0.03349274433224672     -3.877552807897656
      562.9999999999999     0.7621709617480691   0.006013087548300097    0.03818078915434343     -3.745556191222021
      563.2499999999999     0.7178902190097505   0.006013386552526716    0.04825536906073091     -3.511331856816758
      563.4999999999999     0.7523492204336953      0.006012769201671    0.05508709458999406     -3.379026151552404
      563.7499999999999     0.7577338875719817   0.006013642266385156    0.04852093236489584     -3.505801131098496
      563.9999999999999     0.8127309796488621   0.006018444368682842    0.01288535386127136     -4.830906908230306
      564.2499999999999     0.7543298952603472   0.006020170569332523    0.06000183866346157     -3.292336231567685
      564.4999999999999     0.7648632921087484   0.006019553945321065    0.04674177335408525     -3.542175600078509
      564.7499999999999     0.7921103558616369   0.006020138698208751    0.02368119229177055     -4.222035572874394
      564.9999999999999      0.811601184693164   0.006021668155738989    0.01478703759983893     -4.692711748038294
      565.2499999999999     0.7888376730723707   0.006022116296293483    0.02770665286677639     -4.064715728576828
      565.4999999999999     0.8100234108036274   0.006022717300095034    0.01711088546022865     -4.546573656572251
      565.7499999999999     0.7919992352099516   0.006024350633477583    0.02928992570110148      -4.00877371134244
      565.9999999999999     0.7475779571574745   0.006022959143907212    0.08009433227357636      -3.00304324627597
      566.2499999999999     0.7596306269257878   0.006021502116353536    0.06109336238892082      -3.27408705615184
      566.4999999999999     0.7695495331468328   0.006020334460185362    0.04099616933211225     -3.673205583043751
      566.7499999999999     0.7951273730795499   0.006019507879087485    0.02946989762135832       -4.0034521993392
      566.9999999999999     0.8778277100457573   0.006020558704376076    0.02305669213055487      -4.24869090900821
      567.2499999999999     0.7821040748203448   0.006022825124991087    0.03044216233484785      -3.97044202486452
      567.4999999999999     0.7888975534412606   0.006021468567697708    0.03789699698177014     -3.751623979074414
      567.7499999999999     0.7876798424843986   0.006020165682348203    0.04192600568133058     -3.650805954429816
      567.9999999999999     0.7287646976534586   0.006019065388581917    0.04905443658119343     -3.493964402106638
      568.2499999999999     0.7779383607991119   0.006018101102864935    0.03309149406888129     -3.887778979674922
      568.4999999999999     0.8052496505322707   0.006017506450951365    0.02195272071277863     -4.298262985392237
      568.7499999999999     0.8334472750050382   0.006017284904613516    0.01518653322591897     -4.666781822177391
      568.9999999999999     0.8158464408703162   0.006016448500875643    0.01730667875914105     -4.536237412750515
      569.2499999999999     0.8306437990909923   0.006016015573653215    0.01628857692183753      -4.59693779526223
      569.4999999999999     0.8356667613994406   0.006016042932057516    0.01932662006591224     -4.425913883864768
      569.7499999999999     0.7693046594370575    0.00601499092288899    0.04845914084110739     -3.506851204067598
      569.9999999999999     0.7482646870756944    0.00601487230505962    0.08841030497214972      -2.90560337568927
      570.2499999999999     0.7965713440140026   0.006013607292966094    0.03674249682407112     -3.783868210019714
      570.4999999999999      0.739468754714717     0.0060127009113481    0.08282111094904279     -2.971269987878039
      570.7499999999999     0.7304562670928151   0.006012863069631544    0.05962757590992263     -3.299807860877651
      570.9999999999999     0.8017024485708987   0.006012160442894169    0.03223288636623078     -3.915055624680257
      571.2499999999999     0.8238240837841396   0.006011568861052856    0.01718637833930034     -4.544024161114264
      571.4999999999999     0.7686001520493222   0.006010463896189683    0.05588378384917209     -3.365050851519915
      571.7499999999999     0.7551055156824534   0.006008978626670643    0.08166601146242337     -2.985934343012218
      571.9999999999999     0.7813253375018788   0.006007626327740367    0.04310171385602615      -3.62523455270133
      572.2499999999999     0.7306788123113656   0.006006611649197866    0.06633159315510635     -3.194299924468019
      572.4999999999999     0.7928660061301349   0.006005802944661952    0.04963848513254768     -3.484334428331706
      572.7499999999999     0.7863512909717171   0.006005048149602279    0.05536760207777526     -3.375231934004305
      572.9999999999999     0.7764925234420412   0.006003664181927975    0.04686158013277025     -3.542258897789529
      573.2499999999999     0.7877529598648397   0.006002250658627643    0.06461156782154967      -3.22129905854078
      573.4999999999999     0.7990587188580683   0.006001295696282911    0.04561981986831243     -3.569509366788006
      573.7499999999999     0.8047320859390436   0.006000260777802488    0.03582176809869116     -3.811468343085956
      573.9999999999999     0.8139104196841366   0.005999643604496101    0.02368282022676677     -4.225377061855177
      574.2499999999999     0.8293895390263163   0.005998656858736151    0.02095920337468392     -4.347713591318188
      574.4999999999999     0.7932739123959542   0.005997477714904735     0.0674116141915741     -3.179670709957009
      574.7499999999999     0.7731883453452261   0.005996392283626245    0.05563075254210682     -3.371932876459382
      574.9999999999999     0.8167615457871019   0.005995369091220291     0.0236183398622514     -4.228816154270628
      575.2499999999999     0.7733884366556167    0.00599400032719895    0.06308242451549666     -3.246625810002463
      575.4999999999999     0.8138636486166403   0.005992702764447021    0.02924410797009814     -4.015606390815851
      575.7499999999999     0.8226851647048186   0.005992124586455801    0.02442678115333886     -4.195700873634721
      575.9999999999999     0.8355404418167759   0.005991253519086455    0.02417838491197604     -4.206067322964966
      576.2499999999999     0.8396627983545168   0.005991209922013134    0.02470627268074065     -4.184476482278582
      576.4999999999999     0.7943789141705976    0.00599045737907511    0.07244730621605326     -3.108799777294243
      576.7499999999999     0.7680286248473731   0.005989283562043578    0.07887243873672627     -3.024023383202003
      576.9999999999999     0.8360648999403743   0.005988355718893328    0.02951896394386514      -4.00697725795719
      577.2499999999999     0.8593943871615063   0.005988867865871788     0.0149977430348553     -4.684024914732686
      577.4999999999999     0.8636368636593884   0.005989926145061346    0.01662210990783292      -4.58101421676177
      577.7499999999999     0.8733663944790837   0.005990072806537993    0.02214306399531954     -4.294199154128086
      577.9999999999999     0.8657053184324248   0.005989802481387221    0.02022379550704805     -4.384908687036371
      578.2499999999999     0.8513822355159036   0.005990559372446167    0.01874801674137128     -4.460554265229367
      578.4999999999999     0.9234455075328005   0.005991766957500523    0.04446195091622634     -3.596806889390791
      578.7499999999999     0.8900128849914334   0.005993847067828563    0.02914720737765059     -4.018734469635902
      578.9999999999999     0.8599872678509765    0.00599383565129807    0.02155528104136042     -4.320474634306012
      579.2499999999999     0.8488850668506863    0.00599263373335255    0.02352767739506607     -4.233118536916015
      579.4999999999999     0.8695107433487308   0.005991539821240671    0.02503612543640919     -4.171158786707892
      579.7499999999999     0.9001109191498944   0.005991191680734848    0.02902416769480136     -4.023407841321739
      579.9999999999999     0.8834750262326141   0.005990898879771058    0.03214135235238023     -3.921442129787477
      580.2499999999999     0.9057266482823113   0.005990195314055902    0.03048970839580746     -3.974313815098368
      580.4999999999999      0.889106258238314   0.005989471366772654    0.03638237662346711     -3.797739376095448
      580.7499999999999     0.8638637542060158   0.005988396913841676    0.02670624125785126      -4.10710598810398
      580.9999999999999     0.8415590063623815   0.005987404381468156    0.03159410860850836      -3.93919837071761
      581.2499999999999     0.8680404724530533   0.005986109458232224    0.03056164989456739      -3.97263938390055
      581.4999999999999     0.8738199318996159    0.00598480048355964    0.03333770031688384     -3.885915129787267
      581.7499999999999     0.8641636856455789   0.005983599143539951    0.03396453337519907     -3.867487935875632
      581.9999999999999     0.8527689441057662   0.005983124138198519    0.02743470743994858     -4.081075261025481
      582.2499999999999     0.8777982212186457   0.005982019031769007    0.03812965202237147     -3.752076640955437
      582.4999999999999     0.9005555941764922   0.005981114190963687    0.03570401357849484     -3.817957052606152
      582.7499999999999     0.9037291614137332       0.00598056409043    0.03827353589008928     -3.748553448959271
      582.9999999999999     0.8337700443406658   0.005979408249929331    0.03461827134383175     -3.849123805998843
      583.2499999999999     0.8511405014606401   0.005978691090344631    0.03105883547189309     -3.957742043453825
      583.4999999999999      0.888034781706607    0.00597749659277093    0.04273601807395411     -3.638783100777081
      583.7499999999999     0.8436403812232328   0.005976221457171979    0.03779707364582512     -3.761806842651593
      583.9999999999999         0.825160862042   0.005975521662132436    0.02953773557199457     -4.008487011096018
      584.2499999999999     0.8257573104109653   0.005974869231751777    0.03324406052122945     -3.890388698523005
      584.4999999999999     0.7954555532262945   0.005974774624800699    0.07779966021284082     -3.040143589268641
      584.7499999999999     0.8261664111255348   0.005974215576534863    0.03723884849070824      -3.77702169484104
      584.9999999999999     0.8205173782778244    0.00597365995523353     0.0366965520206527     -3.791784432761418
      585.2499999999999     0.8412230150215028    0.00597277334160892    0.04306788654071898     -3.631838037009232
      585.4999999999999     0.8490289615177129   0.005971404058629415    0.04073844084847561     -3.687672805666415
      585.7499999999999     0.8509925065843403   0.005970240764273406    0.04366272741255026     -3.618544956254075
      585.9999999999999       0.86855673037337   0.005969081876998599    0.04127552697319593     -3.674964147181885
      586.2499999999999     0.8694614322920168   0.005967785249830867    0.04592192693673507     -3.568508437721293
      586.4999999999999     0.8379151696762807   0.005966448466982979    0.04996597306468906     -3.484332941625916
      586.7499999999999     0.8602953581042928   0.005965548930989543    0.04356384781934147      -3.62159832583748
      586.9999999999999     0.8818251912427635    0.00596452280367826    0.04679713645467349     -3.550175963254729
      587.2499999999999     0.8725157671075612   0.005963279853182151    0.05238878493196406     -3.437513849354679
      587.4999999999999     0.8855704454774745   0.005962831065264025    0.05345662348134375     -3.417411102165529
      587.7499999999999     0.8469018785955487   0.005961734734301422    0.05535957124546684     -3.382615962441857
      587.9999999999999     0.8589368665205768   0.005960447324592934    0.05019403703933402     -3.480785262118785
      588.2499999999999     0.7934416074546409   0.005959409165678456    0.09229254391419718     -2.871892330267748
      588.4999999999999     0.8401213573886331   0.005959247718170486    0.06038518852294991     -3.296138927340948
      588.7499999999999     0.8094163614945445   0.005958133473100835    0.03945448567335977     -3.721922027923941
      588.9999999999999     0.7772015804308637   0.005958819315974136    0.06986310613678469     -3.150416969603291
      589.2499999999999     0.8054551233162499   0.005958675603796112     0.0520116053020486     -3.445511915584638
      589.4999999999999     0.8044418830197617   0.005957683814821997    0.06136282033832544     -3.280341126741175
      589.7499999999999     0.7877945402780412   0.005957644151496163    0.09698113089345425     -2.822635471357544
      589.9999999999999     0.7887183393880968   0.005956737011497025     0.1103613731496971     -2.693543988814607
      590.2499999999999     0.7868123648985501   0.005955535406561004     0.1148963158454965     -2.653475802565882
      590.4999999999999     0.8027264793180735   0.005954258466958545    0.07553035809386886     -3.073185688718679
      590.7499999999999     0.8156624744711243   0.005953000132630611    0.04516009564017089     -3.587717856869538
      590.9999999999999     0.7717368400969317   0.005952251604039414    0.08719035535621221     -2.929963740500666
      591.2499999999999     0.7316971168043055   0.005953616185502072    0.07583456240535984      -3.06927407605792
      591.4999999999999     0.7435623273982087   0.005955600661618318     0.1057185398900516     -2.736714687379336
      591.7499999999999     0.7736315269335912   0.005954728976172882    0.09399847755185108     -2.854362754730968
      591.9999999999999     0.6574893019935956   0.005957971125984811    0.04140261199097743     -3.673753051976537
      592.2499999999999     0.6306498388379177   0.005968948144863761    0.03204278595564262     -3.928184237822335
      592.4999999999999     0.5732880475175327   0.005982866932961311    0.02046125064027322     -4.374394272333344
      592.7499999999999     0.6482949208798057   0.005992570218179441     0.0353426942244269     -3.826214924236055
      592.9999999999999     0.5707068615907714   0.005999668825011697    0.02404475273096077     -4.210205967451604
      593.2499999999999     0.6085008370387502   0.006009303122907313    0.01947211989099233     -4.419534548186771
      593.4999999999999     0.6183301603167707   0.006015230722329761    0.02526596660565045     -4.158074027192731
      593.7499999999999     0.6551836581720247    0.00601710007009008      0.041878396739446     -3.652451500058962
      593.9999999999999     0.6546078797733232    0.00601727718193034    0.04600905860840034     -3.558353865391628
      594.2499999999999      0.646661746115993   0.006019044533478591    0.04407076326026417     -3.601101901076958
      594.4999999999999     0.7238661108251662   0.006017948682984452    0.06408909391672639     -3.226806371743304
      594.7499999999999     0.6976547836270128   0.006016781950033358    0.04896764300664718     -3.496114740626676
      594.9999999999999     0.6964159325614011   0.006015596827046195    0.05429147804061178     -3.393104190324522
      595.2499999999999      0.638932297229576   0.006014873949801605    0.04355235094338163     -3.613627952708234
      595.4999999999999     0.6111454924024077   0.006016174230981864    0.02374961758508103     -4.219809054241465
      595.7499999999999     0.5858161040410825   0.006018687040282812    0.01931265261197147     -4.426197437629285
      595.9999999999999      0.546117104468173   0.006023648386960832     0.0260956785003338     -4.124364184391323
      596.2499999999999     0.5755799306809066   0.006030842111769868    0.02467012585727962     -4.179347343564192
      596.4999999999999     0.5626475974834103   0.006033763380004265    0.02699201101260193     -4.088915171090995
      596.7499999999999     0.5590814962938255   0.006036337611908836    0.03092063439004955     -3.952605817360864
      596.9999999999999     0.5517327996983552   0.006037647566760163    0.03304638972323447     -3.885900246512362
      597.2499999999999     0.5499899734189179   0.006039619379410122    0.03534081286056538     -3.818447569324759
      597.4999999999999     0.5738817885625354   0.006039437073657999    0.02947287149110844      -4.00004599275517
      597.7499999999999     0.5961270991764143   0.006038727964064535    0.01952407290180451     -4.411985430639476
      597.9999999999999       0.56473489139469   0.006038710136324342     0.0356317540810905     -3.810399385994188
      598.2499999999999     0.5908098523937831   0.006038267811502046    0.02220079127282676     -4.283581914603074
      598.4999999999999      0.531180639133832   0.006037735970180638    0.05494159942169426     -3.377527135707435
      598.7499999999999     0.5737065068584937   0.006037743680732247    0.03536653606829122     -3.818030586796448
      598.9999999999999     0.5889719132602419   0.006036612279695744    0.02535898296277167     -4.150851031884453
      599.2499999999999     0.6072729638586083   0.006035306183161585    0.02507365901325846     -4.162382589183622
      599.4999999999999     0.5771912009905646   0.006034082049523547    0.03583969199477108     -3.805347297722443
      599.7499999999999     0.5829807719323892   0.006032915939632202    0.03298622268817139     -3.888506584479045
      599.9999999999999      0.526666754089633   0.006032198502037655    0.06304281606084881     -3.240901376511944
      600.2499999999999     0.4899662732310877   0.006034155928638344    0.09501874106370602     -2.830316901834232
      600.4999999999999     0.5504898947433297   0.006034739211003755    0.04089338433506951     -3.673326091782603
      600.7499999999999     0.4206848597555162   0.006036407235686241    0.04961992562541201     -3.479625544590245
      600.9999999999999     0.4106452226681471   0.006051415621417926    0.03661255096242062     -3.781143694630141
      601.2499999999999     0.4031249618833626   0.006058720956506699    0.03862499237843285      -3.72642877798951
      601.4999999999999     0.4383717420377571    0.00606394279954597    0.06391307106654658     -3.221942919406765
      601.7499999999999     0.4206446850062686    0.00606970303713106    0.05584287073982565      -3.35597548234498
      601.9999999999999      0.395973966976723   0.006073864643190714    0.03330028384902837      -3.87226602771113
      602.2499999999999     0.4089545637772877    0.00607738431369223    0.04516081301846169     -3.567022896374599
      602.4999999999999     0.4339775750231028   0.006078533941373834    0.06299509719181218      -3.23400659055724
      602.7499999999999     0.4205969749619724   0.006079941061702252    0.06292687951202543     -3.234858618616713
      602.9999999999999     0.4302806827383721   0.006081319503375065    0.06846478684009413     -3.150285782028383
      603.2499999999999     0.4374784982432047   0.006080820499776436    0.07912812477818244     -3.005619021560643
      603.4999999999999     0.4235616929269067   0.006079959047906787    0.07717890430539914     -3.030702910597463
      603.7499999999999      0.431511323050436   0.006079736672110358    0.08531072433383853     -2.930565474381421
      603.9999999999999     0.4566074204047609   0.006078649020353885    0.08055305736935417     -2.988128494647673
      604.2499999999999     0.3992079690500083   0.006078777448683534    0.04328918298141238     -3.609120644039117
      604.4999999999999     0.4352714941688156   0.006078222878795612    0.09472257571605042     -2.826162303111293
      604.7499999999999     0.4640828006745635   0.006076772830794709     0.1085030781098565     -2.690574717499185
      604.9999999999999      0.410505864184582    0.00607583688405427    0.05312176713404639     -3.404920520530426
      605.2499999999999     0.3954571062085578   0.006075448508922974    0.04061153371406175     -3.673519107384797
      605.4999999999999     0.4236470142811259   0.006075112520830758    0.09093670263706369     -2.867462830329102
      605.7499999999999     0.4092972673093318   0.006074102835684248    0.05935353300424299     -3.294281085877149
      605.9999999999999     0.4106880810943835   0.006073310198925212     0.0658676519180275     -3.190275781624971
      606.2499999999999     0.4163664785054916    0.00607251924902949    0.08025584710829951      -2.99283385813013
      606.4999999999999      0.425806291598862   0.006071254997180087     0.1079345239550259     -2.696736909041316
      606.7499999999999     0.4193288174028917   0.006069775106334645     0.1069978319821827     -2.705696903641116
      606.9999999999999     0.4234807219836739   0.006068512704058715     0.1273519156261555     -2.531759235873794
      607.2499999999999     0.4743744826917998   0.006067311943054888     0.1009754060397603      -2.76403438377622
      607.4999999999999     0.4484648998456382   0.006066087725485366    0.08196143033007258     -2.972864384629868
      607.7499999999999       0.44150373704784   0.006064599656693993     0.1023851964447752     -2.750616362792818
      607.9999999999999     0.4296738581574557   0.006063111944891155     0.1282424456495896     -2.525681260874758
      608.2499999999999     0.4391740021285545   0.006061563345854921     0.1210507017808367     -2.583649804919031
      608.4999999999999     0.4741129009077248   0.006060384250913567     0.1116553833709413     -2.664636630981943
      608.7499999999999      0.464075445058787   0.006058932919340305     0.1243140575630152      -2.55748224579634
      608.9999999999999     0.4524094742709767   0.006057513248418166     0.0960742842561309     -2.815405983012695
      609.2499999999999     0.4556356492871175   0.006056311630885395     0.1095453520756135      -2.68438741967463
      609.4999999999999     0.5056579653114108   0.006055169041571794     0.1213819733939989     -2.581972357849484
      609.7499999999999     0.4755536043173816   0.006054259150771432       0.11979130475129     -2.595313912514702
      609.9999999999999     0.4550323847648398   0.006052754804895442     0.1188131037220508     -2.603761820811003
      610.2499999999999     0.4701998324054575   0.006051259625376884     0.1468262438934919     -2.392310704174707
      610.4999999999999     0.4551611926514424   0.006049921254987368     0.1309189168961511     -2.507203597575087
      610.7499999999999     0.4698742543319521   0.006048324369479309     0.1629928445095099     -2.288339459319475
      610.9999999999999     0.4508921622993197   0.006046985668229457     0.1334393181182904      -2.48862029060887
      611.2499999999999     0.4856487959209658   0.006045707633009544     0.1052207307708049     -2.726418150864072
      611.4999999999999     0.5204974131341328   0.006045137497524584    0.08717518071057365     -2.914653135414229
      611.7499999999999     0.5102514263322803   0.006044233984358817      0.139013979192201       -2.4481477754495
      611.9999999999999     0.5136507054640077   0.006043024130945816      0.143783473376859      -2.41461394898503
      612.2499999999999     0.4902422862163755   0.006042259437196684     0.1143745928964536     -2.643570045190013
      612.4999999999999     0.4921539181016358   0.006041064620976883     0.1238587833094893     -2.564104699890388
      612.7499999999999     0.4984316657122675   0.006039980243293659     0.1297876026150774     -2.517527001174882
      612.9999999999999     0.4907097792176662   0.006038723579197812     0.1420532831008954     -2.427432148416518
      613.2499999999999     0.5172240272742298   0.006037291477275344     0.1339175843519016     -2.486646981365038
      613.4999999999999     0.4923098149061133   0.006036619879787178     0.1556926442647849      -2.33609896293577
      613.7499999999999     0.5093501361484558   0.006035104589787562      0.172619658861579     -2.233143174920698
      613.9999999999999     0.5336268181903125   0.006034046602351489    0.06283482297492266     -3.243899740643854
      614.2499999999999     0.5033252373644178   0.006032844205269092     0.1649842800859292      -2.27875825788401
      614.4999999999999     0.5189795080482118    0.00603207226147372     0.1380948190304159     -2.456795876446393
      614.7499999999999     0.5428761534496805   0.006031619467908024    0.04143224423168651     -3.660752063386142
      614.9999999999999      0.543630214380216   0.006031274608119275     0.0451204683840099     -3.575532676220065
      615.2499999999999     0.5722466015427917   0.006031256051311846    0.04448903670693993     -3.589628948292921
      615.4999999999999      0.544022494852516   0.006030581453583296     0.0495354874648303     -3.482294266327119
      615.7499999999999     0.5375417935978586   0.006029634147879273    0.06408317585007482     -3.224958831263249
      615.9999999999999     0.5366868681541639   0.006028346788624779    0.07389325743774713     -3.082732636875233
      616.2499999999999      0.541158679448683   0.006027369716425095    0.06960778033364957     -3.142639966932487
      616.4999999999999     0.5038111293677568   0.006025792904008582     0.1855818162523802     -2.162282114589486
      616.7499999999999     0.5710598879811141   0.006024696465048966    0.04925503246263773     -3.488948387163761
      616.9999999999999     0.6277171067643303   0.006027477265873335    0.03510374195304061     -3.827190737936416
      617.2499999999999     0.5987075595929541   0.006028881420908213     0.0254210348609071      -4.14968856377978
      617.4999999999999     0.5650537176598154   0.006028482717820314    0.04874507011516054     -3.498727607094469
      617.7499999999999     0.5694409341273803   0.006027739871354993    0.05873046668412931     -3.312496288197727
      617.9999999999999     0.5269585468616833   0.006026561014602865    0.09538084951497321     -2.827772675560583
      618.2499999999999     0.5592353347061613   0.006025329346580883    0.05275748956374299     -3.420149144662423
      618.4999999999999     0.5544167537839655   0.006024092545827165    0.05891419983603777     -3.309978031768877
      618.7499999999999     0.5996218999068542   0.006023343508149454     0.0282416639924373     -4.045386191104656
      618.9999999999999     0.5044290761310757   0.006021923009594569     0.2070125772810998     -2.053640834053758
      619.2499999999999     0.5839776625647004   0.006021280967674043    0.03783551582430133     -3.753278774818272
      619.4999999999999     0.5083218308632298   0.006019729506926073     0.2329051070677032     -1.936153599693242
      619.7499999999999     0.5325921144547116   0.006018790868374837    0.09677833443636777     -2.814517492263565
      619.9999999999999     0.5495956291914599   0.006017486823859067    0.06496002263470663     -3.213385285077097
      620.2499999999999     0.5666536012531859   0.006016182989321992    0.06601707913897541     -3.197460543730839
      620.4999999999999     0.5451671261618756   0.006014840385723899    0.07581808255107064     -3.059260397090407
      620.7499999999999     0.5198462503145149   0.006013315122062875     0.1562652825390171     -2.336295740843481
      620.9999999999999     0.5347999827974337   0.006012629199026813     0.1058589206636301     -2.725857636309133
      621.2499999999999     0.5238530651980087   0.006011386643210032     0.1389077558982607     -2.454361499606298
      621.4999999999999     0.5216586012636151    0.00600981874350327     0.1683057841689811     -2.262649972653675
      621.7499999999999     0.6106915480092866   0.006008867176822367    0.02995804574511252     -3.988792861619293
      621.9999999999999     0.5929175279120511   0.006009868628648767    0.03295002647824417      -3.89343207635567
      622.2499999999999     0.5657874425539228   0.006008983055558938    0.07248633221587508     -3.105173481974776
      622.4999999999999     0.5396341001868279   0.006007987733131283     0.1026211974238071     -2.757692643734298
      622.7499999999999     0.5574836420366915   0.006006631201633321    0.07532394691657172     -3.067164866802158
      622.9999999999999     0.5339074501814313   0.006005195681785852     0.1296748004775922     -2.524172207328244
      623.2499999999999     0.5382386437767637   0.006003724447642544     0.1280333679728566     -2.537156095250613
      623.4999999999999     0.5805843600359228   0.006002465285709678    0.04974423146850231     -3.482762258115606
      623.7499999999999      0.510909741062071   0.006001131483356481     0.2551723803940318      -1.84793968008087
      623.9999999999999     0.5744218312162107    0.00600017589782197    0.07148086660932353     -3.120608431285655
      624.2499999999999     0.6061046091232704   0.006000201020303906    0.03363397087374213     -3.874497464232415
      624.4999999999999     0.5465488259243136   0.005999098595366674    0.09824544701204364     -2.802748897739296
      624.7499999999999     0.5849722373628929   0.005997827893017827     0.0485694086400133     -3.507435763686483
      624.9999999999999     0.5642714128226139    0.00599649261372226    0.08632059024940529     -2.932584137634475
      625.2499999999999     0.5413319288303535   0.005995232732879533     0.1334231479155363     -2.497336780483166
      625.4999999999999     0.5390395440085872   0.005993930036282753     0.1555707156963525     -2.343979342305884
      625.7499999999999     0.5275488124584019   0.005992741949424605     0.1606675111139881     -2.311940887257258
      625.9999999999999     0.5237176420444225   0.005991255928429449     0.1903219001303145     -2.142809119585164
      626.2499999999999     0.5282603733557526   0.005989798714160447     0.1895172641417654     -2.147289098466771
      626.4999999999999     0.5566585691874104   0.005988476486754226    0.09176558511810232     -2.872752655852281
      626.7499999999999     0.6065052348954618   0.005987526130144231    0.03788557483053434     -3.757578275257371
      626.9999999999999     0.5276915196064487   0.005986470787403032     0.2104833381036538       -2.0429184799018
      627.2499999999999     0.5931711836622166   0.005985409989336899    0.04058100818648332     -3.689202012422803
      627.4999999999999     0.5511430761304281   0.005984729270233997      0.109192135498382     -2.699506885662714
      627.7499999999999     0.5856020399715227   0.005983471887854383    0.05531564823471029     -3.379770209278131
      627.9999999999999     0.6093932615980394   0.005983474165870398    0.04142955525001762     -3.668831145888773
      628.2499999999999     0.6185990558447678   0.005983275995775721    0.03557158341311208     -3.821311686686257
      628.4999999999999      0.570225061945024   0.005982343067873755    0.09815461421364709     -2.806470790341181
      628.7499999999999      0.590575909728089   0.005981146558877589    0.05274996865674833     -3.427651570397613
      628.9999999999999     0.6010268110980671   0.005980397645206824    0.04497339816738397     -3.587268805665742
      629.2499999999999     0.5848995408830154   0.005979458088720037    0.06714800776631423     -3.186597833046107
      629.4999999999999     0.5611543772578912    0.00597817262906801     0.1063805134200446     -2.726689673980785
      629.7499999999999      0.597725750844346   0.005977049081268675    0.05133590847036491     -3.455509571414388
      629.9999999999999     0.5525387880621127   0.005975659807017028      0.124503828207763     -2.569796046644524
      630.2499999999999     0.5790819866300042   0.005974456877675353    0.08317167328161271     -2.973427011364179
      630.4999999999999     0.5420250137568322   0.005973359932721133     0.1693733092277496     -2.262412249350564
      630.7499999999999     0.5199915195181348   0.005971864746466863     0.2473756301486772     -1.883859847670963
      630.9999999999999     0.5049166660146155   0.005972078975603092     0.2668589972049142     -1.808011507953284
      631.2499999999999     0.5388995265288572   0.005970898883979431     0.2001110228811928     -2.096057220570601
      631.4999999999999     0.5233651146045382   0.005970473209805515     0.2620150509973711     -1.826598892853551
      631.7499999999999     0.5188941324295683   0.005969040688440392     0.2947080276823614     -1.709255675060433
      631.9999999999999     0.5216650823158805   0.005968586327046942     0.3138024754931114     -1.646553198153919
      632.2499999999999     0.5066436157702207   0.005967874302395117     0.3092574796057424     -1.661262032402487
      632.4999999999999     0.4882600161738683   0.005966691385152711     0.1667434310797251     -2.279178173278703
      632.7499999999999     0.4887398953996412   0.005965993623271818     0.1853901466422852     -2.173288907921927
      632.9999999999999      0.520547910939153   0.005964334233109173     0.3480150354848065     -1.543783909048508
      633.2499999999999     0.4994128790486924   0.005963298840314029     0.2524411875462526     -1.865024904779043
      633.4999999999999     0.5243958311787402   0.005961370693092388      0.352833775158386     -1.530529539582567
      633.7499999999999     0.4928252875181415   0.005959820154299954     0.2274861874879109      -1.96969720302888
      633.9999999999999     0.4621611847658632   0.005959685744519979     0.1670772853946036     -2.278352785991192
      634.2499999999999     0.4680500753037422   0.005959176917663915      0.191017392302683     -2.144530176852112
      634.4999999999999     0.4366396416905695   0.005959128942586329     0.1405686606247485     -2.451206653457851
      634.7499999999999     0.4533579320180054    0.00595947848259521     0.1604237923785441      -2.31902504010896
      634.9999999999999     0.4783754476090053   0.005958843563189373     0.1585970777807023     -2.330583717237432
      635.2499999999999     0.4312749599760153   0.005958710682288936     0.1548100687336372     -2.354773898667578
      635.4999999999999     0.4855131352939105   0.005958158519148957     0.2026372088232604     -2.085648338836235
      635.7499999999999     0.4158087762681025   0.005958691253139627     0.1101236841888097     -2.695372025999269
      635.9999999999999     0.4515540917865886   0.005958025731642807     0.1685548761552907     -2.269826486001918
      636.2499999999999     0.4683309641276998   0.005956407517038118     0.2154064900480029     -2.024832602181422
      636.4999999999999     0.4494351726800922   0.005955172132120004       0.17615642480497     -2.226194544929087
      636.7499999999999     0.4630042883282337   0.005953815539355672     0.2245752763558728     -1.983583791567293
      636.9999999999999     0.4706335302263367   0.005952077184754346     0.2411899296295743     -1.912502052231142
      637.2499999999999       0.43215186398164   0.005951175309975764     0.1713196263610444     -2.254707327464625
      637.4999999999999     0.4012366468296252   0.005951313948954614    0.06202803699983203      -3.27062851096809
      637.7499999999999     0.4688794879033706   0.005950153270056854     0.2707206405639898     -1.797322608943051
      637.9999999999999     0.4407251614996849   0.005948930489694831     0.1714824180887149     -2.254134833719796
      638.2499999999999     0.4413782808171242    0.00594749043669613     0.1873732968640036     -2.165754808236836
      638.4999999999999     0.4561463681084238   0.005946090431589272     0.2258032437523526     -1.979429079923875
      638.7499999999999     0.4511872771992267   0.005944383887244097     0.2308439944482416     -1.957638007423298
      638.9999999999999     0.4427906389604498   0.005942733370140486     0.2137946616866149     -2.034641809997276
      639.2499999999999     0.4760052639659237   0.005941193065528367     0.2321127690914997     -1.952693737176869
      639.4999999999999     0.4285639167017936   0.005939774753556603     0.1888619168070265     -2.159139668890311
      639.7499999999999     0.4551795713245367   0.005938061185474216     0.2645535844611948     -1.822400531528824
      639.9999999999999     0.4478984155007515   0.005936367853519029     0.2603191707447867     -1.838821098586142
      640.2499999999999     0.4435111856242614   0.005934581202015685      0.262690423234035     -1.830054328059105
      640.4999999999999     0.4531415165473031   0.005932725223665242     0.3096613964800103     -1.665863926323959
      640.7499999999999     0.4251165466614324    0.00593122825640954     0.1938904967580978     -2.134302162973579
      640.9999999999999     0.4155683553750729    0.00593058196811274     0.1323259569876884     -2.516436432746191
      641.2499999999999     0.4155684210067058   0.005930281816364549     0.1489627608244123     -2.398058947332018
      641.4999999999999     0.4437383999029171   0.005928488000919281      0.294877107906207     -1.715499138282483
      641.7499999999999      0.454279617585683   0.005926638816511193      0.338188164608899     -1.578767347517149
      641.9999999999999     0.4483790322591698   0.005924723494009686     0.3628016101998334     -1.508836855663583
      642.2499999999999     0.4468584477094663   0.005922710386866524     0.3889892171481817     -1.439481226845432
      642.4999999999999     0.4809145438823856   0.005921196343561576     0.2198332452132822      -2.01041923422641
      642.7499999999999     0.4537511857347303   0.005919293985581716       0.41013607331915     -1.387120857034493
      642.9999999999999     0.4475103677628871   0.005917150524928791     0.4474797878692002      -1.30034065771385
      643.2499999999999     0.4544005139459146   0.005914951938750727     0.4566274787835758     -1.280475744737069
      643.4999999999999     0.4636364457263947   0.005913185883684326      0.339477367608936     -1.577234996734326
      643.7499999999999     0.4805531135701057   0.005911620108852982     0.2408620381517067     -1.920682792688773
      643.9999999999999     0.4690050546970327   0.005909814103347037     0.3453314157321791     -1.560708072841088
      644.2499999999999     0.4131842148126681   0.005908620858801047     0.1428376081221382     -2.443706206014082
      644.4999999999999     0.4373715368734203   0.005907341910852733     0.3014485366135074     -1.697031751006719
      644.7499999999999     0.4577951785952606   0.005905271245108515     0.4499900033157427     -1.296756279329331
      644.9999999999999     0.4636238795027744   0.005903315315570961     0.4154624673709166     -1.376920640440343
      645.2499999999999     0.4729388651376507   0.005901469723530002     0.3559025868936919     -1.531968543746943
      645.4999999999999     0.4315153503367455   0.005899918654805008     0.2635651700270366     -1.832587804928823
      645.7499999999999     0.4422776698209043   0.005897889235131772     0.4312068372706674     -1.340644624414479
      645.9999999999999     0.4577350767727563   0.005895674670200247     0.5169638759921275       -1.1596350553834
      646.2499999999999     0.4097522130122611   0.005894331574727804     0.1278729910032524     -2.556798377838513
      646.4999999999999     0.4177201505569252   0.005893733110810976     0.2043613673012362     -2.088047593531049
      646.7499999999999     0.3862743246862665   0.005893561999354705    0.02576733186289199     -4.158858979076976
      646.9999999999999     0.4213863296640701   0.005892370167327516     0.2453369696294271      -1.90553605655783
      647.2499999999999     0.3941101968343529   0.005891927922249206    0.04773886915952251     -3.542497831890174
      647.4999999999999     0.3961241424977697    0.00589145676915463    0.06075237555523337     -3.301517548849856
      647.7499999999999     0.4131358684890212   0.005890492069821245     0.1915396577851484      -2.15339261552712
      647.9999999999999     0.4033078690003608    0.00588965057712702     0.1036495863742687     -2.767614510995855
      648.2499999999999     0.4061671717671732   0.005888594909202822     0.1397864285107522     -2.468693869320015
      648.4999999999999     0.3971528766225466   0.005887607753879533    0.08575091720913042     -2.957530486781353
      648.7499999999999     0.3809267118671784   0.005886992747724705    0.03409691744100561     -3.879874749696117
      648.9999999999999      0.399124966258937   0.005886034185657638       0.10664587021868     -2.739730851234198
      649.2499999999999     0.3848296020557112   0.005884923014021398    0.03687690465195637      -3.80184790660513
      649.4999999999999     0.3923537739995509   0.005884107123899525     0.0713270412052887     -3.142296506807326
      649.7499999999999     0.4206967489537149   0.005882457152780424     0.2728994873228764     -1.800748923572958
      649.9999999999999     0.4234802627760851    0.00588067195978713     0.2992332818715186     -1.708932520034586
      650.2499999999999     0.4018766882323327   0.005879355426896102     0.1365473926459801      -2.49370814254419
      650.4999999999999      0.398227847945158   0.005878073281863271     0.1310720723637031      -2.53485065271731
      650.7499999999999     0.4019737956134235   0.005876798175359335      0.161410613846769     -2.326863429999497
      650.9999999999999     0.4081862522805582   0.005875406927181616     0.2018046855082533     -2.103751382350028
      651.2499999999999     0.4492109045473423   0.005873217321127678     0.5865851551059641     -1.037106601573136
      651.4999999999999     0.3795251698780888   0.005872236702267102    0.04388124840032944     -3.630104344246532
      651.7499999999999     0.4098906586420201   0.005870692983476478     0.2315308048432514     -1.967141417476709
      651.9999999999999     0.3853835406257978   0.005869733049482917    0.05099255321736102     -3.480338267973501
      652.2499999999999     0.3767681140111431   0.005868607261196328    0.05555078628044977     -3.394912018120003
      652.4999999999999     0.3943493199424489   0.005867693344273616     0.1252524826706864     -2.582033868986434
      652.7499999999999     0.3517112287533105   0.005865226759128385     0.8338277030008101    -0.6867590960510167
      652.9999999999999     0.3619244120832472   0.005864481138179334      0.290258062289441     -1.742142622458866
      653.2499999999999     0.3253399627319136   0.005860857420578743      1.636269293695515   -0.01335701145117722
      653.4999999999999     0.3176593430439552   0.005858601741505464      1.051688405391427     -0.455763909124249
      653.7499999999999     0.3262807904670394   0.005855326816265062      1.885052583101968     0.1272357784432096
      653.9999999999999     0.3487904406754589   0.005852498315858143      1.165483082886655    -0.3540674543157131
      654.2499999999999     0.3456807944047321   0.005848462027936449      1.562955433302536   -0.06131448848212459
      654.4999999999999     0.3434187571942025   0.005843671307208346      1.900993594466965     0.1336641903342689
      654.7499999999999     0.3364287780514183   0.005837816817479761      2.404280960840631     0.3675360249731388
      654.9999999999999     0.3214879103935324   0.005834409150636788      1.468948755593745    -0.1257517376317409
      655.2499999999999     0.3295544144344897   0.005828942685653506      2.396223189190143     0.3626577016317298
      655.4999999999999     0.3441467594502257    0.00582391893774659      2.080817444688229     0.2206624594787474
      655.7499999999999     0.3426721054599606   0.005818249647146351        2.4179552514869     0.3698499627776587
      655.9999999999999     0.3139911206629545   0.005814643857639309      1.352678164580432     -0.211605759909393
      656.2499999999999     0.3362552113931591   0.005808318623552635      2.887631370486824     0.5456559551057117
      656.4999999999999     0.3376405084409643   0.005801596901245268      3.084875221349581     0.6105726656839402
      656.7499999999999     0.3396338476381286   0.005794777286192056      3.209634060482906     0.6490422233589294
      656.9999999999999     0.3283825169596552   0.005788578784530528      2.690640170048688     0.4715941964039086
      657.2499999999999     0.3474024124013456   0.005783370627849367      2.153143085820739     0.2478435898840474
      657.4999999999999     0.3334298021696082   0.005776308514462427      3.406984956305033     0.7055207850518497
      657.7499999999999      0.336619620658736   0.005768865527836053       3.81511352737552     0.8173741165900166
      657.9999999999999     0.3356330384835683   0.005761120048200961      4.036686688296954     0.8724843860183542
      658.2499999999999      0.326338508657256   0.005754957817262605      2.837678918933526     0.5189763969181804
      658.4999999999999     0.3311032965181978   0.005747424011897899      3.909627501683677      0.838122106420145
      658.7499999999999     0.3316846753764684   0.005739604557896311      4.264737587626655     0.9236992162979031
      658.9999999999999      0.320119923645377   0.005735101938669674      1.861897983560422    0.09413016255041222
      659.2499999999999     0.3189410344138843   0.005730725936578113      1.787849994777616    0.05278423947337375
      659.4999999999999     0.3197963540294141   0.005725957350172686      2.050182806157713     0.1888669696831251
      659.7499999999999     0.2950263479726418   0.005717578450259583      11.44139731400628       1.90671173779888
      659.9999999999999     0.3182354924389809   0.005713232199866735      1.941288299606316     0.1320649962523718
      660.2499999999999     0.2894276008446817    0.00571620679524376      18.44480580591071      2.384016489017849
      660.4999999999999      0.293754390575107   0.005710942246757673       14.1599069803173       2.11872679463214
      660.7499999999999     0.3092547611165865   0.005706133811164246      2.292157147900129     0.2969633122076878
      660.9999999999999     0.3044188544238896   0.005698650476166027      4.236923333769229     0.9099950138365894
      661.2499999999999      0.308431722075882   0.005693204593870873      2.868153389338968     0.5188699400345622
      661.4999999999999      0.304457048268395   0.005685393554373593      4.617096653177767     0.9935946776851461
      661.7499999999999     0.3088350394520513   0.005679417505955221       3.16910487273979     0.6162260977651336
      661.9999999999999     0.2884325992286766   0.005686575387021396      20.66855525162497      2.492649925666619
      662.2499999999999     0.2691108785246658    0.00569973937420643      23.15752970568413      2.608668683459597
      662.4999999999999     0.2561395861558202   0.005696305947329967      1.731879560519815    0.01495340382208664
      662.7499999999999     0.2804932414115043   0.005734007160443541      30.44035283577701      2.888111988919893
      662.9999999999999     0.2857002018868762   0.005745923804868216      24.56182250245832      2.675612255144486
      663.2499999999999     0.2852909923514287   0.005759714498148288      25.88365108181304      2.730427692793038
      663.4999999999999     0.2670672050652137   0.005755282387956796      18.07646438352233      2.370657139658459
      663.7499999999999     0.2998277761870174   0.005745763560361748      7.697217048447906      1.515249900975023
      663.9999999999999     0.3131871130867472   0.005741325874045499      2.141259006932839     0.2350123977802211
      664.2499999999999     0.2733690798439665   0.005761110791275295      29.08455566441684      2.847265850505514
      664.4999999999999     0.2870688759912493   0.005764181243077627      23.52212590601811      2.635532876300657
      664.7499999999999     0.2825959673851615   0.005779878223278906      29.23160064729486      2.855561200452148
      664.9999999999999     0.2821365917063022   0.005796282858958179      30.41435520034157      2.898059781779156
      665.2499999999999     0.2868433011507378   0.005798907370046265       25.3758945177041      2.717397452576203
      665.4999999999999     0.2779551474065803   0.005816669963925299      32.49969746279093      2.967886955874629
      665.7499999999999     0.2744081693516514   0.005826511122864881      30.39090469903657      2.902490010732786
      665.9999999999999     0.3023564510324054   0.005819004164192137      5.212574222396587      1.138131216201758
      666.2499999999999      0.282767153685993   0.005828002347406915      30.82924047442263      2.917066145358378
      666.4999999999999     0.2785667416911528   0.005841975792017291      33.83702475617931      3.012552918704967
      666.7499999999999     0.2717297285204955   0.005840704765831321      26.86135884626906      2.781468496988417
      666.9999999999999     0.2903795081193292   0.005831361881490324      19.57682445153502      2.463525261218475
      667.2499999999999     0.2926342961499836   0.005820611649705445      16.56944874625803      2.294894161952883
      667.4999999999999     0.2722794291715055   0.005819862027045489      27.99471565965915       2.81922056926786
      667.7499999999999     0.2676158861272014   0.005810048701738595      18.99122441463721       2.42949420135957
      667.9999999999999     0.2809836308747626   0.005815081614007863      32.38206294653039      2.963987726267276
      668.2499999999999     0.2988623249126763   0.005806014091350663      8.031677776812332      1.568215985923244
      668.4999999999999     0.3076505886945588   0.005801327244448369      2.981282133798019     0.5763684294275373
      668.7499999999999     0.2919149694686629   0.005790912233887384      17.69500218091836      2.355500318146419
      668.9999999999999     0.3095475948605445   0.005786928593644079      2.581888252181403      0.430050943923579
      669.2499999999999     0.2746549678877148   0.005789202295974187      31.53479933072121      2.933014434665193
      669.4999999999999     0.2990859741827135   0.005780306520927999      8.241336642708683      1.589547505843032
      669.7499999999999     0.2854895687067074    0.00577628662855379      27.25404644440547      2.784891276449623
      669.9999999999999     0.2778233826999714   0.005780084738852624      33.64834632028004       2.99631050320839
      670.2499999999999     0.2773145940060416   0.005783246300019061       33.9746743598044      3.006508792489703
      670.4999999999999     0.2714461443308141   0.005777496212345742       27.1109220497118      2.779835330510936
      670.7499999999999     0.2833546124949504   0.005774734718557657      30.40041765997701      2.893876914880452
      670.9999999999999     0.2929848017127039   0.005764142082551289      15.93992387918598      2.246411474292191
      671.2499999999999     0.2840751832251635   0.005760517066803575      30.11336241123387      2.881924494969838
      671.4999999999999     0.2860189629920032   0.005754455746495525      27.78656604264992        2.8004553837536
      671.7499999999999     0.2868568288274417   0.005747669271058955      26.97416327968257      2.769602169347827
      671.9999999999999     0.3035736222349907    0.00574232552215568      4.552864803695733     0.9895491821078647
      672.2499999999999      0.287708678617988   0.005734850504055217      26.11248802918058      2.734903599970591
      672.4999999999999     0.2796980418773163   0.005734388883790228      34.34195794681205      3.008777304768584
      672.7499999999999     0.2689015942833804   0.005724550530095078      20.61409746877597      2.496667469790529
      672.9999999999999     0.3066749192662699   0.005720418015188717      3.238693285023845     0.6451400722379774
      673.2499999999999     0.2595847625473469   0.005715694715505177      3.952343697614296     0.8434528425766441
      673.4999999999999      0.285951120318563   0.005710115512477045      29.35579578614839      2.847657500092742
      673.7499999999999     0.2843888767610104   0.005706153194219393      31.81227522779919      2.927325577679047
      673.9999999999999     0.3114253539755235   0.005703167529690012      2.025024108321431     0.1725315818626325
      674.2499999999999     0.2772799941201571    0.00570099260443218      34.04458271813622      2.994239471469526
      674.4999999999999     0.2964065986054641   0.005692054177852484      11.57172535311879      1.913564100091617
      674.7499999999999     0.2876471552701681   0.005684581499898735      27.33355946021948      2.771800989771394
      674.9999999999999     0.2754219908117788   0.005680145430838793      32.17729189515195      2.934166068119404
      675.2499999999999     0.2747712510275347   0.005675155193273568      31.76253013580826      2.920313455832858
      675.4999999999999     0.2810737955559116   0.005672421897007914      35.03937353445093      3.018016804770481
      675.7499999999999      0.296952997422014   0.005664141130514254      10.77778254459303      1.837570365215806
      675.9999999999999      0.290303064732788   0.005654819383556817      22.57596849564529      2.575322418015683
      676.2499999999999     0.2754948158057442   0.005650191669638264      32.98926371854613      2.953799883657179
      676.4999999999999     0.2866876301469999   0.005642967676517853      28.99771445738995      2.823555374545458
      676.7499999999999     0.2765154211173458   0.005638854174278543      34.35916511860641       2.99247793161584
      676.9999999999999     0.3029647143775987   0.005634048596218056      4.936138874471164      1.051339964748971
      677.2499999999999     0.2666559841769487   0.005624863141606247       15.4225354387917      2.188954645950726
      677.4999999999999     0.2860444955946976   0.005618109530888242      30.21240410503047      2.860176045495669
      677.7499999999999       0.26598845849509   0.005609295149952399      14.20508979229716      2.103953654958276
      677.9999999999999     0.2913731532991975   0.005600035728064214       21.1973424285474      2.502577042983683
      678.2499999999999     0.2839947348427501   0.005594967475942097      33.44974172370864      2.957839842544745
      678.4999999999999     0.2855623604940369   0.005588907732432727      31.90640334255005      2.909518841335644
      678.7499999999999     0.2980520374987655   0.005581934064962143        9.7256594358663      1.720231267059343
      678.9999999999999     0.2851630745447727   0.005576242432900368      32.70020342345389      2.931824697796335
      679.2499999999999     0.2798932986717736   0.005572397493228001      36.09665205228004      3.029953759674243
      679.4999999999999     0.2801450411327984   0.005568483056121933      36.47231871931296      3.039604505226052
      679.7499999999999     0.2863514330430503   0.005561826454619442      31.60185538865678      2.895070635626253
      679.9999999999999     0.2892774339067301   0.005553567945783944      26.74366440697548      2.726666443584377
      680.2499999999999     0.2752363648781075   0.005547169474847843       32.4404526629555      2.918622224706983
      680.4999999999999     0.2816424181152913   0.005542833749253085      36.78380066349171      3.043491674541849
      680.7499999999999      0.275125094426812   0.005536400408225654      32.75892797573212      2.926448327226555
      680.9999999999999     0.2764871231180067   0.005530923623058995       35.1463094334953      2.995802688572585
      681.2499999999999     0.2702672017742974   0.005522267167419976      23.29113305002503      2.582789475627013
      681.4999999999999     0.2844100605129214   0.005516462309796515      34.62213679485804      2.978158286745857
      681.7499999999999     0.2759252897519188    0.00551058629437576      34.63273851067851      2.977398706021834
      681.9999999999999     0.2786629866688887   0.005506002561071094       37.6048376348508      3.058899823058669
      682.2499999999999     0.3034217337310067   0.005502374831038171      4.259253852990418     0.8802020281420965
      682.4999999999999     0.2769928539457252   0.005497254877512104      36.64272105838032      3.031391904777946
      682.7499999999999     0.2793057544923171   0.005492769129437427      38.44418276302479      3.078568163050165
      682.9999999999999     0.3039734311587652   0.005489402446262894      3.998060967012192      0.814557139480265
      683.2499999999999     0.3165148136843063    0.00548791821730142      1.072836863922531    -0.5012163484684674
      683.4999999999999     0.3128123952408599   0.005486338599650606      1.494059674356235    -0.1703136115460614
      683.7499999999999     0.3197234711602231   0.005485113190221471      1.067394058278081    -0.5068138032243268
      683.9999999999999     0.3202454653498955   0.005483825707549776      1.104018642032816    -0.4733119386111214
      684.2499999999999     0.2775557833848436   0.005479026402120587      37.84134699421201       3.06025801055332
      684.4999999999999      0.302519111058392   0.005475278536834456      4.867094968252918       1.00866864064056
      684.7499999999999     0.2989378022808785   0.005470086165591949      8.012688792008122       1.50624900143289
      684.9999999999999     0.2897227387675011   0.005461913571884667      24.88870631373489      2.638141586855733
      685.2499999999999     0.2636943529133884   0.005456413182018106      8.950543504496242      1.614434153293508
      685.4999999999999     0.2798794329497225   0.005452079475229736      39.03723189276202      3.086441194209737
      685.7499999999999     0.2801746506226919   0.005447656726511443       39.3166725394653      3.092762472910902
      685.9999999999999     0.2815749282553265   0.005442929592627596      38.96233654153352      3.082841142353558
      686.2499999999999     0.2863784829750466   0.005435897756803197      32.27730294584065      2.893317224199691
      686.4999999999999     0.2982726360973786   0.005430582082105738      8.846874981986911      1.598038861499196
      686.7499999999999     0.2824990063926642    0.00542556021468681      38.51397884011352      3.068070670200319
      686.9999999999999     0.3122370714096279   0.005423747956950741      1.584621409535887    -0.1229391495189628
      687.2499999999999     0.2936666537825479   0.005416437697926689      16.71599717798188      2.231732772401822
      687.4999999999999     0.2730169824901226   0.005409150438058696      30.17648201386784      2.821083173365078
      687.7499999999999     0.2741710723040555   0.005402433443420787      33.05073365279303      2.910821502629832
      687.9999999999999     0.2717589959084309   0.005394777551991571      27.61407350808009        2.7296851666581
      688.2499999999999     0.2741531746590118   0.005388148729384546      33.53540346255317      2.922731811130772
      688.4999999999999     0.2682896322732672   0.005380717025192248      19.16420979245065      2.361794356103743
      688.7499999999999     0.2696189182997488   0.005373110183087828      22.89310657187814      2.538171009102914
      688.9999999999999     0.2761082264295499   0.005367664283540386      37.55037982899573       3.03200459941009
      689.2499999999999      0.278386359328588   0.005362952395596546      39.92689273547002      3.092492992339131
      689.4999999999999     0.2671361872562648    0.00535602036062923      16.89619463164441      2.231237904708157
      689.7499999999999     0.2900406427556764   0.005348529439385658       23.7688252176156      2.571124757804991
      689.9999999999999      0.307811500625337   0.005346460448387929      2.559364887852926     0.3421221291277204
      690.2499999999999     0.3044140391569987    0.00534369730974291      3.898881065071614     0.7625356476427987
      690.4999999999999     0.2896587709105695   0.005336322638361079      24.94625471035511      2.617188718941453
      690.7499999999999      0.283323044969863   0.005330801257022822      37.29750420889724      3.018356218224037
      690.9999999999999     0.2729379700785539   0.005324013331247181      31.64501919552488      2.852736417912503
      691.2499999999999     0.2905534463528252    0.00531676073701271      23.20184489603166      2.541024279354865
      691.4999999999999     0.2821394515161847   0.005311597171177212      38.69649994955815       3.05156997950058
      691.7499999999999     0.2895543973880341   0.005304494832746373      25.78727596252905      2.644363981893146
      691.9999999999999      0.292221603370356   0.005297573364595396      20.13760247480029      2.395765945793738
      692.2499999999999     0.2759237010174019   0.005292062001292299      37.46948337929737      3.015663035929469
      692.4999999999999     0.3048398033573664   0.005289420392157481      3.693667762945699     0.6982568598284825
      692.7499999999999     0.2764226604897402   0.005284171291949822       38.4981606381566      3.041254516328914
      692.9999999999999     0.2846047818483769   0.005278275055709156        35.891734338802      2.970034626648584
      693.2499999999999     0.2823970946902976   0.005273173336372564      39.16237697345878      3.056277095858724
      693.4999999999999     0.3074246102792577    0.00527110260626563      2.700164291494883     0.3814804323056961
      693.7499999999999     0.2978545098531076   0.005266520438110241      9.519165859662285      1.640605359819998
      693.9999999999999     0.3149317953419645   0.005265447749285723      1.174767681046004    -0.4518351570666777
      694.2499999999999     0.2922887194340421   0.005258870683963243      20.14179731310266      2.388641677684599
      694.4999999999999     0.2664091890649659   0.005253009194448342      14.84450659834826      2.082359211640993
      694.7499999999999     0.2828875024712217   0.005247867312555755       38.8752992539416       3.04410908478718
      694.9999999999999     0.2794862125328744   0.005243284581906193        41.148311354644      3.100059269083277
      695.2499999999999     0.3182139533370988   0.005241990422332025     0.9699612839767583    -0.6478695953342599
      695.4999999999999     0.2752619560546593   0.005236373622910869      36.97395000363941       2.99177106135628
      695.7499999999999     0.2652714925626641   0.005231341569078261      12.38920060444249      1.897421182066282
      695.9999999999999     0.2587976464332774   0.005229314327673855      3.043372427211291     0.4931746659613881
      696.2499999999999     0.2657216304538465   0.005223945062921319      13.62235765846874      1.990893512626482
      696.4999999999999      0.271366528515299   0.005217352764935695      28.21433320331484      2.717748507120218
      696.7499999999999     0.2914436327774004    0.00521080449968235      21.97763731846727      2.466687957808626
      696.9999999999999     0.3034566055280912   0.005208132145967829      4.463758630651263     0.8721406802320063
      697.2499999999999     0.3016799888973292   0.005205248383241008       5.72947132204137      1.121218931182601
      697.4999999999999     0.2669786204004172   0.005199396904274092      16.99824942998464      2.207581251536421
      697.7499999999999      0.268823914128743   0.005192994888533122      21.93519230315466      2.461331130672231
      697.9999999999999      0.291483527890446   0.005186594142973615      22.17463647651173      2.470954630510898
      698.2499999999999     0.3018138604225716   0.005183460253714248      5.775700809429307       1.12506068580722
      698.4999999999999     0.2886783202399552   0.005177088552715679      28.78195279714231      2.729919643107584
      698.7499999999999     0.3086486212267055   0.005175296190506748      2.498655321186419      0.285577536613406
      698.9999999999999     0.3324764753716113   0.005174198708141935      1.414806512947123    -0.2833944814896589
      699.2499999999999     0.3314473947954247   0.005173027006892752      1.419109821425352    -0.2805839509583753
      699.4999999999999     0.3499524679800758   0.005172563391791281     0.5410762287022552     -1.244898472050387
      699.7499999999999     0.3352418063381514   0.005172172555371495      1.485790319078338     -0.234832095612077
      699.9999999999999     0.3285643271926377   0.005171039343606106      1.341304263870291    -0.3373555776997409
      700.2499999999999     0.3109145438737439   0.005169504037888429      1.921732012694963    0.02193187106448637
      700.4999999999999     0.3245406306031854   0.005168167860339423      1.129747876597437    -0.5095590149816543
      700.7499999999999     0.3600775015944993    0.00516791868431898       0.12927172750954     -2.677440394725564
      700.9999999999999     0.3273602087521224   0.005166831367834244      1.322105268102276    -0.3525867728569641
      701.2499999999999     0.3206021713794867   0.005165640935799086      1.009989812785327    -0.6221023199808349
      701.4999999999999     0.3340112823040635   0.005164337466560166      1.554516838874229    -0.1911301479389962
      701.7499999999999     0.3492646852204263   0.005163405348736135       0.59852987845192     -1.145754271302575
      701.9999999999999     0.3380990769793176   0.005162003664295877       1.47542971723184    -0.2437976591898984
      702.2499999999999     0.3315714798782138   0.005160445031097414      1.573919143103812    -0.1794801509657054
      702.4999999999999      0.361167237160284   0.005159642031258102     0.1132935802041417     -2.810977322601207
      702.7499999999999     0.3291681744695803   0.005158300537030137      1.509223351468262    -0.2218693977342998
      702.9999999999999     0.3288672535373278   0.005156768822131603      1.521845142299699    -0.2138380572623085
      703.2499999999999     0.3193773344619117   0.005155442943955832      1.036726979799745    -0.5979500968326149
      703.4999999999999     0.3114850722369035   0.005153788852870793      1.839725686871551   -0.02472313037181867
      703.7499999999999      0.340521467788663    0.00515248202072883      1.365021251680067     -0.323423209562864
      703.9999999999999     0.3186811595267752   0.005151137518168211      1.074612057557637    -0.5628944640671963
      704.2499999999999     0.3250378048683307   0.005149703814406599      1.317961395986096    -0.3590464043608466
      704.4999999999999     0.3116485063155089   0.005148351022255648      1.850150403188704   -0.02012834306742257
      704.7499999999999     0.2774281929495525   0.005144211946551274      40.30788019883521      3.060347425605254
      704.9999999999999     0.2989875234391568   0.005140791209150227       8.63152793387713      1.518556786478133
      705.2499999999999     0.2897379599825444   0.005134934369994737      26.60772324896049      2.643196832308083
      705.4999999999999     0.2790162640655365   0.005130923338050894      41.41920148283488      3.084958456726978
      705.7499999999999     0.2873040625428652   0.005125207437973858      32.07769980161682      2.828260326965915
      705.9999999999999      0.307032562236198   0.005123271114983198      3.158642978040225     0.5098638713039824
      706.2499999999999     0.3099887782320528   0.005121617774000766      2.291758239568948     0.1887179223736312
      706.4999999999999     0.3087558317816358   0.005119733267989268      2.679997669756232      0.344846515202318
      706.7499999999999     0.3073945614732472   0.005117669826964641        3.1647150215253     0.5106904830608571
      706.9999999999999     0.2748632819882189      0.005112422789281      36.75823274657471      2.961963888374106
      707.2499999999999     0.3022865165171729   0.005109601759462301      5.653311404820401      1.089291179008774
      707.4999999999999     0.2726708559526679   0.005103841468225408      32.14952559101501      2.826319428298043
      707.7499999999999     0.3012470514982187   0.005100745370647459       6.47818349024122       1.22375507421951
      707.9999999999999     0.2938584836325112   0.005095273782835339      17.50213660993196      2.216564614870137
      708.2499999999999     0.2820480422034548   0.005090767047621987      40.31683462533515      3.050125879128153
      708.4999999999999     0.2825072457578243   0.005086246327851645      40.13048036882557      3.044604501457553
      708.7499999999999      0.278417007500304   0.005082056170132007       41.8462001334522      3.085645181697448
      708.9999999999999     0.2819508452961402   0.005077626052091322       41.1907329257176      3.068985390428467
      709.2499999999999     0.2670248188498683   0.005072431313617262      17.09174318024551      2.188343992208705
      709.4999999999999     0.2706998966294679   0.005066812815363607      27.08066432118098      2.647460212025555
      709.7499999999999     0.2656440606354309   0.005062189592263146       14.2389341321047      2.003707416928509
      709.9999999999999     0.2698970197144693   0.005056454221198769      25.33263351435971      2.578687166241757
      710.2499999999999     0.2687091789839156   0.005050995979380758      22.41826184489191      2.455389583705335
      710.4999999999999     0.3003632003624498   0.005047844242115579        7.2455371733524      1.325275235006959
      710.7499999999999     0.2661034818841181   0.005042974155292091      16.01396763223176      2.117385585220539
      710.9999999999999      0.302309520396992   0.005040395930494075      5.760964290317194      1.094517757420312
      711.2499999999999     0.2785139685556475   0.005036269002273487      42.25640703476427      3.086349767290738
      711.4999999999999     0.2749524539215067   0.005031384252723339      38.22177222055526      2.985028700843629
      711.7499999999999     0.2701766007828346   0.005025790481614629      26.94216574654346      2.634203559156341
      711.9999999999999      0.265182421783475   0.005021294667526625      14.23751799904337      1.995496643897958
      712.2499999999999     0.2906230700161542   0.005015719549978695      24.28090420515494      2.528195345491485
      712.4999999999999     0.2828468018569788   0.005011220945773569      40.16305505843761      3.030555380395273
      712.7499999999999     0.2808908541353959   0.005007154950602741      42.51157321864824      3.086572478126824
      712.9999999999999     0.2801674671677361   0.005003186724088034      43.16167680598563      3.100956293370816
      713.2499999999999     0.2627866620755999   0.004999747662614454      9.132543289758203       1.54715991212193
      713.4999999999999     0.2585292286702954   0.004997847388303024      3.370876887252854     0.5501084604184036
      713.7499999999999     0.2788040828235905   0.004993838244771467      42.92842251384482      3.093667186013237
      713.9999999999999     0.2853160738393445   0.004988772701157188        36.130235227892      2.920248232151776
      714.2499999999999     0.2774356533953836   0.004984584194082759       42.2068461899668      3.074860676966042
      714.4999999999999     0.2877299995256205   0.004979230611520519      30.99824511441685      2.765134225668041
      714.7499999999999     0.2672792810920132   0.004974301053899284      18.87760352593165        2.2681893384091
      714.9999999999999      0.287807978014415   0.004968975111363772      31.06458620317564       2.76521031547336
      715.2499999999999     0.2803022407122948   0.004964967780893101      43.27792189498835      3.095977674825448
      715.4999999999999     0.2911820909875647   0.004959768848375028      23.25413483660532      2.473770343731944
      715.7499999999999     0.2992877021600281   0.004956724557865936      8.151079812001177      1.424823810519487
      715.9999999999999     0.2836238006718046   0.004952322142166989      40.05101196589671      3.015938775541547
      716.2499999999999     0.2811907559445286   0.004948278089712274       43.1015938242713      3.088527880081648
      716.4999999999999     0.2885826610643893   0.004943113643654806      29.97325858745691      2.724229277190557
      716.7499999999999      0.301640751354204   0.004940692966603769      5.943048124259631      1.105656000567008
      716.9999999999999     0.3085311837156946   0.004939192598302816        2.6707660126431     0.3054954521643843
      717.2499999999999      0.282013221417697   0.004935097549933698      42.68291554107783      3.076099423969657
      717.4999999999999     0.2836225662032549   0.004930693143771447      40.82183850058712      3.030625019439306
      717.7499999999999     0.2885779629336652   0.004925520718102673      30.49056856530989      2.737775655600259
      717.9999999999999     0.2759105654258602   0.004921335860901593      39.98507601134298      3.008014543447558
      718.2499999999999     0.3217637511587918   0.004920396536882309     0.9626497512281673    -0.7187482664716839
      718.4999999999999     0.3288518112443417   0.004919683035137127      1.309922904959735    -0.4108593624428593
      718.7499999999999     0.3239852919676248   0.004918918074616729      1.081546373436566    -0.6025913043309529
      718.9999999999999     0.3618179497323124   0.004918984806920368    0.08700580438352094     -3.122750027769377
      719.2499999999999     0.3290769408159752   0.004918307416293122      1.354415862085645    -0.3777370378974986
      719.4999999999999     0.3595356052027194   0.004918553453069064     0.1233219253318178     -2.774014341354455
      719.7499999999999     0.3565143953477709   0.004918469085342879     0.1937904951328157     -2.322052056307411
      719.9999999999999     0.3404866303571956   0.004917891231996339      1.151070001119393    -0.5404999786392887
      720.2499999999999     0.3673049254427313   0.004917914547855731    0.04179049622812372     -3.856273511432622
      720.4999999999999     0.3361931296788465   0.004917380192458201      1.406963418599668    -0.3398620657261171
      720.7499999999999     0.3687430414195513   0.004916940668829149    0.03462370016310759     -4.044602085201318
      720.9999999999999     0.3606184930831769   0.004916601510781129     0.1131400091365862     -2.860583417751689
      721.2499999999999      0.356891738953766   0.004915787752280631     0.1912268731416252     -2.335914473871961
      721.4999999999999      0.356165908047444   0.004915284269062421     0.2150849735759636     -2.218444265456771
      721.7499999999999     0.3356563599619795   0.004914436151653892      1.446081505730712    -0.3130372358238264
      721.9999999999999     0.3395062285927517   0.004913365407492073      1.287846241160199    -0.4291413827945808
      722.2499999999999      0.369912286847874   0.004912734710088905    0.03040336578503657     -4.175442957321009
      722.4999999999999     0.3718045581267306   0.004911966802758127    0.02372640857697443     -4.423563884247349
      722.7499999999999      0.366065304504615   0.004911244792108266    0.05736886131262993     -3.540797928633115
      722.9999999999999        0.3654700043669   0.004910645899287596    0.06405057494398156     -3.430748544746296
      723.2499999999999     0.3580881621286424   0.004909862818204038     0.1711886460470425     -2.447814886566936
      723.4999999999999     0.3548790014536236   0.004908988014455927     0.2618057988206445      -2.02315621383681
      723.7499999999999     0.3355887969985201   0.004907778158103184      1.489187257111221    -0.2850199195468379
      723.9999999999999     0.3620424525761625     0.0049070027500358     0.1098895424404957     -2.891688011213485
      724.2499999999999     0.3423718079257973    0.00490586230591547      1.106092076902477    -0.5828077206416019
      724.4999999999999     0.3512214059714503   0.004904928842995608     0.4285409433033804     -1.531200160756421
      724.7499999999999     0.3613600114145672   0.004904130812249246     0.1240304565008719     -2.771222005137775
      724.9999999999999     0.3349163503671016   0.004902864018344394      1.538300919912894    -0.2535737149326508
      725.2499999999999     0.3632023758457433   0.004902029956096075    0.09971822839910158     -2.989829141580373
      725.4999999999999     0.3434282802702218   0.004901081145680847      1.045669646889315    -0.6399584380643989
      725.7499999999999     0.3491069317877855   0.004900121379288755     0.5777617498076627     -1.233405468182576
      725.9999999999999     0.3302881546379767   0.004898914311381466      1.500973799945975    -0.2789440425309395
      726.2499999999999      0.316368386284051   0.004897880068559883      1.114408138101618    -0.5769458328604313
      726.4999999999999     0.3509644582519791   0.004897045706836247     0.4675593171340527     -1.445668701839802
      726.7499999999999     0.3610755665184304   0.004896312517418162     0.1356066139104751     -2.683586506594049
      726.9999999999999     0.3588649065440617   0.004895643927710442     0.1809475919027878     -2.395273773184388
      727.2499999999999     0.3372194602944711   0.004894434372393818       1.52513956125593    -0.2638871127847603
      727.4999999999999     0.3692423963121552   0.004893753354012354    0.04228455394111478     -3.849445599973032
      727.7499999999999     0.3540406720788518   0.004892892944635463     0.3269650868061938     -1.804189900608512
      727.9999999999999     0.3643834734260587   0.004892047871053086    0.09370191329866884     -3.054097418605222
      728.2499999999999     0.3354598687163569   0.004890923733909745      1.602971220266387    -0.2148316433418239
      728.4999999999999     0.3781890630744195   0.004890239707128896    0.01562601749612983     -4.845648395004103
      728.7499999999999     0.3429082519949597   0.004889240225819642      1.152555019908991    -0.5450535986860138
      728.9999999999999     0.3625114116573719   0.004888464819203316     0.1227553993627847     -2.784754966744158
      729.2499999999999     0.3422345252153655   0.004887311205094221      1.238403808198903     -0.473606156028351
      729.4999999999999     0.3241851807974339   0.004886201010324136      1.174150651757331    -0.5271116027309972
      729.7499999999999     0.3676895145957415   0.004885860816120005     0.0599767443330326     -3.501524651601267
      729.9999999999999     0.3578744699898853   0.004885108838467494     0.2163372541963393     -2.218796912977715
      730.2499999999999     0.3571840666776156   0.004884306895589285     0.2383893012398594     -2.121894582363148
      730.4999999999999     0.3777382046472702   0.004883533023481984     0.0165077075073802     -4.792130698768687
      730.7499999999999     0.3228662764397947   0.004882508183245339      1.119850803798788    -0.5752172260817388
      730.9999999999999     0.3603697400004439   0.004881805112921233      0.170941181184908      -2.45499245109654
      731.2499999999999      0.380678895978087   0.004881037119328743    0.01526375087829064     -4.870988514963199
      731.4999999999999     0.3704434070407711   0.004880320969014959    0.03992067055013387     -3.909721791715271
      731.7499999999999     0.3650945255691955   0.004879595553476498    0.09684749944741215     -3.023627121661268
      731.9999999999999     0.3575697675637939   0.004878769354870451     0.2366376473854327     -2.130403966555864
      732.2499999999999     0.3809164482429503   0.004878006418560971    0.01569268854455963     -4.843895508711149
      732.4999999999999     0.3295952847453583   0.004877079965532474      1.547837540171242    -0.2526662569214619
      732.7499999999999     0.3379023236921229   0.004875901877018519      1.589602996795785    -0.2262823661660547
      732.9999999999999     0.3569990669906765   0.004875058030329176     0.2555091956500147     -2.054436622572044
      733.2499999999999       0.33786969257799   0.004873939864992792      1.616070121866908     -0.210171782812833
      733.4999999999999     0.3572559255224299   0.004873133715478668     0.2533212451058082     -2.063431400062094
      733.7499999999999     0.3515484214584367   0.004872460091778085     0.4757738553590437     -1.433285420987848
      733.9999999999999     0.3708674148133282   0.004871691786897916    0.03936486874501048     -3.925512001807279
      734.2499999999999     0.3383168465563158   0.004870441621412773      1.617855353441279    -0.2097857201541088
      734.4999999999999     0.3536035250753496   0.004869535131749499     0.3843265298647724     -1.647336023916825
      734.7499999999999     0.3400575455804772    0.00486842134803238      1.523443633420328    -0.2703287047197537
      734.9999999999999     0.3505292288091859   0.004867562083417819     0.5583963012935942     -1.274164889872917
      735.2499999999999     0.3767655950809485   0.004866955291743447    0.01962265497158336     -4.622673720961634
      735.4999999999999     0.3474457255153853    0.00486594141545216     0.8116535833995843    -0.9004931979841931
      735.7499999999999     0.3437921898687903   0.004864866757877193      1.195210618571342     -0.513710004355747
      735.9999999999999     0.3519909376869423   0.004864131827096937     0.4996810333679422     -1.385968821907725
      736.2499999999999     0.3283412664524441   0.004863135242896912      1.521836853413961     -0.272470348344045
      736.4999999999999     0.3693887822207855   0.004862394955984153     0.0523503051237318     -3.642338158744883
      736.7499999999999     0.3327021904054184   0.004861131594600274       1.75570336461991    -0.1299309480306231
      736.9999999999999      0.359569907024725   0.004860371842730448     0.2191455640499145      -2.21097589952707
      737.2499999999999     0.3324155394945841   0.004859219684799678      1.779790005724404    -0.1166985020540192
      737.4999999999999     0.3358056404144352   0.004858071180707003      1.826177610305551   -0.09120522382549939
      737.7499999999999     0.3410242145041401   0.004856957715913335      1.535454591066041    -0.2648330061753724
      737.9999999999999     0.3684307641618313   0.004856189359089512    0.06399040181460572      -3.44283988207369
      738.2499999999999       0.33597852756082   0.004854875448910102      1.870499570471416   -0.06788275902690122
      738.4999999999999     0.3290552009442008    0.00485361450784189      1.675691980375168    -0.1781218621168433
      738.7499999999999     0.3515699010636739   0.004852701008038034     0.5365200451088203     -1.317187647489201
      738.9999999999999     0.3551310731508722   0.004851797976968946      0.367325511968651     -1.696229268718394
      739.2499999999999     0.3255493434826725   0.004850664169120768      1.412101565702089     -0.349877046896111
      739.4999999999999      0.322537728620461    0.00484983089936629      1.195559112744093    -0.5165139604565713
      739.7499999999999     0.3161575175534796   0.004848818421354903      1.189180934688363    -0.5220719206542627
      739.9999999999999     0.3310009665041933   0.004847571069925476      1.845403552455743   -0.08289600105389433
      740.2499999999999      0.334910159956299   0.004846324004487489      1.951866829827675   -0.02706500783466503
      740.4999999999999     0.3508893093369814     0.0048454109106368     0.5935329766079221     -1.217702201932114
      740.7499999999999       0.36863488516843   0.004844720212263446    0.06344928784255366     -3.453696564276578
      740.9999999999999     0.3492091345544646   0.004843809616217669     0.7290885983451667     -1.012330249793561
      741.2499999999999     0.3660181234634037   0.004843015366514973    0.09906789943977544     -3.008484026085652
      741.4999999999999     0.3213710257267967   0.004841972564367423      1.171187118176384    -0.5387316937629517
      741.7499999999999     0.3312868259647352   0.004840696349105836      1.915592717764696   -0.04698607932641453
      741.9999999999999     0.3367856541300467   0.004839403787318364      1.954298314860059    -0.0272490119416719
      742.2499999999999     0.3508560961726911   0.004838448644723937     0.6175358489972119      -1.17949576713469
      742.4999999999999     0.3382280895124853   0.004837207620319753      1.901559193240251   -0.05505995747680773
      742.7499999999999     0.3480204777633406   0.004836219171767676     0.8621827213249535    -0.8462265559075679
      742.9999999999999      0.360684815939894   0.004835445233297681      0.210088089319301     -2.258326904548407
      743.2499999999999     0.3645761323648134   0.004834645239625255     0.1282047810619767     -2.752390440024195
      743.4999999999999     0.3409803425827618   0.004833515693843716      1.682775805953594    -0.1780529662423397
      743.7499999999999     0.3707104468498199   0.004832768031417916     0.0494973519886102     -3.704488462541453
      743.9999999999999     0.3392567058362083   0.004831546449629383       1.88064173927455   -0.06729208982590729
      744.2499999999999     0.3652930058841302   0.004830871924886888     0.1188936333651307     -2.828570800150678
      744.4999999999999     0.3533589766413306    0.00482999785648528     0.4934642345658499     -1.405530623304557
      744.7499999999999     0.3550295941282007   0.004829123448592741      0.419561413735623     -1.567952147179578
      744.9999999999999     0.3513354119274432   0.004828266614695756     0.6337109894616854     -1.155746508178984
      745.2499999999999     0.3537116258064072   0.004827453967839845     0.5024437254262811     -1.388024186074623
      745.4999999999999     0.3618576493656696   0.004826723755154875     0.2019164848241954     -2.299804934015475
      745.7499999999999     0.3404526030121764   0.004825564462969651      1.797714209261143    -0.1136280621595008
      745.9999999999999     0.3158536231374206   0.004824583720823281      1.246988571898517    -0.4796157936527054
      746.2499999999999     0.3504137098473259   0.004823730756784521     0.7255962328861721     -1.021285678744751
      746.4999999999999     0.3326425748931256   0.004822387237085985      2.069560293025345     0.0265334973170889
      746.7499999999999     0.3395075925841838   0.004821181807210136      1.933282289781916   -0.04183343849919735
      746.9999999999999     0.3737183599283866   0.004820419150101608     0.0330008799694306     -4.112431918671859
      747.2499999999999     0.3423260785821788    0.00481921724895686      1.646429181548637    -0.2028514226326837
      747.4999999999999     0.3464868423433867   0.004818101902875212      1.140257830334063    -0.5704372932099422
      747.7499999999999     0.3545167334755349    0.00481730297725409     0.4947747894021748     -1.405510119104046
      747.9999999999999      0.340248794321814   0.004816076375848577      1.928366690833231   -0.04543881432636045
      748.2499999999999     0.3319837060129331   0.004814731341260005      2.103824705383615    0.04136547253393175
      748.4999999999999     0.3200303652190272   0.004813656295345308      1.160438988338327    -0.5538164397568098
      748.7499999999999     0.3561628049703564   0.004812881703283906     0.4223597031085237     -1.564673690966641
      748.9999999999999     0.3510411261295897   0.004811891899398241     0.7360868565940788     -1.009388573900614
      749.2499999999999     0.3516379775435776   0.004810915483068908     0.7046508189660893     -1.053237247411183
      749.4999999999999     0.3373041155249967   0.004809530612103438      2.193330687734181     0.0819489925581004
      749.7499999999999     0.3435233127087333    0.00480835426270465      1.590385042915499    -0.2397407227086942
      749.9999999999999      0.349835718624808   0.004807347829426391      0.873401956601616    -0.8392856039108935
      750.2499999999999     0.3744814145355391   0.004806590863430505    0.03012232432553582     -4.206572388983106
      750.4999999999999     0.3610928172668164   0.004805809279030064     0.2459096034984519     -2.107037574863484
      750.7499999999999     0.3511192245413291   0.004804813472440956      0.780755024814235    -0.9519473761855465
      750.9999999999999     0.3615852392236817   0.004803980660866261     0.2365805531638469     -2.146093396545536
      751.2499999999999     0.3455282151757932   0.004802875872370425      1.368754981639069     -0.390955318716679
      751.4999999999999      0.351948006880795   0.004801898959923626     0.7477299815141702    -0.9957736485554542
      751.7499999999999     0.3438182220387605    0.00480077332064741      1.620229256029897    -0.2227270827194914
      751.9999999999999     0.3177066569029015   0.004799790195649122      1.180591263111501     -0.539484160288667
      752.2499999999999     0.3371352766505189   0.004798624586603829       2.28154257709742     0.1191093640691216
      752.4999999999999     0.3502354233124416   0.004797772623057262     0.9153161081174711    -0.7944057780886628
      752.7499999999999      0.326528247696483   0.004796607863765455      1.681672581771243    -0.1863738958489523
      752.9999999999999     0.3600777911495749   0.004795821618124084     0.3011072568277363     -1.906615451566433
      753.2499999999999     0.3491514494444666   0.004794853696003428      1.034232024314509    -0.6728694095353562
      753.4999999999999     0.3579395473509122   0.004794199061067796      0.406071435547531     -1.607891278548283
      753.7499999999999     0.3652124754345826   0.004793540305458985     0.1491582873906916     -2.609549714998447
      753.9999999999999     0.3672557484864405   0.004792809477671083     0.1086384967834302     -2.926684434102294
      754.2499999999999     0.3599358288785337    0.00479199801258432     0.3232418327134754     -1.836478833158053
      754.4999999999999     0.3375602653286254   0.004790597894998849      2.305679609962831     0.1279589483353361
      754.7499999999999     0.3655932837993974   0.004789941163573727     0.1486643239958525     -2.613617996885796
      754.9999999999999     0.3451152905753359   0.004788754928991173      1.528965589276434    -0.2832098837916262
      755.2499999999999     0.3561391553500657   0.004787853710087611     0.5216258463882461     -1.358794235117045
      755.4999999999999     0.3652479045755409   0.004787026047779152     0.1620772409177361     -2.527844661263666
      755.7499999999999     0.3550531316764713   0.004786180332186413     0.5996230300765595     -1.219793187969746
      755.9999999999999     0.3526525968522184   0.004785180252837395     0.7814233506426832    -0.9551862705573766
      756.2499999999999     0.3538664907764195   0.004784211439725979     0.7057515289524336     -1.057242583914585
      756.4999999999999     0.3241657055095714   0.004783192121957039      1.477084987170476    -0.3188930775713406
      756.7499999999999     0.3361338680835471   0.004781921912560593      2.383650262843857      0.159403824640267
      756.9999999999999     0.3568899082411253    0.00478100254445296     0.5215789669796105     -1.360316082804715
      757.2499999999999     0.3333827290108163   0.004779629376215283      2.355305363187803     0.1469616406756245
      757.4999999999999     0.3136014958202586    0.00477873120089817      1.563798642865311    -0.2627787904353843
      757.7499999999999      0.342245093460162   0.004777547818790835      1.971493967844566   -0.03135273052365792
      757.9999999999999     0.3225471867051949    0.00477659751158134      1.381889250532002    -0.3868916910071977
      758.2499999999999      0.317078610251986   0.004775557575363188      1.277872234543934    -0.4653646366120426
      758.4999999999999     0.3261702138278614   0.004774431032491777      1.755992764966502    -0.1477625650647316
      758.7499999999999     0.3328017040459419   0.004773168143213332      2.392725984692422     0.1613718093183588
      758.9999999999999     0.3277667531427019   0.004771885301200005      1.986323034529051   -0.02504507501849645
      759.2499999999999     0.3389427217077675   0.004770540887685476      2.382275131015317     0.1564439091593772
      759.4999999999999      0.371017548631164   0.004770019717786179    0.06126067453022626     -3.504338479522592
      759.7499999999999     0.3702292393614884   0.004769607908401372     0.0723921116682518     -3.337465589784408
      759.9999999999999      0.366356217247408   0.004769017875598121     0.1451135627967318     -2.642170015219478
      760.2499999999999     0.3372451047792253   0.004767819106532904      2.523028803138454     0.2132773243724684
      760.4999999999999     0.3581519891990121   0.004766981357350032     0.4607413904949016     -1.487276854437733
      760.7499999999999     0.3796760364405252   0.004766466225447501    0.02026367674809232     -4.611391872755071
      760.9999999999999     0.3720626361111835   0.004765909517640414    0.05565152234245491      -3.60122920387193
      761.2499999999999     0.3676876452597396    0.00476519223395746     0.1208523502002923     -2.825919596994725
      761.4999999999999     0.3783329904569151   0.004764475095672517    0.02436168939229497      -4.42762786615791
      761.7499999999999     0.3403028899972687   0.004763233055025893      2.321131253603215     0.1289095756456554
      761.9999999999999     0.3378173579034408   0.004761854136277774      2.568545106536602     0.2299049976042449
      762.2499999999999     0.3537194351480767   0.004760889111368973     0.7456656273803042      -1.00711531245044
      762.4999999999999     0.3521943612534599   0.004759878789858583     0.8778762408787619     -0.844099198822125
      762.7499999999999     0.3413727197881087   0.004758531071735853       2.25708521434738    0.09994152352172923
      762.9999999999999     0.3506955700092741   0.004757569959701021      1.030997148282083    -0.6838082871468947
      763.2499999999999     0.3628938804550524   0.004756731857290857     0.2640267416744749     -2.046215790335467
      763.4999999999999     0.3320885103305348   0.004755644294116117      2.491496590665716     0.1981440039826367
      763.7499999999999     0.3444012872213496   0.004754489752221046      1.843794649242948    -0.1031566114634873
      763.9999999999999      0.378344010521303    0.00475380745496322    0.02511538845592088     -4.399400419808905
      764.2499999999999     0.3319572242631584   0.004752521438145595      2.522087926052451     0.2096906554213871
      764.4999999999999     0.3372606205912844   0.004751397702596863      2.717391904668363     0.2840396382473528
      764.7499999999999     0.3300494773306903   0.004750065535635306      2.388609591944739     0.1547980994650082
      764.9999999999999     0.3310267716625646    0.00474874066294749      2.530109366584414     0.2120702375845362
      765.2499999999999     0.3496010737671765    0.00474774122261687      1.186439783149652    -0.5454457346190742
      765.4999999999999     0.3501844352212964   0.004746724562789351      1.143220904980648    -0.5827673031279732
      765.7499999999999      0.346628145760776   0.004745544870455948      1.591136225943195    -0.2524171269782307
      765.9999999999999     0.3453607832195321   0.004744398406737596      1.800020918375463    -0.1293088259170045
      766.2499999999999     0.3351376809553732   0.004742982849258908      2.825167100736746     0.3211619930054089
      766.4999999999999     0.3565752495610744    0.00474216837202255     0.6190904826006586     -1.197081099404496
      766.7499999999999     0.3476834848418194   0.004741128249099532      1.512788400383965    -0.3038420461195191
      766.9999999999999     0.3577687149940454   0.004740214533030337     0.5490348697722157     -1.317582681030703
      767.2499999999999     0.3609582256458931   0.004739420619048871     0.3696029852291901     -1.713482717785227
      767.4999999999999     0.3334140515399838   0.004737999636892867      2.803222013980933     0.3123127525648322
      767.7499999999999     0.3712028847240992   0.004737305789069703     0.0709661120926413      -3.36415598659994
      767.9999999999999     0.3225878309539242   0.004736253081604211      1.519688549172911    -0.3003200054289625
      768.2499999999999     0.3647533921940554   0.004735640196530466     0.2173873335185784     -2.245029398221745
      768.4999999999999     0.3602526718949182   0.004734780163518386     0.4165500458709919      -1.59488512028365
      768.7499999999999     0.3334772525615044   0.004733349748843224       2.85859148035329     0.3308904067059835
      768.9999999999999     0.3105274670704525   0.004732118087228043      2.208910922525293    0.07280074824439138
      769.2499999999999     0.3248540677457797    0.00473121060588579      1.839477601281237    -0.1104090206576483
      769.4999999999999     0.3271221727715632   0.004730025876289384      2.209380519957831     0.0725710902632417
      769.7499999999999     0.3072252572883766      0.004728681086042      3.213705190286868     0.4469991084130554
      769.9999999999999     0.3124662955903032   0.004727541830903867      1.867536210101578   -0.09604635404419051
      770.2499999999999     0.3216423343490877   0.004726622089913271      1.514172681359969    -0.3059917450484202
      770.4999999999999     0.3205759373093703   0.004725542932191858      1.455321251340015    -0.3458626232445484
      770.7499999999999     0.3241319263012166   0.004724377499564925      1.841988580977367    -0.1104902067203939
      770.9999999999999     0.3497166502503777   0.004723398141213159      1.292980535601559    -0.4645932196871179
      771.2499999999999     0.3326160627253371   0.004721997067295563      2.896580348118452     0.3416909170624867
      771.4999999999999     0.3154228489819711    0.00472089406019263      1.521170578277088    -0.3025933944748773
      771.7499999999999     0.3147535957585435   0.004719840527215317      1.612165169007303     -0.244718638006001
      771.9999999999999     0.3109008315976155   0.004718664069757927      2.271300941609367    0.09780674140593128
      772.2499999999999     0.3117012323874508   0.004717609756943405       2.13721892474713    0.03673592846596405
      772.4999999999999     0.2666832564596377   0.004714068152423019      17.25350501328227      2.124494822448601
      772.7499999999999     0.2747634780571366   0.004710811959905154       38.7745145972724      2.933551722922817
      772.9999999999999     0.2780090820091756   0.004707823368725932      44.53891741801894      3.071517275703427
      773.2499999999999      0.283901239164275   0.004704421644299226       41.5803438289775      3.002058641913226
      773.4999999999999     0.2900197924115641   0.004700195527922001      27.47624635801262      2.586854220721329
      773.7499999999999     0.3072345273087397   0.004698877043253762      3.275543054012684     0.4597354751365527
      773.9999999999999     0.2740737758162951   0.004694775587446511      37.35611521326361       2.89287518733198
      774.2499999999999     0.2745126964363492   0.004690858528658481      38.75576003799355      2.928823260326435
      774.4999999999999     0.2955148208116667   0.004687553674574821      14.08049222166141      1.915629399425949
      774.7499999999999     0.2688568551102135   0.004683336079013108      23.24093416893581      2.415854069726745
      774.9999999999999       0.29218497807774   0.004679279279444233      21.87252183731645      2.354303484916128
      775.2499999999999     0.2681880580097701   0.004675179345771883      21.61734223133963      2.341691646946182
      775.4999999999999     0.2996175506912737   0.004672776178345689      8.010681672870323      1.348457474555874
      775.7499999999999     0.2700496984694862   0.004668475264248993       26.9968973484004       2.56248271744573
      775.9999999999999     0.2855690690386615   0.004664502711318537      38.23320200816217      2.909613777887614
      776.2499999999999     0.2999139570437712    0.00466220221303138      7.708043614275381       1.30768057183582
      776.4999999999999      0.287729058459025   0.004657934534954325      33.57509475236115      2.778284930129629
      776.7499999999999     0.2703770759731158   0.004653643993256325      27.93179056622605      2.593344302710148
      776.9999999999999     0.2856968412152684    0.00464965823992048      38.31739775326191      2.908626011161287
      777.2499999999999         0.298919174987   0.004647142300366269      8.865259742171562      1.444320959029062
      777.4999999999999     0.2906096691567679   0.004642878893393119      26.66035321347262      2.544440437055809
      777.7499999999999     0.2758331310453588   0.004639161294550743       41.4352990347714      2.984594994226301
      777.9999999999999     0.2817806419995205   0.004635776690500964      44.60258679414102      3.057523861533602
      778.2499999999999      0.276550656656367   0.004632255047475673      43.07027148500577      3.021805051782838
      778.4999999999999     0.2773825468120149   0.004628870836332971      44.51967045048379      3.054172331187988
      778.7499999999999     0.2789416145338711    0.00462570074667689      46.05114726035515      3.087308796611584
      778.9999999999999     0.3089358377272961   0.004624426736613076      2.714008235722815     0.2557072589581991
      779.2499999999999     0.3113021239642545   0.004623271908587573      2.157212639583341     0.0258478520499882
      779.4999999999999     0.2832751579904146   0.004619755322548084      43.34008502493972      3.025347949697581
      779.7499999999999     0.2989367482105859     0.0046173002856337      8.742325944991588      1.423914709800192
      779.9999999999999     0.2967845358307128    0.00461435975223152      12.04581755991578      1.743818884218583
      780.2499999999999     0.3030918836580797    0.00461256464428986      5.289046026640693     0.9203501672452334
      780.4999999999999     0.2929591725190779   0.004608805064638041      20.44127202736813      2.271452862574672
      780.7499999999999     0.2886748276440267   0.004604671369910959      31.87817446298074      2.714921141496913
      780.9999999999999     0.2761676190601377   0.004601117761466743      42.85602686935692      3.010073799722767
      781.2499999999999     0.2842132388251221   0.004597518804180251       42.0510460087395      2.990329277617512
      781.4999999999999     0.2558877368091338   0.004596554733846857      1.456923523346178    -0.3724376627399281
      781.7499999999999     0.2681393209511459    0.00459279562721825       21.4489013436773      2.316090581004509
      781.9999999999999     0.2552981944225596   0.004591876830567514      1.242471112237626    -0.5326806863684989
      782.2499999999999     0.2734517101628408   0.004588023922227472      36.82167662227376       2.85546437232354
      782.4999999999999     0.2989626751390596   0.004585680456017483      8.998294788226527      1.445901843846414
      782.7499999999999     0.2743863144966104   0.004581925095180362       39.3555118912799      2.920683523377642
      782.9999999999999     0.2677479946599179   0.004578237584506313      20.87063450407739      2.285585489081873
      783.2499999999999     0.2779305357217082   0.004575021305494461      45.79026214211087      3.070611055760139
      783.4999999999999     0.2657655277481601   0.004571764972475382      15.76778702517522       2.00379665032573
      783.7499999999999      0.292503338763862   0.004568188722823977      21.69527437761908      2.322139500393298
      783.9999999999999     0.2893897324105001   0.004564225103870691       30.1391797470747      2.650002979044323
      784.2499999999999     0.2907893129571798   0.004560303648460956      26.71228060228704      2.528440866773337
      784.4999999999999     0.2771915954096249   0.004557092084220479      45.10405571266836      3.051585137430743
      784.7499999999999     0.2740195548790624   0.004553364990232736      39.08977900260804      2.907655792728394
      784.9999999999999     0.2764988756823792   0.004550070992438674      44.61550659316497      3.039152564210188
      785.2499999999999     0.2817384618927188   0.004546875272576027      45.93579508618272      3.067613154849314
      785.4999999999999     0.2823475177356972   0.004543731523905745      45.44886984979665      3.056264799124468
      785.7499999999999       0.28793320582593   0.004539882946398096      34.10070594819044      2.768147563932688
      785.9999999999999      0.288112548609436   0.004536035534308923      33.90501667455936      2.761544636750529
      786.2499999999999     0.2983368981247328   0.004533689767158617      9.923853457788359      1.532405673941351
      786.4999999999999     0.2671031303310445   0.004530353736800173      19.14881194063784      2.188968946664215
      786.7499999999999     0.2828001873084412   0.004527131123008278      45.19462036348908      3.046994742516083
      786.9999999999999     0.2678289608350692   0.004523647602837677      21.23654195948118      2.290970283940005
      787.2499999999999     0.3067152937420114   0.004522358187521701      3.424296542686212     0.4658578908947017
      787.4999999999999     0.3027583600868559   0.004520664086795446      5.518566117189825     0.9427052186514511
      787.7499999999999     0.2870553403347041   0.004516981319627613      36.85134471132697       2.84066427912606
      787.9999999999999     0.2891588535036494    0.00451321197698393      31.70416907248572      2.689385527339485
      788.2499999999999     0.2697916529334285   0.004509547153595969        27.009340441936       2.52830773612037
      788.4999999999999     0.2771342518866773   0.004506422315485463      45.81416403392564      3.056025110807728
      788.7499999999999     0.2700343314057192   0.004502718789044189      27.98939800057359      2.562435433889584
      788.9999999999999     0.2838750563658572   0.004499430784716127      43.79176406357296      3.009324909688843
      789.2499999999999     0.2807924902841236   0.004496450324795157      47.58194778567194      3.091669958464249
      789.4999999999999     0.2680298792088169   0.004493005390509648      22.09713342467922      2.323897969240174
      789.7499999999999     0.3005953111464465   0.004491138963500886      7.161543061639331       1.19676005402099
      789.9999999999999     0.2867442920568577   0.004487607630103731      38.06918560787453      2.866653164726482
      790.2499999999999     0.2820939457849714   0.004484563404249152      46.78585851679955      3.072150382400924
      790.4999999999999     0.2939361533044427   0.004481368701219302      18.76434187421047      2.157815121994899
      790.7499999999999      0.277076067987906   0.004477976825735752      41.41475018953119       2.94873669374956
      790.9999999999999     0.2817430793780625   0.004474678553284634      42.70564760493252       2.97869393995319
      791.2499999999999     0.2923934905318541   0.004471388181547901       20.6398221047338      2.250849485764212
      791.4999999999999     0.2917695816952339   0.004467898440779171      25.01542017330585      2.442338840823381
      791.7499999999999     0.2874628113039781   0.004464406626544917      37.10253460933141      2.835749845272356
      791.9999999999999     0.2983311268667475    0.00446215858194525      10.16412714858416       1.54042545958566
      792.2499999999999     0.2837105154773203   0.004459037236222559      45.25897040420905      3.033262016462811
      792.4999999999999     0.2888292370164149   0.004455436927722298      33.93178025244396      2.744405426305355
      792.7499999999999     0.2938756334099729   0.004452272474838892      19.77653925610441       2.20383923202251
      792.9999999999999     0.2978109533550377    0.00444996761985013      11.22568508903903      1.637029532485864
      793.2499999999999     0.2867635033788481   0.004446558191326741      39.57787269455064      2.896328797093537
      793.4999999999999     0.2844192329251107   0.004443425890864129      44.57458206763025      3.014517712301741
      793.7499999999999     0.3028094506180449   0.004441838641325923      5.536946820668968      0.928439881143569
      793.9999999999999     0.2887575679686659   0.004438385337835083      34.99133455415626      2.771319342896863
      794.2499999999999     0.2811033788720738   0.004435632336845572      48.41366207646757      3.095380481141519
      794.4999999999999     0.2845189220994958   0.004432549175161356      44.90829533829337      3.019525630800499
      794.7499999999999     0.3034040079661282   0.004431077297086501      5.123181100029284     0.8483465399735781
      794.9999999999999     0.3084261215182832   0.004429953589385285      2.794756030254467     0.2420621710147704
      795.2499999999999     0.3130406489339029   0.004429196541385691      1.661507121612509    -0.2781284563915067
      795.4999999999999     0.2854361906259879   0.004426081622365785      43.43891826045004      2.984798704991243
      795.7499999999999      0.260704885227765   0.004424562010005554      5.514491639740521     0.9204790120592159
      795.9999999999999     0.3075402769747912   0.004423420241527365      3.141069115120594     0.3574046802200599
      796.2499999999999     0.3160962433191229   0.004422552710128078      1.315804399172743    -0.5129064968081224
      796.4999999999999     0.2634525228807795   0.004420559180660911      10.17603449936977      1.532229844985078
      796.7499999999999     0.2688455555247871   0.004417433996339246      23.34188055476821      2.361736428065873
      796.9999999999999     0.2746931157405055   0.004414163182553336      40.15484651145168      2.903489668272072
      797.2499999999999     0.2887085035577831   0.004410770634142635      35.29322659391905      2.773668734074358
      797.4999999999999     0.2964190625257116   0.004408241214421318      13.78118765170634      1.832708489391345
      797.7499999999999     0.2680143006222838   0.004405157486680082      21.26444321477695      2.265740604312158
      797.9999999999999     0.2897708777479133   0.004401754277202193       32.4814944500114      2.688601935031193
      798.2499999999999     0.3019816709406498   0.004400215174861871      6.208352909871088      1.033477320541903
      798.4999999999999     0.2820458258745382   0.004397433992479686      47.82483198583331      3.074494438071385
      798.7499999999999     0.2675986833894516   0.004394547068811291       20.1839986876767      2.211182864706978
      798.9999999999999     0.2835708811888933   0.004391685860803379       46.4984289824663      3.045059951605801
      799.2499999999999     0.2794305047183342   0.004388913326922957       48.2535260713257      3.081478815603669
      799.4999999999999     0.2572421335235529   0.004388003013212784      2.222894037610637   0.003612445135993858
      799.7499999999999     0.2708005339573059   0.004384717118321002      29.21462809371497      2.578722907051417
      799.9999999999999     0.2691854854132792   0.004381556345536569      24.76245649157346      2.412660894874413
      800.2499999999999     0.2637031850038503   0.004379409989117189      11.07389823802011      1.607433087297276
      800.4999999999999     0.2744161777417694   0.004376198058292246      39.52949225424606      2.879155605451038
      800.7499999999999     0.3078145314860088   0.004375099301975909      2.988200050370859     0.2965286820132736
      800.9999999999999     0.2726028209454039   0.004371792043214378      34.80906930382753      2.750979217168312
      801.2499999999999      0.309095452197124   0.004370785355535571      2.581943860875864     0.1494135064538226
      801.4999999999999     0.2998904161631132   0.004369040131743771      8.067462077275035      1.288310528324105
      801.7499999999999     0.2788130871583785   0.004366318031188062      47.74082693543905      3.065635289148913
      801.9999999999999     0.2797734863599105   0.004363690757432881      48.50568966933746      3.080927555684895
      802.2499999999999      0.294156408728261   0.004360907828755424      19.03779154198521      2.145034534060328
      802.4999999999999     0.2790354150855985   0.004357904125197102      43.53590975883404       2.97150559437507
      802.7499999999999     0.2740839042090492   0.004354641732540432      35.43540989289722      2.764882189372601
      802.9999999999999     0.2701264392862994   0.004351556067967621      25.15473405407537       2.42150785808332
      803.2499999999999     0.2842461973494017   0.004348430079559678       40.7786838643981       2.90390261786411
      803.4999999999999      0.301251164918343   0.004346967065765592      6.020280876873661     0.9905405397601895
      803.7499999999999     0.2769579292067753     0.0043439064265516      41.58402577939493      2.922418387960273
      803.9999999999999     0.2611858687328696   0.004342475233722623      5.791138512793925     0.9507016710508766
      804.2499999999999     0.2845919314118889   0.004339433504442681      40.39549833101872      2.892390410546339
      804.4999999999999     0.2634385683345012   0.004337577387976741      9.457971147778578      1.440102128952035
      804.7499999999999     0.2451814547981822   0.004336974786662585    0.01800952326166152     -4.823749291033547
      804.9999999999999      0.269436168011855   0.004334076267603067      23.59035085821668      2.353274515528229
      805.2499999999999     0.2876988322899569   0.004330919447374732      34.47351477363051       2.73189945304596
      805.4999999999999     0.2874314761347138   0.004327764049492084      35.29048715712548      2.754592713405727
      805.7499999999999     0.2732435826268974   0.004324580302760332      33.80898675842855      2.710969992002243
      805.9999999999999     0.2469011087454156   0.004323960657722205    0.04225428623851786     -3.973949431165436
      806.2499999999999     0.2648391153949892    0.00432185167351412      12.51693002031121      1.716694316683449
      806.4999999999999     0.2525230524871215   0.004321226706736597     0.4294379818289795     -1.655810373776106
      806.7499999999999     0.2723872668572808   0.004318161530448385      31.89505901737798      2.651209096651365
      806.9999999999999     0.2531128671195573   0.004317425371306314     0.5374518093456927     -1.432328685729925
      807.2499999999999     0.2686322566293551   0.004314601985042862      22.01047080047011      2.279451614613477
      807.4999999999999     0.2508564212824111   0.004313936372075068     0.2344738411103216     -2.262632201824256
      807.7499999999999     0.2881714103183006    0.00431084848616083      33.58375081071333      2.701105341023859
      807.9999999999999     0.2795405340623818   0.004307996199264907      44.56124743816671      2.983265715418669
      808.2499999999999     0.2956687357559803   0.004305767974542696      13.81724846879692       1.81180146258969
      808.4999999999999     0.2454490382515971   0.004305154250266387    0.02698735341931151     -4.426645698280139
      808.7499999999999     0.2691430175634906     0.0043022336747239      25.82730094280801      2.436494704172483
      808.9999999999999     0.2717821662011153   0.004299141474400403      33.77888616511657      2.704179531855026
      809.2499999999999     0.2870223601106937   0.004296253437315885      40.07306054654671      2.874375899560385
      809.4999999999999     0.2643470558225867   0.004294084412815773      13.07452766104476      1.753832490104465
      809.7499999999999     0.2624247235850735   0.004292364224192852      8.999146870408721      1.379895711591578
      809.9999999999999      0.247569128343787   0.004291759651901101    0.06205024030934155     -3.597185821820431
      810.2499999999999     0.2540668882617573     0.0042910455373073     0.8414361176987187    -0.9901865162178308
      810.4999999999999     0.2524725820281109   0.004290365578806481     0.4799034459545187     -1.551870155186287
      810.7499999999999     0.2557786209426463   0.004289519248107959      1.517588969802542    -0.4007742167150713
      810.9999999999999     0.2727931744745412   0.004286488906818297      36.56018630673051       2.78035605226417
      811.2499999999999     0.2545643732324999   0.004285717861831543      1.021590634713938    -0.7974228259695868
      811.4999999999999     0.2444648316247843   0.004285105441157166    0.02023475402814584     -4.719280249130496
      811.7499999999999     0.2486759288601921      0.004284488066082     0.1234306871471671     -2.911146195813227
      811.9999999999999     0.2689715696925162   0.004281564116636736      25.74295202647151      2.428407521156701
      812.2499999999999     0.2625455034605795   0.004279772439501522      9.372802356345725      1.417640217468591
      812.4999999999999     0.3079248862721844   0.004279236369102699      2.879203949263998     0.2372166732516264
      812.7499999999999     0.2816141007726187   0.004276732391089072      48.38818514476539      3.058373181903126
      812.9999999999999      0.281096586472206    0.00427420566643217      48.87699847907382      3.067833431744718
      813.2499999999999     0.2673419319097686   0.004271594444519986      21.08144687194489       2.22630877083468
      813.4999999999999      0.270169925874515   0.004268596096225564      29.34814568635477      2.556442603607183
      813.7499999999999     0.2559312166758619   0.004267733422547809      1.626391745506694    -0.3366249715040502
      813.9999999999999     0.2954071798873369   0.004265641292592384       15.6941950266345      1.929811680357989
      814.2499999999999     0.2846695628855884   0.004262875539715308       44.7855960349702      2.977758761109834
      814.4999999999999     0.2914196517076579   0.004260022434836389      27.17994153067525      2.477681932767682
      814.7499999999999     0.2935384997916756   0.004257507113104445      20.95569872612245      2.217022677797286
      814.9999999999999     0.3077742405001374   0.004256557952934785      2.608777959643079     0.1332709869778449
      815.2499999999999     0.2579238775568297   0.004255631115770186      2.658374877089802     0.1518863105581824
      815.4999999999999     0.2761621741639547   0.004252794501967388      39.99999139678613      2.862383784341869
      815.7499999999999     0.2780423979598542    0.00424996525916669      42.80927315844825      2.929593798864919
      815.9999999999999      0.284799780143405   0.004247082503473045      40.07387069749907      2.862885044385393
      816.2499999999999     0.2874737689489802   0.004244138966688854       34.9336311998511      2.724917222958425
      816.4999999999999     0.2908916419217094   0.004241333312551772      26.17241664283302      2.435511985186467
      816.7499999999999     0.3014541176250115   0.004240098004017833      5.777019694124288      0.924402557557904
      816.9999999999999     0.2603114163502709   0.004238935699390834      5.011291828470272     0.7819342038684867
      817.2499999999999     0.2597706737994731   0.004237795246054313      4.417915533111666     0.6556393794482317
      817.4999999999999     0.2828077372892627   0.004235108336297235      42.98700860431481      2.930235102095576
      817.7499999999999     0.2579653698585318    0.00423418179414533        2.7542956887796     0.1822801186688808
      817.9999999999999     0.2666963830828686   0.004231830696341328      17.23647472757607      2.015590698907742
      818.2499999999999      0.282738963208115   0.004229079656837169      43.17841684507682      2.933253403080522
      818.4999999999999     0.2739190185481369   0.004226177841483104      35.52645514899917      2.737503883993051
      818.7499999999999     0.2767536506650617   0.004223360452150397      41.52967466276196      2.892967599231052
      818.9999999999999      0.265267581212694   0.004221317260267052      13.98194457927323      1.803842299260639
      819.2499999999999     0.2759074941523189   0.004218505760440815       40.0924844763614      2.856598125921884
      819.4999999999999     0.2831049593139595   0.004215825203680654      42.91031682334697      2.923885881142064
      819.7499999999999     0.2558261843683329   0.004215048059981482      1.505798982407048    -0.4260871152536142
      819.9999999999999      0.290796504359334   0.004212327499913477      26.35046608789083      2.435429557015877
      820.2499999999999     0.2536194652968652   0.004211689644760062     0.7573119247722441      -1.11418790000319
      820.4999999999999     0.2781308904438937   0.004208975449005044      43.53633734666307      2.936743436064888
      820.7499999999999     0.2810054367301134   0.004206327543073149      44.76270806789424      2.963893581596686
      820.9999999999999     0.2776270150216031   0.004203634798956492      43.32177041509267      2.930533117525952
      821.2499999999999     0.2654790990788988   0.004201683562378203      14.35731555834764      1.825673149042897
      821.4999999999999     0.2768423799590078   0.004198975061517613      42.21909874892647      2.903641406760456
      821.7499999999999     0.2751880906224741   0.004196173767940159      39.20180364905497      2.828824108205134
      821.9999999999999       0.27540382470416   0.004193393110934441      39.88277229857375      2.845382925157594
      822.2499999999999     0.2779875010310017   0.004190744215510128      44.36205334909444      2.951191033517507
      822.4999999999999     0.2889921828006289   0.004188013143863342      31.02823112640382      2.593052151600246
      822.7499999999999     0.2545670777727594   0.004187328991326881      1.021210594101205     -0.821019912499234
      822.9999999999999     0.2647268625340762   0.004185418345933046      12.72325368739964      1.700966228943796
      823.2499999999999     0.2814754726991366   0.004182845747669814      45.01552972141989      2.963927599505929
      823.4999999999999     0.2760210773937951    0.00418013816375483      41.49177370518209      2.881767731711794
      823.7499999999999      0.267103955073445   0.004177890165372782       18.2823661004285      2.061671616775112
      823.9999999999999     0.2696320959424552   0.004175276998332878      25.02667683627715      2.375051280984485
      824.2499999999999     0.2789974017387263   0.004172714105835643      45.52820134000119      2.972826880998857
      824.4999999999999     0.2931313268271264   0.004170433563904713       19.4972178668825      2.124220033038401
      824.7499999999999     0.2997883811246482   0.004169002528874107      7.916147100737573      1.222509664342245
      824.9999999999999     0.3151529259350288   0.004168458153677107      1.207458205444182    -0.6580080378299913
      825.2499999999999     0.3615876910037575   0.004168677455994311     0.2359578227331833     -2.290575129915329
      825.4999999999999     0.3308120707481646   0.004168970872749401      1.842145887048245    -0.2354714041291695
      825.7499999999999      0.337446985580909   0.004168777598538763      1.945855446392947    -0.1807472018500067
      825.9999999999999     0.3597671929423985   0.004168992641730663     0.3018149319485912     -2.044338575091943
      826.2499999999999     0.3501874088240196   0.004169202671695583     0.8308990109517802     -1.031593958370048
      826.4999999999999     0.3340054282878157   0.004168626140822094      2.008813100604364    -0.1489411820841818
      826.7499999999999     0.3507809588534626   0.004168198876746246     0.7957241036351776     -1.075090489653678
      826.9999999999999     0.3366273953215226   0.004167706482939383       2.01658548805695    -0.1453001423045707
      827.2499999999999      0.323807807236329   0.004167016697479859      1.248386856101944    -0.6250191891537443
      827.4999999999999     0.3223069329459195   0.004166282569651922      1.154806943529408    -0.7031144017736712
      827.7499999999999     0.3135825827487557   0.004165501512469931      1.415455515272071    -0.4997836736868218
      827.9999999999999     0.2886600870738522   0.004162777266846022        35.649322898165      2.725840865958308
      828.2499999999999      0.275405413218115   0.004160715413849376      44.97766915373489      2.957781408119509
      828.4999999999999     0.2845641276240134   0.004158722500194033      45.96370714489436       2.97898829436026
      828.7499999999999      0.309756233119215   0.004158094384437826      2.180335010802938   -0.06953632309195858
      828.9999999999999     0.2988238217240415   0.004156614645017914      9.151344157768429      1.364529975275283
      829.2499999999999      0.275606964824591   0.004154113888745489      45.58446253732607      2.969594314925774
      829.4999999999999     0.3072228455947534   0.004153282714833534      2.999070735181312     0.2481297714970997
      829.7499999999999     0.2936150324079203   0.004151066040005298      20.53692952946005      2.171518132898396
      829.9999999999999      0.304640556101293   0.004150044877564099      3.758890237970192     0.4731711609909686
      830.2499999999999     0.2614246959858221    0.00414881703896094      6.702867247673484      1.051286873597952
      830.4999999999999     0.2822745560455812   0.004146466302017345      44.81748332692225      2.950783042726855
      830.7499999999999     0.2899767266206967    0.00414406582649392      28.72044051675188       2.50521472056748
      830.9999999999999      0.305870275344557   0.004143159510832082      3.249486497327556     0.3258838952523823
      831.2499999999999     0.2999668559809305   0.004141920518630189      7.057989228810833       1.10124802139164
      831.4999999999999     0.2987744460077182   0.004140444048733433      8.487398766511955      1.285313854260325
      831.7499999999999     0.2731099447011316   0.004137838616798664      34.83235615352623      2.696648556182301
      831.9999999999999      0.292134615087117   0.004135459044874223      22.70597314285957      2.268154609289559
      832.2499999999999     0.3050931775176707   0.004134450241937616       4.07179565355811     0.5493667105171703
      832.4999999999999     0.2932684059468379   0.004132087404442328      22.02360444020276       2.23682575995003
      832.7499999999999      0.322837726220622   0.004131382977533556      1.178731047986346    -0.6910210623410844
      832.9999999999999     0.2875180998514291   0.004128826926468171      39.52071289500792      2.820746489585581
      833.2499999999999      0.288369352807285   0.004126178970749413      37.41109191992438      2.765247274466298
      833.4999999999999     0.2982925621201546   0.004124545965336922      10.42585484965104      1.487172957584306
      833.7499999999999      0.291797864098729   0.004122010887675188      27.10335872920716      2.441927030950588
      833.9999999999999     0.2766576014807421   0.004119668450648132      47.87397510634534      3.010272975126297
      834.2499999999999     0.2744726423964181    0.00411721540551915      42.84708539328148      2.898742934889065
      834.4999999999999     0.2820092421521619   0.004115044426481008      50.36150213149634      3.059804915475357
      834.7499999999999     0.2690565907991967   0.004112598949446564      26.12557170167883      2.402898018396478
      834.9999999999999     0.2838794620459038   0.004110275402350642      47.91225087157685      3.008789513748908
      835.2499999999999     0.2682380945684363   0.004107930279456187      23.72051773234119      2.305187969321369
      835.4999999999999     0.2733635072775836    0.00410539742045897      39.80515069040548      2.822227118796178
      835.7499999999999     0.2821896047197425   0.004103234328564516      50.25451763792644      3.054804218064551
      835.9999999999999     0.2784001625372898   0.004101042547625091      50.95796663092273      3.068170579061321
      836.2499999999999     0.2841725907619752   0.004098718937358249      47.58421932766289        2.9991038986992
      836.4999999999999     0.2814081355196248   0.004096538728380898      51.43728293767436      3.076433911652137
      836.7499999999999      0.264922905658241   0.004094688850553707      14.55882643390334      1.813816417675721
      836.9999999999999     0.2661763860280633   0.004092650821925626      17.86393827036566      2.017905190408729
      837.2499999999999     0.2875316144578291   0.004090140021190561      39.94360666381784      2.821976079013179
      837.4999999999999     0.2714279332403519   0.004087611484909023      33.66622922776391      2.650384293876261
      837.7499999999999     0.2782816415866792   0.004085411135735526      50.94842017531117      3.064164368879769
      837.9999999999999     0.2785829245452748   0.004083242282004929      51.45584074254784       3.07354357689457
      838.2499999999999     0.2696264157745215    0.00408083729194122      28.13108201887488      2.469105521256022
      838.4999999999999      0.278106370208655   0.004078667747050175      51.14126497059807      3.066290356083275
      838.7499999999999     0.2706475042552707   0.004076181668337881      31.52618488089692      2.581907399773858
      838.9999999999999     0.2912693561654771   0.004073772877773323      28.29823926129117      2.473297401427522
      839.2499999999999     0.2755441069169433      0.004071467245591      46.50792658733126      2.969554447976233
      839.4999999999999     0.2831257452253421   0.004069355982963729      49.63882632766718      3.034186316741037
      839.7499999999999     0.2654701246720871   0.004067441468471358      16.20883866285696      1.914499108460154
      839.9999999999999     0.2636060541487088   0.004065826010857026       11.7362313708889      1.591225926911097
      840.2499999999999     0.2940838648695071   0.004063745888917909      19.51010820371894      2.098966130247594
      840.4999999999999     0.2680860792921303   0.004061489095538566      23.62140028496091      2.289631020124559
      840.7499999999999     0.3046979633508694    0.00406063734374253      4.108565601674736     0.5403421566532549
      840.9999999999999     0.2902201133169817   0.004058236933242349       31.7139995205825      2.583435083628398
      841.2499999999999     0.3082371609660475   0.004057459048637849      2.644954692200879    0.09913911173473296
      841.4999999999999     0.2925006027202744   0.004055258490051669      24.59541144933225      2.328502579206569
      841.7499999999999     0.2706122151195489   0.004052844603338043      31.48561299328918      2.574877965467899
      841.9999999999999     0.2928905279025967   0.004050719910895845      23.52321208853593      2.282810551769812
      842.2499999999999     0.2759511403160389   0.004048528766018183        47.213596094769      2.978963700013819
      842.4999999999999     0.2937584499567153   0.004046410305432112      21.00092702726134      2.168324973225048
      842.7499999999999     0.3032267084638716   0.004045491920148483      5.089442242008447     0.7506996489798909
      842.9999999999999     0.2937471461547585   0.004043406612518272      21.17859106798942      2.176006622304794
      843.2499999999999     0.2640670579557218   0.004041798558798452      12.89354919732918      1.679345153375384
      843.4999999999999     0.2748624765547044   0.004039494157162682      44.43239259088696      2.916016490380439
      843.7499999999999     0.2853603949988674   0.004037195042734034      44.98187193466158      2.927737965769821
      843.9999999999999     0.2836757569991522   0.004035063067041847      48.39935754565695      3.000436719957522
      844.2499999999999     0.2752245207904088   0.004032823236002444      45.41730664648615      2.936288170174004
      844.4999999999999     0.2599174582600565   0.004031812422208621      5.200121346135919     0.7688262171030135
      844.7499999999999     0.2899994940870751   0.004029474967300483       32.9244422393966      2.613779642128374
      844.9999999999999     0.2850405471141119   0.004027283082404287      46.10788403901799      2.950004179825835
      845.2499999999999     0.2709162918800632   0.004024902055105644       32.4899537342453      2.599359750694714
      845.4999999999999      0.278637874112155   0.004022843256685857      51.49796532287604      3.059459477581325
      845.7499999999999     0.2928944864472583   0.004020662777422677      23.85649969326414      2.289431711655424
      845.9999999999999     0.2900607278660214   0.004018336898751328      33.11530293375785      2.616791858654535
      846.2499999999999     0.2705239536094545   0.004016027573360979      31.35120380880783       2.56147416216469
      846.4999999999999      0.280455288324012   0.004013973926354884      52.03581511419883      3.067642236948609
      846.7499999999999     0.2820392455120087   0.004011891976681947       51.1602049919129      3.050153176839493
      846.9999999999999     0.2860984871763114   0.004009605133686414      44.20930790945071      2.903556367743073
      847.2499999999999     0.2850574626262701   0.004007431398283965      46.67476080767528       2.95728230037822
      847.4999999999999     0.2749337847168076   0.004005268952995757      44.87565216537534      2.917434360782978
      847.7499999999999     0.2891598470446667   0.004002935717398385      36.21706552074188       2.70248670082202
      847.9999999999999      0.283710003933773   0.004000856308410018      49.36328965350501      3.011643687403593
      848.2499999999999     0.2840672529516939   0.003998705885158261       48.9450813787647       3.00259791000748
      848.4999999999999      0.272018745038351   0.003996428110772168      35.92835885730486      2.692856162421497
      848.7499999999999     0.2904503114402511   0.003994187326080879      32.40153761238838      2.588974263186855
      848.9999999999999     0.3112592779750294   0.003993475837462759      1.734656024114675    -0.3386006257850802
      849.2499999999999     0.2943161067040314   0.003991666373911028      19.83529629250821      2.097600021580017
      849.4999999999999     0.2723115347612565   0.003989403756469428      36.91110831262284      2.718082577867878
      849.7499999999999     0.3217905057854976   0.003988855663073821     0.9963218207006295    -0.8942523233269556
      849.9999999999999     0.3134825645282777   0.003988403485761185      1.333628654481825     -0.602777190690035
      850.2499999999999     0.2824592320320415   0.003986374058327165      51.10973791496665      3.042785353900291
      850.4999999999999     0.3234830401513248   0.003985720713054198      1.099117816821899    -0.7968457257245166
      850.7499999999999     0.3133624906913203   0.003985142047413276      1.363625146496136    -0.5813520919265489
      850.9999999999999     0.3094320835215777   0.003984428855388081      2.197632444216871    -0.1042971539039574
      851.2499999999999      0.276990439295098   0.003982339522600782      49.64964535644421      3.012788962516741
      851.4999999999999     0.2887709851145127   0.003980126598064385        37.803121258173       2.73963354810883
      851.7499999999999     0.3235541059099232   0.003979500105980981       1.11293627905512     -0.785913722397474
      851.9999999999999     0.3208030040308557   0.003979270485028138     0.9914047371017211    -0.9016056593608717
      852.2499999999999     0.3387950530649698   0.003978670501463354      1.659590188292523    -0.3865533354248224
      852.4999999999999     0.3306665811482153   0.003978183479974477      1.643232600866096    -0.3965810485224005
      852.7499999999999     0.3342583600044609   0.003977637412265808      1.792823746074546    -0.3095918347345601
      852.9999999999999     0.3573619122674406   0.003977265374113377      0.353688654422717     -1.932815520337732
      853.2499999999999      0.346931657382413   0.003977195357566209      0.959998615500454    -0.9343183012717098
      853.4999999999999     0.3516388113299762    0.00397702387650811     0.6475979928816702     -1.328023138070561
      853.7499999999999     0.3291346317581512   0.003976573712434427      1.564811820547444    -0.4458856048671263
      853.9999999999999     0.3264876663321903   0.003976099855003295      1.367676793065359    -0.5806568196013515
      854.2499999999999     0.3391738830127135   0.003975393222716081      1.666466683749364    -0.3832424574410102
      854.4999999999999     0.3532143614596918   0.003974911451204497     0.5634921153705862     -1.467671217837073
      854.7499999999999     0.3499764904859912   0.003974780542121897     0.7624879229521199      -1.16527082374886
      854.9999999999999      0.352269721474421   0.003974540919106322     0.6291953449990464     -1.357476008147228
      855.2499999999999     0.3626083150379871   0.003974140197735662     0.1856997671808582     -2.577887393533777
      855.4999999999999     0.3403779615046714   0.003973487104596198      1.586058242947719    -0.4331758326747808
      855.7499999999999     0.3529963836083151   0.003972877648138303      0.594138750560438     -1.415223470998271
      855.9999999999999     0.3281491103475457   0.003972177372282988       1.51510941500863    -0.4792696930970651
      856.2499999999999     0.3470321628761829   0.003971568919005431     0.9899798779778735    -0.9049812024248121
      856.4999999999999     0.3606026378079069   0.003971299361320216     0.2482399699956971     -2.288337794942154
      856.7499999999999     0.3710737066039497    0.00397116687206479    0.04492281154820101     -3.997821338428167
      856.9999999999999     0.3528926055026529   0.003970643299147137     0.6122790762983203     -1.385710723151203
      857.2499999999999     0.3336793303744375   0.003970099140780708       1.83424307321313    -0.2886487823028805
      857.4999999999999     0.3605922571510484   0.003969705379172684     0.2530179061018975     -2.269674888927416
      857.7499999999999     0.3179217498279867   0.003969138770292819     0.9945561853530892    -0.9009813008967008
      857.9999999999999      0.357330685645226   0.003968699058099004     0.3843384247425549     -1.851865203692957
      858.2499999999999     0.3494452729676246   0.003968158147437842     0.8332669452742147     -1.078170932729513
      858.4999999999999     0.3788769910876352   0.003967715921900514    0.01441870102292822     -5.135110389638497
      858.7499999999999     0.3757053024593687   0.003967409938678642    0.02121502355610858     -4.749003968006696
      858.9999999999999     0.3582426723124005    0.00396692508847813     0.3492229098378286     -1.948125344272677
      859.2499999999999     0.3817350924268926   0.003966411208829523    0.01165416403528808     -5.348301778095377
      859.4999999999999     0.3676535528997968    0.00396605797042649    0.08638727637664038     -3.345213982759835
      859.7499999999999     0.3568683599664731   0.003965504123245406     0.4148503469666082     -1.776276194610277
      859.9999999999999      0.368205180953308   0.003964988749214519     0.0789612599020712     -3.435366661644208
      860.2499999999999     0.4096276736285979   0.003964604013161493    0.03514443514137541      -4.24495476261872
      860.4999999999999     0.4425309106753687   0.003965588411622542    0.07169132048699314     -3.531803097814296
      860.7499999999999     0.4206435724799434   0.003966905867320954    0.04593852647187414     -3.976536496400211
      860.9999999999999     0.3758119963524972      0.003966449519659    0.02160167363520468     -4.731184868599184
      861.2499999999999     0.3846576129349351    0.00396589400271264    0.01045435791077611     -5.457076810728672
      861.4999999999999     0.3750626821376506   0.003965368580316045    0.02433239650379811     -4.612419569279528
      861.7499999999999     0.3832877146464223   0.003964846762728728    0.01114267972834527     -5.393577067857747
      861.9999999999999     0.3580604071760953   0.003964281600272701     0.3648232382191264     -1.905089419609334
      862.2499999999999     0.3699351676469541    0.00396372930448984    0.05828416490096713     -3.739311262330532
      862.4999999999999     0.3784390491314157   0.003963194351062381    0.01662366655045772     -4.993949300168585
      862.7499999999999     0.3897483145392435   0.003962712962115327    0.01295153523180695     -5.243683816427497
      862.9999999999999     0.3375933212536025   0.003962155621462882      1.822936906363045     -0.296834640094891
      863.2499999999999     0.3294655201676541   0.003961581829364017      1.668311066916597    -0.3856165765518418
      863.4999999999999     0.3795578367280285   0.003961251906853672    0.01528194321864239     -5.078594967359783
      863.7499999999999     0.3713937027869128   0.003960738175689866    0.04610290390782775     -3.974520674997985
      863.9999999999999     0.3395925686911214   0.003960080029307401      1.710827233981115    -0.3608305008401652
      864.2499999999999      0.353595758758495   0.003959598147034667     0.5997917025236493     -1.409102055830462
      864.4999999999999     0.3758965651426451   0.003959039971856349    0.02352963367566087     -4.647564831658153
      864.7499999999999     0.3504135856369815   0.003958423922701532     0.7976845094081138     -1.124267916022092
      864.9999999999999     0.3398678667591835   0.003957848314685031      1.703397565284139    -0.3657464043098554
      865.2499999999999     0.3791459237412638   0.003957552193820111    0.01652060162114442     -5.001593143962451
      865.4999999999999     0.3255398941876608   0.003957030440854499      1.348092892779233    -0.5998869744653998
      865.7499999999999     0.3744063872586321   0.003956571179616735    0.02931597551610864     -4.428316637058441
      865.9999999999999     0.3765512421668298   0.003956073579925482    0.02252320321912651     -4.692028985226103
      866.2499999999999      0.368365431219391   0.003955535820708925    0.08041933715676951     -3.419456299877397
      866.4999999999999     0.3639667919769679   0.003955000519336985     0.1698499854386263      -2.67193068899987
      866.7499999999999     0.3893135628620048   0.003954538900845266    0.01289916066605172     -5.249800777765732
      866.9999999999999     0.3693017069354323   0.003954030455231833    0.07021659702775253     -3.555506895318069
      867.2499999999999     0.3617126118624115   0.003953498933544703     0.2384475914085008     -2.333076493968179
      867.4999999999999     0.3433558434595895   0.003952903789665665       1.38076239707228    -0.5769854977030292
      867.7499999999999     0.3242224845970508   0.003952589267120373      1.251958747034272    -0.6749915541195854
      867.9999999999999     0.3690581665999429   0.003952118710865036    0.07509873919615076     -3.488771442502331
      868.2499999999999     0.3541264993859275   0.003951599597783213      0.584851285580228     -1.436348969773449
      868.4999999999999     0.3486695605012545   0.003951013553130012     0.9330021137726368    -0.9694474222693862
      868.7499999999999      0.348651206864064   0.003950363650605786     0.9428255220940379        -0.959138151063
      868.9999999999999     0.3444494872171588   0.003949737768512625       1.29725877434982    -0.6401691593829478
      869.2499999999999     0.3333124038367671   0.003949118072063495      1.914229681118638    -0.2512641839203197
      869.4999999999999     0.3611075379722947   0.003948685187289877     0.2641699767737055     -2.231851623504041
      869.7499999999999     0.3566498574012097   0.003948168558909335     0.4614879373410056     -1.674119299325753
      869.9999999999998     0.3842882903917446   0.003947679807462023    0.01179675994663856     -5.340874101617024
      870.2499999999998     0.3544299039040143   0.003947199291064659     0.5902095195145033     -1.428343151536914
      870.4999999999998     0.3719693099185078   0.003946677874497552     0.0458445557714361     -3.983696398139217
      870.7499999999998     0.3589733737089072    0.00394616255767643     0.3605694904907472     -1.921398728530035
      870.9999999999998     0.3813623153511168   0.003945709758141953    0.01435362217338442     -5.145195852329716
      871.2499999999998     0.3634506460792996   0.003945166864750098      0.197517693355667     -2.523507612281938
      871.4999999999998     0.3361604686570711   0.003944485989913863      1.948146711439512    -0.2348745834156974
      871.7499999999998     0.3742679557130692   0.003943990977619031    0.03255020010512433     -4.326850365032413
      871.9999999999998     0.3687566661508561   0.003943536557888685    0.08228674762255615     -3.399539036702301
      872.2499999999998     0.3969367838317411    0.00394308105744949    0.02361258156357598     -4.648084931342833
      872.4999999999998     0.3593231258331209   0.003942532277757056      0.350339043028889     -1.951102423485894
      872.7499999999998     0.3685976955798911   0.003941971734771971     0.0861195832047488     -3.354409159196856
      872.9999999999998     0.3147956688288228   0.003941375531594671      1.233573394341834    -0.6926268132465082
      873.2499999999998     0.3239214115003642   0.003941157694276592      1.251954652713851    -0.6778911880951856
      873.4999999999998     0.3243311942408215    0.00394089135002019      1.297021871509254    -0.6425940543865993
      873.7499999999998     0.3163701418554236   0.003940531723913014      1.121831281849534    -0.7877936588023076
      873.9999999999998     0.3246430475281127   0.003939943868719013       1.33885173497301    -0.6110929423315831
      874.2499999999998     0.3182758249595153   0.003939474390078729       1.07116635549699    -0.8342763338821552
      874.4999999999998     0.3309401369081096   0.003938861711007362      1.850496727414534    -0.2877258713364679
      874.7499999999998     0.3402531096758086   0.003938300087093008      1.735522536768132    -0.3520140292077025
      874.9999999999998     0.3158095279510418   0.003937718246478104      1.180805360117327    -0.7372736068834512
      875.2499999999998     0.3489277084144767   0.003937155459014655     0.9517826893992107    -0.9530317912594821
      875.4999999999998      0.321880154606442    0.00393664131850226      1.178405612499204    -0.7395814999277708
      875.7499999999998     0.3275833198639612   0.003936007368236941      1.620416785399301    -0.4212215091323638
      875.9999999999998      0.296966418075798   0.003934730503155888      13.24758406562088      1.679585842109652
      876.2499999999998     0.2929498837496421   0.003933066121965004      24.74407970181282      2.303933810411234
      876.4999999999998     0.3228684468831669   0.003932728458677173      1.253627702884875    -0.6786967916597481
      876.7499999999998     0.2802305449030152   0.003931371559963931       53.6955205634702      3.078246193102611
      876.9999999999998     0.2997230228270895   0.003930986975452863      8.559622810440249      1.241874906700422
      877.2499999999998     0.3101772550137902   0.003930281036482687      2.060253881529161    -0.1825315988764482
      877.4999999999998     0.3262904165115366   0.003929624327463655      1.526847470309168     -0.482322788309574
      877.7499999999998     0.3122149527770515   0.003928948681956528        1.6480671246335    -0.4060967106587262
      877.9999999999998     0.3153810369228364   0.003928311227122057      1.249842639911071    -0.6828444757786488
      878.2499999999998       0.34085109158344   0.003927634094507407      1.689791378196557    -0.3814294419399981
      878.4999999999998     0.3131078299440032   0.003927012146467564      1.527864649319254    -0.4823217762358082
      878.7499999999998     0.3310812067366656   0.003926402235235818      1.897399105999084    -0.2658641498016094
      878.9999999999998     0.3386111798149788   0.003925696778972363      1.892636549287423    -0.2685570360541053
      879.2499999999998     0.3401240305274895   0.003925132341718842       1.78908706166767    -0.3249662147905359
      879.4999999999998     0.3356601043809048   0.003924431105274005      2.039394715291978    -0.1941972963874154
      879.7499999999998     0.3142032351187564   0.003923784157311112      1.396228202954724    -0.5732407568706583
      879.9999999999998     0.3301465752607657   0.003923078543032229      1.870175169764541    -0.2811629630818915
      880.2499999999998     0.3223273853220279   0.003922423380630764      1.256922760908631    -0.6786955987391639
      880.4999999999998     0.3257983406223914   0.003921757891927599      1.531480028876193    -0.4812971493558744
      880.7499999999998     0.3207826309654934   0.003921137910546394      1.201394198874262    -0.7242071416594421
      880.9999999999998      0.340890944259524   0.003920452656140341      1.745019084228805    -0.3510991386682466
      881.2499999999998     0.3324162439132334   0.003919819843910252      2.026277650985735    -0.2018256165058324
      881.4999999999998     0.3272494314180956   0.003919172755306682      1.688278135022564    -0.3844819971689816
      881.7499999999998     0.3486152081351546   0.003918567212005205     0.9910655610240742    -0.9173202619862494
      881.9999999999998     0.3208611311196291   0.003917945383916361      1.220314804830941    -0.7093955095799092
      882.2499999999998     0.3186735245595498   0.003917336409943497      1.181509907534574    -0.7418666126718805
      882.4999999999998     0.3289477037146779   0.003916644574537166      1.848723976311772    -0.2943407814879623
      882.7499999999998     0.2801318357362372   0.003915004791615041      54.00736677751371      3.079865260994733
      882.9999999999998     0.3080426518621134   0.003914516425728554      2.730623991283176    0.09515020337140036
      883.2499999999998     0.2892250892083691   0.003912679088039833      37.44743010510678      2.713088662277082
      883.4999999999998     0.2798333037499314   0.003911306313628557      54.14090514439358      3.081389664967435
      883.7499999999998     0.2829872239245658   0.003909886716211982      52.27764475624836      3.046005486489227
      883.9999999999998     0.2650958406916717   0.003908465638023956      15.23028364193873      1.812358916242871
      884.2499999999998     0.2863585743893263   0.003906522651082946      45.73090686559868      2.911350247660792
      884.4999999999998     0.2782156575414034   0.003905075265465848      53.14145642850359      3.061162653150545
      884.7499999999998     0.3188152459747087   0.003904555977210171      1.175404075480277    -0.7503156983143348
      884.9999999999998     0.2976974277232301   0.003903152140708684      11.83533806489328      1.558802523866256
      885.2499999999998     0.3070590776925629    0.00390243256114823      3.068761349594985     0.2088023518939464
      885.4999999999998     0.3002745291732347   0.003901349402192134      7.887864249026547      1.152576149771884
      885.7499999999998     0.2819999957162325   0.003899458932689304       53.7270920494369      3.070683438610496
      885.9999999999998     0.3075995808558744   0.003898741689379723      2.902969284907902     0.1523162104222323
      886.2499999999998     0.3054214336851525   0.003897917137318916       3.85196461981106     0.4349539006976654
      886.4999999999998     0.2644874540422285   0.003896461954263095      13.65539114294677      1.700131597933172
      886.7499999999998     0.2942218059573099   0.003894721606018113      20.75186915191019       2.11818677286702
      886.9999999999998       0.29777046674513   0.003893338977002897      11.91886838572526      1.563318109926162
      887.2499999999998     0.3044085885341525   0.003892510909907324      4.471218924776214     0.5826437376584032
      887.4999999999998     0.2699274236761103   0.003890477395587446      29.38361179948581      2.464897219618315
      887.7499999999998     0.2930904432376863   0.003888533220382715      24.50501682504561       2.28283813588788
      887.9999999999998     0.2754590234820491   0.003886605862908551      47.31704453241939      2.940335076625792
      888.2499999999998     0.2843817484247885   0.003884644846837695      49.97260879309724      2.994434842880448
      888.4999999999998     0.2827794610853619   0.003882821207095087      52.75942849679519      3.048232748880972
      888.7499999999998     0.2985951931304973   0.003881545139655581      10.54153265216104      1.437484500267551
      888.9999999999998     0.3097247672642645    0.00388089506882996      2.276956216443821   -0.09516637826923328
      889.2499999999998     0.2875932649441513   0.003878828661769673      42.57217539985235      2.832662345581475
      889.4999999999998     0.2973700455960412   0.003877414851531344      12.88323619247867      1.637023851068363
      889.7499999999998     0.2901683018890668    0.00387531280293049       34.6809012499773      2.626743770634548
      889.9999999999998     0.3037798374001098   0.003874408656828716      4.946503010699661     0.6790021594794877
      890.2499999999998     0.3118540014353798   0.003873789611898754      1.809186996445165    -0.3269609244984997
      890.4999999999998     0.3098178861472411   0.003873143758273098      2.306545380132374   -0.08425433480241387
      890.7499999999998     0.3050354898460802   0.003872284296096478      4.221052464986204     0.5198573351118588
      890.9999999999998     0.2980150928003768    0.00387097068895949      11.77351160119955      1.545285776804254
      891.2499999999998     0.3104176100474297   0.003870396159736517      2.189227212000302    -0.1371662724431382
      891.4999999999998     0.2808878747483705   0.003868579895879949      54.59173450398787      3.078698224885184
      891.7499999999998     0.2923492901070769   0.003866607035605503       27.3452398042595      2.386848102418217
      891.9999999999998     0.2977883252554425   0.003865298402053049      12.34549139111287      1.591258060732149
      892.2499999999998     0.2694108881561587   0.003863376009109743      27.51188152647246      2.392087630430854
      892.4999999999998     0.3123432114552691   0.003862831329257526      1.762060291776379    -0.3561875871063944
      892.7499999999998     0.3173167889589541   0.003862323781392624      1.194725391873541    -0.7448863718013647
      892.9999999999998     0.3216171574529219   0.003861947257725289       1.24374538667178    -0.7047729239621268
      893.2499999999998     0.3165742078253184    0.00386145698920815      1.249984891733868    -0.6998957161950473
      893.4999999999998      0.346638406950668   0.003861026798085836      1.118389817372224    -0.8112486056380703
      893.7499999999998     0.3324591488551053   0.003860634572884837      1.986250923529748     -0.236991280509045
      893.9999999999998     0.3123171870195978   0.003860067303351355      1.796433301616402    -0.3375839319649591
      894.2499999999998     0.2986357337161818   0.003858776720419078       10.8820217405747      1.463390515925477
      894.4999999999998     0.2895167526408218   0.003856839959133284      37.18278806165047      2.691622401019098
      894.7499999999998     0.2964716346615518   0.003855387870734898       15.3833125527219       1.80868318693345
      894.9999999999998     0.3171130206791557   0.003854792758843688      1.237900935554757    -0.7113373535943393
      895.2499999999998     0.2913275490356403   0.003852873976501778      31.29124770326221      2.518086038144546
      895.4999999999998     0.2945400007371723   0.003851156424548165      20.83901386976133      2.111128618441755
      895.7499999999998     0.2878105394073807   0.003849140533658073      42.73324866260435      2.828755408385025
      895.9999999999998     0.3062559207420861    0.00384833717688807       3.68196348284452     0.3770155664831814
      896.2499999999998     0.2865229228217285   0.003846450126160524      46.29611207104774      2.908136911395556
      896.4999999999998     0.2866296570689796    0.00384458325266965      46.22742273291876       2.90616664648162
      896.7499999999998      0.281223364555129     0.0038429085588952      54.52204403679839      3.070762863306031
      896.9999999999998     0.2665237313213299   0.003841326737546519      18.75729013693251      2.003328544224948
      897.2499999999998      0.294653990565706   0.003839702195495533      20.64511255233123      2.098801670030536
      897.4999999999998     0.2963770671707064   0.003838229095646938      16.00091576646927      1.843585291799628
      897.7499999999998     0.2783148416792145   0.003836403942452417      53.18940677662623       3.04432295887054
      897.9999999999998     0.3067844300693094   0.003835683188149883      3.416549980672005     0.2989070774042553
      898.2499999999998     0.2677339105960013   0.003833966531435745       22.2647859130624      2.172834487073952
      898.4999999999998      0.288160003867324   0.003831997896299388      42.18463117958603       2.81137052435286
      898.7499999999998     0.2765244188213836   0.003830145046854094        49.882216433305       2.97849547742755
      898.9999999999998     0.2919680337282005   0.003828226880601514      29.70131251216145       2.45952122627529
      899.2499999999998     0.2696854107514367   0.003826348945133163       28.3604363580267      2.412834407012099
      899.4999999999998     0.2794311900409352   0.003824791808322464      54.54488651330042      3.066456253616513
      899.7499999999998     0.2762235864051822   0.003822916638549137      49.45508501310866      2.968006781996684
      899.9999999999998     0.2648087725720122   0.003821534442754891      14.39195603165212      1.733249718713249
      900.2499999999998     0.3059549862720016   0.003820783503508822      3.809185772754415     0.4037992141544742
      900.4999999999998      0.288947009635442   0.003818801698985422      39.84302312282459      2.750812242051873
      900.7499999999998      0.319651142588516   0.003818273983295962      1.176801211024941    -0.7714733483610846
      900.9999999999998     0.3437155182227639   0.003818626999408775       1.37325997920848    -0.6169933575839969
      901.2499999999998     0.3392166044036266   0.003818773335037857      1.818222098687448    -0.3362833420690231
      901.4999999999998     0.3423585411793549   0.003819072190488925      1.538212764946457    -0.5034430401454068
      901.7499999999998     0.3483751094335429   0.003819421990792524     0.9790548185981256    -0.9551402951027388
      901.9999999999998     0.3229445688329961   0.003819122965245017      1.311573033189424    -0.6628237398788848
      902.2499999999998     0.3475176778534547   0.003818784233440157      1.055321654523405     -0.880294036696107
      902.4999999999998     0.3443394703095484   0.003818521113463782      1.354677586548422    -0.6306450643257815
      902.7499999999998     0.3285486689087203    0.00381817041921754       1.73598338515806    -0.3827263459562593
      902.9999999999998     0.3282881073962338   0.003817710659392561      1.730269356294523    -0.3861437186142244
      903.2499999999998     0.3232129446957779   0.003817115890067574      1.353246286428849    -0.6320702540601616
      903.4999999999998     0.3336051293052655   0.003816499146532559      2.009618019698017    -0.2367935387341037
      903.7499999999998     0.3616088856998365   0.003816204840076277     0.2445071030905064     -2.343326239008299
      903.9999999999998     0.3330733573379795   0.003815761412858694      2.017755052427335    -0.2329459894190543
      904.2499999999998     0.3317893958314846    0.00381509902346296      1.994553662150539     -0.244684833612723
      904.4999999999998     0.3442931359924651   0.003814550313202604      1.375540000153391    -0.6164025855716194
      904.7499999999998      0.364409583421259   0.003814157120708529     0.1646748009026498     -2.739134702802142
      904.9999999999998     0.3564457750710515   0.003813735519555712     0.4676725070010793     -1.695449590671517
      905.2499999999998      0.343032660627953    0.00381319685262219      1.518562207685145    -0.5178398739771639
      905.4999999999998     0.3254567503165039   0.003812596016855375        1.5476634285783    -0.4990150969306862
      905.7499999999998     0.3263760382626575   0.003811989649591099      1.642034595989666    -0.4399844006243101
      905.9999999999998     0.3198116112232581   0.003811408873030423       1.22259025392295    -0.7351010807096624
      906.2499999999998     0.3203645846857683   0.003810834995305486      1.248709697262834    -0.7141126514294068
      906.4999999999998     0.3169978892600423   0.003810280173302762      1.259318671133678    -0.7057981911729502
      906.7499999999998      0.315573085053344   0.003809734122002772       1.35813496120365    -0.6303999424442654
      906.9999999999998     0.3271050087615609   0.003809108440739835      1.725877886974339    -0.3909407537120629
      907.2499999999998     0.3182784315870634    0.00380851636732635      1.255478946738634     -0.709314912376388
      907.4999999999998     0.3122681232915593   0.003807906443984043      1.822678474956015    -0.3366850943275801
      907.7499999999998     0.3205084729673432   0.003807314206972619      1.301065345171138    -0.6739643182716987
      907.9999999999998     0.3127451906865265   0.003806728368428508      1.755849786330209    -0.3743486786653502
      908.2499999999998     0.3224154344228173   0.003806140267763777      1.398916859084496     -0.601757863751495
      908.4999999999998     0.3121641556611551   0.003805497274645751      1.878319150600729    -0.3072477707669958
      908.7499999999998     0.3214562353378768   0.003804888932745355      1.365762234513358    -0.6260722640092946
      908.9999999999998     0.3266245713973255   0.003804279142095711      1.718781480939744    -0.3963296297827751
      909.2499999999998      0.321649043216556    0.00380368668834808      1.393333456208062    -0.6064019278134729
      909.4999999999998     0.3223697365755865   0.003803079111774645      1.441452854024925    -0.5726091888598861
      909.7499999999998      0.307953592305564   0.003802398787352057      3.004446166948866     0.1616536231336647
      909.9999999999998     0.3082757033695768   0.003801702468213097      2.914651785987836     0.1311275896736195
      910.2499999999998     0.3273782929029037    0.00380108260325212       1.80349712040737    -0.3490582049835547
      910.4999999999998     0.3068783589119662   0.003800342382345106      3.470655035884828      0.305362759158111
      910.7499999999998     0.3100154400323114   0.003799675634664248      2.440112090316311   -0.04711207073031325
      910.9999999999998     0.3086719117326132   0.003798953932794867       2.85111871032503     0.1083654437669544
      911.2499999999998     0.3274672148367843   0.003798335859020059      1.825165110518626    -0.3378382579900772
      911.4999999999998     0.3328109518359952   0.003797689994368887      2.096861481744194    -0.1992370714559222
      911.7499999999998      0.315681156684507   0.003797095428686996      1.461110317825356    -0.5606386994826754
      911.9999999999998     0.3375682850047476   0.003796438291744622       2.00999933759038    -0.2418740233570372
      912.2499999999998     0.3317914604423088   0.003795935554919686      2.101270031690411    -0.1975989090024703
      912.4999999999998     0.3242735744750663   0.003795324442575372      1.605207810212976    -0.4670486271477788
      912.7499999999998      0.326807457580395   0.003794687704179316      1.824475460437512    -0.3391771085686602
      912.9999999999998     0.3213670607344137   0.003794091607254478      1.445651748232019    -0.5720664781903115
      913.2499999999998     0.3288670963059868   0.003793476101776103      1.997551474252422    -0.2488668077665782
      913.4999999999998     0.3154887016311186   0.003792864243206457      1.501688411400488    -0.5343601980746981
      913.7499999999998     0.3441856532964613   0.003792276946658904      1.421371794405102    -0.5894826775594777
      913.9999999999998     0.3074220825991606   0.003791565523127049      3.318387964757641     0.2581863613948562
      914.2499999999998     0.3102187254101608   0.003791300388440861      2.461006095178478    -0.0407924326587792
      914.4999999999998     0.2774324800528552   0.003789808385713812      52.40981326226158      3.017337558322838
      914.7499999999998     0.2864205302685549   0.003788211005466349      47.07838849712395       2.90963617878159
      914.9999999999998     0.2962631604596767   0.003787170611207555      16.38383549716478      1.853842656641463
      915.2499999999998     0.2956411889626756   0.003785826630617326      18.12641442047699       1.95456274277186
      915.4999999999998     0.2691610863800932   0.003784102262930149      26.80843904760953       2.34545365227265
      915.7499999999998     0.2544732905548477    0.00378378018407623     0.9126528623673985      -1.03474787996414
      915.9999999999998     0.2875710664280343   0.003782052624585141      44.23981432743788      2.845820293467279
      916.2499999999998     0.2688608015344503   0.003780375813150765      25.97718608523847        2.3129703693029
      916.4999999999998     0.2770751944697111   0.003778703523152564      51.64540722190694      2.999710486530114
      916.7499999999998     0.2729068186677566     0.0037768213723826      39.54193314623592      2.732172705117934
      916.9999999999998     0.2997436106022504   0.003775726461729879      9.600115362626839      1.316296168297331
      917.2499999999998       0.27680252998657   0.003773972951425563      51.27455641241477      2.991251181185759
      917.4999999999998     0.2742377617997946    0.00377215558936482      44.27208691934356      2.843929247347405
      917.7499999999998     0.2715249905188922   0.003770340160680576      35.24020367432241       2.61528105494803
      917.9999999999998     0.2654138367092134   0.003768992132284058      16.22571072062201      1.839332941052442
      918.2499999999998     0.2671363786465618   0.003767434525821103      21.20017874248365      2.106332134153978
      918.4999999999998     0.2775976261687857   0.003765747479032894      53.08047487713153      3.023683779595498
      918.7499999999998     0.2704522233990849   0.003763962235033597      31.84069747758718      2.512145703487098
      918.9999999999998     0.2845309010206379   0.003762210931144974      50.71050040805031      2.977068044560434
      919.2499999999998     0.2718199520949669   0.003760361124734228      36.52690941512701      2.648492478384995
      919.4999999999998     0.3115473506477887   0.003759745467357893      2.090120008663296    -0.2124990064245773
      919.7499999999998      0.290082811631646   0.003757907939657748      36.11625218457756      2.636533615151013
      919.9999999999998      0.271574940221976   0.003756037223349093      35.81867875614942      2.627762230548065
      920.2499999999998     0.2731600661735181    0.00375417459645734      41.27647812407591      2.769089495875253
      920.4999999999998     0.2813088721498609   0.003752534500585357      54.78927254225451      3.051854145348269
      920.7499999999998     0.2706795609161686   0.003750676832547274      33.05055246609064      2.545902843178115
      920.9999999999998     0.3150594897721959    0.00375015510075792        1.5246407433968    -0.5305157478894892
      921.2499999999998     0.2591809098590452   0.003749470030015291      3.984685104335705     0.4300010421189842
      921.4999999999998     0.3033741883690879    0.00374863321051311      5.496030366847908     0.7513456250914423
      921.7499999999998     0.2662277142083586   0.003747145110982151      18.91938153797011      1.987109369702219
      921.9999999999998     0.2673915063135386    0.00374555250474644      22.50856114468331      2.160393118129968
      922.2499999999998     0.2679859339676624   0.003743868777532361      24.49705246151215      2.244600560460211
      922.4999999999998     0.2839753747152426   0.003742114080170904      51.43104305887828      2.985820903097357
      922.7499999999998     0.2826033911229234   0.003740415499473736       53.5616597943026       3.02595845972792
      922.9999999999998     0.3073402726702689   0.003739725305548651      3.281109735787517     0.2331221088456567
      923.2499999999998      0.308500542734956   0.003739133901843805      2.900229416369773     0.1095720990930716
      923.4999999999998     0.2837431880810156   0.003737440504987526      52.16722007317785      2.998783598454825
      923.7499999999998     0.3075588742910408   0.003736760487024336      3.232384389633381     0.2173673707341867
      923.9999999999998     0.2837475384567614   0.003735054701515893        52.333899791736      3.001335053373935
      924.2499999999998      0.270378587876645   0.003733258370060536       32.0039305627423      2.509068383901052
      924.4999999999998     0.3214519248871637   0.003732817682537411      1.404915369476901    -0.6169313263564291
      924.7499999999998     0.3166191722413859   0.003732582858114746      1.405164363587224    -0.6168170214436861
      924.9999999999998     0.3049741673991102   0.003731838326017928       4.42091710455787     0.5291763739049368
      925.2499999999998     0.3502039491747826   0.003731708315353481     0.8513673058432821     -1.118117256014893
      925.4999999999998     0.3358335285210934    0.00373174054276671      2.011310867856241    -0.2584103105975776
      925.7499999999998     0.3535038103582316   0.003731591193312506     0.6254084517885607     -1.426587335189753
      925.9999999999998     0.3154782008069351   0.003731302026012078      1.503184473950042    -0.5497286696449678
      926.2499999999998     0.3494088419139449   0.003730975689587496      0.921624434223375     -1.039019449559645
      926.4999999999998     0.3319779520340939   0.003730555532596232      2.048715779540317    -0.2403014446615343
      926.7499999999998     0.3283569930968102    0.00373003625760815      1.895659233821992    -0.3180871385949907
      926.9999999999998     0.3132340978061489   0.003729452424633398      1.817754244274809    -0.3602085241419036
      927.2499999999998     0.3308711778852179   0.003728896769142427      2.045243675795331    -0.2424423946017838
      927.4999999999998      0.351700853381946   0.003728420732172384      0.761549100838504     -1.230487633247384
      927.7499999999998     0.3165592945384999   0.003727945532487498      1.444318353689404    -0.5905769823769244
      927.9999999999998     0.3178170895166085   0.003727370521737185       1.40300299465093    -0.6197537847430874
      928.2499999999998     0.3318335067605139   0.003726831552666709      2.086881728034767    -0.2228423727564455
      928.4999999999998       0.32405655157223   0.003726238911379322      1.602502852255307    -0.4871056715416456
      928.7499999999998     0.3377838763790905   0.003725733926763542      1.954820562468901    -0.2885094863598324
      928.9999999999998     0.3391796298632756   0.003725176112622245      1.866540928291042    -0.3348706751942801
      929.2499999999998     0.3254066046259614   0.003724602847905397       1.71707717694747    -0.4184879936668058
      929.4999999999998     0.3335873342432494   0.003724066658396355      2.134801035178967    -0.2008820421089344
      929.7499999999998     0.3178490160212785   0.003723475865737472      1.423696136024267    -0.6061577442877873
      929.9999999999998     0.3365589281051452   0.003722846977429123      2.065713460840143    -0.2341073909731789
      930.2499999999998     0.3196955918555952    0.00372232054045639      1.434606198602243    -0.5988340909360224
      930.4999999999998     0.3145070047912781   0.003721784706891427      1.675156678603152    -0.4439617379034802
      930.7499999999998     0.3114749238144649   0.003721144727985913      2.211021386449797    -0.1665858333212917
      930.9999999999998     0.2867425895049864    0.00371940846133918      46.30933519265758      2.874836453247299
      931.2499999999998     0.2766098127926403   0.003718189838416869      51.01285134872291      2.971242784065581
      931.4999999999998     0.2887544657571464   0.003716772521555258      40.62149862302363      2.743081387738302
      931.7499999999998     0.2884330956943364   0.003715223518003448      41.81352236463209      2.771586880050295
      931.9999999999998     0.2703991658877308    0.00371373834993101      32.18535086904244      2.509478666433294
      932.2499999999998     0.2753925984172232   0.003712252807905673      48.05288776728599      2.909869399583789
      932.4999999999998     0.2789112858730725   0.003710825035512364      54.87178258932583      3.042181720058144
      932.7499999999998     0.2924666376544667   0.003709306936456918      27.78536744137987      2.361282829259028
      932.9999999999998     0.2957228628730217   0.003708003981257683      17.43786281965614        1.8950658361996
      933.2499999999998     0.3023436778055731   0.003707233382712116      6.342390302513917     0.8834698447816636
      933.4999999999998     0.2787634536715374   0.003705692004854962      54.86920247012694        3.0407504818891
      933.7499999999998     0.3041257462014575   0.003704953843382712        4.9900389300999     0.6430427606756298
      933.9999999999998     0.3015412784719798   0.003704078627661315      7.194594940344024      1.008692834277931
      934.2499999999998     0.2802025914020794   0.003702534423370531       55.7907724094189      3.056554299729099
      934.4999999999998     0.3104932567849993   0.003701938030067911      2.452481429542456   -0.06811493661861458
      934.7499999999998     0.3090577743502906   0.003701355260176909      2.863166734524352       0.08655554980977
      934.9999999999998     0.3144590515080325   0.003700824632794277      1.711766461252801    -0.4279902272840957
      935.2499999999998     0.3117791554214889    0.00370024161981823      2.199505588338948    -0.1774410287181027
      935.4999999999998     0.2583646361676143   0.003699694888028608      3.112994334690693     0.1697636737007948
      935.7499999999998     0.2972965372926422     0.0036985960116549      13.70900924649549      1.651934765841405
      935.9999999999998     0.2956420950898908   0.003697234898039265      17.80873254374006      1.913202393326763
      936.2499999999998      0.306288704581481   0.003696505165823562      3.902508155102381     0.3949355351974745
      936.4999999999998     0.3111674083516511   0.003695936958377793      2.357122387619206     -0.109396106733464
      936.7499999999998     0.3057579559609383    0.00369523870527558      4.195290328285963     0.4669359488260013
      936.9999999999998     0.2930484298146646   0.003693647405823513      25.98876426923614      2.290206976418385
      937.2499999999998     0.3023720234283203    0.00369280845189338      6.586008533478769     0.9172629948667284
      937.4999999999998     0.2662886150335897   0.003691437897950709       19.1165376205335      1.982498109398765
      937.7499999999998     0.2710946391585417   0.003689703369545912      34.45671085034323      2.571178093947946
      937.9999999999998     0.2950206078236021   0.003688358756610765      19.75298642730228      2.014414517701701
      938.2499999999998     0.2987633000778534   0.003687252283155536      11.30750350599861      1.456276322964823
      938.4999999999998     0.2955665630197054   0.003685860785347588      18.37547849616085      1.941449423987448
      938.7499999999998     0.2962308607344553   0.003684522082043791      16.74880804604763      1.848396167318003
      938.9999999999998     0.2747554571615655   0.003682801384336856      46.37443583204477      2.866350312406182
      939.2499999999998     0.2813880240621567   0.003681253404193414      55.14291134574245      3.039109745094046
      939.4999999999998     0.2954032538333106   0.003679853173494897      18.93065975101178      1.969583918207397
      939.7499999999998     0.2756640635365344   0.003678190264765987      49.17898018910938      2.923815404195997
      939.9999999999998     0.2887262989240235   0.003676433051661626      40.58262730436839      2.731211327386975
      940.2499999999998     0.2729608383726889   0.003674684601314811      40.92343996594447      2.739098557974712
      940.4999999999998     0.2774118623988009   0.003673111616673508      53.29990316214879      3.002901917697939
      940.7499999999998     0.2937366477737443   0.003671579328471411      23.91695226467541       2.20113766008823
      940.9999999999998     0.2507335390435411   0.003671135380775375     0.2012222747065719      -2.57691590675109
      941.2499999999998     0.2533988033432455   0.003670690186034256     0.5626293778892941     -1.548826211663982
      941.4999999999998     0.2862160359252084   0.003669005436962137      47.37868213124449      2.884021259281513
      941.7499999999998     0.2746697306130043   0.003667362567903038      46.55884386238238      2.866117977924302
      941.9999999999998     0.2732703161143167   0.003665647805530414       42.2540643842573      2.768633870493644
      942.2499999999998     0.2719816142243924   0.003663951166812028      38.03694162328168      2.663028202940936
      942.4999999999998     0.2710009745735109   0.003662288093678428        34.826429529908      2.574392930643184
      942.7499999999998     0.2608991009615014   0.003661475093707586      6.206930088562695     0.8494607699075307
      942.9999999999998     0.2849481765438625   0.003659832357806557      49.99093134637373      2.935187206967144
      943.2499999999998     0.2707560959380124   0.003658135303884079       34.0894400981167      2.551869448134972
      943.4999999999998     0.2665163304049687   0.003656762935088537      20.13624739225459      2.025028104497427
      943.7499999999998     0.2976676378963817   0.003655603650249493      13.47667270252954      1.623149728386645
      943.9999999999998     0.2959784632367411   0.003654301060289314      17.39178757679537      1.877831211574152
      944.2499999999998     0.2639276713532488   0.003653224275683329      12.72189882493663       1.56486321489602
      944.4999999999998     0.3289302654112115   0.003652839197701689      1.917716327267947    -0.3274319585788496
      944.7499999999998     0.3166846301578809   0.003652760594987547      1.469956138344618    -0.5933559798231466
      944.9999999999998      0.367551634877379   0.003653233053769609    0.09025306351962348      -3.38359694526479
      945.2499999999998     0.3253131197511213   0.003653488465149027      1.664430807809297    -0.4689060885718516
      945.4999999999998     0.3406829400059423   0.003653180660486769      1.673388087965123    -0.4636231830671741
      945.7499999999998     0.2954284695235456   0.003651897401202035      18.91126220572478      1.960932745545681
      945.9999999999998     0.2757732289685983   0.003650428463409466      49.78561802150315      2.928498944088321
      946.2499999999998     0.2993652075875247   0.003649413580867391      10.65319165184908      1.386354273364349
      946.4999999999998     0.2887628329399251   0.003647804722118875      40.25132136548115      2.715196621515494
      946.7499999999998     0.2944380535611557   0.003646418377153376      21.88324468362043      2.105394928936676
      946.9999999999998     0.2827720559476116   0.003644953885674658       53.4683962982151      2.998362718521836
      947.2499999999998      0.279573730803018   0.003643542493918515       55.5330053634704      3.035862204801947
      947.4999999999998     0.2769997131159861   0.003642000123906655      52.81341897216965      2.985226569524834
      947.7499999999998       0.29445232468187   0.003640577869106469      21.83318362431077      2.101501669920542
      947.9999999999998     0.2638811926882517   0.003639500718217433      12.52660191515048      1.545629291701052
      948.2499999999998     0.2837631209192696   0.003637966245646572      52.21054624382965      2.972637560160882
      948.4999999999998     0.2847421139550592   0.003636359178771185      50.57794798730624       2.94042687482511
      948.7499999999998     0.3023083221232234   0.003635528448799144      6.818286340040778     0.9362908974240638
      948.9999999999998     0.3196346672706478   0.003635096853618586      1.397098629243213    -0.6490383175277802
      949.2499999999998      0.317490761225329   0.003634920658125645      1.431291709411552    -0.6249071380352992
      949.4999999999998       0.31768171193488   0.003634507069139141      1.435774831756095    -0.6218936005409158
      949.7499999999998     0.3189316673751452   0.003634169934812438      1.426046789547163    -0.6287848868770088
      949.9999999999998     0.3216311417863363   0.003633704980399677      1.476026627271781    -0.5944652017327492
      950.2499999999998     0.3093650128279936   0.003633174190064635      2.677974849461149   0.001095802970259384
      950.4999999999998     0.3188166459931704   0.003632761908061803      1.447876319211336     -0.613980660830704
      950.7499999999998     0.3324888525030056   0.003632249453810393      2.039758643921452    -0.2713881217740765
      950.9999999999998     0.3336500208573149    0.00363177054664141      2.054509269104412     -0.264314447223487
      951.2499999999998     0.3301528196200177   0.003631515326782968       2.00776072960014    -0.2874017086953497
      951.4999999999998     0.3207210439388276   0.003630962363753426      1.472199208005094      -0.59781668162733
      951.7499999999998     0.3191871246276108   0.003630450703208153      1.465195029382177    -0.6027265907250713
      951.9999999999998     0.3144729688531087   0.003629888031647288      1.711331330270226    -0.4475983255889759
      952.2499999999998     0.3115346084383228   0.003629289024382776      2.195903245712077    -0.1984415200357575
      952.4999999999998     0.3295545088527715   0.003628752308592436      1.992980420113517    -0.2955516620191866
      952.7499999999998     0.3184700113547915   0.003628214221620268       1.49711532356725    -0.5817910352404375
      952.9999999999998     0.3300746798768734   0.003627686773621501        2.0326197852794    -0.2761510630753504
      953.2499999999998     0.3232434273366536   0.003627140194631657      1.597317777311091    -0.5173014054630956
      953.4999999999998     0.3539274614010317    0.00362669341465193     0.5747687027149101     -1.539537998588051
      953.7499999999998     0.3505322640287085   0.003626245693184951     0.8021987426384593     -1.206272775688254
      953.9999999999998     0.3251156966647432   0.003625721970821106      1.719104309036952    -0.4442149139563689
      954.2499999999998     0.3392390683700519   0.003625156788848032      1.802296888033241    -0.3971123116063425
      954.4999999999998     0.3431822962005284   0.003624698822841591       1.42683613156754    -0.6308410522432848
      954.7499999999998     0.3164975659150874   0.003624204633966599      1.581091057578702    -0.5283217470165021
      954.9999999999998     0.3491681339484167   0.003623756235077773     0.9099358643286088     -1.080941790272386
      955.2499999999998      0.325234882106585   0.003623407574243359      1.742531578063534    -0.4313178637350092
      955.4999999999998     0.3351735595638601    0.00362285458788464      2.076104239010789    -0.2563163006354336
      955.7499999999998     0.3417245375162986   0.003622582393728794      1.598566737039995    -0.5177771730432293
      955.9999999999998     0.3462863000056525   0.003622097232205229      1.151923634456543    -0.8455852768877751
      956.2499999999998     0.3441765592751818   0.003621551396587894      1.361495980149045    -0.6785851741893371
      956.4999999999998      0.326026783889628   0.003621257264822379      1.814530662850339    -0.3914236288450258
      956.7499999999998      0.351187475980482   0.003620783816962768     0.7856226507846471     -1.228659914894393
      956.9999999999998     0.3575068055308997   0.003620379454713876     0.3900852794577164     -1.928882807822234
      957.2499999999998     0.3646330722515959   0.003619945037398893     0.1457519713651768     -2.913461836922628
      957.4999999999998     0.3237779998464181   0.003619408193897756      1.680101160762162    -0.4689072149586347
      957.7499999999998     0.3265080734305114   0.003618863144209232      1.875817874185026    -0.3588670595911828
      957.9999999999998     0.3297577005338425   0.003618310065009715      2.095515150062619    -0.2482652492927689
      958.2499999999998      0.324162127165575    0.00361775793615429      1.734766284915683     -0.437344573895134
      958.4999999999998     0.3709375785217313    0.00361736931889605    0.04982537016061778     -3.987555680950396
      958.7499999999998     0.3635799972819018   0.003616978911943058     0.1732007586380261      -2.74173653146971
      958.9999999999998     0.3278013259535827   0.003616654592450408      2.005490832674132    -0.2926334634797431
      959.2499999999998     0.3631902144988865   0.003616212007188165     0.1851840969301684     -2.675049510471532
      959.4999999999998     0.3283960061823153   0.003615733595810529      2.058453297844565    -0.2668221108325083
      959.7499999999998     0.3754565687941198   0.003615469765047414    0.02408735110688131     -4.714918382023632
      959.9999999999998     0.3708820245582619   0.003615090616405804    0.05178617174572592     -3.949586949420332
      960.2499999999998     0.3261910946672944   0.003614712233161423      1.915915184391954    -0.3388640909838818
      960.4999999999998     0.3233959353754871   0.003614197837479121      1.732546404455005    -0.4396095823815932
      960.7499999999998     0.3793342621557552   0.003613946430564413     0.0151143533427432     -5.181381816269846
      960.9999999999998     0.3435685979465671   0.003613544048681015      1.435521040298138    -0.6278548521327167
      961.2499999999998     0.3761659738249638   0.003613098146210583    0.02253410720223448     -4.782231376783342
      961.4999999999998      0.347666804257868   0.003612774221544658      1.069655916238083    -0.9222587686402732
      961.7499999999998      0.320696724348601   0.003612275214914572      1.622964378164685    -0.5054795840181396
      961.9999999999998     0.3465996698066775   0.003611900211285682      1.167821559352651     -0.834697645040882
      962.2499999999998     0.3728850537709298   0.003611517963219471    0.03729804352607571     -4.278757985125966
      962.4999999999998     0.3163788250377234   0.003611033064949692      1.632641309642563    -0.4998787137484766
      962.7499999999998     0.3303976894326651   0.003610528512807567      2.182755965601662    -0.2096293045839873
      962.9999999999998     0.3605804238010368   0.003610092810722623     0.2665135851414127     -2.312668330603982
      963.2499999999998     0.3295654468589358   0.003609735235483167       2.16969429277408    -0.2158510450188847
      963.4999999999998     0.3395257184659101    0.00360925592303145      1.849641858996475    -0.3755780852106435
      963.7499999999998     0.3358925518914818   0.003608688841991183      2.115790852226483    -0.2412985787098969
      963.9999999999998      0.348344647026929   0.003608172238293646      1.032206098093462     -0.959172057902025
      964.2499999999998      0.342522857953932   0.003607664596898288       1.58412738354919    -0.5309774054276509
      964.4999999999998     0.3669792540427088   0.003607238678845269     0.1043481004388086     -3.251152030052526
      964.7499999999998     0.3186169387212139   0.003606714305597809      1.605618115318973    -0.5177657571638987
      964.9999999999998     0.3274719339044015   0.003606300922589055      2.066212231601585     -0.265672088332136
      965.2499999999998      0.334599703854122   0.003605760936872482      2.197739718040275    -0.2041094934368665
      965.4999999999998     0.3330466564803249   0.003605207942176616       2.25725067901139    -0.1775447417299068
      965.7499999999998     0.3523046203379938   0.003604825687443032     0.7312985226347771       -1.3047318617522
      965.9999999999998     0.3086770259418907   0.003604276726144845      2.931991671517308    0.08373131190658369
      966.2499999999998     0.3408161958303051   0.003603808820846677      1.783066911557759      -0.41374559377448
      966.4999999999998     0.3311150504717803    0.00360327014016187      2.278451044523792    -0.1687341003603431
      966.7499999999998     0.3322250173990635   0.003602756747279734      2.301510427591077    -0.1588068208310293
      966.9999999999998      0.310279951252583   0.003602211481969775       2.52451878678329   -0.06647332894779039
      967.2499999999998     0.3139437887715484   0.003601677556318497      1.873661068071871    -0.3647777193296531
      967.4999999999998     0.3196091222257609   0.003601165654946704      1.640811354462071    -0.4976233175025607
      967.7499999999998     0.3155996066225533    0.00360061769875295      1.734631137830533    -0.4421715475722784
      967.9999999999998     0.3387922600307047    0.00360006648205554      1.992881266246615    -0.3035379748300366
      968.2499999999998     0.3147617101025761   0.003599536435904742      1.819828687483047     -0.394524313156266
      968.4999999999998     0.3323683563951513   0.003598987903272849      2.322716667299499    -0.1506816055657123
      968.7499999999998     0.3183793514861984   0.003598459133681537      1.672872376413763     -0.479023881187026
      968.9999999999998     0.3071886682462344   0.003597828701930421      3.500223694256924     0.2590856528215285
      969.2499999999998     0.3270573278163634   0.003597267939427605      2.100395383308551    -0.2517714950185365
      969.4999999999998     0.3225702660446522   0.003596751835334535      1.784056030335494    -0.4151511404106042
      969.7499999999998     0.3902362105330734   0.003596428024174358    0.01196082729038747     -5.420248975456169
      969.9999999999998     0.3387114580533787   0.003596357754868257      2.019071387847457    -0.2915124561423454
      970.2499999999998     0.3332769035645798   0.003595778122887229      2.341128360671269    -0.1436783192459419
      970.4999999999998     0.3262472643750106   0.003595617114515389      2.062333524988178    -0.2705179950574138
      970.7499999999998     0.3349455239426211    0.00359504472477122      2.302132288468972     -0.160679544099448
      970.9999999999998     0.3486379383593194   0.003594548381139125      1.028859168720229    -0.9662028070930057
      971.2499999999998     0.3699572572353205   0.003594194629486162    0.06322965742709047     -3.755733635338668
      971.4999999999998      0.341496564635744   0.003593842642657405       1.76740917183595    -0.4253350178275391
      971.7499999999998     0.3139994699269183   0.003593302711412774      1.933751667055532    -0.3355380115294269
      971.9999999999998     0.3353380467296723   0.003592766359467677      2.314885985980465    -0.1557888357871013
      972.2499999999998     0.3462119500414936   0.003592238816334871      1.265335524562759    -0.7599587937592277
      972.4999999999998     0.3499597803764778   0.003592045602658977     0.9402624069801128      -1.05694619176068
      972.7499999999998     0.3846025555147208   0.003591722463935744    0.01020759442268819     -5.580063153509832
      972.9999999999998       0.38331501005652   0.003591542218344373    0.01098991989125019     -5.506266853721479
      973.2499999999998     0.3753949178152776   0.003591329224231507    0.02648729735371048     -4.626639366062302
      973.4999999999998     0.3596735556666997   0.003590895559085291     0.3046597442900727     -2.184229838281821
      973.7499999999998     0.3560779878256684   0.003590474156494184     0.4864700748334519     -1.716367371009654
      973.9999999999998     0.3799581521392746   0.003590161664264099    0.01505733445115917     -5.191764585660779
      974.2499999999998     0.4816190386102888   0.003592123828948029    0.03306997500397692     -4.404457635881667
      974.4999999999998     0.4888128297262811   0.003595185445252102    0.03213193741120986     -4.432380985904504
      974.7499999999998     0.4830415636586075   0.003597644126949932    0.03278393626858316     -4.411609160829075
      974.9999999999998     0.4567090211471479   0.003598318209605579    0.07215127756608819     -3.622595465951468
      975.2499999999998     0.4523996455932793   0.003598850633267911    0.07873511304169271     -3.535123285363582
      975.4999999999998     0.4398987391126241   0.003599043559898091    0.05370620572351648      -3.91763034038992
      975.7499999999998     0.4379288839802903   0.003598867201762274    0.04866858157198646     -4.016174221003932
      975.9999999999998     0.4076329842763002   0.003598865193849615    0.02881073956013687     -4.540460239543792
      976.2499999999998     0.4606349163908336    0.00359898347513297    0.06433053199111062     -3.737141237727622
      976.4999999999998     0.4697432195847711   0.003599146075116323    0.05192931757342344     -3.951246897946301
      976.7499999999998     0.4792740538008127   0.003599420368439588    0.03589302061574526     -4.320511341898679
      976.9999999999998     0.4385394039640621   0.003599436282837246    0.05084381310108975     -3.972291339809547
      977.2499999999998     0.4666809910387166   0.003599286497464864    0.05622059367042116     -3.871808274541292
      977.4999999999998     0.4507374115399737   0.003598920539872541    0.07965266118241944     -3.523517633193049
      977.7499999999998     0.4237604437569847   0.003599197031660319    0.03954237645921101     -4.223743337987117
      977.9999999999998     0.4572625352662665   0.003598885841026061    0.07321637598716746     -3.607783609831741
      978.2499999999998     0.4381270126677438   0.003598514164916035     0.0503288879163814     -3.982726777405448
      978.4999999999998     0.4184454671515331    0.00359823848983116    0.03880260690306407     -4.242895180479863
      978.7499999999998     0.4865092109633291   0.003598142773945552    0.03277322013145846     -4.411797491692316
      978.9999999999998     0.4374256888864521   0.003598037965940674    0.04908502799610332     -4.007884283473315
      979.2499999999998     0.4345377169889024    0.00359771272483041    0.04371373989292581     -4.123866274371942
      979.4999999999998     0.4333455071906366    0.00359741254147146    0.04240489530677982     -4.154348370919164
      979.7499999999998     0.4562624263749763   0.003597137463588351    0.07617267175367866     -3.568685890283305
      979.9999999999998     0.4625388351230901    0.00359677836243318    0.06267440994085911     -3.763835255515665
      980.2499999999998     0.4780869583258998   0.003596514867064602      0.037950488800959     -4.265579362441592
      980.4999999999998     0.4350921846666904   0.003596246914956649    0.04551459610243947      -4.08390318439972
      980.7499999999998     0.4607633582609467   0.003595834568590204    0.06683948713466691     -3.699756888473264
      980.9999999999998     0.4872049445944985   0.003595567337690122    0.03323292033287627     -4.398584277770553
      981.2499999999998     0.5019030025158725   0.003595350964339888    0.03722881615804657     -4.285102328998977
      981.4999999999998      0.473337315240805    0.00359506063424036    0.04687034463156565     -4.054881008274128
      981.7499999999998     0.4595948305714112   0.003594637896948621    0.07012449982223765     -3.652111537224563
      981.9999999999998     0.4451911721507859   0.003594251656822821    0.07169313816761126      -3.63009618208155
      982.2499999999998     0.4645888301264844   0.003593824182432129    0.06150280437228559     -3.783527389666031
      982.4999999999998     0.5175728275183082   0.003593823337538905     0.0475467739683857     -4.040896456433519
      982.7499999999998     0.4921238406802253   0.003593603900075625    0.03268534155691045     -4.415744752592544
      982.9999999999998     0.4927076764042982   0.003593222280418103    0.03290273894834429     -4.409221754319868
      983.2499999999998     0.4968709576753541   0.003592926415951928    0.03330982679236561     -4.397007549997244
      983.4999999999998     0.5186012783260006   0.003594038512966747    0.04857017309627691      -4.01954090599367
      983.7499999999998     0.5549986845397077   0.003594177380328648    0.01642798730755821     -5.103525465208455
      983.9999999999998      0.561598007610231    0.00359665396808106    0.01502678698707338     -5.191988662868132
      984.2499999999998     0.5117841433809206   0.003596976979688797    0.04459037228191601     -4.104215297973219
      984.4999999999998     0.5280516015258211   0.003596809983250869     0.0396031066336487      -4.22287212801299
      984.7499999999998     0.4949567425989589    0.00359642744023446    0.03318859462452613     -4.399679773895346
      984.9999999999998      0.487146440955428   0.003595992231497689    0.03421722632999916     -4.369277863000393
      985.2499999999998     0.5177924191117954   0.003595574374796738    0.04887192669171558      -4.01292014619713
      985.4999999999998     0.4895144228827698   0.003595208104236621    0.03466865793745556     -4.356389104450836
      985.7499999999998     0.4826874511741867    0.00359477088843406    0.03473763644695249     -4.354523048876207
      985.9999999999998      0.508568702285482    0.00359436844376643    0.04381960382275336     -4.122377437836449
      986.2499999999998     0.4952865256827426   0.003594040238186628    0.03387342010506816     -4.379919407026681
      986.4999999999998     0.4871096728648099   0.003593599449758087    0.03530583161062414     -4.338624546232885
      986.7499999999998     0.5012611149319364   0.003593189897336974    0.03761038380097264     -4.275506494455097
      986.9999999999998     0.5067842409336835   0.003592773366701159    0.04342325617889983     -4.131907446364238
      987.2499999999998     0.4945388849023075   0.003592378270428073      0.034698662625345     -4.356311431218483
      987.4999999999998     0.4980119391592901   0.003591969492832056    0.03556477051283433     -4.331770817537641
      987.7499999999998      0.506309784214194   0.003591562399255629    0.04365956972777055     -4.126817217869995
      987.9999999999998     0.5124134399823771   0.003591169408490121    0.04639858564929252     -4.066080163350676
      988.2499999999998     0.4705821472857982   0.003590820203139098    0.05280875819251369     -3.936769333345937
      988.4999999999998      0.537023220229552   0.003590483759126244    0.02799716473942985     -4.571436839397004
      988.7499999999998     0.4688434831677914   0.003590264202085565    0.05631628994584906     -3.872617401579863
      988.9999999999998     0.4916941591722277   0.003590041316206456    0.03596840775547014     -4.321022328455418
      989.2499999999998     0.5014373214903612   0.003589597439226935    0.03924396040847663     -4.233989410668966
      989.4999999999998     0.4969659546556308    0.00358917459284636    0.03605483216851668     -4.318863877285234
      989.7499999999998     0.4898819703164215   0.003588774351244791    0.03664681836726249     -4.302689679234759
      989.9999999999998     0.4964311489936185   0.003588327357974056    0.03644343937746806     -4.308379400868153
      990.2499999999998      0.489622181876929   0.003587964040380345    0.03715306041846797     -4.289195960640763
      990.4999999999998     0.4964503358316571   0.003587526477070907    0.03699844858297387     -4.293488087404849
      990.7499999999998     0.4978811977233745   0.003587126905237872    0.03787644940026647     -4.270145922178068
      990.9999999999998     0.4951743206162411   0.003586712765843866    0.03765254847487925     -4.276190270962464
      991.2499999999998     0.5087639236836515   0.003586297733961294    0.04579534407434625      -4.08052420372312
      991.4999999999998     0.4923754119113486    0.00358592825084876    0.03830510181542526     -4.259226569568742
      991.7499999999998     0.5292913185526432   0.003585689348563419    0.03771462338220114     -4.274828380565588
      991.9999999999998     0.4906047735595342   0.003585290838701659    0.03868022694254613     -4.249658895341733
      992.2499999999998     0.5348150352594804   0.003584935519778578    0.03021222624499549     -4.496839857628006
      992.4999999999998     0.4860172098730734    0.00358460431782801    0.03694158366680655     -4.295841088863888
      992.7499999999998     0.4867841389612547   0.003584224596481403      0.037837162895576     -4.271993105788343
      992.9999999999998         0.521195277958   0.003583794321947457    0.05036059686472236     -3.986195863724083
      993.2499999999998     0.5167038493554469   0.003583418164015576    0.04968996004774363     -3.999706989518882
      993.4999999999998     0.5102410703604344   0.003583032083162744    0.04684687130900723     -4.058733412420248
      993.7499999999998     0.5129741247946346   0.003582624954597484    0.04825732199036766       -4.0291837037653
      993.9999999999998     0.5089039573853615   0.003582207146511473    0.04730493079469219     -4.049233363397826
      994.2499999999998     0.5183809708238225   0.003581803746931018    0.05171308266498987      -3.96024971783834
      994.4999999999998     0.4988704499863193   0.003581400074247183    0.03938445321719183     -4.232702074217678
      994.7499999999998      0.526691215982772   0.003581036539169525     0.0439308622062627     -4.123557651204332
      994.9999999999998     0.5114484440195425   0.003580633570265652    0.04872285833914495      -4.02013898033549
      995.2499999999998     0.4997088849352219   0.003580227051539758    0.04036345232696982     -4.208476079630974
      995.4999999999998     0.4846680439854487   0.003579904095875486    0.03701157260703361     -4.295260382310634
      995.7499999999998     0.4855081762716769   0.003579524432333821    0.03787462641242393     -4.272315678865916
      995.9999999999998     0.4981105034271972   0.003579093054674643    0.03979442620217608     -4.222990741460698
      996.2499999999998     0.5043149845397723    0.00357867504125684    0.04554161137974478     -4.088207954863367
      996.4999999999998     0.4934364604090533   0.003578233760392523    0.04000674946927176     -4.217909538145313
      996.7499999999998     0.4604392870990358   0.003577959854644505    0.06987718719352896      -3.66029503293505
      996.9999999999998     0.4877147181219798   0.003577597398838922    0.03979471384439222      -4.22340148744798
      997.2499999999998     0.4783988177018407   0.003577178152481594    0.03931559832963809     -4.235631422179412
      997.4999999999998     0.4920395610006791   0.003576780663460889    0.04100159674059786     -4.193752879745334
      997.7499999999998     0.4875700604188392   0.003576409763358483    0.04053917117251113     -4.205198896460316
      997.9999999999998     0.4806164403764023   0.003575993608060474    0.03811904181090057     -4.266870018207534
      998.2499999999998     0.4829812301520474   0.003575566704110899    0.03850139648134378     -4.257008835312533
      998.4999999999998     0.4881662986074819   0.003575167903704907    0.04162923543325921     -4.179012194017802
      998.7499999999998      0.519239003027698   0.003574785719390524    0.05272142697773764     -3.942899837757002
      998.9999999999998      0.528588692384941   0.003574388402656902    0.04047155126212926     -4.207433655760669
      999.2499999999998     0.5340616583228404    0.00357448717879197    0.03158866224729432     -4.455207044472124
      999.4999999999998     0.5004685448780468    0.00357418380574371    0.04224519977241752     -4.164599453917788
      999.7499999999998     0.5214881740053267   0.003573804772402127    0.05287178731864868     -3.940326363969865
      999.9999999999998     0.5344807636493765   0.003573673677992793    0.03142423414545609     -4.460653538950089
                1000.25     0.5276063535278717   0.003573316116105938     0.0436623482452676      -4.13184684720173
                 1000.5     0.4727668676475483   0.003572953552991336    0.04992842282299718     -3.997844014641987
                1000.75     0.4813370939170121   0.003572571188213017    0.03896485734422101     -4.245881326899096
                   1001     0.5115672437759147   0.003572159916050746    0.04971210498677148     -4.002408134515098
                1001.25     0.5492596027621889   0.003571985004377165    0.01852260104148252     -4.989713901143029
                 1001.5     0.5392942964657482   0.003572529438441452    0.02757158329821897     -4.591767507641004
                1001.75      0.543017029090852   0.003572601173362891    0.02425933388143459     -4.719731634285515
                   1002     0.5426749019304101   0.003572357170741686    0.02488477776054942     -4.694345098970813
                1002.25     0.5274993766063388   0.003571986146632926    0.04435526309056659     -4.116473872292501
                 1002.5     0.5329265344622214   0.003571640085799625    0.03426451502401316     -4.374691861070186
                1002.75     0.5666192430610604    0.00357139154311005    0.01457810918008411     -5.229350690271545
                   1003     0.5332550780535219   0.003571054203367067    0.03419021578001714     -4.377026668311538
                1003.25     0.5424980460862373   0.003570742270436978    0.02541012736636126     -4.673905727567687
                 1003.5     0.5377033283263493   0.003570439577976824    0.03027381233778232     -4.498855251579767
                1003.75      0.566622547810953   0.003570100299601183    0.01475195270213583     -5.217857879274537
                   1004     0.5588609698583674   0.003570061178263265    0.01615283015960532     -5.127149021597257
                1004.25     0.5411521927151365   0.003569734608177234    0.02735215729270736      -4.60054037382029
                 1004.5     0.5930642865612472   0.003569491972580235   0.007618660630703182     -5.878803165340643
                1004.75     0.5991896822635343   0.003569943436467105    0.00678754382058008     -5.994188137557674
                   1005     0.5891579915343409   0.003570054567425626   0.008702010399181705     -5.745692070407583
                1005.25     0.5965155972695887   0.003569943243313491   0.007189492618343626     -5.936656731415361
                 1005.5     0.5972728430115367   0.003570018926380704   0.007178551276492319      -5.93815854249696
                1005.75     0.5855957067653446   0.003569829551195398   0.009711772982474019     -5.635970321425496
                   1006     0.5609855971588392   0.003569444437814078    0.01582714761199285     -5.147690397484157
                1006.25      0.610844229689024   0.003569215058681202   0.005787853368420796     -6.153719855581415
                 1006.5     0.5530159376188772   0.003569016265625641    0.01776664751812787     -5.032214063710695
                1006.75     0.5677831560970646   0.003568676217666227    0.01486264087227298     -5.210781570415795
                   1007     0.5669794827704058   0.003568259503411662    0.01517762736450766     -5.189926627903924
                1007.25     0.6070796859732225   0.003568006873050633    0.00640289618492306     -6.053069472487914
                 1007.5       0.53895589190042   0.003567720824920052    0.02977731418072849      -4.51615322839119
                1007.75     0.5748658689615896   0.003567351856483215    0.01262982980507725     -5.373942025940845
                   1008     0.5728149059722387   0.003567017863527298    0.01372391758619359     -5.290956996153285
                1008.25     0.5734549546463731   0.003566592011782353    0.01360392207001753     -5.299858370434459
                 1008.5     0.5717870100305915   0.003566302370303779    0.01451386400272403     -5.235193391254224
                1008.75     0.6054192637831343    0.00356616124571348   0.006642080537819083     -6.016912046039305
                   1009     0.6149408146706915   0.003565863511076045    0.00522202798240363     -6.257534957951956
                1009.25      0.557191083078001   0.003565614567934462    0.01707213197400339      -5.07304317710991
                 1009.5     0.5466853995270393   0.003565326006558905    0.02156742100099051      -4.83938764519234
                1009.75     0.5544410812943975   0.003564995688738515    0.01787288895340392     -5.027379204774481
                   1010     0.5681976147505191   0.003564626877927691    0.01570734089623119     -5.156639468506491
                1010.25     0.5712369799212855    0.00356425480521103    0.01505087586138658     -5.199435842915461
                 1010.5     0.5544555150299069   0.003563886894237047    0.01805218774150203     -5.017708374975967
                1010.75     0.6184986621467228   0.003563720234404336   0.004886925964526735     -6.324458552820677
                   1011     0.6029938046615534   0.003563570116226285   0.006893167872363746     -5.980533388773961
                1011.25     0.6480396121167958   0.003564075702368342   0.006195522840649236      -6.08709537146062
                 1011.5     0.6461890575436551   0.003564973183437253   0.006292929375032759     -6.071243817046503
                1011.75     0.6315903797785151   0.003565121396827203   0.005225814649693943     -6.257018225199746
                   1012     0.6622386210912296   0.003565329225962341   0.008010579802421884     -5.829807488023603
                1012.25     0.6697218643211305    0.00356711797826951   0.008666223933246474     -5.750635886225518
                 1012.5      0.689142376013422   0.003567665860972873   0.007321790286207023      -5.91906059621665
                1012.75     0.6854441856340807   0.003569371919911024   0.007477321215025767     -5.897562781380877
                   1013     0.6845749222015897   0.003569872711833822   0.007530133825895597      -5.89038427618223
                1013.25     0.7064570870118518   0.003571097013328668   0.006349645844571344     -6.060555156330617
                 1013.5     0.6979519721221953   0.003572042480495106   0.007305225963564757     -5.920099497377003
                1013.75      0.670845350979572   0.003572308982103143   0.008515253356580628     -5.766755802163616
                   1014     0.6922506673277145   0.003572061469361691   0.007407428353771001     -5.906200830573918
                1014.25     0.7058698600184173    0.00357251296503645   0.006525131099377637     -6.032896725604455
                 1014.5     0.6140902698746886   0.003572521181170498   0.005489655797378618     -6.205689913385523
                1014.75     0.6104459627718998   0.003572724472470429   0.006260392843621184     -6.074255630402054
                   1015     0.6168086154927981   0.003572478380329214   0.005175147710200594     -6.264699569517504
                1015.25      0.628317720349913   0.003572087985764554   0.005098689898022941     -6.279693111633295
                 1015.5     0.6017001115424083   0.003571945374586498    0.00704672872507902     -5.956153161667576
                1015.75     0.6474835454472715   0.003571651334195054   0.006324379831116105     -6.064387003574531
                   1016     0.6157413524164329    0.00357131881720001    0.00540243687928863     -6.222041960531001
                1016.25     0.6245549981698864   0.003571076898827048   0.005064883771630908     -6.286628637691458
                 1016.5     0.5825021725756921   0.003570818084028682    0.01055936397384774     -5.552019258962206
                1016.75      0.616237113998984   0.003571107362465335   0.005436169821645006     -6.215876561162501
                   1017     0.6041339187789351   0.003570784573963881   0.007046188110275729     -5.956554913124706
                1017.25     0.6474422266235392   0.003570679763597612   0.006405651222074801     -6.051890438572987
                 1017.5     0.6628346684362981    0.00357093839042364   0.008302650094665125     -5.792423862340322
                1017.75     0.6206205106689268   0.003570549174770303   0.005199106853706065     -6.260620764045606
                   1018     0.6217881727314253   0.003570208428515729   0.005241064947763207     -6.252678340992126
                1018.25     0.5836401718789099   0.003570051343003997    0.01040669654377692     -5.566797555551057
                 1018.5     0.5888548172900482   0.003569895705613682   0.009102334995733081     -5.700759675609624
                1018.75     0.5773241925099812    0.00357018967013955    0.01235809668392636     -5.394896856937621
                   1019     0.5864457480150888   0.003569838519502474   0.009938277127034458     -5.612912989885161
                1019.25     0.5784386696009201   0.003570013903934238     0.0121412647457862     -5.412647579710096
                 1019.5     0.5769485510812181   0.003569805569747723    0.01282433182739505     -5.357971607882734
                1019.75     0.5594128096250248   0.003569847113222127    0.01703463836397704     -5.074055439073123
                   1020     0.5451410209665455   0.003570163767857368    0.02356213083163158     -4.749574764855556
                1020.25     0.5703224016808852   0.003570124116487727    0.01567982381562917      -5.15685189008541
                 1020.5     0.5636867105620639   0.003570016803909565    0.01650324150481294     -5.105699911199888
                1020.75     0.4940417226755702   0.003570542921474381    0.04147254351581817     -4.184077761080714
                   1021     0.5234869313512918   0.003572228238787076     0.0522857587705933     -3.951913437647528
                1021.25     0.5733624811206292   0.003571953504216415    0.01474039837638692     -5.218122470926084
                 1021.5      0.543550458303138   0.003571644606730784    0.02566646298958255     -4.663615668855439
                1021.75     0.5534501224352235   0.003571905925902285    0.01864882972910846     -4.982944309261309
                   1022     0.5122668686692808   0.003571943845421325    0.05046472970838027     -3.987442417627727
                1022.25     0.4851642436511297   0.003572724230075118    0.04065909493058042     -4.203276087465256
                 1022.5      0.526606362680241   0.003572790885394484    0.04741060639761687     -4.049634012083721
                1022.75     0.4831845803973356   0.003573188445181047    0.04005585709658611     -4.218093803881276
                   1023     0.4981107056414769    0.00357353249092657    0.04140066532080043     -4.184975479331376
                1023.25      0.527750456013511   0.003573287805728494    0.04539834401609346      -4.09286527548198
                 1023.5     0.5101502170277565   0.003573144016795538     0.0502784364584224     -3.990804858661684
                1023.75     0.5481785055060314    0.00357278524118059    0.02109274121702961     -4.859552596050789
                   1024     0.5486549823762626   0.003572416988698132    0.02119808058947659     -4.854673996701631
                1024.25     0.6075946669832093   0.003572686881166742   0.006869987191891244     -5.981346848040706
                 1024.5      0.536059326500998   0.003572600829534829     0.0326739088789509     -4.421956310373958
                1024.75     0.5316552945364342   0.003572222905159566    0.03807147255489929     -4.269173716041342
                   1025      0.543014881295513    0.00357191608858306     0.0269631706097414     -4.614252975758406
                1025.25     0.5523041811543126   0.003571554604714141    0.01972233377820352     -4.927074377973722
                 1025.5     0.5894038146486443   0.003571199202369205    0.00919549551522098     -5.690211833750683
                1025.75     0.5502567096533455   0.003570952874296909    0.02068118594521695     -4.879770163218476
                   1026     0.5477187480379423   0.003570529219994371    0.02251538961275014       -4.7949141465174
                1026.25     0.5125691438621593    0.00357052901237319    0.05146917539573567     -3.968130170385249
                 1026.5     0.4963423802955907   0.003570986975737302    0.04158526936703178     -4.181239006228004
                1026.75     0.5344519457373754   0.003570883500746376    0.03486580451263607     -4.357507450546556
                   1027     0.5478930981547881   0.003570512839506879    0.02266821570405395     -4.788154038351671
                1027.25     0.5085368136323389   0.003570353791929606    0.05068323847682608     -3.983567084243364
                 1027.5     0.4844980708640738   0.003570234535954437    0.04114331483284511      -4.19213428499918
                1027.75     0.4820463713230198   0.003570281716170285    0.04061956443005411     -4.204932692582873
                   1028     0.4277514432965878   0.003572532515079869    0.03977482360877459     -4.225318158646354
                1028.25     0.4326222865878311    0.00357393867157547    0.04308206176865906     -4.145052063209527
                 1028.5     0.4353371169143665   0.003575113135430942    0.04742852669455414     -4.048606331813538
                1028.75     0.4831478534923814   0.003575562175003614    0.04128718290049797      -4.18715250446548
                   1029     0.4821738381242735   0.003575286793579036    0.04142931093503491     -4.183793011576365
                1029.25     0.5146992826868172   0.003574943891867376    0.05309443039285253     -3.935805515243365
                 1029.5      0.410565703796392   0.003575357008877374     0.0317515197388623     -4.449821406639603
                1029.75     0.3845881221254415    0.00357797423380159    0.01065623043191359     -5.540885508450637
                   1030     0.3870287387019423   0.003580050917771606    0.01052141389530007     -5.553037408281566
                1030.25     0.3814093840606287   0.003581879673634502    0.01335437291129711     -5.314095429173439
                 1030.5     0.4544149146174311   0.003582776707989471    0.08151622290370959     -3.504886859401137
                1030.75     0.4687744932100318   0.003582536261507881    0.05742465490058265     -3.855282288903791
                   1031     0.4939974686989139   0.003582328886400737    0.04244899463561096     -4.157510685586239
                1031.25      0.527867382899454   0.003582584058954836     0.0457954748504072     -4.081557402346191
                 1031.5      0.531650669186883   0.003583301156224199    0.03886791026353869     -4.245373562974509
                1031.75     0.4852288675410043   0.003582991115501075    0.04289718007426144     -4.146822980473958
                   1032      0.534932754837061   0.003582890862893712    0.03519128514889337     -4.344858581294736
                1032.25     0.4969895599374889   0.003582715233669489    0.04224139019653801     -4.162305521603002
                 1032.5     0.4996014643653673   0.003582351145435515    0.04363143954298107     -4.130029720091892
                1032.75     0.4876195316472193    0.00358197894016825    0.04433442170937228     -4.114150217047795
                   1033     0.5386130734318434   0.003581941100143984    0.03239663945219189     -4.427867473383443
                1033.25     0.5500800587082585   0.003582074409154029    0.02140664528821823     -4.842183552598238
                 1033.5     0.5774524826346913   0.003582822494898346    0.01291481938270206     -5.347300692856249
                1033.75     0.5508271038746956   0.003583574504396631    0.02128929392738088     -4.847261949377475
                   1034      0.537685245563323   0.003583639977464066    0.03354297533887454     -4.392620530432539
                1034.25     0.5473015853381304   0.003583562517511788    0.02387829514091413     -4.732499714954312
                 1034.5      0.602661750972513   0.003584117628413809   0.007172207745309116     -5.935101193920006
                1034.75     0.5370169055721655   0.003584173192231433    0.03451057726932919     -4.364033348170612
                   1035     0.5498836711662204    0.00358382547092623    0.02226857452951993     -4.802219762540569
                1035.25     0.5896964426762102   0.003583833300765654   0.009170669522376249     -5.689383752581096
                 1035.5     0.5951837806303545   0.003584522154091271   0.007834962080813825     -5.846605819511431
                1035.75     0.5894378315211696   0.003584781529900314   0.009409965602133282     -5.663360200135952
                   1036     0.5773426363695967   0.003584973048052474    0.01310399692361129     -5.332158782016918
                1036.25     0.5847231463419575   0.003584740884043127    0.01103094220356036     -5.504436585262133
                 1036.5     0.6029596156103171   0.003585010256949896   0.007286168779257896     -5.919087832095264
                1036.75     0.5553183229555011   0.003584696258570462    0.02017794387868228     -4.900563164917337
                   1037     0.5763592515712065   0.003584442413433987    0.01370700046793674     -5.287317416276255
                1037.25     0.5915008755637972   0.003584166649946708   0.008915542062592473     -5.717504985165867
                 1037.5     0.6096569827905003   0.003584583543305264   0.006721438859724862     -5.999882481899113
                1037.75     0.6515747308560377   0.003584841184426719   0.006464711352787611      -6.03875449380383
                   1038     0.5677375237482338   0.003584907977306822    0.01648072403998757     -5.102902767515752
                1038.25     0.5762566025231454   0.003584498740314192    0.01396416702655147     -5.268713837125211
                 1038.5     0.5941020323044928     0.0035840968178019   0.008298638896288684     -5.789229008807319
                1038.75     0.5732210576798281   0.003583906886393383    0.01542877301351794     -5.169139372316057
                   1039     0.5528907417734497   0.003583514092002292    0.02136736165242491     -4.843618520129697
                1039.25     0.5631347162124043   0.003583179883995249    0.01700785288163872     -5.071901216877755
                 1039.5     0.5943833333310033    0.00358289990332842    0.00834683239628109     -5.783772415876669
                1039.75     0.6165050656773005   0.003582807169387664   0.005592963155888079     -6.184171183455076
                   1040     0.5600080991245573   0.003582493061054235    0.01827382774078374     -5.000298228521612
                1040.25     0.5679625750838262   0.003582199270888738    0.01712335130836373     -5.065406991585578
                 1040.5      0.467430250494541    0.00358286457913332     0.0599948816908262      -3.81140513475334
                1040.75      0.502481166238241   0.003584347613490256    0.04643216999820041     -4.067258011701789
                   1041     0.5352079062193273   0.003584685445139521    0.03629041986641399     -4.313602511233118
                1041.25     0.5204324720814778   0.003584330439771226    0.05583238154989575     -3.882901325363075
                 1041.5     0.4925412877965709       0.00358467663125    0.04436621371498754     -4.112680533509832
                1041.75     0.4784450342638213   0.003585027571228786    0.04267883335999329     -4.151357774188591
                   1042      0.490106331764164   0.003585063782813993    0.04541372142850419     -4.089236471441758
                1042.25     0.5310697868949529   0.003584983440762305    0.04125490933889415     -4.185303055424819
                 1042.5     0.4903279918933233   0.003585125940865824    0.04585026157908048     -4.079652523232063
                1042.75     0.5024531361028708   0.003584948085255219    0.04683090002958505     -4.058539795468178
                   1043     0.5366924725012906   0.003584758235377609    0.03577633336571574     -4.327849400832229
                1043.25     0.5357885906053554   0.003584464937466468    0.03694876883358167     -4.295685490807891
                 1043.5     0.4972237012922895   0.003584127338453074    0.04423049460391752     -4.115897531861327
                1043.75     0.5408288379467151   0.003583811982626117    0.03213613426603072      -4.43541892176998
                   1044     0.5027779888203967   0.003583498971826514    0.04791441219393009     -4.036071000837116
                1044.25     0.5189509605735378   0.003583116159954562    0.05621123937743197     -3.876477447035377
                 1044.5     0.5210857934436705   0.003582778659891513    0.05679952183261075     -3.866160461819528
                1044.75     0.5106344847785262   0.003582526194143319    0.05244285757238724     -3.946034688381531
                   1045     0.5418560442208297   0.003582171182781264    0.03120501866035012     -4.465279001810837
                1045.25     0.5477526513060735   0.003581949170094626    0.02451579669045102     -4.706602244583005
                 1045.5     0.5696848735429849   0.003581606437344392    0.01708618822440197     -5.067745174163264
                1045.75     0.5443493179160962   0.003581365160261909    0.02862971319486073     -4.551637871583622
                   1046      0.594859668750246   0.003581801358925177   0.008354389557868103     -5.783174087372744
                1046.25     0.6304207923669726   0.003583160170202142   0.005279676749233116     -6.241717016155754
                 1046.5     0.6303464677959107   0.003583787861483028   0.005343258081335668     -6.229571132969459
                1046.75     0.6295400985705496   0.003585167862057248   0.005386607176428518     -6.221106013620453
                   1047     0.6072054997836817   0.003585977077618051   0.007162357117621058     -5.935956914263414
                1047.25     0.5556723473667228   0.003586028521725729    0.02075125336993097     -4.872175053400425
                 1047.5     0.5823427026796104   0.003585663984441629    0.01209334205441194     -5.412228303939936
                1047.75     0.5274231747031389    0.00358547773012474    0.04850022822462132     -4.023366803584285
                   1048     0.5810330428026043   0.003585241888401244    0.01264124422064005     -5.368036267222461
                1048.25     0.5514418691279508   0.003584885774096149    0.02273077465292388     -4.781380701116923
                 1048.5     0.5704738424087943   0.003584494939301195     0.0170301433278588     -5.070224537087781
                1048.75     0.5328622495673767   0.003584197396426935       0.04037077212443     -4.207186398807332
                   1049     0.5025610778116039   0.003583992640613108    0.04830255769112309     -4.027865075172511
                1049.25     0.4995850636882115   0.003584575141220863    0.04641558314708297     -4.067551826961308
                 1049.5     0.5590375768705839   0.003584396137427515    0.01930984544492358     -4.944621919465431
                1049.75     0.4986319567280329   0.003584377244902363     0.0462868483308343     -4.070384415357379
                   1050     0.5663147688965314   0.003584358672647854    0.01769541520618607     -5.031941886100586
                1050.25     0.5072324015970282   0.003584147967635024    0.05203274469846313      -3.95343302439424
                 1050.5     0.4818218153699042   0.003584210087404116    0.04273392010105845     -4.150295932236571
                1050.75     0.5206739934002312   0.003584552694915593    0.05774686907533165     -3.849124202646071
                   1051     0.4990093298736497   0.003584428328374522     0.0470384737526587     -4.054262173840089
                1051.25     0.4909569805154601   0.003584384713618938    0.04647549450134338     -4.066315025376359
                 1051.5     0.4869432143085587   0.003584136952705355    0.04601190888099823     -4.076409072073245
                1051.75     0.4947136433130547   0.003583978108693949    0.04652420700752954     -4.065380885432842
                   1052     0.5419471932908487    0.00358367619859551    0.03198431311588321     -4.440192318273242
                1052.25     0.4801331256279381   0.003583468510708346    0.04307029824004935     -4.142662217709509
                 1052.5     0.4735556974537699   0.003583362234876392    0.04990706593788213     -3.995362904292421
                1052.75     0.5156453816417716   0.003583112207844863    0.05607424989233863     -3.878918572391394
                   1053     0.4754817867310729   0.003582770244417667     0.0472180070550562     -4.050915392701362
                1053.25     0.5342109143259254    0.00358260345668971    0.03957661934128562     -4.227498748534427
                 1053.5     0.5023954760868962   0.003582342601192021    0.05012593093551613      -3.99127162838418
                1053.75     0.4814957967240737   0.003582002880724368    0.04409374221938128     -4.119587049949462
                   1054     0.5137767290112611    0.00358172592974543    0.05532218575171222     -3.892808225814058
                1054.25     0.5204635190560766   0.003581384349263062    0.05912913897186914     -3.826353766886607
                 1054.5      0.522624201457364   0.003581038203019445    0.05817141921905009       -3.8427801157846
                1054.75     0.5158913439259383   0.003580645111957434    0.05815343514439855     -3.843199096287006
                   1055     0.5192303847271433   0.003580481969859071    0.06075475976164995     -3.799484181466052
                1055.25     0.5391991363266641   0.003580083844088235    0.03560248794229053     -4.334025288696576
                 1055.5      0.531899673694761   0.003579981687580935    0.04240871723383358     -4.159115408964402
                1055.75     0.4884783540947472   0.003579872484630843    0.04772597298146068     -4.041024092793702
                   1056      0.510321415192188   0.003579491730160664    0.05459439199149427     -3.906675048191758
                1056.25     0.5601990682451172   0.003579369681681026    0.01900862934634882     -4.961747259881955
                 1056.5      0.563505472770813   0.003579536771779965    0.01818316379120702     -5.006097532196213
                1056.75     0.5657700351697342    0.00357944673579939    0.01829436459052941     -5.000025718460384
                   1057     0.5464924369605603   0.003579315851607992    0.02682229524223959     -4.617421897465793
                1057.25     0.5621140850987729   0.003579132777365117    0.01886465457147837     -4.969416457599869
                 1057.5      0.579865622342341   0.003578948705343155    0.01328592405636678     -5.320052797683232
                1057.75     0.5583061817447527   0.003578890026506798    0.02082679868363687     -4.870533770844696
                   1058     0.5518910872055905   0.003578595067449566    0.02363867793695068     -4.743972480137348
                1058.25     0.5610400017526224   0.003578487347920079     0.0198721055969159     -4.917569828207032
                 1058.5     0.5619079775017752   0.003578133293430183    0.01977089720060362     -4.922774774325269
                1058.75     0.5669192689106288   0.003577746259078809    0.01895124125248748     -4.965224533971856
                   1059     0.5978247244732952   0.003577503113314212   0.008018904489554947     -5.825360112474328
                1059.25     0.5959985178041546   0.003578006562488993   0.008397886277657212     -5.779041170627824
                 1059.5     0.5699553237419945   0.003577777958008069    0.01844895611392757     -4.992077315122761
                1059.75     0.5912074777404631   0.003577384962349146   0.009630588955806284     -5.642250571969622
                   1060     0.6363781487357691   0.003577975007591677   0.005877257818355242     -6.135939734657029
                1060.25     0.6767069149731061   0.003579797551408458   0.007322165695391411     -5.915614637237664
                 1060.5     0.6550689181700414   0.003581692440343693   0.006924404080380284      -5.97093959800937
                1060.75     0.6331304263011652   0.003581805820426609   0.005801999680093174     -6.147757307495279
                   1061     0.6623939807940167   0.003582543204827263   0.008505889704506126     -5.764995259833633
                1061.25     0.6430317822927963   0.003582803439608567   0.006539708823219375     -6.027788810720257
                 1061.5     0.6676678931710071   0.003583449465404938   0.009301064848001006     -5.675372262686501
                1061.75     0.6556154537534568   0.003584026949377393   0.007150319605038103     -5.938182960252609
                   1062     0.6399843921333339   0.003583868729181499   0.006414994395298533     -6.046746038487048
                1062.25     0.6594970060854287   0.003583586029760036   0.008012146545935519     -5.824504338612575
                 1062.5     0.6905639881199235    0.00358387783249013   0.007739460355482597     -5.859049659134787
                1062.75     0.7190741519759707   0.003584880434343215     0.0077228494810432     -5.860918508862297
                   1063     0.6483288125198513   0.003585697246233509   0.006752609894239209     -5.994945004229478
                1063.25     0.6573443680998251   0.003585457420222953   0.007640710691215622     -5.871450350422187
                 1063.5     0.6127733910073422   0.003585085260053172   0.006430333904976325     -6.044018308060871
                1063.75     0.6594685003066082   0.003584733601493393   0.008187403929320533     -5.802546001254049
                   1064     0.7017764819063204   0.003585327158365669   0.007307402036909988     -5.916089490870129
                1064.25     0.7128882798145794   0.003586494345224721   0.006838417132699111     -5.982095519000974
                 1064.5     0.7654343448816473   0.003587830820287251      0.012093671202634     -5.411596964193991
                1064.75     0.7701740104507467   0.003590067078064533    0.01316735836118054     -5.325915227763848
                   1065      0.737764436359331   0.003591719256955415    0.01257019095680934      -5.37186782692524
                1065.25     0.7069896240211418   0.003591762689055117   0.006733013014222588     -5.996161206208425
                 1065.5     0.6296037087715323   0.003591545299863927   0.005679277172503039     -6.166420508604313
                1065.75     0.6406735225474216   0.003591633499324428   0.006544330256518328     -6.024620852555665
                   1066     0.6905833741746917   0.003591301290362512   0.007830786519536736     -5.845249462709372
                1066.25     0.7072961636560693   0.003591083079668596   0.006813342121050382     -5.984490413457021
                 1066.5     0.7688903926687731   0.003591730154654844    0.01322921964440748     -5.320765014177873
                1066.75      0.731170392247816   0.003592685364528053     0.0105520875060875     -5.546603386900684
                   1067     0.7055116781684719    0.00359246894743976   0.007038305649968804     -5.951619868709222
                1067.25     0.7196623335466638   0.003592433062601999   0.007926497585921167     -5.832786052405669
                 1067.5     0.7200406959475496   0.003592081094767622   0.008092276154546944     -5.812185258144675
                1067.75     0.6974216634817794   0.003591759926332573    0.00782004859194433     -5.846493949512412
                   1068     0.6714334960235789   0.003591378893109703   0.008731617233406362      -5.73634020606448
                1068.25     0.6443129294137029   0.003591447077647558   0.006811972115931717     -5.984590154010724
                 1068.5     0.6079262189894377   0.003592286943997533   0.007380235825720551     -5.904232406164486
                1068.75     0.6105278241648627   0.003593022791646353   0.007045231885289938     -5.950482119265029
                   1069     0.6110731819672395   0.003593402577529018   0.007020859262107288     -5.953841871038593
                1069.25     0.6130431726845903   0.003593739093323806   0.006655262058399191     -6.007226011006471
                 1069.5     0.6375828226299153   0.003593810631833557   0.006386745227012981     -6.048389149039372
                1069.75     0.6565538453407262   0.003593522677531732   0.007640638985107128     -5.869212825316438
                   1070     0.6231684107463906   0.003593238320976224    0.00550369352696054     -6.197353778024538
                1070.25     0.6532264459619433   0.003592958429313437   0.007199637802892721     -5.928820372649442
                 1070.5     0.6286185072020377   0.003592613786926783   0.005738629131463241     -6.155726663934797
                1070.75     0.6124958953013677   0.003592806976330012    0.00688345513268959     -5.973772520460212
                   1071     0.6313119756714041   0.003592591233522278   0.005964459017698797     -6.117134937526638
                1071.25      0.643754770800366   0.003592285704304969   0.006947955783321272      -5.96459085965428
                 1071.5     0.6384734099213587   0.003591933450752129      0.006657810308526     -6.007345759224044
                1071.75     0.6207068448430142   0.003591695280280478   0.005645516340820835     -6.172341054329125
                   1072     0.6679032226454565   0.003591361999159295   0.009493666835031519      -5.65267058554995
                1072.25     0.6411015580320487   0.003591029546879235    0.00698927992464686     -5.959010551292821
                 1072.5     0.6321922263168505   0.003590697969376614   0.006133955706111037     -6.089640581743471
                1072.75     0.6575297146463271   0.003590289037001148    0.00799711986806189      -5.82451285908193
                   1073     0.6597204742714484   0.003589900402021127   0.008557066426605546      -5.75694514721717
                1073.25     0.7017334473666719   0.003589613163179712   0.007645801112234296     -5.869625964767303
                 1073.5     0.6643066437560509   0.003590019836064805   0.009513216670599654     -5.650987242326653
                1073.75     0.7101106233892799   0.003590162997353392   0.007014071890126202     -5.955711024590333
                   1074     0.6992639041488439   0.003589939094129541   0.007960872741272098     -5.829153158764537
                1074.25     0.7241788904100309    0.00359044661509143   0.008985204266180137     -5.707971176216786
                 1074.5     0.7072391986370269   0.003590565664919617   0.007162869517412779      -5.93460660221512
                1074.75     0.6826884095725435   0.003590227369568522   0.007752394774194413     -5.855609697014986
                   1075     0.7270703164020429   0.003590313953044246   0.009716840768064935     -5.629726837849836
                1075.25     0.6772829892750675    0.00359015011437033   0.007528928733634345     -5.884880248951618
                 1075.5     0.7345860436015085   0.003590106385619664    0.01175868342677501     -5.439053211770635
                1075.75     0.7451973063054756   0.003591055878835975    0.01424474007340283     -5.246993033564995
                   1076     0.7532866085092293   0.003591340738034299    0.01203662231011305      -5.41534757149856
                1076.25      0.758497047465715   0.003592450175905499    0.01094383249636923     -5.510216505210503
                 1076.5     0.7221106484028045   0.003592399461561185   0.008734876745385351     -5.735682844419412
                1076.75     0.7633026943470744   0.003592241860855703    0.01177759717406945     -5.436851366652093
                   1077     0.7503453844821385   0.003592516444109026    0.01333401981897509     -5.312655463558443
                1077.25     0.7603250203473404    0.00359254749107156    0.01131333097773096     -5.476983709094918
                 1077.5     0.7883798157116593   0.003592606224621403    0.01620228389576989       -5.1177969099109
                1077.75     0.8168055178395166   0.003594001380329164    0.00593787814938385      -6.12120900233059
                   1078     0.7263088790787089   0.003594077108716528   0.009776954860789814     -5.622511715794076
                1078.25     0.7627000649957596   0.003593928011490049    0.01188505389196096      -5.42729963718421
                 1078.5     0.7744088076035633   0.003593686777708145    0.01279831083912567     -5.353335200763889
                1078.75     0.7212327047047782   0.003593392831953544   0.008772889551954779     -5.731063962147787
                   1079     0.7050609369678926   0.003593321543779537   0.007436006090127133     -5.896416145686654
                1079.25     0.6451011378471517   0.003593976607510089   0.007140520647973944     -5.936782057251127
                 1079.5     0.6929446365890279   0.003594438165874946   0.007976831104604171     -5.825898105631715
                1079.75      0.701106935045621   0.003594387110928826   0.008126493081694731     -5.807324062280804
                   1080     0.7333102638899628   0.003594034068635617    0.01169912978189061     -5.443037301360233
                1080.25     0.7660290146107519   0.003594034634202534     0.0132097955830823     -5.321592961411502
                 1080.5     0.6904519185283399   0.003593760884049955   0.008191194892480495     -5.799567992501761
                1080.75     0.7607537900951025   0.003593707380209676    0.01174620070306179     -5.439112820450685
                   1081     0.7378486958691362   0.003593532975663583    0.01301846570828067     -5.336322407356609
                1081.25     0.7002974393838863   0.003593273200330819   0.008267534449439597     -5.790427155619878
                 1081.5     0.7168049482187027   0.003592898964974624   0.007911197471375017     -5.834588485285686
                1081.75     0.7299702465346934   0.003592522106749902    0.01094263236807084     -5.510306151167395
                   1082      0.745112209558343     0.0035921975700851    0.01455629795830799      -5.22503912933829
                1082.25     0.7721696019895939   0.003592072304900759    0.01362738964885514     -5.291016038499981
                 1082.5     0.7596740389621288   0.003591960727487028    0.01173699840400975     -5.440382704215691
                1082.75     0.7706854641372637   0.003591799593822555    0.01403462540958845     -5.261646154164907
                   1083     0.6991079668252141   0.003591471036303666   0.008442239853842645     -5.770017493493262
                1083.25     0.7039211110791221   0.003591486110679165   0.007953675321741878     -5.829626828699285
                 1083.5      0.749305549104566   0.003591139552920008    0.01397151382686695     -5.266336923968971
                1083.75     0.7531552501426286   0.003590985371015342    0.01285795192462962      -5.34943794219617
                   1084     0.7118103025442162   0.003590645406517444   0.007367530198615095      -5.90641253057353
                1084.25     0.7384846252965233   0.003590297843260704    0.01345850062504652     -5.303980943509933
                 1084.5     0.6799307284264008   0.003590413495496343   0.007635776347946498     -5.870715038464354
                1084.75      0.631101227148967    0.00359072741924314   0.006119456827556222     -6.091998885769297
                   1085      0.677927225532977   0.003592005915892183   0.007674249486946944     -5.865245731030067
                1085.25     0.7228050193488661   0.003591687598582017   0.009348902056049529      -5.66794594594559
                 1085.5      0.725288480578927   0.003591304945357698    0.01001948423691807     -5.598779778455672
                1085.75     0.7065975550518149   0.003590976297736007   0.007642164517866193     -5.869722038738532
                   1086     0.6230258954031859   0.003591076339312126   0.005718372595593682     -6.159690803227187
                1086.25     0.6565434676098262   0.003592565999717089   0.008033489182044213     -5.819341368180948
                 1086.5     0.7063235480851857    0.00359222152462407   0.007782048433018038     -5.851236611935786
                1086.75     0.7077249647387095   0.003591884866278433   0.007737089946872178     -5.857124292249657
                   1087     0.7031836474290474   0.003591487832012356   0.008403152230188437     -5.774653574922403
                1087.25      0.681339173333989   0.003591092752303329    0.00796089472816469      -5.82882908981964
                 1087.5      0.686663574458232   0.003590739630021116   0.008512648928119966     -5.761915657501723
                1087.75     0.7473498141739033   0.003590520643674043    0.01477508820511915     -5.210587279164852
                   1088      0.712879966770318   0.003590554422257317   0.007753000118112261     -5.855440524190095
                1088.25     0.7213984394017962    0.00359018251053747   0.009262486725726092     -5.677651433107822
                 1088.5     0.7288933713995632   0.003589848760629889    0.01098453059926034     -5.507228982892824
                1088.75     0.6922108120638516   0.003589499984610205   0.008391185617425313     -5.776632294002942
                   1089     0.7072690174687656   0.003589193505680066   0.008009702228985933     -5.823245917891493
                1089.25     0.7246519031639116   0.003588802210817291    0.01016484666052139     -5.585073167668803
                 1089.5     0.7285694542637103   0.003588440353028294    0.01113357056531294     -5.494144445008119
                1089.75     0.7080513044567727   0.003588059200775639   0.008038393459394331     -5.819986341946381
                   1090     0.7336605608035381   0.003587687153850403    0.01234605785922409     -5.390982471925069
                1090.25     0.7810632164422949   0.003587831711405884    0.01280921531153763     -5.354114132383346
                 1090.5     0.8074110829838693    0.00358899142923757   0.008069848936664462      -5.81582104332632
                1090.75     0.7901980780021332   0.003590322240215422    0.01671337733703081     -5.087375634520701
                   1091     0.7582506133904325   0.003590271443216088     0.0119305273417689     -5.424498781710125
                1091.25      0.765270512403365   0.003589958119663958    0.01335753966388757     -5.311605499551516
                 1091.5     0.8210417210673709   0.003590379668597504   0.005745327483615663     -6.155182163312583
                1091.75     0.7953183269719301   0.003591116176631862    0.01494521622896281     -5.198972699573202
                   1092      0.802193334499311   0.003590977793999971    0.01051900478994304     -5.550218897856684
                1092.25      0.775841976679299   0.003590851366535349    0.01294450902087344     -5.342766022175244
                 1092.5     0.7605291951320137   0.003590460492668908    0.01224464255922766     -5.398458065969275
                1092.75      0.759775481685572   0.003590215686411791    0.01231425386038165     -5.392857308063832
                   1093     0.8029697633087904   0.003590063413694065    0.01023154236947935     -5.578181826226908
                1093.25     0.7729614569024862   0.003589780952604954    0.01397810844094746      -5.26624342275772
                 1093.5     0.7598607998491795   0.003589385079291967    0.01245780657198852     -5.381498669381447
                1093.75     0.7869882153265789   0.003589346484550989    0.01614535782161649     -5.122224315243509
                   1094     0.7371449854568085   0.003589006627897547    0.01335243669231454     -5.312252679557894
                1094.25     0.7397922728278227   0.003588673936155499    0.01429820808444389     -5.243910052624675
                 1094.5     0.7660182310722959   0.003588275366405325     0.0140739982147623     -5.259826345967473
                1094.75     0.7521650726193574   0.003587873001372127    0.01363421806844473     -5.291684814946898
                   1095     0.7647231430150109   0.003587603542905811    0.01385509935074318     -5.275689238564153
                1095.25     0.7928156084702127    0.00358731952606957    0.01669861600236923     -5.089095915029688
                 1095.5     0.7232227198817348   0.003587066848416601    0.01003470366649617     -5.598442743911039
                1095.75     0.7591641135984557   0.003586922643595899    0.01277356157658112     -5.357154864850429
                   1096     0.7472900456564354   0.003586524857419253    0.01511497156695874     -5.188957555901716
                1096.25     0.7056576614608949   0.003586320420174529   0.008362590626231278     -5.780932043514208
                 1096.5     0.7438391948174152   0.003586106180131014    0.01541037523039713     -5.169719047198585
                1096.75     0.7118722455587791   0.003585836381587226   0.008071577637686291     -5.816486325949758
                   1097     0.7074411600081537   0.003585884926850276   0.008382297338568385     -5.778699722958364
                1097.25     0.7078107193150456     0.0035856479551823   0.008466480424208649     -5.768772944076467
                 1097.5      0.724158279916961   0.003585390759476084    0.01037226080387606     -5.565824551481819
                1097.75     0.7283534449747346   0.003585144794646876    0.01147757202711172      -5.46463329552116
                   1098     0.6682834171554706   0.003585494130896112   0.009721247846088774     -5.630616743507655
                1098.25     0.6834191718135872   0.003586100773870285   0.008490424622974826     -5.765822540034049
                 1098.5     0.7203054806117761   0.003586015715927714    0.00950625110370623      -5.65283567952593
                1098.75     0.6892151691451835   0.003585849255037981   0.008727329514209221     -5.738372267700743
                   1099     0.7527465957306663   0.003585612369655486    0.01385210956733697     -5.276460220167804
                1099.25     0.6596397856565626   0.003585379853440773   0.008837810859681694     -5.725923399964684
                 1099.5     0.6859772177749337   0.003585495054406814   0.008938859068897074     -5.714522515286329
                1099.75     0.6910446393614117   0.003585416588197755   0.008771630172889016     -5.733429690269245
                   1100     0.6520935368279296    0.00358520021657689    0.00739812370981083     -5.903786294165193
                1100.25     0.6381394670412575   0.003586515606594596     0.0068769245803191      -5.97647433901613
                 1100.5     0.5900294455496864   0.003588337858337634    0.01017223567586034     -5.584475910857677
                1100.75     0.7130026315917367   0.003588572166391451   0.008342722480267403     -5.782683032674647
                   1101     0.6939094502762527   0.003588267112152424   0.008762350378489844     -5.733693466000918
                1101.25     0.6971968135100064   0.003587879832045151   0.009024007577653209     -5.704377043919745
                 1101.5     0.6875222260274727   0.003587501641562029   0.009228344741318843     -5.682091293945513
                1101.75     0.7222144585710795   0.003587158851380317    0.01017336598062804     -5.584693420686653
                   1102     0.7340036802486088   0.003587033664873879    0.01286329953140698      -5.35012318755119
                1102.25     0.7127971796461605    0.00358669809523041   0.008438391333498855     -5.771803311623962
                 1102.5     0.7091567448901682   0.003586376486764114   0.008633081538233982     -5.749083158635009
                1102.75     0.6945970168704106   0.003586123404084443   0.009038905660909539     -5.703217131209092
                   1103     0.7336719206084844   0.003585838917495633    0.01294803290564936      -5.34389069863105
                1103.25     0.7146033176164855   0.003585575497691774   0.008667461820058073     -5.745332046283482
                 1103.5     0.7173852153566369   0.003585306618519349   0.009126636130467601     -5.693785846469257
                1103.75     0.7379390055352546   0.003584959611519188    0.01421413153720174     -5.250843173961242
                   1104     0.7023313831659995   0.003584776452397063   0.009158555308473119     -5.690442465842298
                1104.25     0.7414001166485468   0.003584403146194268    0.01537552140241983     -5.172458331162742
                 1104.5     0.7167706355647577   0.003584071535764813   0.009146109980627733     -5.691998925576358
                1104.75     0.7118537713319441    0.00358370281370324   0.008902435978591933     -5.719105514268516
                   1105     0.7208798265160249   0.003583332738155068    0.01020588649053569     -5.582569069854162
                1105.25     0.6196200463768261   0.003583700881980433    0.00583976459410836     -6.140740511246195
                 1105.5     0.6648448908876364   0.003584289142423821   0.009866164940623853     -5.616155641892201
                1105.75     0.7218544858043958   0.003584076458406632    0.01055718913897525     -5.548519139436229
                   1106     0.7214600784783385    0.00358368970414399    0.01059317601061549     -5.545224095902994
                1106.25     0.7371441682720951   0.003583431211966753    0.01425904025057134     -5.248115140792141
                 1106.5     0.7076209348931322   0.003583061606261571   0.009019799358860841     -5.706187308388849
                1106.75      0.763181860596581   0.003582790109062385    0.01366801747903637     -5.290626560382898
                   1107     0.7518632084960796   0.003582921370951382    0.01430485643758689      -5.24504944672532
                1107.25     0.6939401579718688   0.003582586930362084   0.009186780382609918     -5.687976348932958
                 1107.5     0.7264748771978421    0.00358228820614809    0.01170349558191336     -5.445937705577362
                1107.75     0.7098707132577311   0.003581913902426901   0.009120262848085718     -5.695431138497581
                   1108     0.7376719053612897   0.003581723993152641    0.01461598512790488     -5.223866982021336
                1108.25     0.7263648947772071   0.003581342608936688    0.01186019668009815     -5.432901292957054
                 1108.5     0.7237684526949006   0.003580971300642999    0.01147097128373365     -5.466373345847641
                1108.75     0.7080962815001126   0.003580600012882362   0.009224105537612671     -5.684476418140721
                   1109     0.7785501169620163   0.003580314636270699    0.01280934574045375     -5.356201306150655
                1109.25     0.7535831875343714   0.003580749090483233    0.01395033417359636      -5.27075154565376
                 1109.5     0.7425060482099513   0.003580389789990856    0.01606648116211447     -5.129620169640141
                1109.75     0.6991260063070466   0.003580045590799273   0.009570047160929896     -5.647813361765556
                   1110     0.7213557294638198   0.003579679175163167    0.01098607121603167     -5.509925632551641
                1110.25     0.6900901634581784   0.003579320337722235   0.009378207041204463     -5.668265500062097
                 1110.5     0.7053483943572082   0.003579497168154736   0.009401591616752383     -5.665725699807826
                1110.75     0.6739101585774182   0.003579468125259924   0.008476333903594575     -5.769334775758602
                   1111      0.710524493782636   0.003579157676977805   0.009441868603403358     -5.661545637593995
                1111.25     0.6969399792897657   0.003578815160014865    0.00967673566951519     -5.637070625471547
                 1111.5     0.6893387494489238    0.00357866642665297   0.009569219543982222     -5.648285156127147
                1111.75     0.7254964684879505    0.00357837298604406    0.01204835658399581     -5.417990538905698
                   1112     0.7270244036401098   0.003578086418078239    0.01245685626391738      -5.38472771773278
                1112.25     0.8536387667731583   0.003579170177849082   0.007088381043209501     -5.948239079983797
                 1112.5     0.8016033134021835   0.003581574656196517    0.01113563519432934     -5.495874134673846
                1112.75     0.7548192022268334   0.003581762141622443      0.013834985233568     -5.278771586849593
                   1113     0.7765952032900868   0.003581499099651443    0.01323499493490487     -5.323181121748717
                1113.25     0.7630081972855407     0.0035811874672698    0.01392968920799142     -5.272110113665907
                 1113.5     0.7270282704078226   0.003580891410638292    0.01261441429977887     -5.371375111460782
                1113.75     0.7312028130300199   0.003580554340127901     0.0134366858158678     -5.308320684764906
                   1114     0.7220036207499176   0.003580231647258052      0.011619139625129     -5.453745820054899
                1114.25     0.7407845163784379   0.003579911203910104    0.01589698858068658      -5.14035933983172
                 1114.5     0.7386799111745989   0.003579541441703412    0.01548597131537059     -5.166657789439398
                1114.75     0.7562228904633432   0.003579284629146214    0.01385441101692889     -5.278060407317949
                   1115     0.7413283205141181   0.003578959494353099    0.01637603407013756     -5.110935987425927
                1115.25     0.7042540112177492   0.003578710627295735   0.009666691180879367     -5.638138377572427
                 1115.5     0.7111491772778901    0.00357879304566978   0.009555934140176945     -5.649639087465755
                1115.75     0.7138239093103189   0.003578559541753096   0.009644308842485509     -5.640498689482251
                   1116     0.7128244516664445   0.003578191467831591   0.009763436349039287     -5.628325110822018
                1116.25       0.65301531601965   0.003578620832617887   0.007631186249373748     -5.874606241552989
                 1116.5     0.7506326755421839    0.00357871639440473    0.01523800180415891     -5.183030416887734
                1116.75     0.6942799664299484   0.003578479990126118   0.009688840483248515     -5.635914146347796
                   1117     0.7187284727315111   0.003578127140861768    0.01073732418341995     -5.533261598786951
                1117.25     0.7368227849698649   0.003577754934835399    0.01516779285345409     -5.187917251280365
                 1117.5     0.6864136688760194   0.003577457561235011   0.009692470276345117     -5.635825336823512
                1117.75     0.7112744919963208   0.003577235834512105    0.00994700226785758     -5.609965415327543
                   1118      0.696523724279382   0.003577022844934895    0.01001338529536133     -5.603373456033538
                1118.25     0.7062131894267282   0.003576765032527775   0.009973159560245292     -5.607470820191598
                 1118.5     0.6509685214226998   0.003576857916617427   0.007490244225633519     -5.893740888409388
                1118.75     0.7097369608395157   0.003576636621049919    0.01019363311803267     -5.585640841640313
                   1119     0.6772202313590402   0.003576423282580467   0.008135439207936643     -5.811234083362514
                1119.25     0.6591129388366983   0.003576382288354975   0.008986279521556539     -5.711776358404394
                 1119.5     0.6804528547296406   0.003576161657712497    0.00861817944429462     -5.753663106810328
                1119.75     0.7041081090187158   0.003575858018395734    0.01014625645745413     -5.590517062381221
                   1120     0.6812160227985076   0.003575521124537283   0.008915143704911015     -5.719964725145972
                1120.25     0.6973031665321966   0.003575219704540886    0.01026988807048159     -5.578584275139721
                 1120.5     0.7036175748797253   0.003574926653683085    0.01035350034863624     -5.570557710452348
                1120.75     0.7626152957138963   0.003574909838758546    0.01414710177919893     -5.258377292654039
                   1121     0.7051639770646296   0.003574922540978069     0.0104545631723056     -5.560844971049107
                1121.25     0.6815640769484348   0.003574548907679601   0.009117487020659707     -5.697793821756004
                 1121.5     0.6729982363568376   0.003574436650838562   0.008994067223853036     -5.711454284242439
                1121.75     0.6937100958894676   0.003574127943589802    0.01009777365067346       -5.5957908469576
                   1122     0.6755318894011616   0.003573766644096202   0.008635809064945198     -5.752289505235835
                1122.25     0.7268578830740704   0.003573444228144263    0.01299106682596242     -5.344035175897929
                 1122.5     0.7211475005756415   0.003573100420993628    0.01174369491035922     -5.445076853055304
                1122.75     0.6872106085113932   0.003572735353193489    0.01019509958409928     -5.586588350710492
                   1123     0.6685327707185715   0.003572537472380049    0.01017258167384325     -5.588854880772715
                1123.25     0.7560929530548212   0.003572389056809095    0.01424801082731016     -5.251975148939163
                 1123.5     0.7260222463027284   0.003572425698637134    0.01309404022151772     -5.336425016177389
                1123.75     0.6981268763570916   0.003572119556497234    0.01080073190055082     -5.529053997085195
                   1124      0.765554273860202   0.003572274111426957    0.01491918867351994     -5.205976416568845
                1124.25     0.6581741770471619   0.003572203416569575   0.008898764822976829     -5.722731938314579
                 1124.5     0.6075371499064195   0.003572771646801185   0.007820318035597375     -5.851760140938851
                1124.75     0.6373976668392866   0.003573641907391503   0.006880343927475075     -5.979573172325724
                   1125     0.6581147329836247   0.003573770322987797    0.00898806514815831     -5.712308276382832
                1125.25     0.6854945792172489   0.003573400484248492     0.0102012682970998     -5.585797315961875
                 1125.5     0.6601759655016557   0.003573060139284154   0.009544141478005952     -5.652477111463511
                1125.75     0.6411163862963081   0.003572830049858049   0.007357663608526439     -5.912726579756939
                   1126     0.6291388840275938   0.003573050686827518   0.006150321326535261     -6.091902936725647
                1126.25     0.6620464116988451   0.003573627615953294    0.01001158929638897     -5.604502460020035
                 1126.5     0.6380312572648715   0.003573291880644739   0.007140546503736178     -5.942550449503473
                1126.75     0.6801291881741256   0.003573184443749035   0.009113250515320409     -5.698640376140629
                   1127     0.7212022543572761   0.003572993729586729    0.01205040689728415     -5.419324779534562
                1127.25     0.7787405067165937   0.003573064038316574    0.01313266640213598     -5.333300783900433
                 1127.5     0.7111975073636716   0.003574135163378689    0.01039932309288734     -5.566363079061259
                1127.75     0.6969790025603301   0.003573912148238758    0.01079141811604091     -5.529414995398495
                   1128     0.7169110716142627   0.003573673826715152    0.01075364899880868     -5.532987741918786
                1128.25     0.7150736640732932   0.003573447090466668    0.01057851486910844     -5.549471283883003
                 1128.5     0.6949266761572763   0.003573172502155544    0.01065019151711747     -5.542795298348612
                1128.75      0.668762837626388   0.003572977859811122    0.01033228605134369     -5.573154087100298
                   1129     0.6931036468320356   0.003572679419486466    0.01057919328121483     -5.549622004346075
                1129.25     0.6522610630157445   0.003572330731199246   0.007949861066105356     -5.835454329205369
                 1129.5     0.6303866544263872   0.003572478487387067    0.00641545585543588     -6.049857364922278
                1129.75     0.6103844039854646   0.003573184887898437   0.007641713538008645     -5.874747843750934
                   1130     0.7143604922302816   0.003573039586848709    0.01079271456288068     -5.529539042994863
                1130.25     0.6398806604083567   0.003572737445458936    0.00751967964384989     -5.890971400502077
                 1130.5     0.6004227762966388   0.003573521342839881   0.008170011421529516     -5.807805243360662
                1130.75     0.6053836420033389   0.003573628274184664   0.008190764236789197     -5.805238420504251
                   1131      0.633331007989121   0.003573753077155884   0.006802175012921129     -5.990968288828053
                1131.25     0.6395170321794033   0.003573586526117544   0.007612401285682473     -5.878478644198903
                 1131.5     0.6749562377026767   0.003573249527055517   0.009095161014144195     -5.700609101554034
                1131.75     0.6501211132909165   0.003572958116046199   0.007736306213070887     -5.862508833547316
                   1132     0.6300469264397355    0.00357259810022331   0.006558447290473631     -6.027780058723031
                1132.25     0.6393861985527125   0.003572233504245856   0.007705311626303841     -5.866726086159599
                 1132.5     0.6372586774089097    0.00357187259663417   0.007556092613674516     -5.886382828728934
                1132.75      0.655427240705155   0.003571501440743676   0.008814538304227831     -5.732438513066785
                   1133     0.6406206801648382   0.003571257812603628   0.008000654680335164     -5.829385794834507
                1133.25     0.6599542972367555   0.003570969517347919   0.009992055432022305     -5.607199577549598
                 1133.5      0.694981909386859   0.003570701788250534     0.0110369940075448     -5.507812152744331
                1133.75     0.7310796556012847    0.00357103653071829    0.01397607021439016     -5.271624535272934
                   1134     0.7257597887955615   0.003571303068311771    0.01346105972778035     -5.309095443333634
                1134.25     0.7177985329413048   0.003571832366837176    0.01143092486855744     -5.472425907853099
                 1134.5     0.6772412283246115   0.003571531674369877   0.008961812400643226     -5.715860002797891
                1134.75     0.7329912518035732   0.003571391553758206    0.01450236575671984     -5.234559927841369
                   1135     0.6736139417079888   0.003571533931052659   0.009437678587260077     -5.664121816784801
                1135.25     0.6974010685570451   0.003571155086487098    0.01142853980842425     -5.472824214457722
                 1135.5     0.6834584104700525   0.003570958050458666    0.01018353898003382     -5.588220517960457
                1135.75     0.7453096676122261   0.003570958168905592    0.01681562778191839     -5.086684396843063
                   1136     0.7276834331859587   0.003571062495655592    0.01398818959370914     -5.270750487929134
                1136.25     0.7382522122740266   0.003571127622072453    0.01609797843551229      -5.13025192286911
                 1136.5     0.7369263189471371   0.003571436160104985    0.01587578243824512     -5.144064398754079
                1136.75     0.7970248428655936   0.003571757341457352    0.01434429400171386     -5.245417070635641
                   1137     0.7691849865479991   0.003572720127314786    0.01548080239954155     -5.168899082906245
                1137.25     0.7330947665606029   0.003573034105671881    0.01503943996998274     -5.197735824232879
                 1137.5     0.6716050586596128   0.003572738689932208    0.01003181290569892     -5.602733254713969
                1137.75     0.6430840000294876   0.003573354075068866   0.007999660195758091     -5.828923293611431
                   1138     0.6870063966491614   0.003574035977983179    0.01079251608772968     -5.529278608046718
                1138.25     0.6894807962707771   0.003573688646852906      0.010916675042165     -5.517937292987855
                 1138.5     0.7064586966433974   0.003573324621496191    0.01082318026649982     -5.526640446403296
                1138.75     0.6751367682150314   0.003573009636472789   0.009405298536790162     -5.667145549745475
                   1139     0.6605895616168895   0.003573499358780186    0.01011948080560338     -5.593819343417276
                1139.25     0.6926726234109524   0.003573142465132068    0.01109846293998541     -5.501574954612704
                 1139.5     0.7005326141113873   0.003572784266553693    0.01168733487500877     -5.449976065813176
                1139.75     0.6900692411470879   0.003572463564776444     0.0112696101804572     -5.486461860120627
                   1140     0.7152687023683123    0.00357209721252638    0.01114524104996456     -5.497661557476162
                1140.25     0.7064579310879475   0.003571727889203388    0.01120046350292553     -5.492822387494198
                 1140.5     0.6572433194715763   0.003571481535226732   0.009585977146733196     -5.648545208131105
                1140.75     0.6673061932279951   0.003571443046105098    0.01100830395671267     -5.510207408536191
                   1141     0.7106440363623032   0.003571133854430057    0.01138013299320829     -5.477074763554945
                1141.25     0.6644417865272659   0.003570826182516701     0.0110704566918001     -5.504750036940675
                 1141.5      0.673260239937814   0.003570632178431347    0.01005472189866218     -5.601042004671672
                1141.75     0.6839912889774836   0.003570272879580263    0.01088338715209579     -5.521947488574664
                   1142     0.7087004486080101    0.00356991078903789    0.01151687493222423     -5.465473078770407
                1142.25     0.7071322215708304   0.003569642119097377    0.01159474008935461     -5.458810131687537
                 1142.5     0.7165491551315769   0.003569529803214987    0.01162411281317273     -5.456311519657699
                1142.75     0.7128401423220845   0.003569196691064906    0.01173134035080831     -5.447222553400182
                   1143      0.723424400764706   0.003568958820327627    0.01369903124508588     -5.292228005823198
                1143.25     0.7105882922502305   0.003568612350525038    0.01199740371437364     -5.424959938265659
                 1143.5     0.7402864565181956   0.003568383711549008     0.0172954486304234     -5.059270897052608
                1143.75     0.6862065026423669   0.003568544130931204    0.01142965587985549     -5.473457953648553
                   1144     0.6747302590098523   0.003568281732744695   0.009889348548015764     -5.618284584135964
                1144.25      0.726788114578095   0.003568189351232694    0.01445380885022807     -5.238810779729233
                 1144.5     0.7294405586632458   0.003567879147940326    0.01501547186644654     -5.200774560077355
                1144.75     0.7252236569253097   0.003567547574622325    0.01449964648990433     -5.235824355440744
                   1145     0.6735888901581571   0.003567261991273175    0.01024928437249381     -5.582820792265057
                1145.25     0.6637949506384287   0.003567173812232727    0.01119602181806442     -5.494494876980746
                 1145.5     0.6665749752939929   0.003567140124898359    0.01160289572608074     -5.458808142600075
                1145.75     0.7092455612002477   0.003566820826421569    0.01211404907198539     -5.415786496780305
                   1146     0.7262410420791052   0.003566565697420291    0.01487905101414166     -5.210269635702408
                1146.25      0.698658662729337   0.003566206610659107    0.01203603766771408     -5.422419285242016
                 1146.5     0.7099482556668075    0.00356582453330618    0.01228153343315993     -5.402334930312796
                1146.75     0.6915095212887045   0.003565447317632728    0.01162434086896551     -5.457436259197921
                   1147     0.6516683771377413   0.003565432817667752    0.00810697179936423     -5.817817168983676
                1147.25     0.6820978857335611   0.003565534242253227    0.01060420230519137     -5.549262763752627
                 1147.5     0.6714774999847122   0.003565397718236856    0.01093978375346274     -5.518145390640748
                1147.75     0.6991469600197097   0.003565113990566628    0.01212825782704166     -5.415092914638167
                   1148     0.6401131869726151   0.003565011462179902   0.008078722209398384      -5.82142604372198
                1148.25     0.6262598117845289   0.003565110518163851   0.006195910945664738      -6.08674242655752
                 1148.5     0.6377610728972852   0.003565041431868761    0.00788448908546828     -5.845753932205272
                1148.75     0.6277297566554878   0.003565340884864374   0.006440733766220929     -6.047924888754104
                   1149     0.6561434091672177   0.003565385641058253   0.009424073925616264     -5.667287336903572
                1149.25     0.6563422443175292   0.003565064672222128   0.009606193403034518     -5.648236799223391
                 1149.5     0.7199003718539447   0.003564873105004915    0.01299052282234745     -5.346478493906782
                1149.75     0.6551243268537217   0.003564673895055702   0.009332608899983259     -5.677239854126466
                   1150     0.6779682924517196   0.003564303244281464   0.009891553708630015     -5.619177206794044
                1150.25     0.6961997202519427   0.003563949425102806    0.01214927635984104     -5.413688102234297
                 1150.5     0.6962080431942046   0.003563608922454882     0.0123040200615219     -5.401127213520165
                1150.75     0.6602516407379097   0.003563472182611811    0.01087528158445448     -5.524599159212984
                   1151     0.6554457126617494   0.003563213457170563   0.009656631773923709     -5.643519326409062
                1151.25     0.6967322790937152    0.00356296946585365    0.01251537286456182     -5.384274995752706
                 1151.5      0.675157831901961   0.003562599206570979    0.01026355241092542     -5.582737619043835
                1151.75     0.5910320908062755   0.003562596550991083    0.01006258718964457     -5.602513075630144
                   1152     0.5967936593480273   0.003563777937373466     0.0087033357129793     -5.747299462413003
                1152.25     0.6696143543273699   0.003563663821755558    0.01152063272996102      -5.46689827311872
                 1152.5     0.6262840033247868   0.003563438367388807    0.00638117166195282     -6.057749391553838
                1152.75     0.6409441786101864   0.003563412276118165   0.008328975356277335     -5.791367997923873
                   1153     0.6437901024156393   0.003563203111750152    0.00831350551014326      -5.79328577729135
                1153.25     0.6255594340238764   0.003562842621874458   0.006402446573476173     -6.054588120453239
                 1153.5     0.5883642122407399   0.003562777108869382    0.01102000839748541     -5.511574137144568
                1153.75     0.5860513690239583    0.00356312276352467    0.01182861205201706     -5.440668342596432
                   1154     0.5707865885131066   0.003564367454941484    0.01856272500685878     -4.989684886206347
                1154.25     0.5598480767355802   0.003565348675750838    0.02119213191401015     -4.856935199405135
                 1154.5     0.5775538612500354   0.003565723929003848    0.01460051901855017     -5.229402854218136
                1154.75     0.5778998750898673   0.003566142640645945    0.01461893260230784     -5.228025069346435
                   1155     0.5987019519084035   0.003566353767588155   0.008424034657061593     -5.779194421259678
                1155.25     0.6070665079278881   0.003566023098443801   0.008098920695844048     -5.818645228203382
                 1155.5     0.5969143814603597   0.003565862019843829   0.008808992755442932     -5.734648101248625
                1155.75     0.5580527083876288   0.003565575354817174     0.0225047868931229     -4.796773562324333
                   1156      0.583240898082341   0.003565717401660309     0.0129041238833506     -5.352914820937713
                1156.25     0.6770246357239174   0.003565674644194137     0.0100765910405142     -5.600258738417407
                 1156.5     0.5952318053547726   0.003565881480871576   0.009253867303865916     -5.685374196337868
                1156.75     0.6078009710071193   0.003565711792711571   0.008133088051167553     -5.814522649587569
                   1157     0.5985051001060915   0.003565343666224596   0.008814137133477614     -5.734209656227536
                1157.25      0.540425047963712   0.003565658080339836    0.03536614693932946     -4.344723337367136
                 1157.5     0.5859782385889876     0.0035656348952162    0.01214434390985367     -5.413621361597253
                1157.75     0.6009396557559832   0.003565309592458615   0.008673622579133207     -5.750289605384124
                   1158     0.5971035111795634   0.003564973286443997   0.009224071841478674     -5.688853898377313
                1158.25     0.5536576116223227   0.003564911443444865    0.02426639905847616     -4.721595178733806
                 1158.5     0.5400118796393025   0.003565186452714078    0.03622621602564843     -4.320827620677328
                1158.75     0.5702027850560006    0.00356515016018815     0.0190811703178182     -4.961918855206754
                   1159     0.5657674763524018   0.003565202836203865     0.0202027044735422     -4.904789601333992
                1159.25     0.5719472839341545   0.003564886610782319    0.01856660819107651      -4.98933007451154
                 1159.5     0.5297295005151903   0.003564624262558795     0.0467005080657462     -4.067013334323947
                1159.75      0.581756222042238   0.003564417072514325    0.01368810796090433     -5.294299080106304
                   1160     0.5444910258247558   0.003564105490669372    0.03070601898378829     -4.486455228802889
                1160.25     0.4872681277716949   0.003564665502569265    0.04848117563718449      -4.02958121770502
                 1160.5     0.4984991596656126   0.003566554333098063    0.04869891469136462     -4.024570329254137
                1160.75     0.4358436580623563   0.003568091027395759    0.04942569866051943     -4.009325799123427
                   1161     0.4507673313311412   0.003570160737788739    0.08397008253480909     -3.478755835934852
                1161.25     0.4921396281049764   0.003570926601977146    0.04927355653445686     -4.011614357383822
                 1161.5      0.489041656517629   0.003571006336921484    0.05001647237873704     -3.996627188498135
                1161.75     0.5028486378061719   0.003570859989887602    0.05203640393441578     -3.957077020794871
                   1162     0.5085945219158529   0.003570623149677107    0.05521821895234551     -3.897793945805435
                1162.25     0.5015238561705561   0.003570499692203395    0.05187978535210616     -3.960192252557479
                 1162.5     0.5070186029147999   0.003570206297688894    0.05539629139171692     -3.894691000692618
                1162.75     0.4878739823787722   0.003570079785837765     0.0500006023334009     -3.997204033867204
                   1163      0.500912236053987   0.003569843024640633    0.05211926172178387     -3.955770819084165
                1163.25      0.479637563883835   0.003569544710104444    0.04541388388198609      -4.09357110425701
                 1163.5     0.4570781947789369    0.00356945232225287    0.07971610930441984     -3.530943167874502
                1163.75     0.4976778598101945   0.003569339244049992    0.05028309409300648     -3.991777618365763
                   1164     0.5016595148819675   0.003569001113641882    0.05367829468641172     -3.926532549844983
                1164.25     0.4941606501287015     0.0035687421533307    0.05040069226153578     -3.989608924372534
                 1164.5     0.4691824442859626   0.003568437407293963    0.05947669114119628     -3.824114741199256
                1164.75     0.4715004179754181   0.003568177314264031    0.05621134835716291     -3.880653456643695
                   1165     0.4935914773718688   0.003567871430884535    0.05109200936427308     -3.976229737820093
                1165.25     0.5171225080526717   0.003567652240502746    0.06142670335719526     -3.792074637960348
                 1165.5     0.4962836596812749   0.003567292612418176    0.05150066532445954     -3.968425367688527
                1165.75     0.4988649474974263   0.003567005644329226     0.0532158899976733       -3.9357435057398
                   1166      0.477956776630004   0.003566650738493856    0.04674433654148746     -4.065506938561215
                1166.25      0.490803342089954   0.003566304622553055    0.05249272551823739     -3.949622492015038
                 1166.5     0.4859823279923695   0.003565950844061871    0.05016814461239205     -3.995016039877139
                1166.75     0.4681745163650855   0.003565603216244722    0.06204982314209136     -3.782556124338134
                   1167     0.4622825139275966   0.003565269420957974    0.06983138274834688     -3.664503887195436
                1167.25     0.4779226410381477   0.003564946548937155    0.04754086485200473     -4.049088316080892
                 1167.5     0.5146798976085767   0.003564591579872804     0.0600559727535965     -3.815500540366699
                1167.75      0.497877066288058    0.00356425377401714    0.05336637444341071     -3.933691462946447
                   1168     0.4745789107835801   0.003563951075770865    0.05223675418114695     -3.955170898018046
                1168.25     0.4787880074595048   0.003563615078200835     0.0479926401426838     -4.040003860589588
                 1168.5     0.4857737052917946   0.003563239303904767    0.05098354930924523     -3.979653964313016
                1168.75     0.4710355091898505   0.003562884989467978    0.05929147495354052     -3.828790889085839
                   1169     0.4572067361544775   0.003562534441917717    0.08073801695959588     -3.520145262646339
                1169.25     0.4747105825393093    0.00356219413097762    0.05337774048731065     -3.934056532213932
                 1169.5     0.4888981135337196   0.003561929527326498    0.05342084271805082     -3.933323647428974
                1169.75     0.4844278964814549   0.003561568944455677    0.05091857709692756     -3.981398038489354
                   1170     0.4579585910894966   0.003561304503562421    0.07991710653618338     -3.530710189895596
                1170.25     0.4800476564112973   0.003560943445013706    0.04941182434825574     -4.011611753179746
                 1170.5     0.4483903583093196   0.003560666469842718    0.08227569964069827     -3.501803493956163
                1170.75     0.4738961778586641   0.003560323769290373    0.05555059676985328     -3.894681284288755
                   1171     0.5026471069894145   0.003559992609031221    0.05616245573675612     -3.883820075391949
                1171.25     0.4562437451045886    0.00355965722071818    0.08451280055507045     -3.475259767744662
                 1171.5     0.4735423199022858   0.003559347629417781    0.05674358722782824     -3.873707102912958
                1171.75     0.4526686538222752   0.003559155205283187    0.08875547087088841     -3.426418745518859
                   1172     0.4979088019519383   0.003558796379150264    0.05447381405871091     -3.914684528237736
                1172.25     0.4582469877798871   0.003558470127231844    0.08142601126881793      -3.51280154672832
                 1172.5     0.4962763863129389   0.003558111469298698    0.05432305722702244     -3.917648348992286
                1172.75     0.5249974298412463   0.003557848480380876    0.05705063311291558     -3.868731853929219
                   1173     0.4893221256969456   0.003557616709486123    0.05464209763433398     -3.911931568748884
                1173.25      0.493559920806032   0.003557264701283686    0.05497574157169487     -3.905943097602096
                 1173.5     0.4703916810841641   0.003556901201545219    0.06250826311518543     -3.777638555761345
                1173.75     0.5166574962278175   0.003556602576727852    0.06256987384676461     -3.776737359773125
                   1174     0.4809052888570777   0.003556334172126918    0.05042992728562912      -3.99251194880609
                1174.25     0.4835162834201455   0.003555969651953025    0.05203113436865604     -3.961356969844765
                 1174.5     0.5324852309816235   0.003555656728245424     0.0435255300278637     -4.139939587398977
                1174.75     0.5423569534617461   0.003555791665920145    0.03409548780895497     -4.384084247891955
                   1175     0.5020108734251609   0.003555749436565095    0.05746073159466034       -3.8621593916833
                1175.25     0.4844205795467413   0.003555382459852991    0.05315537119675666      -3.94014523228894
                 1175.5      0.503903243987229   0.003555041938363669     0.0580179510708661     -3.852707706330475
                1175.75     0.4954350192526541   0.003554683587585337    0.05583837773217637     -3.891099570053499
                   1176     0.5111794619140388   0.003554367158791811    0.05874838360402137     -3.840386357879844
                1176.25     0.5142715666666884   0.003554013347726009    0.06150597225344443     -3.794615265080598
                 1176.5     0.4822974972948609   0.003553671603732699    0.05250086301089584     -3.953016099054392
                1176.75     0.4884498292487065   0.003553300444354185    0.05633440423464472     -3.882644720033573
                   1177     0.4796924518996705   0.003553019460177325    0.05235005721125097     -3.956076206094826
                1177.25     0.4811883568349989   0.003552683238523533    0.05327090052582471     -3.938733644866589
                 1177.5     0.4578164615344563   0.003552530099405462    0.08351899385912291     -3.489092899358651
                1177.75     0.4754758381262089   0.003552199084223454    0.05559934500563972     -3.896088737648145
                   1178      0.503462032173531   0.003551921310634516    0.05918979482941385     -3.833589216668093
                1178.25     0.4917446249901695    0.00355157664453233    0.05701005740829808     -3.871207702264057
                 1178.5     0.4846059520280782    0.00355129360127895    0.05575660915800931     -3.893519145335438
                1178.75     0.4912573761999745   0.003550917177258782    0.05786263335948429     -3.856549289377328
                   1179     0.5101032399030353   0.003550566513936328    0.05963405416654288     -3.826493068730745
                1179.25     0.4993306833368993   0.003550237619932008    0.05895448191935065     -3.838046840707842
                 1179.5     0.4932050765035104   0.003549902877300745    0.05806393846851754     -3.853361995048675
                1179.75     0.4890410095146228   0.003549552680327377    0.05905379706321977     -3.836556597314283
                   1180     0.4715426819438426   0.003549220281186531    0.06206915029271196     -3.786849999314558
                1180.25     0.4825130400210712   0.003548858287733489    0.05543167596839174     -3.900049888997413
                 1180.5     0.4772767273487943   0.003548538210546229    0.05517849853441337     -3.904717925301222
                1180.75     0.4882994734433914   0.003548360784310641    0.05963248099698288     -3.827140875664884
                   1181     0.4624510433372522   0.003548027545248519    0.07295893180239607     -3.625538497598179
                1181.25     0.5003082073782257   0.003547730152529826    0.06011608433334209     -3.819241593157926
                 1181.5     0.4811527815060189   0.003547373824148325    0.05600436102981237     -3.890189905292886
                1181.75     0.4705643257779587   0.003547010645105412    0.06440854986113977     -3.750475467345193
                   1182     0.4972890515363263   0.003546664926648858    0.05948518425451996     -3.830092048348847
                1182.25     0.4363223295470227   0.003546532853354088    0.05099716690569468     -3.984086484878034
                 1182.5      0.481110568299666   0.003546386601583368    0.05655872259749856     -3.880618367574909
                1182.75     0.4779538735528465   0.003546016962386129    0.05660991705019121     -3.879817856477328
                   1183     0.4515876638708188    0.00354573548895337    0.09039880537038697     -3.411850367359377
                1183.25     0.4383178650455209   0.003545549735396029    0.05587081772373095     -3.893091609440596
                 1183.5     0.5013690128089543   0.003545351397663202    0.06150703546954234     -3.797038184317235
                1183.75     0.4160793013103906   0.003545307235624416    0.03803017345166776      -4.27782232401852
                   1184     0.4975662236327311   0.003545118283472138    0.06070612455865432     -3.810210912896518
                1184.25     0.4796282358038499   0.003544752233916796    0.05733881397759707     -3.867380988357958
                 1184.5     0.4891460920319336   0.003544452395509326    0.06078357575766216     -3.809123737793406
                1184.75     0.5151563482372811    0.00354418049083613    0.06337923265010745     -3.767383823335675
                   1185     0.4643658394619382   0.003543976604707101     0.0709334114497937     -3.654836029001692
                1185.25     0.4458017141502333   0.003543874720903898    0.07786908760285371     -3.561577295328119
                 1185.5     0.4615205617328209   0.003543517774061991    0.07637948031532546     -3.580992997351347
                1185.75     0.4382826166561879    0.00354330929922879    0.05667107107440459     -3.879502039448024
                   1186     0.4377569635722035   0.003543150787895472    0.05608083730348826     -3.890016472912083
                1186.25     0.4625950351256985   0.003542905148229214     0.0750660983886387      -3.59851093922199
                 1186.5     0.4721704298323989    0.00354253546934292    0.06339680520239346     -3.767570856312739
                1186.75     0.4729684351475701   0.003542221693171132    0.06280769572399841     -3.776995293834606
                   1187     0.4774019659342202   0.003541862504462735    0.05853591993756215      -3.84753372858163
                1187.25     0.4731110682270943   0.003541501919751764    0.06362378286567642     -3.764288777247167
                 1187.5     0.4640458289162088   0.003541155913340663    0.07377837303441474     -3.616308187022663
                1187.75     0.4590485896501334   0.003540794663002739    0.08392524881064671     -3.487549339838741
                   1188     0.4733188409896327   0.003540443921164758    0.06404769993448872     -3.757946792434849
                1188.25     0.4701613639405974   0.003540086427305672    0.06918841549227116      -3.68084244663741
                 1188.5     0.4844105532236921   0.003539721174005465    0.06017332817316762     -3.820549870232754
                1188.75      0.467772490985736   0.003539357497889057    0.07213683548713892     -3.639317009264014
                   1189     0.4682728472064628   0.003538985639582846    0.07251893232096622     -3.634139223580664
                1189.25     0.4708988814797133   0.003538638515459038     0.0703072960953222      -3.66520939882049
                 1189.5      0.469397234932013   0.003538322015620014    0.07289549189532525     -3.629147624992711
                1189.75     0.5118214206957068   0.003538029140071005    0.06154447088708689     -3.798497181037435
                   1190     0.4898770680146836   0.003537766604413182    0.06169454356039765     -3.796135913073025
                1190.25     0.4741027164640674   0.003537424066225689    0.06603019941707369     -3.728316028745749
                 1190.5      0.443815876385238   0.003537102206371989    0.07312751601048337     -3.626314512314927
                1190.75     0.4636407179436074   0.003536942263430178    0.07738691392268178     -3.569746748380494
                   1191     0.4579167858399771   0.003536628840067951    0.08796102358647612     -3.441759259484326
                1191.25     0.4692142261261222   0.003536331164384828     0.0747294403330339     -3.604863106203679
                 1191.5     0.4639816092171673   0.003535967746190127    0.07859528972080908     -3.554528236802271
                1191.75     0.5393321692482091   0.003536007244724513    0.03836379132589259     -4.271714756256055
                   1192     0.5231925035471161   0.003536938519964997    0.06187122772048076      -3.79351024940982
                1192.25     0.4429134715284783   0.003536788859762584    0.07106034032205871     -3.655078436886238
                 1192.5     0.4737309658641384    0.00353662497454584    0.06804891234763996     -3.698427409219665
                1192.75     0.5088787728150924    0.00353644227065826    0.06120519193391322     -3.804473795467772
                   1193     0.4783167677198976   0.003536132229822565    0.06129523925272525     -3.803091314180211
                1193.25     0.4927147670321628    0.00353577084061808    0.06150639450186133     -3.799754550201595
                 1193.5     0.5017573872991727   0.003535749740156911    0.06298348081599331     -3.776029180239823
                1193.75     0.4881127959170855   0.003535455900988263    0.06262690832258676     -3.781789740468418
                   1194     0.5191399902270923   0.003535188433039342    0.06653753793868029     -3.721294158833632
                1194.25     0.5910093781211724   0.003535494392241999    0.01074054334023433     -5.544948206335116
                 1194.5     0.4661658042224346   0.003535775893450562    0.07820372312158096     -3.559577009520613
                1194.75     0.4702803817636133   0.003535499249433144    0.07575001698566951     -3.591533842016336
                   1195     0.4935734228360585   0.003535177919154152    0.06228889210460067     -3.787280288567885
                1195.25     0.5360569077866963   0.003535347179368973    0.04142167263852644       -4.1952112863547
                 1195.5     0.4951871096319783   0.003535224182452969     0.0625051175873886     -3.783801880330687
                1195.75     0.4526172655545381   0.003534907929771936    0.09398610204078645     -3.375992856014528
                   1196     0.4741166249667175   0.003534810944321865    0.06904806335257262     -3.684364381153591
                1196.25     0.4988431648299042   0.003534478834847267    0.06367555055335826     -3.765460504824812
                 1196.5     0.4692156110557627   0.003534278551648878    0.07817949807181551      -3.56031039893169
                1196.75     0.4792517103812329   0.003533977243701016    0.06181894281321922     -3.795193260267184
                   1197     0.4980854750300022   0.003533612747327271    0.06412024694647392     -3.758746062599869
                1197.25     0.4732072320840433     0.0035332680291091    0.07267979497701091     -3.633540377830979
                 1197.5     0.4630321570406318   0.003532940555611196    0.08138225937444164     -3.520539182189894
                1197.75     0.4666275532236344   0.003532718724998969    0.08096992490297454     -3.525681490611884
                   1198     0.4296353046437342   0.003532550901593991    0.04339289039412453     -4.149511173540576
                1198.25     0.4296466690208615   0.003532672449542796    0.04391197329711566     -4.137585354886277
                 1198.5     0.4783113305457607   0.003532453322203465    0.06360382155122557     -3.767160852906811
                1198.75     0.5108019537908399   0.003532175126043115     0.0624766516425871     -3.785120252981633
                   1199     0.4943032479162804   0.003532077724786528    0.06420780017879794     -3.757816040594261
                1199.25     0.5378556136432067   0.003531895397586909    0.04051468583729224     -4.218327842085201
                 1199.5     0.5066243971653813   0.003531616323389662    0.06295162936146166     -3.777704738699342
                1199.75     0.5083316046839651    0.00353130365406897     0.0632933990987911     -3.772378876464291
                   1200     0.4953823701002801   0.003531021253012251    0.06483526963821647     -3.748390154670883
                1200.25     0.5196772687368717   0.003530712636071172    0.06712780139350417     -3.713729013990107
                 1200.5     0.5016112439327948   0.003530415540910267    0.06618456796335349     -3.727964125985923
                1200.75     0.4817309115779443   0.003530131476898647    0.06246995882410373     -3.785806132200287
                   1201     0.4963666487607635   0.003529779195542289    0.06610542361703622     -3.729340917069308
                1201.25     0.4569381271868576   0.003529519321536995    0.09213510349277372     -3.397409322210389
                 1201.5     0.4890127503327937   0.003529236020101103    0.06548554474731987     -3.738916180380587
                1201.75      0.495422261986823   0.003528884782006918    0.06687264464702676      -3.71805515078917
                   1202     0.4887880401484747   0.003528540380651844    0.06626974192746662     -3.727209323038716
                1202.25     0.4974014965882966   0.003528188021540613     0.0681811275179721     -3.698874795650573
                 1202.5     0.5022333124657686   0.003527848331183805    0.06779324172397681     -3.704676372822957
                1202.75     0.4856610314178464   0.003527490573674469    0.06472736011048212     -3.751056309271033
                   1203     0.5184633957922493   0.003527165882908068    0.06818113388139441     -3.699164450687427
                1203.25     0.4970720078782606   0.003527028686532642    0.06930485485524121     -3.682856286403938
                 1203.5     0.4782867640165972   0.003526767390655301    0.06518415331958369     -3.744228940229093
                1203.75     0.4993513264721817   0.003526549971291097    0.07043287872457833      -3.66684680113974
                   1204     0.4731824774611825   0.003526235314429685    0.07450622534361667     -3.610713528170086
                1204.25     0.4990827712582467   0.003525912855804896    0.07115856330023619     -3.656776988598905
                 1204.5     0.5154550304648996   0.003525562674028635    0.06755099068809825     -3.708904252747494
                1204.75     0.5275360619164547   0.003525242771836593    0.05337424581846541     -3.944549383486932
                   1205     0.4900247517357786   0.003524959047519262    0.06837810811346119     -3.696905495356424
                1205.25     0.5051266708192172   0.003524620675934029    0.06658213397130239     -3.723617926727601
                 1205.5     0.4916453897479216   0.003524277628977123     0.0697012964478675     -3.677932625099593
                1205.75     0.5078872666553738   0.003523924987824909    0.06523802132138598     -3.744209160579425
                   1206     0.4985160013425349   0.003523571220623118    0.07230532985412948     -3.641454158754104
                1206.25     0.4926691343287008   0.003523245564276979    0.07086450089848548     -3.661674814700594
                 1206.5     0.5058373584021307   0.003522977095646076    0.06732700242252197     -3.712959251561875
                1206.75     0.4872108962403657   0.003522649724909347    0.06805729201505643     -3.702263681141792
                   1207     0.4655891837596399   0.003522315319721291    0.08250119383213704     -3.509895731813955
                1207.25     0.4860615390080872   0.003522033538321576    0.06771527466149654     -3.707476720617606
                 1207.5     0.5007688995356736   0.003521705544048407    0.07303955858136325     -3.631880435834788
                1207.75     0.4850414563172422   0.003521365317609772     0.0676977986047126     -3.707924579207173
                   1208     0.4563845005537273   0.003521222399718877    0.09416398834230966     -3.377981009303218
                1208.25     0.4952552584713201   0.003520985135789662    0.07295330777894182     -3.633266594792451
                 1208.5     0.4859734237022516   0.003520631476299428    0.06928064858215054      -3.68502103424851
                1208.75       0.50229137017257   0.003520269067078414    0.07288544128190844     -3.634400693204015
                   1209     0.4937704397971506   0.003519952158394178    0.07369992809658005     -3.623377808682684
                1209.25     0.4991283819815592   0.003519640437390868    0.07607663004104225      -3.59172707216569
                 1209.5     0.5483245132600363   0.003519758530626984    0.02712712400803479     -4.622900529164843
                1209.75     0.5007465850196965   0.003519595081749071    0.07693276156336327     -3.580549267088122
                   1210     0.5572297371036049    0.00351945304034976    0.02388495234193915     -4.750272787608226
                1210.25     0.5120597660138044   0.003519331201081518    0.06730530572723445     -3.714316988041124
                 1210.5      0.507522846019169   0.003519007391858623    0.06893443249004895     -3.690492272460441
                1210.75     0.5442326885295214    0.00351889933637763    0.03309829623229122      -4.42419697050957
                   1211      0.530875793884058   0.003518756727431095    0.04793835993146663     -4.053803288058782
                1211.25      0.481857542014792    0.00351844994975537    0.06812569158065487     -3.702452088390208
                 1211.5     0.5260310174985573   0.003518197235801495    0.05866478961603348     -3.852038610232924
                1211.75     0.5228226013630735     0.0035180395915512    0.06659643081826309      -3.72527214536775
                   1212     0.5323926857812367   0.003517724356361372    0.04687854392774387     -4.076452654306779
                1212.25     0.4873453754900146   0.003517476968990936    0.07261094899967296     -3.638967344845029
                 1212.5       0.45971225755975   0.003517506933150939    0.09009540031495988     -3.423205436934473
                1212.75     0.4812557962969273   0.003517317929200073    0.06883722879035199     -3.692383568433899
                   1213     0.4840405701704943   0.003517388660313237     0.0712125163515146     -3.658439579552773
                1213.25     0.4507835855844505   0.003517152055737785    0.09529182746825933     -3.367231392208224
                 1213.5     0.4589989706476282   0.003516934197325761    0.09282356947000217     -3.393536798075311
                1213.75     0.4733246460370884   0.003516871425746921    0.07603558885202102     -3.593053730468167
                   1214     0.4831457945068598   0.003516525657440389    0.07145212843140451     -3.655325864331935
                1214.25     0.4834824273972154   0.003516289657653984    0.07238928174897347     -3.642362424963047
                 1214.5     0.5354547819721829   0.003516002702602447    0.04446432939700492     -4.129815000780166
                1214.75     0.4175877886161913   0.003515957255587226    0.04061154901864795     -4.220462723027336
                   1215      0.465358304280076   0.003516270292492518    0.08558702368162772     -3.474892499388671
                1215.25     0.4829420292089396   0.003515941161882815    0.07282738349892254     -3.636427753674101
                 1215.5     0.4501780267949575   0.003515624156599154    0.09529068588447541     -3.367677880264402
                1215.75     0.4362328965164954   0.003515780357452019     0.0553160473894521     -3.911502467667989
                   1216     0.4116376632180851   0.003516412103908156    0.03480176643327181     -4.374717704218209
                1216.25      0.516144766961076   0.003516317754976601    0.07041710128416719     -3.669976531036468
                 1216.5     0.4780568913269492   0.003516039329200311    0.07097186852197235     -3.662208284341197
                1216.75     0.4939151446161106   0.003515701564920533     0.0762386870157673     -3.590718895859181
                   1217     0.4702084941482447   0.003515533750126987    0.08301455341687364     -3.505619732620429
                1217.25     0.4878418104825112   0.003515219562201986    0.07606045236706416     -3.593196592756391
                 1217.5      0.522060739892752      0.003515011059959    0.06894691066073645      -3.69144756091088
                1217.75     0.5041260443492042   0.003514834242860889    0.07372829166163855     -3.624448061797217
                   1218     0.4481149212621107   0.003514581550123468    0.09073843474407513     -3.416925534950305
                1218.25     0.5029398871644515   0.003514335158727803    0.07628818012303648     -3.590458653973366
                 1218.5     0.5026647219764857   0.003514029539943742    0.07756153950258146     -3.573991954958932
                1218.75     0.4931273083370781    0.00351372100604169    0.07761781920404037     -3.573354409026892
                   1219     0.5034003894545208   0.003513399412863998    0.07740483729246614     -3.576193691961502
                1219.25     0.4897973256424925   0.003513070544754265    0.07812195177864319     -3.567065486205419
                 1219.5     0.4825529196153188   0.003512750295993514    0.07438982162430902     -3.616108613284501
                1219.75     0.4785840835912427    0.00351239114873002    0.07253772247109659      -3.64142324942001
                   1220     0.5024466152355981   0.003512055420482709    0.07975744254476376     -3.546635513682839
                1220.25     0.4394139576772486   0.003511892708311206    0.06372246127550105     -3.771134794409699
                 1220.5     0.4466721332847377   0.003511706157735636    0.08743966544323074     -3.454776008473604
                1220.75     0.4838504836303658    0.00351156494659276    0.07651509843966221     -3.588277151979241
                   1221     0.4871095471642606   0.003511250997902719    0.07857058874511313     -3.561857206353432
                1221.25     0.5058353742106604   0.003510954542559004    0.07485255138120074     -3.610418883579658
                 1221.5     0.4940936376017339   0.003510636068468344    0.07965842197288754     -3.548282025230934
                1221.75     0.4759237132307105   0.003510294497740193    0.07445203622921073     -3.615971984910923
                   1222     0.4879832088251358   0.003509936120286244     0.0802981911711641     -3.540482097632632
                1222.25     0.5112400027410193   0.003509618965202761    0.07025684909030294     -3.674161756335223
                 1222.5     0.4735579031629384   0.003509316749264438    0.07893755939123469     -3.557748517713174
                1222.75     0.5109863541928522   0.003509033161722081    0.07113695231625461     -3.661879558419884
                   1223     0.5234024988965559    0.00350879599038967     0.0672882249379967     -3.717568816887212
                1223.25     0.4806366790039584   0.003508546309290614     0.0762963379767144     -3.592000293537035
                 1223.5     0.4577527040500111   0.003508232480390925    0.09714991123415544     -3.350459424477396
                1223.75     0.4505981342297152   0.003508684062867018    0.09931005173975853     -3.328339182182192
                   1224     0.4615396357959599   0.003508397242465782     0.0906773460571817     -3.419360165205687
                1224.25     0.4809863803935749   0.003508072563345458    0.07734452190458048     -3.578490518672906
                 1224.5     0.4628795956005623   0.003507741550871982    0.08983423995999196     -3.428888438871702
                1224.75     0.4849761443530389   0.003507402685425366    0.08043094409058361      -3.53955226362101
                   1225     0.4883770082032781   0.003507051320685111    0.08220570189526037     -3.517826759791693
                1225.25     0.3691359700633229   0.003507260098972823    0.07720521092641246     -3.580524942538401
                 1225.5     0.4376562378129839   0.003508134919512516    0.06017300978111957     -3.829518586841149
                1225.75     0.4475059751241556   0.003507801938508711    0.09192672731675257     -3.405845599925744
                   1226     0.4629509555115132   0.003507577718313686      0.090651624379762     -3.419877483618651
                1226.25     0.4819500566991893    0.00350733650007643     0.0799249387158162     -3.545882184700253
                 1226.5     0.4416491425346142    0.00350699873260869    0.07283012578264474     -3.638936735337625
                1226.75     0.4863063631320196   0.003506695720025255    0.08291509273860151     -3.509335721477933
                   1227     0.4887923581368593   0.003506773777007791    0.08430168989275079     -3.492728656473488
                1227.25     0.4777976811769358   0.003506468942703202    0.07690832148284681     -3.584603416118056
                 1227.5     0.4246043482046342   0.003506218791051901    0.04298417209638457     -4.166456883955526
                1227.75     0.3826954524674928   0.003507108599837066    0.01272725990527227     -5.383288950768972
                   1228     0.4295182045462991   0.003507412829462329    0.04584597587776073      -4.10166092259809
                1228.25     0.4531499947543056   0.003507159306977835     0.1045097068201121     -3.277740679530164
                 1228.5     0.4528267680631471   0.003506837042027005     0.1053789469491049     -3.269549654976408
                1228.75     0.4433651819828009   0.003506549193720872    0.07967296257582047     -3.549264323926734
                   1229     0.4874873533210368    0.00350639836803033    0.08510348556841228     -3.483369632469131
                1229.25      0.478066400840379   0.003506187737357486    0.07812177375808611     -3.569028886584618
                 1229.5     0.4576361212378517   0.003505850779818803     0.1017163049882166     -3.305206191616783
                1229.75     0.4659204180514182   0.003505534411954516    0.08949732146212475     -3.433275353193626
                   1230     0.4688195336275747   0.003505221042734019     0.0882523380088909     -3.447373258453634
                1230.25     0.4808244648855654   0.003504879333041514    0.08210426066287041     -3.519681026477845
                 1230.5     0.4713311432725385   0.003504562705444894    0.08581230252415077     -3.475598898494813
                1230.75     0.4583630898598165   0.003504367572312182     0.1014017401489692     -3.308726709818048
                   1231     0.4813070328052974   0.003504037181694563    0.08348752565764114     -3.503214018799883
                1231.25     0.4803078279255241   0.003503734992674534    0.08318501885838868     -3.506930220321332
                 1231.5     0.4680081116774458   0.003503439677984869    0.09067882082829216     -3.420757957473605
                1231.75     0.4861106546425089   0.003503171971970177    0.08684538322152729     -3.464028861424239
                   1232     0.4817305268344477   0.003502884852765829    0.08607558599744781     -3.473014340578263
                1232.25     0.4865756130222288   0.003502557786041229    0.08833622405843101     -3.447183270828576
                 1232.5     0.4842079530542839   0.003502237423843731    0.08919873564824511      -3.43755813705975
                1232.75     0.4977331063014398   0.003501924608241781    0.08237176746581461     -3.517271574612339
                   1233     0.5006716199232516   0.003501771655389472    0.08349166995809343     -3.503811136827399
                1233.25     0.5226962734182584   0.003501535984227493    0.06951362043232273     -3.687102594729476
                 1233.5     0.5136630048720517   0.003501954117197192    0.07182416975628986     -3.654284852973909
                1233.75     0.5384373703946592   0.003501909676153774    0.04196349140960515     -4.191718600838245
                   1234     0.5292212083192858   0.003501882764315227    0.05377319310975628     -3.943751200228893
                1234.25     0.5404710443044803   0.003502099242276877    0.03992880227757593     -4.241366533129541
                 1234.5     0.5116385787347948   0.003501967411382582    0.07246532313250464     -3.645393956485123
                1234.75     0.5130471573331674   0.003501631744474505    0.07320373077967125     -3.635351571243898
                   1235     0.5461047256209562   0.003501401995695867    0.03113158241689631     -4.490440756220208
                1235.25     0.5131071879989016   0.003501220637003367    0.07327555395334769     -3.634488322790983
                 1235.5     0.5357217219881214   0.003501154815950208    0.04502841825453634     -4.121440361702756
                1235.75     0.5137889530555567    0.00350086907710709    0.07424572283311692     -3.621435613907405
                   1236     0.5257842141352739   0.003500618139905788    0.06266741689227483     -3.791045820328304
                1236.25     0.4793907262173853   0.003500505871481998    0.08381612236431146     -3.500294157680906
                 1236.5     0.5349781085443468   0.003500187735283224    0.04614448965387076     -4.097232871660413
                1236.75     0.4548007271489398   0.003500045274898679     0.1072536261572653     -3.253854758749023
                   1237     0.4737896426294207    0.00349995478692253    0.08288153755807301     -3.511664650060219
                1237.25     0.4802624522321701   0.003499700554323433    0.08642118850624843     -3.469916738394036
                 1237.5     0.4930894958156559   0.003499413234626179    0.08372330444106464     -3.501714356265304
                1237.75     0.4503475747697488   0.003499380488543417     0.1032673763481312     -3.291919569241715
                   1238     0.5221846526669399   0.003499218803832851    0.07190129964732558     -3.653992945402737
                1238.25     0.4888388864962063   0.003498898050660846    0.08896046822703563     -3.441186860321208
                 1238.5     0.5287254731425864    0.00349870909500188    0.05596404440862691     -3.904723539553353
                1238.75     0.5421452590367822   0.003498483159336488    0.03820430552491215     -4.286549319558248
                   1239     0.5460839202485367   0.003498855248546051    0.03172043702928268     -4.472430012863193
                1239.25     0.4887199777984065   0.003498617297166057    0.08993507440573549     -3.430371183412422
                 1239.5     0.4862613343871668   0.003498344395386995    0.09156695974106455     -3.412466698619896
                1239.75     0.4960678890651714   0.003497998487028891    0.08346103984288564     -3.505256152072614
                   1240     0.5119573928604294   0.003497650295037234    0.07472321943763681     -3.615944751954447
                1240.25     0.4948775872150725   0.003497318678967757    0.08497320408085979     -3.487494486550852
                 1240.5     0.5068347150080931   0.003496984061392425     0.0772289361163101     -3.583151923167832
                1240.75     0.4984929571335799    0.00349668476885514    0.08536993155029141     -3.483017770474384
                   1241      0.492621281886475   0.003496340522457156     0.0889919722789759     -3.441564007356735
                1241.25     0.4925227208039859   0.003496097044351335    0.09005451320534383     -3.429764625068754
                 1241.5     0.4893490303816655   0.003495776963344595    0.09402773249314707     -3.386681607037886
                1241.75      0.499441211688623   0.003495465806362362    0.08664314159859873     -3.468562523265598
                   1242     0.4985263088579435   0.003495144061591507    0.08771600290156593     -3.456348080277133
                1242.25     0.4958289668243338   0.003494799202482541    0.08893558112927898     -3.442638809045376
                 1242.5     0.4763021160042857   0.003494498699221919    0.08249873968362952     -3.517854082045749
                1242.75     0.5135458921997244    0.00349419494426683    0.07605158626112167     -3.599312149620343
                   1243     0.4890978459571009   0.003493976435956058    0.09538116622455137     -3.372905422928358
                1243.25     0.4692438820144272   0.003493704801950544     0.0908734409359892     -3.421396529830247
                 1243.5     0.5056676182792892   0.003493450216087229     0.0800066425836197     -3.548827518415998
                1243.75     0.4477227814419905   0.003493222011656933    0.09617238652491225      -3.36486023347532
                   1244     0.4519574089382719   0.003493357768314406     0.1087395302971621     -3.242008253255276
                1244.25     0.4728634451170035   0.003493076044321078    0.08715794822830628     -3.463322324820061
                 1244.5     0.4413292164620295   0.003492841455037881    0.07336821487566526     -3.635620652960933
                1244.75     0.4451491062189281   0.003492894449369413    0.08866756233994552     -3.446202161156295
                   1245     0.4627482193055227   0.003492792313245851    0.09411644192061108     -3.386592764842207
                1245.25     0.4859464119848256   0.003492448141930806    0.09500784976378616      -3.37726454949783
                 1245.5     0.4844315237706507   0.003492121647062473    0.09503991415682229     -3.377020604725804
                1245.75     0.4790627330835336   0.003491811646816972    0.08769326480997422     -3.457561234000126
                   1246     0.4912891183456164   0.003491508915593231    0.09574317160135877     -3.369823722942936
                1246.25     0.4870812337527612   0.003491173205446833    0.09833825351580169     -3.343176086489212
                 1246.5     0.4872444104876697   0.003490826887690957    0.09950459272048198     -3.331484590591495
                1246.75     0.4935908326210041   0.003490492000904135    0.09422304553322698      -3.38611953326924
                   1247     0.5147872094066923   0.003490231850528581    0.07725954223420972     -3.584688431365973
                1247.25     0.5022005271404626   0.003489935624388749    0.08680351208211988     -3.468296657473132
                 1247.5     0.4744512378285104   0.003489758454016314    0.08615023274427795     -3.475901842884229
                1247.75     0.4977253304280124   0.003489456002465818    0.09145516890005388     -3.416232284724225
                   1248     0.4752504505710926   0.003489110887215512     0.0864088127048325     -3.473090417252486
                1248.25     0.5180977383494828   0.003488813181830791    0.07801632327008189      -3.57534733705101
                 1248.5     0.5075780248858436   0.003488533286319894    0.07932356876140327      -3.55881034973805
                1248.75     0.4687032401183896   0.003488235695229596    0.09403242289898381      -3.38879130621488
                   1249     0.5108002654517132   0.003488106713531714    0.07869862729840917     -3.566842217286705
                1249.25     0.4980513222283474   0.003487804848651065    0.09230038589745961     -3.407506152875613
                 1249.5      0.482928871897044   0.003487475796981059    0.09678604806010575     -3.360145970933034
                1249.75     0.4916841808874643   0.003487160434954071    0.09938609205890379     -3.333727069372669
                   1250     0.4476861585867685     0.0034868463686601    0.09907389869649955     -3.336963298839536
                1250.25     0.4797704304073428   0.003486532162177478    0.09201529468298295     -3.410964628209789
                 1250.5     0.4899434059160721   0.003486212796788715     0.1023457871548638     -3.304653891820361
                1250.75     0.4922681311832862   0.003485887570681203     0.1002857863379884     -3.325080362058033
                   1251     0.4739392062118352   0.003485547760545003    0.08968263143045925     -3.436924701139946
                1251.25     0.4781684173474853   0.003485230351471255     0.0904821985769439      -3.42813975984504
                 1251.5     0.4957904600081639     0.0034849047276255    0.09552531438386337      -3.37399503996496
                1251.75     0.4709766199633253   0.003484573204515799    0.09478950706966201     -3.381822741901164
                   1252     0.4890962484101951   0.003484271031518243     0.1048524250185697     -3.281014295703481
                1252.25     0.5008673810217934   0.003484161512869711    0.09231649596416601     -3.408376767320487
                 1252.5     0.5003900760693554   0.003483835933204061    0.09394310475007506     -3.391003733623435
                1252.75     0.5113127007556109   0.003483569775487584    0.07951713810616232     -3.557796892747241
                   1253     0.4953982868393639   0.003483255565396346    0.09820088009406625     -3.346844489055207
                1253.25     0.4897734838635728    0.00348304061914334     0.1061196427762906     -3.269354213937144
                 1253.5     0.5275290369398673   0.003482803379122157    0.05988487019252704     -3.841565603418816
                1253.75     0.5030661497791181   0.003482531307432158    0.09011882724247193     -3.432938511653882
                   1254     0.4736404851798958   0.003482263625072423    0.09239601423695587     -3.408060639353941
                1254.25     0.4895528910394692   0.003481926314043126     0.1071822230192436     -3.259710946407185
                 1254.5     0.5076624103693108   0.003481700191683373    0.08244060471446833     -3.522228203896435
                1254.75     0.5084550284621961   0.003481535410434797    0.08257262876510214     -3.520675369300882
                   1255     0.4801429423199352    0.00348124168406465    0.09555810712700982     -3.374703480447945
                1255.25     0.5097972288865172   0.003480930366078348    0.08252793016676435      -3.52139064225459
                 1255.5     0.4956834001819321   0.003480597332324674     0.1000435519406249     -3.329017493547076
                1255.75      0.502987583580764   0.003480331707233805    0.09274215228157899     -3.404876336603832
                   1256     0.5106993992903167   0.003480018174199447    0.08301340235640826     -3.515787445228293
                1256.25     0.5431734705329672   0.003479807599995363    0.03741375934488858     -4.312811491821297
                 1256.5     0.5211625018341074    0.00347972126778872    0.07648328603685592     -3.597802601508016
                1256.75      0.550573993478738   0.003480483941806117    0.02697166407809341     -4.639868846224539
                   1257     0.5349550771210393   0.003480477717289804     0.0472718882816284      -4.07874168022751
                1257.25     0.5881516305869257   0.003480451942251998    0.01198036745623426     -5.451395611898806
                 1257.5     0.5930470204864936   0.003481157130755332    0.01055799794058209     -5.577578611707647
                1257.75     0.5469533737270273   0.003481155510230128    0.03135627622378978     -4.489048302997089
                   1258     0.5372116003365947   0.003480894734282573    0.04593594622141087     -4.107289709465001
                1258.25     0.5442878967955737   0.003480742987449857    0.03650338473001435     -4.337176268649747
                 1258.5     0.5112150992929955   0.003480529779032826    0.08361973086252042     -3.508363005507375
                1258.75     0.5658583152559687   0.003480314609577546    0.02104931984578902     -4.887836087413248
                   1259     0.4880389412748815   0.003480151946811568     0.1078656509110469     -3.253864594995091
                1259.25     0.5493164776768692   0.003480064269588075    0.02888601387414299     -4.571418739532817
                 1259.5     0.5455911373689879    0.00347985922741171    0.03477309318909522     -4.385991285833844
                1259.75      0.527700518791834   0.003479524463307983    0.06058842104749902     -3.830827591437099
                   1260     0.5377448231840873   0.003479255995031202    0.04636461227990531     -4.098472052136076
                1260.25      0.532266179661922   0.003479068915180253     0.0515704853030314     -3.992112806940886
                 1260.5     0.5036051478775735   0.003478809618060595    0.09289210306084955     -3.403698221433695
                1260.75     0.5326681588083239   0.003478658101976546    0.05165618708020466     -3.990570436892121
                   1261     0.5257852435960847   0.003478345498676747    0.06718534653985744     -3.727815114779953
                1261.25     0.4897583059524913   0.003478048302780217     0.1096578258426782     -3.237990883048856
                 1261.5     0.4743942020267778   0.003477886637928777    0.09277276421864046     -3.405249101353368
                1261.75     0.4849975471170896    0.00347784146651161     0.1055514008741488     -3.276217150966029
                   1262     0.4666688483510537   0.003477776582059625    0.09622970395494458     -3.368695771082141
                1262.25      0.516411842211801   0.003478011410925152    0.08151308054449978     -3.534602828746028
                 1262.5     0.4741209637537865   0.003477805267760645    0.09424298816663247     -3.389549178309627
                1262.75     0.5207113078725792   0.003477624345933775    0.07922239760874016     -3.563218572022044
                   1263     0.5311096685206526   0.003477305007889494    0.05468300605890124     -3.934016473842734
                1263.25     0.5488209245589737   0.003477035816604679     0.0301079479412239     -4.530857688323256
                 1263.5     0.5389289993183327   0.003477063020003106    0.04642178982825387     -4.097870095355923
                1263.75     0.5401573700508167   0.003476758420533056    0.04530142143887175     -4.122388248739606
                   1264      0.573011127655607    0.00347695295074102    0.01862946238607149     -5.010926382273057
                1264.25     0.5391179072443396   0.003477110843527657    0.04717977676736257     -4.081659956360395
                 1264.5     0.5584231336062742    0.00347698537365902    0.02405863796556857     -4.755167284953568
                1264.75     0.5810233166460226   0.003477324308989318    0.01447232598871517      -5.26332563576779
                   1265     0.5471431860449799    0.00347721078523716    0.03331614312807913     -4.429554498346921
                1265.25     0.5496025524321214   0.003476945159504903     0.0301166913957803     -4.530593400384896
                 1265.5     0.5506290607198184   0.003476618105818125    0.02948034070536208     -4.552043393381526
                1265.75     0.5495202468132454   0.003476391092058633    0.03093449904068667      -4.50396028231397
                   1266     0.5444296768970476   0.003476094493171487    0.03963410472070817     -4.256227660981122
                1266.25     0.5835924815892429    0.00347582954323116    0.01384168849181001      -5.30830891880057
                 1266.5     0.5974008927529953   0.003476016159203325   0.009638896225727195     -5.670133571560769
                1266.75     0.5548883955571389   0.003475857750732879    0.02759451252534859     -4.618368815695298
                   1267     0.5788425280387471   0.003475593442404192    0.01553556567445073     -5.192929836092564
                1267.25       0.55913392645699   0.003475395081971044    0.02447393614548849     -4.738510144714345
                 1267.5     0.5647718455674133   0.003475223437303505    0.02159841667459304     -4.863548245051269
                1267.75     0.5690938740593295   0.003474918009358653     0.0211967833664065     -4.882406703931131
                   1268      0.522712076475051   0.003474633418423369    0.07671079602101252      -3.59629559312093
                1268.25     0.5476779936903967   0.003474391503231766    0.03423316499749724     -4.403212762760171
                 1268.5     0.5322460150532105   0.003474210311843332    0.05402472041879837     -3.947018098259517
                1268.75     0.5735087374779833   0.003473916132137511    0.01887083420963063     -4.998926937812371
                   1269      0.530172284063024   0.003473773354986248    0.05794008831539965     -3.877176088480848
                1269.25     0.5541504801702635   0.003473481283552126    0.02877734425158879     -4.577081267991336
                 1269.5     0.5617320597988018   0.003473151929037237    0.02312271218046971     -4.795949166070114
                1269.75      0.557622032018029   0.003472813584451494    0.02692801473647068     -4.643694749037204
                   1270     0.5511859785702853   0.003472549149042011    0.03140910962953367     -4.489840114639729
                1270.25     0.5591764907702161   0.003472312737421159    0.02600270518237548     -4.678805585437967
                 1270.5     0.5355451047576771   0.003471999539823545    0.05267913142286536     -3.972876977205621
                1270.75     0.5400937888069808   0.003471776261814184    0.04824814861092367     -4.060803220116035
                   1271     0.5966359670908712   0.003471516582044425    0.01001709598439056     -5.632942244851549
                1271.25     0.5427429212065414   0.003471253449294132    0.04460053156628069     -4.139565499612001
                 1271.5     0.5702364587591096   0.003470957078910236    0.02148284624858555     -4.870141891450355
                1271.75     0.5681945486260253   0.003470729192693413    0.02244509453333692     -4.826390232536055
                   1272     0.5479744467944682   0.003470409644298643    0.03543040471525163     -4.369984048537839
                1272.25     0.5357786616219146   0.003470087446545191    0.05405491432484703      -3.94764677425118
                 1272.5     0.5145041503684991   0.003469947246512077    0.08577260360614862     -3.485987989082366
                1272.75     0.5621135655788813    0.00346967990404888    0.02431100192090568     -4.746835685543699
                   1273      0.543650611923288     0.0034693411586715    0.04415883210141508     -4.150069367652917
                1273.25      0.551610805368217    0.00346904650804476     0.0323313734841969     -4.461909181643319
                 1273.5     0.5699484052575342   0.003468757246322837    0.02235764209564692      -4.83086245203404
                1273.75     0.5344379750230337   0.003468442666150825     0.0556957766729284     -3.918217015258362
                   1274     0.5829309517744581   0.003468142764402672    0.01469810806429778     -5.250489023736978
                1274.25     0.5852378999144517   0.003468067348620526    0.01399655516618806     -5.299418311879959
                 1274.5     0.5634039386569913   0.003467860678911157    0.02406537411957384     -4.757515096774322
                1274.75     0.5404959083177874   0.003467590370625729    0.05016250979424743     -4.023099164511366
                   1275     0.5271511587099307   0.003467574375943807    0.06764491612529834     -3.724099505856988
                1275.25     0.6132251205119614   0.003467414494592006   0.007372359116830462     -5.940680064353507
                 1275.5      0.575069988258796   0.003467615875081156    0.01880324740539992     -5.004330151038323
                1275.75     0.5928792251688605     0.0034677459079334    0.01121713856996578      -5.52087940362708
                   1276     0.5174696561858613   0.003467549424012258     0.0859788701553184     -3.484277333604282
                1276.25     0.5286616577561214    0.00346769618061288    0.06447896161852598      -3.77199758770152
                 1276.5     0.5564956546241614   0.003467434989701168     0.0294391315831655     -4.556087110268492
                1276.75     0.5491678836703194   0.003467165471620725    0.03524751288669172     -4.376094666870583
                   1277     0.5691094232473014   0.003467017813192138    0.02295845741773232     -4.804845842234847
                1277.25       0.60157132727758   0.003466817006798453   0.009357616913986734      -5.70239949165614
                 1277.5     0.5680729900046623   0.003466538680642724    0.02350835065720659     -4.781314727510006
                1277.75     0.5700023404013198   0.003466361585675721    0.02311509174757279     -4.798235794320841
                   1278     0.5450104787964847   0.003466027238688315    0.04245360657894062     -4.190406110535951
                1278.25     0.5664697295354247   0.003465747476533867     0.0242042088412625     -4.752372161985247
                 1278.5     0.5424293785590745   0.003465433576159291    0.04780839533840348     -4.071788016618271
                1278.75     0.5230534811238962   0.003465160072618253    0.07943275155208873     -3.564157430563294
                   1279     0.5802351660698386   0.003464976744898865    0.01590221606302689     -5.172662634668812
                1279.25     0.5494026318133087    0.00346468698539217    0.03566422545377047     -4.365056639721699
                 1279.5     0.5577919465622838   0.003464403715340887    0.02897617386798999     -4.572812598961606
                1279.75     0.5529930716363918   0.003464112990096505    0.03334561302798797     -4.432444201530052
                   1280     0.5647675625497155   0.003463797425189344    0.02463000335914643     -4.735496172926007
                1280.25     0.5891187943649143   0.003463794305990679    0.01241618048418536     -5.420461922202588
                 1280.5     0.5972427055686069   0.003463513023566305    0.01012646633057686      -5.62439120642071
                1280.75     0.5803611068394442   0.003463490183476704    0.01583839008893999     -5.177113480786926
                   1281     0.5750675925786926   0.003463335491530862    0.01936574650772747     -4.976089029256553
                1281.25     0.5692424310189615    0.00346300498520647    0.02493059800207844     -4.723594440929386
                 1281.5     0.5988757284511776   0.003462751011395311    0.01003860756061648     -5.633325251791392
                1281.75     0.5806887491841021   0.003462493293113376    0.01613948345490238     -5.158569437605818
                   1282     0.5555081823045981   0.003462216517911586     0.0321364900623634     -4.469925887749724
                1282.25     0.6174554414656128   0.003462032919681914   0.006481585531963362     -6.071005903542246
                 1282.5     0.6217865949802857   0.003462095176355381   0.006462770754765352     -6.073894947059101
                1282.75     0.6226892858242119   0.003462028879721012    0.00658961890170528     -6.054476714713848
                   1283     0.6549410987200786   0.003462353847973094   0.009857677360239585     -5.651627790732195
                1283.25     0.6302018893585528   0.003462566620371444   0.007141604033660271     -5.973879512843235
                 1283.5      0.663186390434975   0.003463847641790419    0.01193925094091138     -5.459615653261281
                1283.75     0.6262841993880802   0.003463830717782009   0.006931527921420663     -6.003371641719991
                   1284     0.6213486580851344   0.003463531502784485   0.006716957181150483     -6.034903044751467
                1284.25     0.6429617861452481   0.003463317029326207   0.008724916762996481     -5.773417293595087
                 1284.5     0.6142815897185043   0.003463363825347779   0.007241344426791822     -5.959779826296669
                1284.75     0.6470572423867649   0.003463267277705696     0.0084026920346359     -5.811062452172677
                   1285     0.6621702589888657   0.003463037195109245    0.01196225825701506     -5.457924476150484
                1285.25     0.6845012160975228   0.003463412131026085    0.01187284270759039     -5.465319095553922
                 1285.5     0.6180420867005668    0.00346317588208436   0.006823925827850818     -6.019206036516937
                1285.75     0.6260222258373883   0.003462877727376459   0.007108598940274356     -5.978421904320697
                   1286     0.5876259292117737   0.003462707684326368    0.01342217383377169     -5.342868076601026
                1286.25     0.6073528391322494    0.00346265822242252   0.008827662066551721     -5.761900255998127
                 1286.5      0.543470724430539   0.003462740833997495    0.04663090221742216      -4.09750314730117
                1286.75     0.5801692427614052   0.003462618380496067    0.01658245010562543     -5.131457056608981
                   1287     0.5826621023925664   0.003462673623342091    0.01583874963137093     -5.177326570367872
                1287.25      0.617909245739161    0.00346240170607639   0.006969103471614578     -5.998377957674851
                 1287.5     0.6147984653576123   0.003462083502032749   0.007427536500524657     -5.934762211766624
                1287.75     0.6414792052958316    0.00346187179384817   0.008937059297709488     -5.749811009276391
                   1288     0.6182819267232643    0.00346161602407596   0.007134590763646524     -5.975136598291171
                1288.25      0.645317861575807   0.003461418974059612   0.008746125493560224     -5.771537615730431
                 1288.5     0.6218456197060589   0.003461124675733315   0.007242346835442458     -5.960288140950126
                1288.75     0.6803053163802226   0.003461064809882435    0.01083810563759227     -5.557182516100987
                   1289     0.6536612603490929   0.003461435637747947   0.009674028751536154     -5.670698756751221
                1289.25     0.6522050966567725   0.003461209479560553   0.009337371156870734     -5.706184189949808
                 1289.5     0.6809883834121496   0.003461359584741882    0.01115837834463687     -5.527974938177892
                1289.75     0.7667123841741597   0.003464080071898543    0.01592096471839266     -5.171743148060356
                   1290     0.6742197704501606   0.003465581708634184    0.01119392313981485      -5.52357547632495
                1290.25     0.6583828885019938   0.003465312118358574    0.01144274730400042     -5.501668218301692
                 1290.5     0.6991377983521242   0.003465688629588549    0.01301559910580577     -5.372767109477556
                1290.75     0.6745205789930863   0.003465628659441528    0.01128951117102002     -5.515058903219279
                   1291     0.6543451910937337    0.00346537627166564     0.0102448551999833     -5.612230163683735
                1291.25     0.6817476504204272   0.003465155879430697    0.01154549944433682     -5.492773709395884
                 1291.5     0.6751453288909128   0.003465002280368503    0.01139129282552796     -5.506264463318145
                1291.75     0.6759965669030593   0.003464701372424846    0.01141643218413611     -5.504146848269957
                   1292     0.6413798445396178   0.003464490647612014   0.009107536915532075     -5.730159104612936
                1292.25     0.6361861778403353    0.00346418268227693   0.008244399881556848     -5.829816136098788
                 1292.5     0.6277828482320824   0.003463900541225279   0.007361407315904679     -5.943180626373903
                1292.75     0.6355392739722878    0.00346368240774287   0.008255704618488494     -5.828590297286994
                   1293     0.6562106446497886   0.003463497896959308    0.01107719534467664     -5.534659477587315
                1293.25     0.5953901831949245   0.003463461527285196    0.01086357180751167     -5.554143343882475
                 1293.5     0.6077828376919077   0.003463688954455401   0.008948648985389173      -5.74799026794744
                1293.75     0.5844439180695206   0.003464179456438276    0.01528561501682697     -5.212439043758113
                   1294     0.6478893464611007    0.00346395325300719   0.008922963944741666     -5.750788362688445
                1294.25     0.5832887142322031    0.00346377530913668    0.01597987260280222       -5.1681379383622
                 1294.5     0.5993777267856436   0.003463814801791999    0.01019691223989816     -5.617371551939555
                1294.75      0.591443079791779   0.003463627683851353    0.01227086653900169     -5.432282648245627
                   1295     0.6361686118495861   0.003463518208987527   0.008510617248958786     -5.798227662397576
                1295.25     0.5943607503621898   0.003463439589843169    0.01147737313572141     -5.499187290239967
                 1295.5     0.5949764437379585   0.003463242505227344     0.0114701956438011     -5.499869751943021
                1295.75     0.5772282530374396   0.003463529773381975    0.01856980786739024     -5.018001766722076
                   1296     0.6036922895827533   0.003463255018169235   0.009543446346552225     -5.683763454391635
                1296.25     0.5512936878425585    0.00346329721645518    0.03483669276543952     -4.388934721262239
                 1296.5     0.5783287827997839   0.003463316791806934    0.01821529379298975     -5.037338730652666
                1296.75     0.6108748583272511   0.003463097650525159   0.008472139041221913     -5.802880547120455
                   1297     0.6162106648021126   0.003462794436349504   0.007412977832114804     -5.936518901476487
                1297.25     0.5746621750801272   0.003462536806811871    0.02074980927128716     -4.907288473934389
                 1297.5     0.5863800307508507   0.003462290432193277    0.01484272807576685     -5.242386632280434
                1297.75     0.5740487430199394   0.003462129328602541    0.02161006815943773     -4.866783893151973
                   1298     0.5531652324932781   0.003462221507007126    0.03413754938699744       -4.4095186598105
                1298.25      0.564313917474105   0.003462234879199176    0.02552579277901316       -4.7002233085177
                 1298.5     0.5522613358776389   0.003462169608649586    0.03503378853089607       -4.3836186009302
                1298.75      0.588344528292627   0.003462021203273691    0.01401523404224239     -5.299829565209834
                   1299     0.5951523728949406   0.003461701323655921    0.01157241096368563     -5.491442950038843
                1299.25     0.6057726522902229   0.003461378097319316   0.009428243715665816     -5.696450391674562
                 1299.5     0.5685397393409486   0.003461157803153266    0.02593008741242014     -4.684819901485801
                1299.75      0.577175170519723   0.003460893610921762    0.01951083974953548     -4.969330009915671
                   1300     0.6099650470486684   0.003460585619741539   0.008919489131304154     -5.752150528721998
                1300.25     0.6205178427398369   0.003460620604796192   0.007313911601976631     -5.950600858358417
                 1300.5     0.5703682679711353   0.003460308120145511    0.02550990177474546     -4.701402711551349
                1300.75     0.5924792655123413   0.003460004139399583    0.01252185468635165     -5.413081752391475
                   1301     0.5574364964376824   0.003459857867729163     0.0311130476260815     -4.502972251851967
                1301.25     0.6093065364563304   0.003459708123657563   0.009160764010216914     -5.725713219783064
                 1301.5     0.5859246134127178   0.003459404169766723     0.0155875370281477     -5.194258974929922
                1301.75     0.5634936925771769   0.003459109273953825    0.02632812184869656     -4.670178270019402
                   1302     0.5867301852564968   0.003458879707539726    0.01537200333434589     -5.208334388101624
                1302.25     0.5924379991748772   0.003458553702102558      0.012900468413911     -5.383712912034055
                 1302.5     0.5577627479948599   0.003458404660409575    0.03123924836061667     -4.499344363951557
                1302.75     0.6131067940914141   0.003458379453428861   0.008361821331932943     -5.817350651076429
                   1303     0.6356694905556035    0.00345849344590703   0.008440742647094074     -5.807923660319452
                1303.25     0.5810597501856999   0.003458576921010884    0.01818194962029215     -5.040540497607856
                 1303.5      0.602005222425816   0.003458334830039934    0.01021296603375057      -5.61738172737087
                1303.75     0.5962696095259599   0.003458006612117919    0.01174187922608188     -5.477972859070719
                   1304     0.6279262614735734   0.003457807659847633   0.007567167546593997     -5.917373437269846
                1304.25     0.6121652898014084    0.00345762392670366   0.008737570593875418     -5.773613216687163
                 1304.5     0.5787505809855958   0.003457346990689325    0.01926874095662032     -4.982841357825656
                1304.75     0.6174788023660154   0.003457169630880959    0.00763000243203423     -5.909288637817137
                   1305      0.590174198264711   0.003456870589927702    0.01406795813051989     -5.297563565994296
                1305.25     0.5448765732200852   0.003456972694427597    0.04429232062521932     -4.150622455424436
                 1305.5     0.5495817012721025   0.003457354155195442    0.03776734245482337     -4.309878655917091
                1305.75     0.5718202981249273   0.003457276092840988    0.02489960500462027     -4.726494067713973
                   1306     0.5828454608963447   0.003457107655169524     0.0179315382860637     -5.054833650823202
                1306.25     0.5407911404693794   0.003456852078194511    0.05128670363426346     -4.004037129284343
                 1306.5     0.5529641910829719   0.003456752185069898    0.03618255416611039     -4.352920483449957
                1306.75     0.5377314535605556   0.003456770534769723     0.0543263917623388      -3.94648210365194
                   1307     0.5415213739571675   0.003456561965506728    0.05135413599516526     -4.002807108609478
                1307.25     0.5491119336905247   0.003456282995227686    0.03913566912604261     -4.274598992620553
                 1307.5     0.5437887603420042    0.00345604282926601    0.04843620198987148     -4.061455277688288
                1307.75      0.570549103602457   0.003455762063167615    0.02619990834816457      -4.67602811669887
                   1308     0.5519653501874683   0.003455439141209174    0.03765410207335823     -4.313435577041834
                1308.25     0.5510363734495529   0.003455202516333508    0.03861507672481701     -4.288303170531658
                 1308.5     0.5309041080231007   0.003455180726323672    0.05996294583606466     -3.848225463874519
                1308.75     0.5399927958753566   0.003455213456893372     0.0542662965335511     -3.948039448829189
                   1309     0.6159084588280169    0.00345504092878864   0.007976188472873867     -5.865532064629212
                1309.25     0.5747348080096951    0.00345479286362817    0.02253472406699381     -4.827007116198863
                 1309.5     0.5774119356678137   0.003454592963641653    0.02089926307216526      -4.90240849229611
                1309.75     0.5912843016443491   0.003454460353354304    0.01391659242345731     -5.309078950564404
                   1310     0.5487008165661101   0.003454179656191229    0.04152687297129957     -4.215901278933449
                1310.25     0.5949915873359003   0.003454002175201307    0.01258656782071482     -5.409663221568277
                 1310.5     0.6201577927214822   0.003453894647078439    0.00778651429607462     -5.889931251902535
                1310.75     0.6211133254448269   0.003453891226667134   0.007865929598942691     -5.879784819243867
                   1311      0.613022522125778   0.003453707138457773   0.008898820847458763     -5.756460064463373
                1311.25     0.5857353041854765   0.003453519850451188     0.0170004572416229     -5.109192832693109
                 1311.5     0.5898459582558463   0.003453304633465892    0.01498246815156619     -5.235614665411488
                1311.75     0.6158646866219206   0.003453221495184162   0.008402280887905483     -5.814016265067441
                   1312     0.5454217977615012   0.003452978782914659    0.04739754798647055     -4.084019259434802
                1312.25     0.5995254758441394   0.003452805766687561    0.01128898340389212      -5.51881253401321
                 1312.5     0.5606017736009881   0.003452557682772375    0.02909331260485862     -4.572203376333281
                1312.75     0.5622827631234426   0.003452278977890696    0.02822676617389289     -4.602521761260599
                   1313     0.5866321687080823    0.00345197331572623    0.01702616337041496     -5.108129804541376
                1313.25     0.5633972610304128   0.003451677683536194    0.02808353974739516     -4.607783001885871
                 1313.5     0.6021265572081761   0.003451365326481077    0.01082797391602066     -5.560924168033244
                1313.75     0.5820887704366482   0.003451087608434777    0.01953503609265883     -4.970928024127589
                   1314     0.5730327501795628   0.003450912161427523    0.02518458758802127     -4.716956235931318
                1314.25     0.5683707807677597   0.003450609202200113    0.02839419592528711     -4.597091479151045
                 1314.5        0.5928774679717   0.003450362302878542    0.01395808537661182     -5.307288852294419
                1314.75     0.5282738917345909   0.003450229659585541    0.06674649368308486     -3.742484466774962
                   1315     0.5932630760787416   0.003450067087399941     0.0139655975733288     -5.306836364661603
                1315.25     0.5579194609759884   0.003449788753785339    0.03348194104868796     -4.432507811719711
                 1315.5     0.5588154747076327   0.003449529450544646    0.03260311336362728     -4.459181414047716
                1315.75     0.5615800120863178   0.003449387602488835    0.02979924655428393     -4.549147211866202
                   1316     0.5593170074395074   0.003449160942159845    0.03259591249774522     -4.459509137107004
                1316.25     0.5841987033554401   0.003448871156128826    0.01865378054652326     -5.017731218211344
                 1316.5     0.5478194535892372   0.003448792832258728    0.04383127408490336     -4.163455181492695
                1316.75     0.5746664109869883     0.0034484887286786    0.02418241851944459     -4.758265083326434
                   1317      0.545430898388387   0.003448180297773047    0.04883969437256586     -4.055436996940061
                1317.25     0.5811316476669516   0.003447902123990627    0.02059745748806055     -4.918893419053241
                 1317.5     0.5770080119579679   0.003447637671247678    0.02272386615915311      -4.82072202203976
                1317.75     0.6010109559076674   0.003447470100645973    0.01133042414682387     -5.516694862453636
                   1318     0.5862070781254104   0.003447197914343059    0.01818832473541468     -5.043485437936063
                1318.25     0.5819280235792025   0.003447002941386724    0.02088370038380569     -4.905352920795337
                 1318.5     0.6085603196324554   0.003446757751149591    0.01011226798982002     -5.630643684300064
                1318.75     0.6032060159877858    0.00344656458435666    0.01094520547940826     -5.551547563510833
                   1319      0.520627550352482   0.003446432806520515    0.08598573606126798     -3.490305880658275
                1319.25     0.5704780169935129   0.003446335069544726    0.02866345917659298     -4.588892550548644
                 1319.5     0.6068673351081706   0.003446068416091643    0.01053356189093777     -5.590026508531968
                1319.75      0.591696521162771   0.003445804240421274    0.01526184406075982     -5.219313840354345
                   1320     0.6014559644472017   0.003445541244390915     0.0116003429570181     -5.493711365218223
                1320.25     0.5402478011131931   0.003445298534182087    0.05681216396132385     -3.905066015410486
                 1320.5     0.5416352775281149   0.003445542461119941    0.05613484410462899     -3.916988948266384
                1320.75     0.5719123992376318   0.003445264682491071    0.02786918684695645     -4.617304633555632
                   1321     0.5469652740432424   0.003445035301636892    0.04717530446413955     -4.091022333620503
                1321.25     0.5603994270857953   0.003444935597727716    0.03172075061367256     -4.487950760312952
                 1321.5     0.5119332968599306   0.003445065751765064    0.08768201713400896      -3.47116721141029
                1321.75     0.5319374643343894   0.003445063193507973    0.06078010814206965     -3.837622215840924
                   1322     0.5510799949934982   0.003444794488428079    0.04170706073105217     -4.214292346189757
                1322.25      0.543181229097637   0.003444606244492281    0.05495010468824932     -3.938591844151186
                 1322.5     0.5977865388738279   0.003444357244042508    0.01270957937499002      -5.40273372919154
                1322.75     0.5948470360518677   0.003444651092663328    0.01391934252884553     -5.311724988745636
                   1323      0.590112668871886   0.003444761573109574    0.01627001333351737     -5.155648597137425
                1323.25     0.5880317271703864   0.003444654035903116    0.01758007616332069     -5.078237331343715
                 1323.5     0.6075568473340135   0.003444617202806396    0.01052111940435198     -5.591629639955634
                1323.75     0.5863684388009074   0.003444454787656587    0.01872926802436526     -5.014973965088251
                   1324     0.5579508636959145   0.003444151427488626    0.03538434517978988     -4.378879980546135
                1324.25     0.5813419870501741   0.003443847921079695    0.02140234238705158     -4.881737229081995
                 1324.5     0.5748262763958368   0.003443553516218208    0.02508066081704581     -4.723226029512386
                1324.75     0.5528314412331459   0.003443255546767962    0.04124776418044997     -4.225812717056503
                   1325     0.5837142163582922   0.003442994845676129    0.02066916911043932     -4.916842168060255
                1325.25     0.5534474944595206   0.003442680616056059    0.04127432523459915     -4.225335971993371
                 1325.5     0.5717119737897501   0.003442487832106778    0.02843799590221443     -4.597906478523112
                1325.75     0.5892612747672951   0.003442206239399946    0.01754632618449256     -5.080869822153402
                   1326     0.5436510459620817    0.00344192072239774    0.05482643770531229     -3.941624847811125
                1326.25     0.5515445777702513   0.003441764905166646    0.04306412426345201     -4.183152369953643
                 1326.5     0.5457682209213711   0.003441539133286825    0.05154846684653491     -4.003385767692616
                1326.75     0.5506937337294678    0.00344130671314079    0.04447885158219549     -4.150961941814869
                   1327     0.5379835580853529   0.003441201276135268    0.05955138381948605     -3.859166878327622
                1327.25     0.5497460591270155   0.003440954348736329    0.04594377138859328     -4.118659882860141
                 1327.5     0.5465431401978781   0.003440888729592256    0.05141151237409158     -4.006235117231008
                1327.75     0.6244909374537582   0.003440860354307682   0.007936428322661324     -5.874642146659927
                   1328      0.527957999017776   0.003440715237932375    0.06906156806702432     -3.711149265060943
                1328.25     0.5585626205617554   0.003440486599722538    0.03600573793529508     -4.362535802770486
                 1328.5     0.5862233581855436   0.003440176565739844    0.01960289917141256     -4.970626760882073
                1328.75      0.557829426259512   0.003439896511614103    0.03777514407028534      -4.31473432124995
                   1329     0.5305583736267757   0.003439724133527908    0.06413551251924006     -3.785437528002602
                1329.25     0.5294181253516802   0.003439449437516152    0.06704690374111293     -3.741123188760394
                 1329.5     0.5684650084905182   0.003439241074409433    0.03025420790381378     -4.536940922204365
                1329.75     0.5903263355425478   0.003439030012431357    0.01734754034307641     -5.093186842540473
                   1330     0.5734763386863373   0.003438797894293392    0.02728185583792458     -4.640483209515629
                1330.25     0.5766003312811082   0.003438485233078741    0.02460049633167208     -4.744029376401545
                 1330.5     0.5414126192977402   0.003438254521831008    0.05989264925500192     -3.854309313593977
                1330.75     0.5642888937542676   0.003437949364067206    0.03042355177902562     -4.531734813828126
                   1331     0.5820883809778571   0.003437672644510164    0.02224014141768531     -4.845133516746731
                1331.25     0.6043383104420926   0.003437774352201756    0.01115646278489142      -5.53498380709571
                 1331.5       0.58665200212171   0.003437666792050655    0.01995662614120885     -4.953472821672982
                1331.75     0.6106726586486395   0.003437445865765151    0.01017103782263182     -5.627554063368741
                   1332     0.6158818046190819    0.00343747891590388   0.008721210103896683      -5.78133069931274
                1332.25     0.6307669002558954    0.00343756304023742   0.008025120304590698     -5.864487568474126
                 1332.5     0.6805345862135724   0.003438163452970976    0.01158567860930248     -5.497119848820146
                1332.75     0.5895306635174469   0.003438516659126963    0.01835367663487806     -5.036956939754091
                   1333     0.6675235172452898    0.00343854257186606    0.01260288633470613     -5.412853457857574
                1333.25     0.7259307274748876   0.003440822683453219    0.01546210690642178      -5.20772412043349
                 1333.5     0.6488511764771789   0.003442107659624303     0.0091400186172721     -5.733080632524535
                1333.75     0.6784956786611648   0.003442294984571438    0.01154734150376478     -5.499233397147397
                   1334     0.6717309091363446   0.003442745240582101    0.01235810783439584     -5.431245489750848
                1334.25     0.7325494853391926   0.003443446499488055    0.01623425040238984     -5.158230938406485
                 1334.5     0.6834929754794518    0.00344441292677038    0.01251821613027741     -5.417888679678944
                1334.75     0.7100201124112985   0.003444735702859067    0.01265135183091759     -5.407215774370067
                   1335     0.6365080379596729   0.003444825658257208   0.008910000375236716     -5.757779450807155
                1335.25     0.7154739401256075   0.003444746278103073    0.01248622200464899     -5.420350981203042
                 1335.5     0.6746054697044567   0.003444689861214444    0.01218759387064046      -5.44457461726532
                1335.75     0.6699055390122999   0.003444569408785328    0.01278264839633888     -5.396939466705282
                   1336     0.7453287375814291   0.003445125108824189    0.01782507833699767     -5.064260449468123
                1336.25     0.7131269719733559    0.00344576461492499    0.01277833305606639     -5.396930194743731
                 1336.5     0.6796803029474453   0.003445956744004554     0.0119647305237312     -5.462662245841495
                1336.75     0.7286033822863875   0.003445837731730868    0.01611235210409503     -5.165073793017827
                   1337     0.7673545989355374   0.003446582334113814    0.01629666723009948     -5.153483295656671
                1337.25     0.7132157972273768     0.0034470911046662    0.01293172324343616     -5.384612854364464
                 1337.5     0.6939470025233756   0.003446806461949888    0.01275126048799971     -5.398748762735371
                1337.75     0.7194895029811486   0.003446539616784049    0.01375768309584324     -5.322858873676894
                   1338     0.6910693167753411   0.003446363651399574    0.01286039355725017     -5.390355047765232
                1338.25     0.6544879120371158    0.00344624191384692     0.0106821379082108     -5.575969701246154
                 1338.5     0.7164126231000195   0.003445966016467038    0.01312525832816471     -5.370084263653098
                1338.75     0.7048168678978844   0.003445783920013583    0.01264386645486395     -5.407503366487918
                   1339     0.6785129631890529   0.003445497773484066     0.0121384171779218      -5.44838324840196
                1339.25     0.6843958899057163   0.003445251188069002    0.01322417078225346     -5.362783939787315
                 1339.5      0.729108948034781   0.003445349890399275    0.01636740461665437     -5.149509732686393
                1339.75     0.6686109816073276   0.003445151397618855     0.0130174684045354     -5.378567000948693
                   1340     0.6833030283458774    0.00344488993641041    0.01314272561106958     -5.369066655153623
                1340.25     0.7236397122668459   0.003444708553385746    0.01562342669136517     -5.196216230607881
                 1340.5     0.6755292992564855   0.003444620906425936    0.01265408111282464      -5.40703339291401
                1340.75      0.713390593551712   0.003444350184992259    0.01332025478363286      -5.35580597645004
                   1341     0.7184881893398862   0.003444289805762025    0.01401235549423092     -5.305169823654858
                1341.25     0.7381907346329962   0.003444052738042237    0.01751695184774738     -5.082009041859362
                 1341.5     0.7297906809364354   0.003444001661451093     0.0167121517795636     -5.129056855138793
                1341.75     0.7036706298089276   0.003444044232876108    0.01288716551636038     -5.388948705571197
                   1342     0.7120797467531446   0.003443769299542256    0.01367263797718098     -5.329863824508825
                1342.25     0.6953678496053872    0.00344346110275002    0.01335398570166163     -5.353535035595875
                 1342.5     0.7464439830858335   0.003443402828194805    0.01780085150237131     -5.066120560343274
                1342.75     0.7701713049407699   0.003443205067503428      0.016509261974505     -5.141502731913234
                   1343     0.7633424732189455   0.003443462606149857    0.01559335866800574     -5.198504396521356
                1343.25     0.8133346353061532   0.003444693904635478   0.006852420835268368     -6.020389985504666
                 1343.5     0.7819813671769053   0.003445768364571662    0.01438096324321233     -5.278774778224967
                1343.75      0.829136513197393   0.003446620990205628   0.006306902111991581     -6.102788095413566
                   1344     0.8031249162197789   0.003447190266453538     0.0109730668954795     -5.548823740339594
                1344.25     0.7892895642272397   0.003448028806026832    0.01806179397339634     -5.050225446093463
                 1344.5     0.7672044461817911   0.003447792544393545     0.0167534714252109     -5.125487360290433
                1344.75     0.7444745464147723   0.003447563094747546    0.01842442782269977     -5.030482015100015
                   1345     0.7437838754513715   0.003447303872962294    0.01875794452487627     -5.012617220309909
                1345.25      0.765277529004979   0.003447007194679701    0.01650968040179639     -5.140373755756239
                 1345.5     0.7044224525076097   0.003447007892467423    0.01308549218376174     -5.372816303587855
                1345.75     0.6859146491057171   0.003447806062298883    0.01371890160062211     -5.325314364791056
                   1346     0.6933203394819829   0.003447694353019837    0.01332284226569697     -5.354641300590491
                1346.25     0.6581973646158014   0.003447870701064014    0.01196948292740606     -5.461709856739301
                 1346.5     0.6796722908060694   0.003448719784556393    0.01269239578834306     -5.402820887855064
                1346.75     0.7253910943198753    0.00344860866570774    0.01637806202058001     -5.147913408343614
                   1347     0.6626891435658252   0.003448544950292707    0.01278775820003408     -5.395386319194984
                1347.25      0.662494304147312   0.003448915877738653    0.01296060703297979     -5.381852558291642
                 1347.5     0.6609114055490678   0.003448843280135452    0.01297696976271828     -5.380611907017752
                1347.75     0.6437611430475759   0.003449402398168131   0.009455488136639975     -5.697030704157143
                   1348      0.664277184608728    0.00344981655867536    0.01340281748345702     -5.348041027360794
                1348.25     0.6216390387832059   0.003450260218175102   0.008245743096623159      -5.83368029775916
                 1348.5     0.6805756719475594   0.003450447289505308    0.01298661613411861     -5.379403859646574
                1348.75     0.7152549684129723   0.003450285491536377    0.01369032796592598     -5.326680455998581
                   1349     0.6545340714458642   0.003450026375578319    0.01116392355509441     -5.530757686094595
                1349.25     0.6401912145175475   0.003450275187385684   0.009636274561598279     -5.677838460421665
                 1349.5      0.648764582247441   0.003450436690015795   0.009382504061254021     -5.704479545676422
                1349.75     0.6075546353197274    0.00345053312068292    0.01091949611589606     -5.552748457548351
                   1350      0.667741508492636   0.003450710641506098    0.01357734644368083      -5.33484413628354
                1350.25     0.7126334839051949   0.003450586200457769     0.0139985456013535     -5.304329462019793
                 1350.5      0.618279060065823   0.003450431343817477   0.008525119171993386      -5.80031077779396
                1350.75     0.6310402243902753    0.00345053894533329   0.008212778717033204     -5.837605274143375
                   1351     0.5714543981215983   0.003451445120449811    0.02988326663230421     -4.545735332241948
                1351.25     0.6123271332085852   0.003452658184913615   0.009967105456706852     -5.643392391140585
                 1351.5     0.7005565130860909   0.003452645274129555    0.01384417731856117     -5.314821613014638
                1351.75     0.6868672114865463   0.003452631482523267    0.01415920050807969     -5.292325716173127
                   1352     0.6929811923687956   0.003452344284720529    0.01359928015848631     -5.332756665485359
                1352.25      0.704094972080414   0.003452462290068055    0.01357683169218631     -5.334374558663292
                 1352.5     0.6425985973139766   0.003452269408301274    0.00991334888706165     -5.648912994777922
                1352.75     0.6259787647052438   0.003452168549891038   0.008266565107072603     -5.830605352649468
                   1353      0.697754793301102    0.00345197920752194    0.01454229689757983     -5.265817849940206
                1353.25      0.699588751260347   0.003451900445142254    0.01467947802259862     -5.256451631852769
                 1353.5     0.6812896889944087   0.003451727704137242    0.01353308380023772     -5.337814801542476
                1353.75     0.6835063865598793   0.003451443485199179    0.01432416834309111      -5.28108628077526
                   1354     0.6966483834950628   0.003451306187394077    0.01471843760994855     -5.253973298935639
                1354.25     0.6748345161669885   0.003451043225330643    0.01332849801549781      -5.35324601008341
                 1354.5     0.6192926813681718   0.003450842834383869   0.008772248218940317     -5.771615402490328
                1354.75     0.6662959989391319   0.003450804392384056    0.01393512242532759     -5.308807222976473
                   1355     0.6223734562033536   0.003450671197591806   0.008732040818070868     -5.776259155043958
                1355.25     0.6087044515262552    0.00345087589466266    0.01111641293880197     -5.534776289738036
                 1355.5     0.6639320619808187   0.003450707201301421    0.01398060993114598     -5.305576469794491
                1355.75     0.6716264201647927   0.003450420387034907    0.01383129243930698     -5.316397362295991
                   1356      0.696589737811857   0.003450278486289427    0.01489968386879785     -5.242032086090523
                1356.25     0.6703049227556118   0.003450075071899233    0.01418192960542997     -5.291462448416028
                 1356.5     0.6263785907917568   0.003449853292754601   0.008488827194727877     -5.804744472933849
                1356.75     0.6493231966017896   0.003449642885728879   0.009695321115695862     -5.671912906174024
                   1357     0.6774425010946553   0.003449384951682878    0.01353570918548298     -5.338299772021839
                1357.25     0.6648949856755095    0.00344922126778952    0.01445603384076923     -5.272566650086378
                 1357.5     0.6617469472207466   0.003448911386521571     0.0140865668672202     -5.298546750475134
                1357.75     0.6575960415940107   0.003448604730355035    0.01306276559827125     -5.374091444749479
                   1358     0.6691223233088769   0.003448322398543619    0.01471713615429061     -5.254926639281772
                1358.25     0.7046463842230962   0.003448113159123552    0.01399599700409144     -5.305228498921738
                 1358.5     0.6709470678514817   0.003447840874851964    0.01460990865287407     -5.262378855282164
                1358.75     0.7088343173176223   0.003447700182292937    0.01431872699830226     -5.282551374663094
                   1359     0.7142998337604486   0.003447901882441335    0.01432071931237136     -5.282353742796952
                1359.25     0.7453907559516078   0.003448032844259333    0.01889480626367968      -5.00513606861604
                 1359.5     0.7198941096519001   0.003448658410239544    0.01522466608785382     -5.220924860065779
                1359.75     0.7064093764301901   0.003448429461096407    0.01430494074115013     -5.283303147712838
                   1360     0.7103037936650342   0.003448411930571866    0.01497303477117074     -5.237662313906847
                1360.25     0.6968358043748731   0.003448146631733645    0.01525414620333125      -5.21913880361887
                 1360.5     0.6790240404317243   0.003448005659943389    0.01371640224954293     -5.325438674891176
                1360.75       0.70335752811937   0.003447813925976439    0.01481186657156784     -5.248657989965562
                   1361     0.6853734080360567   0.003447523804940967    0.01486457213411343     -5.245190122166421
                1361.25     0.6782115691801851   0.003447218187499815    0.01400399300841755     -5.304916943243954
                 1361.5      0.765774650139876   0.003447412313675167    0.01703980279378817     -5.108651186602252
                1361.75     0.6463219145341212   0.003447523820765814   0.009754745379665069     -5.666416917954923
                   1362     0.6725153699940223    0.00344752787965977    0.01461593808272039     -5.262057030033619
                1362.25      0.696297912490031   0.003447245429327441    0.01542986082388968       -5.2079468980617
                 1362.5      0.715643807364914    0.00344697603962751    0.01465101898606071     -5.259819805569417
                1362.75     0.7371318301954323   0.003446897268742753    0.01798496523588415     -5.054816402212765
                   1363     0.7339588633798605   0.003446967530986328    0.01747172902650301     -5.083748071987622
                1363.25     0.6933480858664622   0.003446797160483528    0.01478568463337081     -5.250722131660424
                 1363.5     0.7294741459728845   0.003446524681343086    0.01738906224226859     -5.088619244013064
                1363.75     0.7694343223925615   0.003446923074952862    0.01762135177442368     -5.075233723891286
                   1364     0.7348768336394704   0.003447124352921958    0.01794796306905673     -5.056810037379205
                1364.25     0.7393620897538954   0.003446858813057719    0.01919089005184963     -4.989928013111149
                 1364.5     0.7095558612631416   0.003446587878799824    0.01528300907232957     -5.217700616237052
                1364.75     0.7673471370650798   0.003446411775166263    0.01780722362307154     -5.064889209280181
                   1365     0.8087830618576187   0.003446529469669763    0.00841165534120821     -5.814840971767633
                1365.25     0.9248648487590526   0.003451949970561763   0.006425326314745003     -6.082640332396637
                 1365.5     0.9262977442822919   0.003458612516903373   0.006565156206161398     -6.059183227186119
                1365.75     0.8860173217919624   0.003461788704084893   0.007447403144113056     -5.932176208053379
                   1366      0.917839699182844   0.003464607541352996   0.005635900206378113     -6.210070780441214
                1366.25     0.8743063072801969   0.003466827065829557   0.007466217243239577      -5.92819876726485
                 1366.5     0.8865906952250956   0.003469190226673702   0.007465665375953104     -5.927591267986997
                1366.75     0.9150166558215439    0.00347111870311776   0.005300661255892251     -6.269518517537866
                   1367     0.8848326733907047   0.003472130490493428   0.007689871831643292     -5.897154534155247
                1367.25     0.8992754749983943   0.003472447382323473   0.005774762301109741     -6.183470291974086
                 1367.5     0.9248509478339162   0.003473712520568231   0.006633558675807593     -6.044461704006855
                1367.75     0.9616833895605215   0.003475911867818788   0.002946968276425127     -6.855193238811312
                   1368     0.8994686227808444    0.00347772784635666   0.005832327044728326     -6.172031796815221
                1368.25     0.8790351693567827   0.003477759831153651   0.007564454936000629     -5.911978376696823
                 1368.5     0.8814900450444509   0.003477705916286966   0.007787467588899348     -5.882938451293034
                1368.75     0.9140002148893472   0.003477536452135597   0.005293172666821119     -6.269085089289707
                   1369     0.9131082376143165    0.00347773868002316   0.005328900042480563      -6.26229990656241
                1369.25     0.9143992763712454   0.003477766334337756   0.005472097856157929     -6.235774737418176
                 1369.5     0.9266866269218973   0.003478024110326322   0.006762789053019719     -6.023927295485933
                1369.75     0.8687897138916225   0.003478075612749412   0.007644622723331893     -5.901345385717802
                   1370     0.8305303939305467   0.003477822666876169    0.00659286780508386     -6.049432173740318
                1370.25     0.9192945698865801    0.00347762793958456   0.006222669204573202     -6.107277648321482
                 1370.5     0.9658321850564706   0.003477991771534926   0.002923585613465525     -6.862561167555241
                1370.75     0.8904453221203671   0.003478393990708116   0.007010029531757674     -5.987914426223978
                   1371     0.9127553217925463   0.003478122095987597   0.005516191103187374     -6.227646905282726
                1371.25     0.9221918645897261   0.003478140630457016    0.00673415856599576     -6.028136313467601
                 1371.5     0.8871243911407044   0.003477887123143513   0.007766774058063232     -5.885547170505291
                1371.75     0.8862404575729971    0.00347758848708549   0.007984224937926538     -5.858020228111465
                   1372     0.9194517263322214   0.003477317822226028   0.006440340607594543     -6.072984346437695
                1372.25     0.8886809736634058   0.003477101732400479   0.007675319103981437     -5.897618049462737
                 1372.5     0.9146161846723465    0.00347682693943893   0.005761379059262459     -6.184530085511532
                1372.75     0.9298287050610443   0.003476601808548667   0.006876045939244906     -6.007727936897003
                   1373     0.8739102211022943   0.003476397559802537   0.007676824429823395     -5.897624480807449
                1373.25     0.9307542320478788   0.003476210759999376   0.006944859533013483     -5.997882441556769
                 1373.5     0.9243811852405147   0.003476027875828151   0.007111649767540745     -5.974202551807426
                1373.75     0.9690046278444738   0.003476011758027312   0.002908608836150347     -6.868266536681605
                   1374      0.999886725934686   0.003477414347483647  0.0004735615693366683     -8.683011360912163
                1374.25     0.9791956571963181   0.003478373685148666   0.002289792269605641      -7.10680107621883
                 1374.5     0.9724391293203656   0.003478225929851242    0.00286240355873073     -6.883642979840586
                1374.75      1.003995917818705   0.003478889541223058  0.0005082838076062944     -8.611829195907356
                   1375     0.9506178807747743   0.003479015648356998   0.003630066140264737     -6.645826767730898
                1375.25     0.9774445431210217   0.003478804518917531   0.002524860363141224     -7.008952565214829
                 1375.5     0.9642717429064116   0.003478535080495634   0.003020645854410389      -6.82974511152845
                1375.75     0.9692171097097472   0.003478303563815536   0.003018215378192256     -6.830616614797598
                   1376     0.9049776277000056   0.003478137937254946   0.005725654597165507     -6.190373072305619
                1376.25     0.8625322370331734   0.003478526282659768   0.007272468160748762     -5.951122574964767
                 1376.5     0.8464333379203849   0.003479040512893137   0.008500701472273744     -5.794921803081536
                1376.75     0.8059536464053623   0.003480379654341466   0.009685464468081504      -5.66405939331837
                   1377     0.8510902809722228   0.003481824768076986   0.007851445071167864     -5.873572915053792
                1377.25     0.8836228772799932   0.003481890201551248   0.008255552258528986     -5.823365747697075
                 1377.5     0.8943168959344514   0.003481625634573835   0.006453567206936548     -6.069694676054897
                1377.75     0.8669175580807135   0.003481509185302159   0.007742244832089075     -5.887669481155624
                   1378     0.8210517065211593    0.00348188848844308     0.0061191964116201     -6.122821432107079
                1378.25     0.9087153376267575   0.003482079391580367   0.005746449900686779     -6.185615133194087
                 1378.5      0.886384564405811   0.003481801573717246   0.008274163316030692     -5.821139370674643
                1378.75     0.9014513839013591    0.00348152130535205   0.005910622324020737     -6.157606549388152
                   1379     0.8877185195967399   0.003481214499864147   0.008165621544098016     -5.834512956789785
                1379.25     0.8872490870951298   0.003480949214393492   0.008358148041926068     -5.811285134585964
                 1379.5     0.8568443156360104    0.00348093039967607   0.007321437114296146     -5.943720780331737
                1379.75     0.8996196536012657    0.00348083727214688   0.006069602530228604     -6.131261048203611
                   1380     0.9432120512573262   0.003480778253066417   0.005611192335502995     -6.209807891210044
                1380.25     0.8573248774564979   0.003480927466857877   0.007394239819976198     -5.933826964272386
                 1380.5     0.8280497652738423   0.003481344642501351   0.006400670558191076     -6.078005660132511
                1380.75     0.8798477618681986   0.003481139786630478    0.00811240706548093     -5.841072639105402
                   1381     0.8705544340256923   0.003480841473792145   0.007924844311747488     -5.864550288671145
                1381.25     0.8294203153058852   0.003480703961922499   0.006619184902672542     -6.044620233285359
                 1381.5      0.850600583338595   0.003480717828174038   0.008122964721171851     -5.839893284447135
                1381.75     0.8687932442983045   0.003480742702091468    0.00801850164205411     -5.852829762500106
                   1382     0.8370190628925448   0.003480512713151808   0.008109627696273148     -5.841595455781635
                1382.25     0.8202237675761715   0.003480811794069082   0.006273216306630645     -6.098272298980165
                 1382.5      0.820661461966515   0.003481012191307883   0.006360923170720596     -6.084330399893184
                1382.75     0.7933681634968445   0.003481311903103718    0.01759171824443131     -5.066989587005374
                   1383     0.7131902100429325   0.003483425584930778    0.01515466042927077     -5.215502753558471
                1383.25     0.7174792689714782   0.003485862764459327    0.01488885760661663      -5.23249833014451
                 1383.5      0.773855806920186   0.003487008796715023    0.01590302049227494     -5.166273680747067
                1383.75     0.7360264393548036   0.003487976247744275    0.01832263141313137     -5.024368349070315
                   1384      0.698623465700868   0.003489633429091458    0.01585526856507296     -5.168528487681241
                1384.25     0.7462915922960279   0.003490667305671447    0.01877030096864721     -4.999458222378833
                 1384.5     0.7559584288990779   0.003490895378595431    0.01510030952120802     -5.216953529921664
                1384.75     0.7347449935340853   0.003491102126356093    0.01830337649971868      -5.02452399751867
                   1385     0.7693818034150879   0.003491231071232205    0.01799146713322991     -5.041675016572115
                1385.25     0.7552399152289705    0.00349098191523271    0.01537593896489343     -5.198840099979486
                 1385.5     0.7306638517283872   0.003490806721394444    0.01798465422263016     -5.042175317554674
                1385.75     0.7186965521423015   0.003491303414489963    0.01523388700622641     -5.208029538001574
                   1386     0.7302637415801239   0.003491427395750867     0.0181234861739807     -5.034307706074245
                1386.25     0.7871968508493555   0.003491166912337659    0.01759291203065032     -5.064094895844733
                 1386.5     0.7469242147788606    0.00349090892726676    0.01877987110735996     -4.998879280024487
                1386.75     0.7674092144373652   0.003490707255954394    0.01811070126366175     -5.035219668986969
                   1387     0.8034157014465375   0.003490448891468607    0.01109018883102653     -5.525735851904989
                1387.25     0.7826829127380278    0.00349041221087481      0.014962381978991      -5.22626800610236
                 1387.5     0.7758194082796337    0.00349010555789845     0.0151779252574217     -5.212052962266386
                1387.75     0.8411648842084498   0.003490044314938969   0.008806300764871147     -5.756445135293425
                   1388     0.8148660584239865   0.003490039510329609    0.00684848199621624     -6.007886951921162
                1388.25     0.7952458948603921   0.003489887524742685    0.01672883156999099     -5.114823850426419
                 1388.5     0.8065242025802835   0.003489770875169562   0.009658043768692086     -5.664199828861642
                1388.75     0.8319562894822937   0.003489597024032106   0.007159887698231619     -5.963546470507501
                   1389     0.8024131129591335   0.003489413889760958     0.0119909861123222     -5.447938037970995
                1389.25     0.8277916411080612   0.003489340153515695   0.006711035351405303      -6.02836114098561
                 1389.5     0.8380703882479418   0.003489350792167833   0.008534553051495064     -5.787988342607213
                1389.75     0.8451719356583203   0.003489341246859744    0.00897005889527284     -5.738221824635895
                   1390     0.8156960881245924   0.003489163891024139   0.006820763418544521     -6.012193491873276
                1390.25     0.8203615019756397   0.003488975877093603   0.006561105114502559     -6.051059730870318
                 1390.5     0.8532796450282474   0.003488875154429958   0.007905829741791763     -5.864647222138288
                1390.75     0.8793603272509742   0.003488974397250006   0.008166240751748993     -5.832210531687704
                   1391     0.8637907160273715   0.003489247045234962   0.007724438494495927     -5.887751930474702
                1391.25     0.8894596968161658   0.003489579940478644    0.00797235056222311     -5.856066286759517
                 1391.5     0.8564294104387753   0.003489958857739024   0.007703378118401005     -5.890278133548325
                1391.75     0.8474141328740453   0.003489674909125728   0.008870980424337748      -5.74923312494573
                   1392     0.8472052699947372   0.003489504756730503   0.009017100958670959     -5.732944326841033
                1392.25     0.9328968637037762   0.003490005701821727   0.006983741250279349     -5.988338891512077
                 1392.5     0.8657511843953958   0.003490537506444815   0.008020635308670627     -5.849753658457307
                1392.75     0.8911324334807215   0.003490485861113384   0.007589354569477983     -5.905039537830985
                   1393     0.8701879449543268   0.003490307982469255   0.008233812781885603     -5.823587865072083
                1393.25     0.8589371765473258   0.003490056583347387   0.007720419671885637     -5.888040357127996
                 1393.5     0.8606174225053184   0.003489747871531459   0.007840590698718883     -5.872683364167873
                1393.75     0.8782878617939575   0.003489485828014861   0.008166855597366064      -5.83198866927621
                   1394     0.8590447830010215   0.003489260283877918   0.007937981345960465     -5.860478265310321
                1394.25      0.841537965011446   0.003489125932530988   0.009264510190521991     -5.705984782998064
                 1394.5      0.848892766178397   0.003488851062430836   0.008972185053561241     -5.738125314745165
                1394.75     0.9069506327972907   0.003488840671611526    0.00589866931269156     -6.157530749911148
                   1395     0.8642103807227997   0.003488841211947909   0.008235578835540261     -5.823793729444926
                1395.25     0.7850686931596044   0.003489050339896849    0.01670880882530377     -5.116261385206887
                 1395.5     0.7808168017537901   0.003489902861730854    0.01466992111769498     -5.246153912871217
                1395.75     0.8614200962418992   0.003490011917429366   0.008150162145550845     -5.833884057247593
                   1396      0.911843848186884   0.003490707245619972   0.005840100976073954     -6.166974578433962
                1396.25      0.857083238200444   0.003490579350837018   0.008283766635989655     -5.817461532178041
                 1396.5     0.8276292434125818   0.003490294716731112   0.006816448547763285     -6.012502256277435
                1396.75       0.92205789818492   0.003490313096098027   0.006993313198586718     -5.986881150705866
                   1397     0.8683873428795921   0.003490465014691289   0.008579612059228759     -5.782403363100932
                1397.25      0.851217443610745   0.003490204342921845   0.008835521317322195      -5.75308663497299
                 1397.5     0.9089462798165904   0.003489998566553381   0.005989890860464134     -6.141852513250651
                1397.75     0.9070312874620436   0.003490247576533417   0.006103225495666871     -6.123036956662459
                   1398     0.9034033071273462   0.003490212327802931   0.006168563917165081     -6.112398398790213
                1398.25     0.9190433529443087   0.003490149677529856   0.006627258873468213     -6.040691131776843
                 1398.5     0.9330657838086515   0.003490094204022011   0.007058775442425446     -5.977626715620727
                1398.75     0.9309161376845866   0.003490621927981212   0.007207510097260095     -5.956623555741382
                   1399     0.9518342618377001   0.003490867128792014   0.003487478330287399     -6.682497930491324
                1399.25     0.9489038558135224   0.003491587031393176   0.004084172059514641     -6.524351631204441
                 1399.5     0.9601008994418444   0.003492060865121252   0.003074079751021955     -6.808329374198422
                1399.75     0.9400086423992656   0.003492443203816487   0.006494806868304739     -6.060222566480352
                   1400     0.9011005183303344   0.003492150883778345   0.006280039367214005     -6.093932935824733
                1400.25     0.9179225316863013   0.003491849958394885   0.006513147387032787     -6.057572551616415
                 1400.5     0.9519923064946386   0.003491698409235639   0.003575462801438639     -6.657344139642201
                1400.75     0.9952963634198592   0.003492501486442514  0.0005427306758915501     -8.542350867574589
                   1401       0.98928113591848   0.003493343193279532   0.001058911685003013     -7.873726149249708
                1401.25     0.9773279162659503   0.003493939248722903   0.002580034965239906     -6.982994254900387
                 1401.5     0.9573445623019575   0.003494211538887461   0.003173548928908127     -6.775868779447328
                1401.75     0.9515005532511093    0.00349401119869912   0.003734921671283207     -6.613049766756353
                   1402     0.9668142115933528   0.003493803499846295   0.003079907077874549     -6.805936632578592
                1402.25     0.9832350204905718   0.003493595934344446    0.00189465638321537     -7.291857976988188
                 1402.5     0.9936654012618439   0.003493665459056877  0.0006478859001256889     -8.364916248730481
                1402.75     0.9921384214604447   0.003494023916498033  0.0007817688396043529     -8.176969157363406
                   1403      0.965930600202581   0.003493989026957229   0.003139078116617508     -6.786853795859452
                1403.25     0.9628785890294729   0.003493690132537071   0.003217102872789872     -6.762387282610963
                 1403.5      1.014044714971234   0.003493618791789433  0.0003345200999368457     -9.025947240035464
                1403.75     0.9994597658922013   0.003494040149345946  0.0005030989837547145     -8.617736669274167
                   1404      1.019709705265601   0.003494118000950632  0.0002119760972012195     -9.482027806529867
                1404.25      0.993618406718627   0.003494158909994024   0.000678612884075718     -8.318438779459294
                 1404.5      0.976697006609072   0.003493878069475283   0.002704565746590108     -6.935873354314241
                1404.75     0.9526462256471032   0.003493619780167225   0.003623488993068358     -6.643451273493499
                   1405     0.9361927902443304   0.003493503978726745   0.007084263524107383      -5.97304587337199
                1405.25     0.9385612561823352   0.003493268308429162   0.006920459101818468     -5.996507142732207
                 1405.5       0.86157466211197   0.003493799685395281   0.008401983558214201     -5.802369335508621
                1405.75     0.8803944890615196   0.003495336907506133   0.008494078287455761     -5.791028013725949
                   1406     0.8872446394623845   0.003495643402228764   0.008741162929288933     -5.762266340379806
                1406.25     0.9382027944134631   0.003495429774261193    0.00705808387739429     -5.976197084766127
                 1406.5      0.880900325674323   0.003495671723969479   0.008729748109131125     -5.763564961532255
                1406.75     0.8995615860915641    0.00349612214048195   0.006400574159601135     -6.073784937235606
                   1407     0.8385559728138055   0.003496441894897997   0.008913731157004617     -5.742488266025329
                1407.25      0.846074057537159   0.003498199889477761   0.009528965290469224     -5.675242373666133
                 1407.5     0.8248645006198635   0.003499042027076165   0.006769933582481448     -6.016846529613538
                1407.75     0.8273372947912532    0.00350011635266543   0.006948189236684729     -5.990549734699619
                   1408     0.7790183268084365   0.003501707545167655    0.01456859838289653     -5.249707894094026
                1408.25     0.8292449400324334    0.00350264228855758   0.007158866978176782     -5.959957681967719
                 1408.5     0.7897517757692929   0.003503283300165279    0.01904536888089668     -4.981302447224083
                1408.75     0.7917177517574283   0.003504990294858817    0.01905723499501463     -4.980192459630534
                   1409     0.8147044219000587   0.003505323275198691   0.007058746117876854     -5.973276849560158
                1409.25     0.7950741806561902   0.003505653258287403    0.01738668826979467     -5.071745276856619
                 1409.5     0.8253414753181896   0.003505904257589162   0.007064019505243556     -5.972364327925361
                1409.75     0.8323194960691528   0.003505836792757959   0.007671445855401345      -5.88989269034161
                   1410     0.7666838719742645   0.003506074052061498     0.0180637190821933     -5.033424666572361
                1410.25     0.7776716345450805   0.003506764147312703    0.01484762559899034     -5.229293353347702
                 1410.5     0.7780662122014873   0.003507058688384741    0.01494471535938907     -5.222691575069201
                1410.75     0.7828936344593639   0.003507228336180176    0.01610526230307773     -5.147854882967917
                   1411     0.7731996624461138   0.003507454590657931    0.01728283757821239     -5.077222482254904
                1411.25     0.7948104754376989    0.00350749547579654    0.01779335947870397      -5.04809946258013
                 1411.5     0.7624060920130353   0.003507545504690487    0.01647335213074361     -5.125166470983903
                1411.75     0.7706190336393702   0.003507630617107455    0.01864685717889805     -5.001208642718127
                   1412     0.7577896613566311   0.003507490909287443    0.01550811371878751     -5.185562736515231
                1412.25     0.8178273679773819   0.003507326747892853   0.006852859835727373     -6.002306833973981
                 1412.5     0.8071791035784505   0.003507034583958219   0.009564257120503988     -5.669023264452971
                1412.75      0.775227325183361   0.003506758307395798    0.01654041476825043     -5.121328212860116
                   1413     0.7869104559074388   0.003506927550339083    0.01880894012477682     -4.992754422692845
                1413.25     0.7951443299289906   0.003506688429454026    0.01785070495212401     -5.045111905104513
                 1413.5     0.8128759314427603   0.003506408081733505   0.007654740707547032      -5.89190969919842
                1413.75       0.71791827610672   0.003506686068108743    0.01521250125233103     -5.205038038413863
                   1414     0.7487287337324586   0.003507026435153492    0.01807393173081396     -5.032587857183228
                1414.25     0.7840220412011434    0.00350693216718253    0.01726244957036907     -5.078551804165364
                 1414.5     0.7138847323335461    0.00350672635823606    0.01544854224075754     -5.189629444056374
                1414.75     0.7490037621040818   0.003507394699904902    0.01815343993043758     -5.028093448672294
                   1415      0.805651125692905   0.003507218042532003    0.01049288390945893     -5.576306583165368
                1415.25     0.6950302288180688   0.003507364522465451    0.01527154253761617     -5.200970991602987
                 1415.5     0.7167319308368659   0.003507904556842204    0.01526314944917245     -5.201366773068703
                1415.75     0.7277177683324705   0.003508119152899506    0.01760542668612091     -5.058539801467291
                   1416     0.7500426246065673   0.003507906965754563    0.01766680696097148      -5.05511991080346
                1416.25     0.7810892719446533   0.003507631177066732    0.01589226750477687     -5.161053428610712
                 1416.5     0.7756697367674753   0.003507420925584605    0.01654845267929151     -5.120653438293294
                1416.75     0.7470438047696862   0.003507130236678984     0.0192113973507272     -4.971525208798123
                   1417     0.7936375298847322   0.003506892499647953     0.0190027100448347     -4.982515109864842
                1417.25     0.8272923739884039   0.003507269910311577   0.007206659834230661     -5.951983523434096
                 1417.5     0.8128054076255812    0.00350730609847156   0.007718477559033154     -5.883361643706104
                1417.75     0.8026211243970569   0.003507141084957053    0.01224535147784152     -5.421879436752546
                   1418     0.7501733411104978   0.003506976355693373    0.01800970771988957      -5.03616187101534
                1418.25     0.7254094572571673   0.003506950801151324    0.01735869258213547     -5.072986693796406
                 1418.5     0.7880882728006876   0.003506762495569791    0.01987191591601875     -4.937826310041886
                1418.75     0.7646053287175072   0.003506506670354989    0.01766167095431743     -5.055809930406285
                   1419      0.753796146178309   0.003506234429500133    0.01648813487343877     -5.124643357260385
                1419.25     0.6999575619421659   0.003506231561934853    0.01606006307817388     -5.150949562591892
                 1419.5     0.7117845368596435   0.003506251686622853    0.01572786346320939     -5.171845576846245
                1419.75      0.689797224188389   0.003507263169540331    0.01452807378365705     -5.250908120282459
                   1420      0.675014158325413   0.003507771343095759    0.01412978522854035     -5.278561142676662
                1420.25     0.6631024850410321   0.003508712624733542    0.01435423530963926     -5.262532791598863
                 1420.5      0.641294270322963   0.003509831636016087    0.00985347409605675     -5.638434867919225
                1420.75     0.6534035315058786   0.003511215510552214     0.0109228922812292     -5.535003957408426
                   1421     0.5652839005909865   0.003513443403613602    0.03031868297682518     -4.513466324759711
                1421.25     0.5684551323827083   0.003517770197898177    0.03125587520832206     -4.481792342849981
                 1421.5      0.550420826010439   0.003521378881072575    0.04539150648336957     -4.107649384243358
                1421.75      0.565741255748504   0.003523618976727432    0.03092057704310874     -4.490916564559959
                   1422     0.5413958797236658   0.003526126210210995    0.05910724419979679     -3.842273660717913
                1422.25     0.5669055428633855   0.003527020050287705    0.03160945862253382     -4.467917295067134
                 1422.5     0.5847521465049698   0.003527586531041579    0.02083317184490026     -4.884666578947646
                1422.75     0.5280355223645736   0.003528742149839503    0.06928093157469174     -3.682715843772267
                   1423     0.5589896721783277   0.003530188092092734      0.035822691098395     -4.341894354816513
                1423.25     0.5797091813142239   0.003530764217965963    0.02302030269725532     -4.783936138027704
                 1423.5      0.593592024468786   0.003530803030583041    0.01521480824437593      -5.19803251771046
                1423.75     0.6072019673347701    0.00353055983569912    0.01105412556159462      -5.51756686607879
                   1424     0.5945572510845679   0.003530285333055409    0.01475281648914227     -5.229014318860411
                1424.25     0.5832126998610885   0.003530156033867406    0.02202030488456404     -4.828519981208879
                 1424.5     0.5445414610060408   0.003530247323507537    0.05562465731853326     -3.901832518697582
                1424.75      0.561966293961264   0.003530435908385329    0.03236823519270448     -4.443228133681151
                   1425     0.5645642928177799   0.003530580402842043    0.03167967548518403     -4.464689429537981
                1425.25     0.5356308015533217   0.003530747652890582    0.06027402644324911      -3.82141611018169
                 1425.5     0.5431921375567849   0.003531063211916343    0.05851250263026702     -3.850987560055292
                1425.75     0.5614385913751464   0.003530952527800696    0.03352207069409882      -4.40805530936789
                   1426       0.58794546870147   0.003530684704152701    0.01960045851007033     -4.944782251754926
                1426.25     0.5111722955308114   0.003530647922243288    0.08658860574769836     -3.459177395366992
                 1426.5      0.545835615139403   0.003530751916689376    0.05414118686933492     -3.928720968411516
                1426.75     0.5704976867583236   0.003530573548026186    0.03165095352560487     -4.465598419137667
                   1427      0.479592591144302   0.003531012116963337    0.09672067143148375     -3.348415333575728
                1427.25     0.4473487332371293   0.003533629901811982     0.0985623693592679     -3.328811847742526
                 1427.5     0.4188979379043069   0.003535400669128327    0.04216129210202145     -4.177497842677284
                1427.75     0.4546955843524623    0.00353724513768083     0.1111493955830027     -3.207603613372443
                   1428     0.4482217698926808   0.003538959182942907     0.1026588023071357     -3.286583472143194
                1428.25      0.412029286329839   0.003540099574473245    0.03545325338970191     -4.349457152467721
                 1428.5     0.4205347323771475   0.003541492929012578    0.04341231691481645     -4.146535460081937
                1428.75     0.4224596227838369   0.003542105980110052    0.04407536709739662     -4.131204513339212
                   1429     0.4781935544730673   0.003542470359078449    0.09502711440560696     -3.362840439418361
                1429.25     0.4445071385474172    0.00354229980543603    0.08946230564792476     -3.423233481027364
                 1429.5     0.3830065343378311   0.003543411831740647    0.01247315323708035     -5.393158379564359
                1429.75     0.4402006380806246   0.003544023033679527     0.0719188480086744     -3.641026125981692
                   1430     0.5045678912909904   0.003543838772493744    0.09183930979600555     -3.396576074531844
                1430.25     0.5368490679341048   0.003543932773561745    0.06086835882215864     -3.807876486801608
                 1430.5     0.4964563534033552   0.003543774863238226     0.1008992727006223     -3.302511806643245
                1430.75     0.5143930720949444   0.003543531402809781    0.08634445400654654     -3.458358653466953
                   1431     0.5529306476908645   0.003543369724141614     0.0440569221672034     -4.131266373108775
                1431.25     0.5379459304940996   0.003543692262700117    0.06172661731244018     -3.793942597967461
                 1431.5     0.5525829835297953   0.003543786429466005    0.04479778335357791     -4.114472602563788
                1431.75     0.5109960696421655   0.003543813921872569    0.08831381119478987     -3.435726996606524
                   1432     0.5031135973689058   0.003543507909271259    0.09597958829612807     -3.352574312145254
                1432.25     0.4911140622941974   0.003543292410169475     0.1094340998367557     -3.221448136017853
                 1432.5     0.5264608567299652   0.003543036185216004    0.07364111244698886     -3.617639528608833
                1432.75     0.5252254899678899   0.003542988719830015    0.07746830304027952     -3.566987528648897
                   1433     0.5395256239741784   0.003542726870784763    0.06256889597579748     -3.780662012080874
                1433.25     0.5149155926177741    0.00354277661914161    0.08766953964314078     -3.443341740450111
                 1433.5     0.5328531549009039   0.003542535113233722    0.06332152353258763     -3.768759130314133
                1433.75     0.5466677066461885    0.00354225731031375    0.05343755694120014     -3.938549035935309
                   1434     0.5292640891095677     0.0035421953969154    0.06865455665845144     -3.687992821640627
                1434.25     0.5548708297807332   0.003542002304612659    0.04327121004052737     -4.149647321663723
                 1434.5     0.4893742674010623   0.003541736984008291     0.1116268832583587     -3.202047839803453
                1434.75     0.5406086701884438   0.003541525971782686    0.06356147133214969     -3.765261840554974
                   1435     0.5875381158637253   0.003541379941353564    0.02002537951781775     -4.920310120301663
                1435.25     0.5444400635919689   0.003541476558720927    0.05954226714439397     -3.830596850711338
                 1435.5     0.5429800382214324   0.003541230091136703    0.06277933792858217     -3.777726874786384
                1435.75     0.5521679510944212    0.00354106431770618    0.04632988652199756     -4.081612443645589
                   1436     0.5161274597825959   0.003540769657991068    0.08826612562391202     -3.437126503643764
                1436.25     0.5330897324840014   0.003540485408921329    0.06440807089298163     -3.752324241814093
                 1436.5     0.4911800742305177   0.003540283453539704     0.1115063155123315     -3.203539004182964
                1436.75     0.5078925579621708   0.003540091829585269    0.09124487660750163     -3.404127518917535
                   1437     0.5200512999406269   0.003539794680377094    0.08750148284656453     -3.446102564798783
                1437.25     0.5239174826924801   0.003539543802949281    0.08265406452548996     -3.503165180169077
                 1437.5     0.5271395451706751   0.003539268656881745    0.07550250164286815     -3.593741128657131
                1437.75     0.5149028261158918   0.003539020946928076    0.09023767175024003     -3.415529923400817
                   1438     0.5081668354832636    0.00353900515193098    0.09222013474933269     -3.393802885335508
                1438.25     0.5490411150775427   0.003538742704065109    0.05060266019715123     -3.994051386713771
                 1438.5     0.5404511725816633   0.003538470280286571    0.06552951838818986     -3.735631817327997
                1438.75     0.5087375636875656   0.003538176511764075     0.0929884604143139     -3.385740141758846
                   1439     0.5490039537855238   0.003537990674828687    0.05137871414345675     -3.979044105424549
                1439.25     0.5118619860591351   0.003537721460507555    0.09288017726921984     -3.387033919748764
                 1439.5     0.5253147991200225    0.00353743367481474    0.08100082814969332     -3.523966138091713
                1439.75     0.5494123293655159   0.003537154704042444    0.05136341652806396     -3.979578204011975
                   1440     0.5033973415895688    0.00353686229294766    0.09818538394556417     -3.331729689608455
                1440.25     0.5519655999778226   0.003536731263582616     0.0489294208869415     -4.028245232011605
                 1440.5     0.5626018632755179   0.003536543528802894     0.0329527460197396     -4.423602588080663
                1440.75     0.5717165767695291    0.00353656972413481     0.0306751462564493      -4.49521701900913
                   1441     0.5559768122564219    0.00353641232011786    0.04425036584572258     -4.128850646941502
                1441.25     0.5538520450818385   0.003536272795771673    0.04789226744385531     -4.049799680330986
                 1441.5     0.5180370170944045   0.003535995001384015    0.09135076550010564     -3.404125636620378
                1441.75     0.5009520470416898   0.003535926507003037     0.1023214886941557     -3.290731963505655
                   1442     0.5180623088813523   0.003535719773657815    0.09224912329387241      -3.39441735901694
                1442.25     0.5667932413834222   0.003535619534012895    0.03296952074078914     -4.423354968510631
                 1442.5     0.5059227136393679   0.003535488107088174    0.09690616355622238     -3.345232537940772
                1442.75     0.5136776222203677    0.00353521328034433    0.09444877154451868     -3.370995811523717
                   1443     0.5036670432054011   0.003535300969722881     0.1005939919438176      -3.30793606107881
                1443.25     0.5160457369838407    0.00353511092516031     0.0947449151798915     -3.367894175563835
                 1443.5     0.5009071402749126   0.003534842811557494     0.1049910340932095     -3.265283241444131
                1443.75     0.5251467010985393   0.003534623905356252    0.08266395167918174     -3.504436514046791
                   1444     0.5000671700306735   0.003534364987298579      0.106397666500447     -3.252109737756414
                1444.25     0.5496183113911529   0.003534185149132072    0.05267438611345369     -3.955214961676232
                 1444.5     0.5281166754473701   0.003533985944921108    0.07502474557541558     -3.601582633496021
                1444.75     0.4846213831361702   0.003533787687182355     0.1075473118044732     -3.241525874955108
                   1445     0.5139296242015146   0.003533588927714099    0.09618498559956536     -3.353239711898729
                1445.25     0.5389774134821042   0.003533433448482107    0.06622381070071606     -3.726516907349424
                 1445.5      0.494412040114514    0.00353322367787983     0.1075394127719906     -3.241758942188444
                1445.75     0.5228842134212667   0.003533063156255459     0.0895967806436517     -3.424342397072217
                   1446      0.488946240707922   0.003532826708916844     0.1150232984767391     -3.174594009212729
                1446.25      0.501289572294157   0.003532585587745161     0.1070121055029634     -3.246855002858421
                 1446.5     0.4924694556219122   0.003532297852411661     0.1130664996608545     -3.191902283353317
                1446.75     0.4994042900263782   0.003532085831217252     0.1092615707597855     -3.226193707723938
                   1447     0.4952356369359335   0.003531838809812005     0.1101005641342889     -3.218614218241533
                1447.25     0.4611008053539429    0.00353163111539118    0.09809944788625807      -3.33408545535064
                 1447.5     0.4785283785806176   0.003531673220185232    0.09726526378572901     -3.342613347434194
                1447.75     0.4689705014624169   0.003531493128265408    0.09901338158889614     -3.324851257817131
                   1448      0.457879430730339   0.003531374017549299     0.1066777267999619     -3.250327604596904
                1448.25     0.4577410219754286   0.003531365454070692     0.1081424107908067     -3.236693443126742
                 1448.5     0.4286845790240559   0.003531871666511435    0.04532413283699889     -4.106159458489623
                1448.75     0.4573654975112286   0.003532065027098987     0.1101934602159935     -3.217706786715726
                   1449     0.4340802715980531   0.003531993361400773    0.05390981722474593     -3.932652028144669
                1449.25     0.4396460069067407   0.003531960576836157    0.07095415440811549     -3.657939953521111
                 1449.5     0.4674740790103492   0.003531885148624516    0.09938670688024859     -3.320976894450465
                1449.75     0.3996086026831858   0.003531900062454053    0.02371970685485408     -4.753684827464986
                   1450     0.3744340556095863   0.003532956296206705    0.03238589439663601     -4.441969062397486
                1450.25     0.3907075128936315   0.003533847444802261    0.01334739849258544     -5.328118328908039
                 1450.5     0.4395858241039045    0.00353395139593819    0.07156935698202205      -3.64874340262776
                1450.75     0.4230896023979542   0.003533712167163362     0.0447118632931789     -4.119239242117129
                   1451     0.4600875295677593   0.003533578172125624     0.1042679146373638     -3.272552337399929
                1451.25     0.4315708452963906     0.0035333045493443    0.05073367710845775     -3.993003531546124
                 1451.5      0.453767467199752   0.003533010623397357     0.1167722265435567     -3.159451399452437
                1451.75     0.4940220396462597   0.003532786432779979     0.1128095159174437     -3.194039416636485
                   1452     0.4995209181419395   0.003532980741303448     0.1118409411042985     -3.202607419945282
                1452.25     0.4567869683217619   0.003532930684065705     0.1144244423943552     -3.179784568372855
                 1452.5     0.4444698237162738   0.003532638658081362    0.09170715493953024     -3.401181541758336
                1452.75     0.4527190872432253   0.003532389168364915     0.1182979003699697     -3.146646547691126
                   1453     0.5101864658304351   0.003532205756769971    0.09801581480556763     -3.334775653112741
                1453.25     0.4977918596821253   0.003532212443669137     0.1129165825692609     -3.193253262458259
                 1453.5      0.521420640760994   0.003532036623587615    0.09308904378115253     -3.386395883546485
                1453.75     0.5094130641625013   0.003532013376951792      0.099215615699453      -3.32266354208599
                   1454     0.4771077092738461   0.003531760703089682    0.09644370704855722     -3.351071009582382
                1454.25      0.486612357511353   0.003531470717942783     0.1143182025050019     -3.181126802117516
                 1454.5     0.4709413471436912   0.003531170217629497      0.100986919512337     -3.305206709311764
                1454.75      0.418814772795961   0.003531104337131365    0.04392500342749515     -4.137732652903094
                   1455     0.4965951942373513   0.003530951968482478     0.1138304903781758     -3.185549101046772
                1455.25     0.4316523737123068   0.003530737169040298    0.05139833978865394     -3.980714479399186
                 1455.5     0.4878085037993113   0.003530536851333458     0.1181077422671809     -3.148779810562611
                1455.75     0.4131665733910326    0.00353038384283923    0.03764372263958751      -4.29225421704004
                   1456     0.4150856355932689   0.003530570717045602    0.04055686425714164     -4.217662451233081
                1456.25     0.4510381288613142   0.003530515608136853     0.1163809146331363     -3.163514547278993
                 1456.5     0.4592483397157648    0.00353024002820573     0.1098036215826959     -3.221767653133951
                1456.75     0.3817654392463822   0.003530454684458037    0.01392483490197046     -5.286726432449718
                   1457     0.4369315646792966   0.003530586132662448    0.06443417134046776     -3.754719026735118
                1457.25     0.3997901904002824   0.003530957544095507     0.0240814403871994     -4.738816501899237
                 1457.5     0.4036901014466631    0.00353131009354625    0.02793677192947094     -4.590214285653429
                1457.75     0.4264863821569902   0.003531139836660539    0.04612353188107857     -4.088883038961073
                   1458      0.330108413332153   0.003531333477092632       2.46299225322235    -0.1110192223882529
                1458.25     0.3317381718103288    0.00353290397692989      2.520781257602102   -0.08738268598748443
                 1458.5     0.3231586814120945   0.003534269123976291       1.92209899686459    -0.3581474111966945
                1458.75     0.3331495964939562   0.003534650131601735      2.526103250246508   -0.08477953155544929
                   1459     0.3302510187323618   0.003535021178655215      2.524556986632845   -0.08528686446549387
                1459.25     0.3427538260827758   0.003535117256611306      1.716861773871337    -0.4708272082074932
                 1459.5     0.3419787382262912   0.003535280256627376      1.826193701840158    -0.4090453182863508
                1459.75     0.3605316851057009   0.003535385426516454     0.2874746486433972     -2.257870027737596
                   1460     0.3347170700345306   0.003535217516829044      2.504938249124581   -0.09303283844221286
                1460.25     0.3562879518737441   0.003535217975520347      0.496470103528292     -1.711528803632432
                 1460.5     0.3829814885395209   0.003535054589798949    0.01279805091590678     -5.369805401382458
                1460.75     0.3817153203512119   0.003534771648706271    0.01422819524882999     -5.263952753548479
                   1461     0.3594801861342506    0.00353446681961558     0.3360182247001144      -2.10209917272597
                1461.25     0.3775311871173416    0.00353417071708037    0.02183469065431708     -4.835848331221655
                 1461.5     0.3387416208508446   0.003533793207283161      2.223389517666395    -0.2126670531843808
                1461.75     0.3814871731747587   0.003533551028753819    0.01494491383847874     -5.215152677464701
                   1462      0.353875975615233   0.003533290174995139     0.6673512831645766     -1.416280963961158
                1462.25     0.3451636150944202   0.003533006732338281      1.465465074528813     -0.629749828384458
                 1462.5     0.3357799082032426   0.003532672257183954      2.480035722224548    -0.1037441893070223
                1462.75     0.3514321939518908   0.003532434452285094     0.8726338143372913     -1.148323739434054
                   1463      0.337348122054278      0.003532148607575      2.386943765292076    -0.1421516066021396
                1463.25     0.3332174235748591   0.003531762708499188      2.612264692978317   -0.05205711070291901
                 1463.5     0.3247823837793122   0.003531432365575298      2.079361448407622    -0.2803073428743012
                1463.75     0.3355884069304105   0.003531204533217201      2.542135470172498   -0.07942824704599492
                   1464     0.3124904825767398   0.003530904824229064      2.246715905686202    -0.2030480366871706
                1464.25     0.3216948539296895   0.003530630897483808       1.86798500897351    -0.3877348573494322
                 1464.5     0.3320190659751249   0.003530324275610536      2.651763427179695   -0.03745715901232646
                1464.75     0.3379209336476243   0.003529928960462809      2.383296410515733    -0.1443094293702255
                   1465     0.3527068486967038   0.003529615993296223     0.7684186984432311     -1.276303184292211
                1465.25     0.3445665835975134   0.003529259727696501      1.563059080331155    -0.5663387612981468
                 1465.5     0.3880006663922098   0.003529020592783023    0.01181075952442978     -5.451795710311265
                1465.75     0.3562113620354025   0.003528854391562963     0.5196386112331093     -1.667720155534277
                   1466     0.3559328442961177   0.003528561653580491     0.5420246356180268     -1.625625252495877
                1466.25     0.3472083160821652   0.003528245341970248      1.277689202156144    -0.7682179387446791
                 1466.5     0.3443542612599962   0.003527860012929172      1.611333093477988    -0.5363184481843108
                1466.75     0.3334592484379674   0.003527491336301189      2.669731271334631   -0.03150698282120107
                   1467     0.3471690428950041   0.003527192174636066      1.306082111751893    -0.7465377133600812
                1467.25      0.353420846185719   0.003526866210284499     0.7388194056169185     -1.316363798498352
                 1467.5     0.3430110842492444   0.003526477540609112      1.806796220887692    -0.4222170093362269
                1467.75     0.3528249004584752   0.003526153567156977      0.798014503757533     -1.239492622164593
                   1468     0.3555170369872972   0.003525830715269589     0.5907304974158798     -1.540351055739907
                1468.25     0.3451651816460066    0.00352545967235789       1.55311678919924    -0.5737971764998271
                 1468.5     0.3855881782350318   0.003525214282203623    0.01196591556618109     -5.439823567913561
                1468.75     0.3495408791559839   0.003524902391126532      1.114002769874822    -0.9062593780797196
                   1469     0.3268230315794652   0.003524509269765542      2.334599668357197    -0.1664901109216275
                1469.25      0.326659330246708   0.003524163150626245      2.334024921055629    -0.1668345362137977
                 1469.5     0.3591934500553147    0.00352389792652045     0.3734025134388049     -1.999602325676581
                1469.75     0.3361909505145692   0.003523489093521335      2.574867825347022   -0.06882183016222033
                   1470     0.3402144282678048   0.003523077773593293      2.204267504355945    -0.2243415202151574
                1470.25     0.3347778376572598   0.003522652335389191      2.684187459123067   -0.02747948132368101
                 1470.5     0.3250708694953904   0.003522250178211502      2.176678686241749    -0.2371715342624979
                1470.75     0.3463700245228551   0.003521912180122364       1.44154309647721     -0.649353541707045
                   1471     0.3645679762786317   0.003521626906594622     0.1680457134089697     -2.798667912185314
                1471.25     0.3574343852315127   0.003521462088291324     0.4728444285480193     -1.764184330358228
                 1471.5     0.3656952842457331   0.003521173364177239     0.1406966745238895     -2.976426425630744
                1471.75     0.3466918129943349   0.003520857494297134      1.417869628740385    -0.6662117015037634
                   1472     0.3638353418013343   0.003520666759505857     0.1931581975823159      -2.65966710867458
                1472.25       0.32938058473396   0.003520257489295651      2.649827936104689   -0.04104290600363047
                 1472.5     0.3082851422869732   0.003520011378758837      3.272924794573397     0.1700764885160188
                1472.75     0.2884673293836104   0.003519031318882183      43.31739460585239      2.752668284151564
                   1473     0.2802535562394871   0.003518335761035696      58.36164367867624      3.050575218953693
                1473.25     0.3050046750339943   0.003517993593579853      4.831915475676506     0.5590620417115543
                 1473.5     0.3253457700103116   0.003517622791915315      2.231283511866974    -0.2137093474103077
                1473.75     0.3193297156989042   0.003517259271066229      1.820084273698354    -0.4175068770214568
                   1474     0.3453696653622709   0.003516908204617361      1.572199542711844    -0.5640138772331479
                1474.25     0.3870901427301222     0.0035168072909529     0.0119094113834183     -5.446944511904887
                 1474.5     0.3558089023605071   0.003516749338465179     0.5826495917090174     -1.556703988590092
                1474.75      0.360669668036827    0.00351647528667997     0.3129273811326537     -2.178396727021971
                   1475     0.3377214885075521   0.003516317635556774      2.504980864622349   -0.09837634001458151
                1475.25     0.3826464277440699   0.003516270253114959    0.01400326196072595     -5.285135890069047
                 1475.5     0.3837392208286678   0.003516221695222886    0.01329336731979005     -5.337174786246321
                1475.75     0.3704800499144424   0.003515969800246847     0.0615899829752224     -3.804012396578784
                   1476     0.3804947212414511   0.003515855394983981    0.01674370507426353     -5.106521807963619
                1476.25     0.3730335031038099   0.003515827152308216    0.04062887775585447     -4.220073123567749
                 1476.5     0.3711213879761742   0.003515609430580429    0.05608852908636534     -3.897682821199276
                1476.75     0.3816381466731701   0.003515430029653459    0.01550510381921245     -5.183495922948057
                   1477     0.3565129881634605   0.003515162819597773     0.5403867797979076     -1.632456042799655
                1477.25      0.368059479845396   0.003514905625990221     0.0959904780298363     -3.360565355081265
                 1477.5     0.3694279326761898   0.003514618504295207    0.07642127970310558     -3.588634857127516
                1477.75     0.3451534714291628   0.003514248943072632      1.614842126500122     -0.538008723542451
                   1478     0.3878609830977434   0.003514055409529792    0.01240129832994857     -5.407255101386838
                1478.25     0.3718089480463442   0.003513828563345541    0.05195272207956378     -3.974786714347068
                 1478.5      0.372954401468719   0.003513539834980259    0.04389563214242381     -4.143388181614768
                1478.75     0.3910366190278939   0.003513294164963783     0.0142447923121543     -5.268881536373866
                   1479     0.3796572262643143   0.003513035676608068    0.01877155986562173     -4.993003550244709
                1479.25     0.3751662017654878   0.003512762535656876    0.03236593174366788     -4.448317875090028
                 1479.5     0.3697743112052286   0.003512560966254355    0.07385093175595392     -3.623433013187598
                1479.75     0.3891447521730401   0.003512309568815748     0.0131322545541522     -5.350481828785123
                   1480     0.3841626085844925   0.003512049563983061    0.01362137472385729     -5.313987012150292
                1480.25     0.3630026061126418   0.003511766872276311      0.226979680187106     -2.500847238288047
                 1480.5     0.3903705696068894   0.003511496686065319     0.0140849485394422     -5.280677929777987
                1480.75     0.3873704902344393   0.003511224794091416    0.01302540214244805     -5.358960647787348
                   1481     0.3906410921274438   0.003510976956483889    0.01457427321412783     -5.246674830723165
                1481.25     0.4529234731167514   0.003510944947582689     0.1211068944999029     -3.129268232100537
                 1481.5     0.5408527957994153   0.003514166004746715    0.06689588195699937      -3.72188739075614
                1481.75     0.5650859662911601   0.003519633389986193    0.03275834318540347     -4.434312513403119
                   1482     0.5325361567101088   0.003522490933500513    0.06655993737249895     -3.724555783906913
                1482.25     0.5232303733095223   0.003524027631365613     0.0901648835658628     -3.420582447640708
                 1482.5     0.5412214568775275    0.00352656070355022    0.06728130628846235     -3.712621508169756
                1482.75     0.5392096954022728    0.00352860616766825    0.06772682815303625     -3.705441709412173
                   1483     0.5155421048307448   0.003528896450472198    0.09732952794631783     -3.342739412206368
                1483.25     0.5738354783902296   0.003529942776150298    0.02828850754670808     -4.578089741900375
                 1483.5     0.5633073525577446   0.003531429846263388    0.03336076671990042     -4.412743625438878
                1483.75     0.5671809720280149   0.003532416243525776    0.03387859537567573     -4.397061495246796
                   1484     0.5845002926884878   0.003533085286779306     0.0216894964770162     -4.842827412228805
                1484.25     0.5434173705454378   0.003533972580230631    0.06620264946332576     -3.726683931140814
                 1484.5     0.5305484206572175   0.003534167880583921    0.07039856626922038     -3.665176255765279
                1484.75     0.5380298675312486   0.003534289448022477    0.06821944208966657     -3.696585157213208
                   1485     0.5223719672798799   0.003534180372024954    0.09278487384211161     -3.389061989639834
                1485.25      0.604118914140668   0.003535187201693391    0.01127855616671214      -5.49615753735627
                 1485.5     0.5253928203977144   0.003535330703760231    0.08650405876032338     -3.458828849236327
                1485.75     0.5776906212816013   0.003535282059175241    0.02451431268613013      -4.71977680556186
                   1486      0.537526026002458   0.003535176740371704    0.06861542331197752     -3.690546395949664
                1486.25      0.571860235294002   0.003535005808749575    0.03171209122707939     -4.462414052968667
                 1486.5     0.5194273991424597    0.00353493444984329     0.0974687249571821     -3.339600717538255
                1486.75     0.5800188630314419   0.003534747066850205    0.02385855927716395     -4.747042252223198
                   1487     0.5592381421190468   0.003534742037940721    0.03876684727995511     -4.261621277599502
                1487.25     0.5414248371089909   0.003534492811564087    0.07003324952252102      -3.67028709511676
                 1487.5     0.5675086275622546   0.003534236968660702    0.03459412405924032     -4.375645762042545
                1487.75     0.5933894695284322   0.003534372423222808    0.01582980426393295     -5.157396770210907
                   1488     0.5258888775306548   0.003534182784282854    0.08614205734112715     -3.463347173173218
                1488.25     0.5545436892813986   0.003533898464598043    0.04753133128860727      -4.05803628826353
                 1488.5      0.586173455093608   0.003533689893397553    0.02131039189280967     -4.860289573791503
                1488.75     0.5079695769207641   0.003533549204533133    0.09972047912954494     -3.317153160807989
                   1489     0.5726119670869145   0.003533338005373088    0.03133169233776591     -4.474953875650883
                1489.25     0.5749877326705833   0.003533186884121691    0.02819779242336774     -4.580383074685443
                 1489.5     0.5097856876809572   0.003532999550546133     0.1012384969473144     -3.302200700110106
                1489.75     0.5414809697378321   0.003532752840287535    0.07145856019510226     -3.650631917949682
                   1490     0.5817940564641051   0.003532526111350337    0.02399889849412484     -4.741805869892852
                1490.25     0.5381760083159766   0.003532329414094358    0.07153835240472566     -3.649635783256147
                 1490.5     0.5879336759376996    0.00353222878714971    0.02080338335898013     -4.884782339270458
                1490.75     0.6016842551454369   0.003532169938725206    0.01199723031277266     -5.435238818921696
                   1491     0.5867157414606575   0.003532195129291637    0.02186482358498087     -4.835028386614926
                1491.25     0.5484802669889691   0.003531939980292689    0.05621935330349978     -3.890718678480928
                 1491.5      0.534389473260264   0.003531771090408841    0.07020497858407271     -3.668608331437268
                1491.75     0.5496825266715076   0.003531512282068568    0.05475043250069838     -3.917315574462756
                   1492      0.530924834479694   0.003531273094018033    0.07359526872826054     -3.621587834531508
                1492.25     0.5318390151436634   0.003531019494199377    0.07310855169194934     -3.628295046480321
                 1492.5     0.5301965422513696   0.003531139870679819    0.07656639265711089     -3.582048059729641
                1492.75     0.5001037649483833   0.003530957042157884     0.1146422734371271     -3.178441465026739
                   1493     0.4724352284136986   0.003532267462280523     0.1005458384750785     -3.309273297339761
                1493.25     0.5077768882289343   0.003532175499214708     0.1029757833598149     -3.285419212985378
                 1493.5      0.568953872837509   0.003531980710584874    0.03561526311113015     -4.347193923956957
                1493.75     0.5486326488690173   0.003531798335764644    0.05716947112809879     -3.873999811255525
                   1494     0.5619795579734121   0.003531688433601095     0.0359263459118825     -4.338580068257722
                1494.25     0.5772208178864771   0.003531525927704202    0.02654209668777512     -4.641364951897779
                 1494.5     0.6236746485668951   0.003531867418624438   0.008436790347555711     -5.787398339860308
                1494.75     0.5813448033782166   0.003532251365537143    0.02484380739877647     -4.707283059908834
                   1495     0.6317421782864691   0.003532347495274424   0.008277164932654053     -5.806363857331829
                1495.25      0.626392942572447   0.003532831814969194   0.008368255793327273     -5.795281792299234
                 1495.5     0.6367288241090019   0.003533304658920367    0.00913587247436814      -5.70738473915839
                1495.75     0.6183935704347031    0.00353340490338795   0.008738656016400321     -5.751808658510391
                   1496     0.5926982372334826    0.00353330866340109    0.01699664206495629     -5.086576501082882
                1496.25     0.5899099672383812   0.003533015627377709    0.01975164291979762     -4.936438565079602
                 1496.5     0.5999814946805462   0.003533094051934227     0.0125025429289012     -5.393720983470346
                1496.75     0.6593208509477415   0.003533258107437251    0.01341829539439472     -5.322987504847374
                   1497     0.6772135972074267   0.003534075989704271     0.0138402545789868     -5.291793809821636
                1497.25     0.6468829410468238   0.003534904493156598    0.00951955082240356     -5.665793083748316
                 1497.5      0.666267907611391   0.003534964640212606    0.01478728077138071     -5.225356329948264
                1497.75     0.6315499092981492   0.003534892694066426   0.008512083895761099     -5.777657298078632
                   1498     0.6964707839929645   0.003535389954070432    0.01586505807815131     -5.154884339016085
                1498.25      0.599574840402219   0.003535400958965619    0.01278442108922592     -5.370772984789779
                 1498.5     0.6458203262537254   0.003535160062537335   0.009702561437003895     -5.646678536402764
                1498.75     0.6729638656218976   0.003535009989656084    0.01438354119781476     -5.253026324617163
                   1499     0.6785596827540354   0.003534898631211071    0.01396483111861829     -5.282600301087784
                1499.25     0.5881809506836773   0.003534870260805726    0.02131447404249534     -4.859764058610478
                 1499.5     0.6440427783725532   0.003534635512460947   0.009971566421828622     -5.619479159432848
                1499.75     0.6369351802864029   0.003534396354535151   0.009426576724020589     -5.675751497131907
                   1500      0.591348580072081   0.003534210252506347    0.01890704809567295     -4.979802396412978
                1500.25     0.5977004856081806    0.00353431595983996    0.01379516222759769     -5.294989287294573
                 1500.5     0.5856067918562051   0.003534075977143873    0.02329547488898968     -4.771116026894203
                1500.75      0.616028010123983   0.003533954237100765   0.009044157235930403     -5.717290665986833
                   1501     0.6216936652396007   0.003533666083551519   0.008916116401763867     -5.731630676983039
                1501.25     0.6070522655459618   0.003533387016554891    0.01132322853251302      -5.49271388654379
                 1501.5      0.637397161883562   0.003533164823510539   0.009663765828651085     -5.651249600961352
                1501.75     0.6156385763581165   0.003532921365535391   0.009307312975742325     -5.688901486781956
                   1502      0.577441084457059   0.003532696182729965    0.02690255713095882     -4.627544317139701
                1502.25     0.6549244899853268   0.003532522607946036    0.01173729033414784      -5.45704381339656
                 1502.5     0.6256899864034836   0.003532350269957963   0.008751552212914441     -5.750632501753953
                1502.75     0.5988686341238436   0.003532104404450465    0.01343295349807257     -5.322222284210969
                   1503      0.629569176489379   0.003531928135366794   0.008671417795414171     -5.759950788291317
                1503.25     0.6311866478037784   0.003531746743694726   0.008844596523582663     -5.740227743362845
                 1503.5     0.6742983013215661   0.003531614367818447    0.01455854467744054     -5.241893851709891
                1503.75     0.6819795637933557   0.003531979218347386    0.01425956803170762     -5.262540509281776
                   1504      0.731051139756605   0.003532418013858592    0.01807412917579666     -5.025362815693294
                1504.25     0.6331629994308772   0.003532863178666506   0.009136049047255377     -5.707490367982818
                 1504.5     0.6672733356737104   0.003532659572809307    0.01515433089096629     -5.201489664587106
                1504.75     0.6359173709196394   0.003532382432251881   0.009666426789244266     -5.651195751019829
                   1505     0.5910583556316213   0.003532433080706326    0.01958341952314873     -4.945156873371777
                1505.25     0.5873839488534721   0.003532555759943358    0.02272588597041397     -4.796300784215475
                 1505.5     0.6090018422237409   0.003532527447949508    0.01116577541941997     -5.506960090948856
                1505.75     0.6053941312443626   0.003532547421473451    0.01184327657798114     -5.448047441406371
                   1506     0.6330549331080173   0.003532331327093359   0.009374961265471493     -5.681826504681969
                1506.25     0.6113258370075502   0.003532057788663917    0.01079112390597671     -5.541222450682627
                 1506.5     0.6459150778717617   0.003531803404490003     0.0100217893963084      -5.61525674827846
                1506.75     0.6417957413491208   0.003531567112858956     0.0105276020194255     -5.566084744892351
                   1507     0.6217054362916653   0.003531282812616493   0.009231187496342323     -5.697578126071256
                1507.25     0.6147858979369079   0.003531018656770011   0.009813271604169319     -5.636504914930551
                 1507.5     0.6488995347351429   0.003530754277789357    0.01019229401521062     -5.598683559799579
                1507.75     0.6663003906332969   0.003530529654619657    0.01543875966616517     -5.183497918047876
                   1508     0.6565112023262997   0.003530313967716461    0.01283403676303279     -5.368339456893544
                1508.25     0.5951066833922649   0.003530079759825358    0.01620115725475739     -5.135423889699665
                 1508.5     0.6465148594064426   0.003529886783755934    0.01039413031865417     -5.579319978185438
                1508.75     0.6578752005572214   0.003529624402348636     0.0135680602184127      -5.31291704941644
                   1509     0.6158274956874878   0.003529386086484967    0.00981254344019372     -5.637041577638453
                1509.25     0.6474742377084535   0.003529135591787167    0.01036123180882681     -5.582702934067003
                 1509.5     0.6509082362322368   0.003528885722991672    0.01078814772185227     -5.542396770153948
                1509.75     0.6010716708194289   0.003528651456058466     0.0130270220971802     -5.353885433256646
                   1510     0.6250900880020747   0.003528395898205396   0.009243790202480945     -5.697031685893087
                1510.25     0.6182516422418024   0.003528179286115764   0.009756217430699741     -5.643140308518492
                 1510.5     0.6083246509944155   0.003528216373604256    0.01181602433767203     -5.451577958807484
                1510.75     0.5875265398143343    0.00352812251928161    0.02297014934983796     -4.786865646545809
                   1511     0.5901883781835648   0.003527934157921495    0.02121601152898397     -4.866358397743872
                1511.25     0.5602826307385012   0.003528130238554517    0.03822826970627448     -4.277483690672181
                 1511.5     0.5842070620587304   0.003528247675116339    0.02500997248362414     -4.701751047354985
                1511.75     0.6031072513505187   0.003528038959868101     0.0126742731063418     -5.381510650056034
                   1512     0.5814865812305643   0.003527851236672756    0.02617095167064403     -4.656487978800105
                1512.25     0.5526785866048052   0.003527765464652229    0.05212047857629893     -3.967604438330037
                 1512.5     0.6183884678548597   0.003527570767852162   0.009877526184465234     -5.630955469884763
                1512.75     0.6281932121556412   0.003527345196427405   0.009215824779094611     -5.700359420320332
                   1513     0.6266380849042678   0.003527159069461781   0.009411850719189225     -5.679364669620647
                1513.25     0.6423305994882702   0.003527119502161857    0.01080628628100853     -5.541217469774704
                 1513.5     0.6398725250527916   0.003526932022908844    0.01076476811926344     -5.545120062345138
                1513.75      0.593535488660647   0.003526730387360062    0.01807415167381345      -5.02697299129062
                   1514     0.6756131734992201   0.003526840391722941    0.01477689363918659     -5.228359913276574
                1514.25     0.6505369065548305   0.003526698641772066    0.01086039871882012     -5.536341797748807
                 1514.5     0.5892705642142133   0.003526515673307484     0.0226041311287945      -4.80338402543038
                1514.75      0.678438843939775   0.003526466074833551    0.01453330735590439       -5.2450876986065
                   1515     0.6975067049973328    0.00352701588503854     0.0162888448879924     -5.130894364494654
                1515.25       0.69458158011772   0.003527310416190201    0.01558094147330048     -5.175242904688944
                 1515.5     0.6442346389055866   0.003527325353372161    0.01099966036990535     -5.523422740058205
                1515.75     0.6646325028308595   0.003527065367003651    0.01526296499803496     -5.195931540334703
                   1516     0.7068610522708348   0.003527035623568125    0.01471933712658948     -5.232207198832029
                1516.25     0.6858235876524553   0.003527214540697829    0.01495881541130924     -5.216017767230785
                 1516.5     0.6399806341347075   0.003526959156735472    0.01101787963474288     -5.521871584820246
                1516.75     0.6550721153044204   0.003526681479689998    0.01252931992042498      -5.39339820103177
                   1517      0.686595963953716   0.003526568857263942    0.01512921774675957      -5.20487380293175
                1517.25     0.6679959424095251   0.003526441649642627     0.0157143353217819     -5.166964325556705
                 1517.5     0.6031672150217722   0.003526302026528534    0.01285421515889551     -5.367905507633178
                1517.75     0.6680771605408924   0.003526093031381975    0.01589522874118384     -5.155617577360097
                   1518      0.626289613116786    0.00352585937656986   0.009571188853532727     -5.662945404215357
                1518.25     0.6414887192323295   0.003525671069674979    0.01131274798321238     -5.495826007931849
                 1518.5     0.6895242465868097   0.003525478345935308    0.01502808896557279     -5.211889854692799
                1518.75     0.6285665029338879   0.003525326693963937   0.009618830501262934     -5.658131231526138
                   1519     0.6161043295140866   0.003525274008516595     0.0101730762050532     -5.602124221555002
                1519.25     0.6148506114178673    0.00352526905504103     0.0104958435663917     -5.570890941410125
                 1519.5     0.5895760825569966    0.00352533374570913    0.02259917584779851     -4.803938480288855
                1519.75     0.6589775242446959   0.003525108489629493     0.0142591188312823      -5.26451919737713
                   1520     0.6469924972145109    0.00352485101549331    0.01101874214395527     -5.522391205950833
                1520.25     0.6331593706565848   0.003524590664409294   0.009934149017209022     -5.626084507158907
                 1520.5      0.651731936347523    0.00352431750803184    0.01152499723295856     -5.477621878838727
                1520.75       0.60614160183847    0.00352406270507305    0.01253483920952979      -5.39370062456322
                   1521     0.6074377832175418   0.003524011358882843    0.01252483898569093     -5.394513307591087
                1521.25      0.587138506944943   0.003523906675963359    0.02452793108646746      -4.72244429256105
                 1521.5     0.5960694608294651   0.003524008509346002    0.01618646441920943      -5.13805254434145
                1521.75     0.6418029601462059   0.003523796493825435    0.01152995702403401     -5.477339465674126
                   1522     0.6311104421740522   0.003523569950580811     0.0098952383773965     -5.630298694778328
                1522.25     0.6506206877940964   0.003523530697269078    0.01143242544620311     -5.485909849194118
                 1522.5     0.6503364351539976   0.003523266718373158    0.01152753011722988     -5.477700328434668
                1522.75     0.6882678357250313   0.003523408919469842    0.01537203754908318     -5.189847951010955
                   1523     0.6141863914401062   0.003523217665450268    0.01087099266275258     -5.536354330553555
                1523.25     0.6155496802244581   0.003523095022128497    0.01073467442497127     -5.549008056973004
                 1523.5     0.6571579410077878   0.003522854332519531     0.0138801984673344     -5.292092225694326
                1523.75     0.6559213952785807   0.003522680579793383    0.01355897626253538     -5.315556019462929
                   1524     0.6291013274672249   0.003522423753504318   0.009924798950538266     -5.627641141917997
                1524.25     0.6148577170872119   0.003522259587812824    0.01102825388778985     -5.522263803385751
                 1524.5     0.6274439012655693   0.003522015024778221    0.01003665243356979     -5.616550118648242
                1524.75     0.6390440294658307   0.003521796538016092    0.01128168974503119     -5.499674755935787
                   1525     0.6296371024447135   0.003521549690133986    0.01021293907450878     -5.599270431706808
                1525.25     0.6547475571315156   0.003521314027668318    0.01322649573565032     -5.340770736689127
                 1525.5     0.6412387771854273   0.003521044448024638    0.01174989462204439     -5.459225094406793
                1525.75     0.6074164668736672    0.00352078752133083     0.0128392805020265     -5.370633077145233
                   1526     0.6613848983070659   0.003520600178175532    0.01538016398114387     -5.190116924174026
                1526.25     0.6031359346424884   0.003520362102861951    0.01344429496252764     -5.324708326247281
                 1526.5     0.6208931072028214    0.00352017655772685    0.01069436774794868     -5.553598659423969
                1526.75     0.6289129309150583    0.00351990952833511    0.01033317748975849     -5.588031909237579
                   1527     0.6263447801181378   0.003519637513263173    0.01045609319529031     -5.576284135911864
                1527.25     0.6167637502772109   0.003519419395867067    0.01104584011804288     -5.521477101578221
                 1527.5     0.6156233048453282   0.003519190638662489    0.01131229578107728     -5.497705743071756
                1527.75     0.6440738819720728   0.003518940845964288    0.01186394304557798     -5.450163177892572
                   1528     0.6273209621996675   0.003518704375744779     0.0106071305938583     -5.562207711133285
                1528.25     0.6063184315331169    0.00351847216398813    0.01324894392437774     -5.339882333907671
                 1528.5     0.5773924858254602   0.003518498950302876    0.02770516246713924     -4.602173799835619
                1528.75     0.6193105603790537   0.003518338971114993    0.01126620348543568     -5.502030633159018
                   1529     0.6339411813971703   0.003518071218295529    0.01077999174141237     -5.546222340945937
                1529.25     0.6754277973924937   0.003517869021919463    0.01520319034346044     -5.202466318775031
                 1529.5     0.6403760276935209   0.003517661956520129     0.0119461622191664     -5.443620404795291
                1529.75     0.6499568809805352   0.003517403503122507    0.01185615093785431     -5.451257154747931
                   1530     0.6177169432378163   0.003517133141061201    0.01143575600890733     -5.487435882322526
                1530.25     0.6432206225092679   0.003516875902811916    0.01223786525558552     -5.419719107842785
                 1530.5     0.6045029612817822   0.003516636028243558    0.01358386453349346     -5.315439514524208
                1530.75     0.6116526436799435   0.003516406465768504    0.01263475807708259     -5.387935859055453
                   1531     0.6387517173530314   0.003516142648305319    0.01188132439131018     -5.449494691745482
                1531.25     0.6451033290556185   0.003515967756448759     0.0122730840132926     -5.417103648179367
                 1531.5     0.6438105340916427   0.003515883237644856    0.01262247437167969     -5.389057354615389
                1531.75     0.6150873654060596   0.003515684216238228     0.0118969523732691     -5.448310603743048
                   1532     0.6513414518349578   0.003515434769722064     0.0123846106578718     -5.408209197111429
                1532.25      0.610731724841084   0.003515171189013907    0.01315983157254814     -5.347569676531237
                 1532.5     0.6072599507490105   0.003514962600545287    0.01383283541622481     -5.297753001246529
                1532.75     0.6426293699519469   0.003514733167347442    0.01287721448580507     -5.369403989929677
                   1533     0.6181678539897433   0.003514489695950159    0.01181222671346487     -5.455797537461009
                1533.25     0.6955923628000383   0.003514412098477189     0.0164140885266708     -5.126814751632502
                 1533.5     0.6563251634606737   0.003514333930974481    0.01434328870274853     -5.261694869835207
                1533.75     0.6607466125797073   0.003514151267471489     0.0156357617877936     -5.175468281520382
                   1534     0.6332377351142569    0.00351388608482716    0.01094794473176864     -5.531952715772919
                1534.25     0.6298977884662381   0.003513651922583161    0.01093958457192395     -5.532783277063811
                 1534.5     0.5906991783898139    0.00351352091868569    0.02217067880522445     -4.826437743624385
                1534.75     0.6731371811728606   0.003513341773594894    0.01559724528499526     -5.178165059245602
                   1535      0.646726860721339   0.003513586070380941    0.01251284865692715     -5.398433833065313
                1535.25     0.6115733321296437   0.003513327714488168    0.01325393393071332     -5.340968966457535
                 1535.5     0.6654322773864704   0.003513106261552777    0.01631378085545055     -5.133316207612219
                1535.75     0.6170356690524069   0.003512842713238785    0.01210378048636674     -5.431883590206909
                   1536     0.6306621856983132   0.003512580233098737    0.01108441049671989     -5.519936492459145
                1536.25     0.6562730346329164   0.003512336036447391    0.01466002494791869       -5.2404212786264
                 1536.5     0.7102291423760788   0.003513157622948002    0.01567561585823996      -5.17320541470689
                1536.75     0.6978725839309086   0.003513287077460472     0.0170715432441871     -5.087862002330154
                   1537     0.6326108670826783   0.003513159962372321    0.01127051962233398     -5.503120690079329
                1537.25     0.6583937490210063   0.003512957404065343    0.01559404490976143     -5.178479677605289
                 1537.5     0.6689044853882637   0.003512695982916116    0.01648701176031022     -5.122870296568585
                1537.75     0.6987651509588374   0.003512563304234606    0.01723011367360354      -5.07882232541005
                   1538     0.6447228504328579   0.003512518119090777    0.01296823530876252     -5.362990907691977
                1538.25     0.6284183928672457   0.003512299542468439    0.01123230199075411     -5.506762333572107
                 1538.5     0.5931024602873957   0.003512295531646871    0.01969135339580846     -4.945377583597384
                1538.75     0.6204499881843205   0.003512401243669954     0.0119452369632823     -5.445194493378587
                   1539     0.5865917625883873   0.003512293769268015    0.02548300913366585     -4.687545789247737
                1539.25     0.6003505315719414   0.003512436309850769    0.01457356160593863     -5.246308090101103
                 1539.5     0.5975285923880398   0.003512247381212527     0.0158935788255034     -5.159655738067552
                1539.75     0.6766232375171839    0.00351207142746278    0.01543690389635236     -5.188860017083716
                   1540     0.6894271792908827   0.003512160086456712    0.01557101894822946     -5.180184346217887
                1540.25     0.6540969511962395   0.003512253985682698    0.01396008221744531     -5.289367051044405
                 1540.5     0.6274883724580917   0.003512098745886825    0.01136542335949936     -5.495037530542307
                1540.75     0.6264004433744113   0.003511848999087038    0.01150496646647656     -5.482905542470624
                   1541     0.6465976633831169   0.003511594647138079    0.01287898181158117     -5.370160115019492
                1541.25     0.6090242978615138   0.003511359452851769    0.01404271979212309     -5.283719662184252
                 1541.5      0.629752740855226   0.003511190642933721    0.01177136019062558     -5.460202357143771
                1541.75     0.6327678501764635   0.003510950343815095    0.01183080769626159     -5.455233325438157
                   1542      0.645040028735557   0.003510686021427724    0.01325176655124866     -5.341884696158384
                1542.25     0.6848513181364787    0.00351051158548451    0.01583433906438986     -5.163884312487959
                 1542.5     0.7006600399233599    0.00351117498714792    0.01688243359227182     -5.099602645838915
                1542.75     0.6277329228544771   0.003511032362364265    0.01191093828606482     -5.448459754212452
                   1543      0.600456599007447   0.003510977657960312    0.01490172412614728     -5.224455577259854
                1543.25     0.6212648767355994   0.003510902448910974    0.01215894368661402     -5.427888913136099
                 1543.5     0.5969921730085187   0.003510779764516352     0.0165568025214176     -5.119191816610493
                1543.75     0.6268043605823022   0.003510533091772662    0.01205820785511343     -5.436313548602024
                   1544     0.6143340715872674   0.003510361686547224    0.01287383948142854     -5.370910648514982
                1544.25     0.6153344940241425   0.003510124086772293    0.01287964878812328     -5.370527188895533
                 1544.5     0.6831545059811793   0.003510080291202267    0.01565910654165034     -5.175135482803657
                1544.75     0.6323929712483819   0.003510004449719837    0.01220543850804275     -5.424328093446482
                   1545     0.6419645330074466   0.003509747353577223    0.01350047608432176     -5.323558024229568
                1545.25     0.6811242173539915   0.003509528793800898    0.01543908876531022     -5.189442723657064
                 1545.5     0.6818182446115432   0.003509762245521507    0.01575823270174588     -5.168915791614197
                1545.75     0.6247349308984452   0.003509596312295488    0.01224436466459934     -5.421260206519245
                   1546     0.6370826214211396     0.0035094251159217    0.01244102377931728     -5.405375409683309
                1546.25     0.6280635663127577   0.003509154272897827    0.01254398010855221     -5.397211091981219
                 1546.5     0.6341482287462162   0.003508936486301355    0.01243436180017313      -5.40605028112386
                1546.75     0.6389157146881221   0.003508888212002778    0.01320356710797138     -5.346040763283959
                   1547     0.6548080743998838   0.003508774880909823    0.01454553613955562     -5.249275938620181
                1547.25     0.6818349961398857   0.003508542565886998    0.01596473021343651     -5.156244375154132
                 1547.5     0.6798835020772888   0.003508517463692371     0.0158877634798403     -5.161084236695873
                1547.75     0.6498424704462472   0.003508259559675617    0.01310726402174495     -5.353540385846041
                   1548     0.6809298191945574   0.003508101863569471    0.01623423504999443      -5.13962963170755
                1548.25     0.6971201174230391   0.003508518319651237    0.01749248011847612     -5.064862132141855
                 1548.5       0.69471060852427   0.003508513095099139    0.01690384816472398     -5.099093404247506
                1548.75     0.7139776423880466   0.003508613954097426    0.01572744545716618     -5.171198651324408
                   1549     0.6807455463248721   0.003508464485604713    0.01641756313200382     -5.128296872650259
                1549.25       0.60087245794483    0.00350836051039909     0.0151372599311485     -5.209518943564928
                 1549.5     0.6234095716379656   0.003508674146176566    0.01258667919621132     -5.393949752350907
                1549.75     0.7334116322741369   0.003508691549115419    0.01845805451310912     -5.011083006259312
                   1550     0.6884393294642367   0.003509460650628953    0.01681826200068683     -5.103899345648515
                1550.25     0.6565257606842371   0.003509219218629905    0.01553890522680816     -5.183086568775787
                 1550.5     0.7176312509019472   0.003509056945625809    0.01565081211400847     -5.175956897580163
                1550.75     0.7057833965991432   0.003508998429306945    0.01523625424424915     -5.202818645873779
                   1551     0.6893526829691483   0.003508804082248778    0.01677449657504726      -5.10669209631633
                1551.25     0.6251018308734023   0.003508667462495097    0.01270373164447325     -5.384694924747056
                 1551.5     0.6945007125169221   0.003508563822685569    0.01722588227376625     -5.080207207860902
                1551.75     0.6337506518260325   0.003508412678562658    0.01274301885147632       -5.3816797429564
                   1552     0.6504760729035347   0.003508361871620844    0.01339138485871089     -5.332066225907975
                1552.25     0.6240924648430671   0.003508174381655511    0.01292420502438121     -5.367629335739209
                 1552.5     0.6090832778549474    0.00350810183019646    0.01439540731537219     -5.259842709047575
                1552.75     0.6607386236330135   0.003508005970223164    0.01654383476210579      -5.12076574351788
                   1553     0.6746532995771054   0.003507821490456207    0.01639196432629593     -5.130040608959828
                1553.25     0.6534376554382034   0.003507554025295735    0.01451250096926255     -5.251897680926006
                 1553.5     0.6367283403106372    0.00350742328376536    0.01295724771745378     -5.365290068816451
                1553.75     0.6386775318736522   0.003507173859162661    0.01357091355153408     -5.319087692590036
                   1554     0.6412513672778523   0.003506914820343824    0.01424888369594513      -5.27041178149191
                1554.25     0.6784786309473601   0.003506722184202076    0.01660674169958916      -5.11733654049713
                 1554.5     0.6570538472924581   0.003506467131030633     0.0162591985840498     -5.138559199850468
                1554.75     0.6628873598279303   0.003506299890226742    0.01685603172189845     -5.102557152842231
                   1555     0.6949846741393277   0.003506070225908337    0.01764496580622267     -5.056880694648715
                1555.25     0.7165864143372519   0.003506145192734019    0.01584062526045869     -5.164731972999009
                 1555.5     0.7455661362904185   0.003506770115197997    0.01982883739731736     -4.939994299331905
                1555.75     0.7336150641305756   0.003507548845540933    0.01867209542421774     -4.999879385399272
                   1556     0.6985271545043459        0.0035076830083    0.01847505997533976     -5.010449609367898
                1556.25     0.5960478422736438   0.003507726068918917    0.01754483539080279     -5.062099419606443
                 1556.5     0.5761027234586571   0.003509584202350524    0.02898373379073934      -4.55959469196135
                1556.75     0.6304087325447648   0.003509836600995264    0.01332677926925919     -5.336482056648013
                   1557     0.6050950604016057   0.003510289793802998    0.01472072077652432     -5.236872356101622
                1557.25     0.6158159046335444   0.003510324896115961    0.01321553753466253      -5.34472521088762
                 1557.5     0.5535226351849726   0.003510774362863069    0.05190322155181072     -3.976609540526219
                1557.75     0.6278011700237583   0.003511085558949755    0.01333195755742935     -5.335737787761653
                   1558     0.5505235399935812   0.003511485565733196    0.05559070804621059     -3.907771778549211
                1558.25     0.5582243221048468   0.003512197771118806    0.04351556916237378      -4.15246625742029
                 1558.5     0.5852423234349031   0.003512437204844123    0.02635811722607031     -4.653740591862418
                1558.75     0.6311913754629207   0.003512207919414623    0.01359211768242261     -5.316092111274987
                   1559     0.6709907221367249   0.003512299984688867    0.01666670003579584     -5.112143222323322
                1559.25     0.5887071778452481   0.003512126851938449    0.02495868429255014     -4.708383406240108
                 1559.5     0.5630995475294902   0.003512214298246711    0.03585592219118138     -4.346071590612532
                1559.75     0.6698635607821245   0.003512093723502303     0.0169679241966241     -5.094289918522547
                   1560     0.6998049753530745   0.003512811747695195    0.01829197427259753     -5.018947846582103
                1560.25     0.6505979717845515   0.003513100553649218    0.01378032870539669     -5.302085915130395
                 1560.5     0.6635703993410015   0.003512841567225978    0.01719519783071498     -5.080771608188075
                1560.75     0.7202500726952484    0.00351396388298468    0.01648650297478614     -5.122540274097181
                   1561     0.6622890102253289   0.003514222185399864     0.0173982441016259     -5.068639526583727
                1561.25     0.6212063482779073   0.003513987179093329    0.01339796950505969     -5.329972523168681
                 1561.5     0.6496045274642442   0.003513725085168237    0.01377730820890982     -5.302127371783845
                1561.75     0.6489219551026576   0.003513454134975201    0.01388665172583451     -5.294299321531677
                   1562     0.6810858056885474   0.003513280821024214    0.01704688836448887     -5.089309036193154
                1562.25     0.6234983948813341    0.00351305497331944    0.01345691050375042     -5.325848242503699
                 1562.5     0.6606842672122056   0.003512803178360894    0.01760628319279993     -5.057156847421853
                1562.75     0.6737690576088331   0.003512643211918233    0.01704828218284578     -5.089408777587236
                   1563     0.6113493026595954   0.003512416673215034    0.01429122340343734     -5.265877118122341
                1563.25     0.6262654354937031   0.003512400240536132    0.01364660902085727     -5.312036330032747
                 1563.5     0.6248480707412392   0.003512170554613167    0.01378188045062603      -5.30223807384168
                1563.75     0.6043589194747437   0.003512034519625272    0.01500649979367978     -5.217148098806698
                   1564      0.621342831411299   0.003511876628672278    0.01402015016923993     -5.285180891139277
                1564.25      0.549052442186226   0.003512347240962707    0.05806177846229375     -3.864034897227388
                 1564.5     0.6060223959686052    0.00351259386285899    0.01520492048689766     -5.203853181871128
                1564.75     0.5952034254024937    0.00351234672447501    0.01856838496553444     -5.004082232360997
                   1565     0.6045045608973186   0.003512143032407372    0.01542439374686104     -5.189650362959609
                1565.25     0.5548947819048424   0.003512124779796999    0.05165463527601354     -3.981025890201937
                 1565.5     0.6077549472908417   0.003512427674303167    0.01557545149332474     -5.179823534315815
                1565.75      0.596298592878126    0.00351216618484002    0.01797036672221943     -5.036869928551317
                   1566     0.6006110574006116   0.003511914341958128    0.01634096561741126     -5.131990562035792
                1566.25      0.620203521632353   0.003511691940027277    0.01411617184546291      -5.27840799532821
                 1566.5     0.6281026716492146   0.003511431185488866    0.01419728017131955     -5.272752921850353
                1566.75     0.6263121955073649   0.003511162794395845    0.01431976992464588     -5.264238672646852
                   1567     0.6000153852463429   0.003510952783189057    0.01669951709085825     -5.110559779272859
                1567.25     0.6040954106090024     0.0035107037930194    0.01607397615341601     -5.148808925957536
                 1567.5     0.5951820772229132   0.003510435070010808    0.01929627583059478     -4.966174933894439
                1567.75     0.5818811854577087    0.00351021558896536    0.02773621590855522     -4.603410580689399
                   1568     0.5708500973330454   0.003510081305804363    0.03512839959002754     -4.367177920698757
                1568.25     0.5965226840382013   0.003509850176671703    0.01863921300098563     -5.000986091159996
                 1568.5     0.5975501175921806   0.003509615193193488     0.0183385627781799     -5.017314532171151
                1568.75     0.6056627130275329    0.00350943694217887    0.01626075827574404     -5.137616683673665
                   1569      0.614130931377454   0.003509176863541336    0.01412692774593142     -5.278362786934439
                1569.25     0.5978291152652373    0.00350893386013836    0.01867151932962205     -4.999515450249623
                 1569.5     0.6657707989182825   0.003508986817520356    0.01801771958401496     -5.035143995569863
                1569.75     0.6727324295858446    0.00350933579108957    0.01758445392474686     -5.059385032168974
                   1570     0.6093280486358879   0.003509133768627945    0.01607828114897008     -5.148988448634741
                1570.25     0.6422766403782758   0.003508897679241587    0.01463247358362677     -5.243281816891959
                 1570.5     0.6650993080152191   0.003508767123309821    0.01832912217446546     -5.018071130946176
                1570.75     0.6605456483179911   0.003508760795205175    0.01825151188976876     -5.022316185192672
                   1571     0.6453164116651094   0.003508878666588209    0.01454721190879705     -5.249131158311078
                1571.25     0.6228260146053923   0.003508611698786767    0.01465214664685788     -5.242019745057245
                 1571.5      0.594672740005909   0.003508612709598043    0.02070491878409407     -4.896235016023867
                1571.75     0.6245786477682644   0.003508358496854528    0.01480678865300295       -5.2315929986589
                   1572     0.5926875974575293   0.003508131157658546     0.0226922577581794     -4.804719770048835
                1572.25      0.584514188946464   0.003508498129579506    0.02775963191186263     -4.603056091916311
                 1572.5      0.606875299944921   0.003508436371076503    0.01668775642715614     -5.111981268045993
                1572.75     0.6142093494090486   0.003508159402583945    0.01460220554828731      -5.24556293493972
                   1573     0.6115837386816416   0.003507927162187794    0.01568906644130313     -5.173837654717711
                1573.25     0.6219198848186677   0.003507756425245527    0.01506157870271107     -5.214703347973047
                 1573.5      0.652925543136626   0.003507589616584709    0.01532335003259745     -5.197520136807578
                1573.75       0.63262711721063   0.003507434995997943    0.01423684173383777     -5.271108937411722
                   1574     0.6644662152622822   0.003507295962837623    0.01866671141128597     -5.000239871685511
                1574.25     0.5505247210517914   0.003507397430034674    0.05802387987866654     -3.866098093022482
                 1574.5     0.6612591793810894   0.003507401899538142     0.0187391220357615     -4.996338040606873
                1574.75     0.6149714269487279   0.003507177600013566    0.01481142872436491     -5.231616325078908
                   1575     0.5702780413688254   0.003507124909704091    0.03633486404211372     -4.334252720357576
                1575.25     0.6048653484334381   0.003506903658394078    0.01716346034897927     -5.084310805087548
                 1575.5     0.6113360146805834   0.003506630056079018    0.01620465121717605     -5.141873238900592
                1575.75     0.6383694947835948   0.003506413809356473    0.01419661948135719      -5.27422935039101
                   1576     0.6148096408261435   0.003506300816792993    0.01516870122906498     -5.208031271756736
                1576.25     0.6064289063630895   0.003506066651507057    0.01746137316582351     -5.067341039689844
                 1576.5     0.6362245520877172   0.003505850589529645    0.01401938480073769     -5.286952859941113
                1576.75     0.6002101292833877   0.003505586104475774    0.01847544859345048     -5.011026556716851
                   1577     0.5518331433841669   0.003505438980995605    0.05750049069269811     -3.875717791988402
                1577.25     0.6362623124221691    0.00350531963468589    0.01424880575179907      -5.27087222384783
                 1577.5     0.5883246988798168   0.003505092920362528    0.02659370869860649     -4.646935326745636
                1577.75     0.6108165740043996   0.003504843151594067    0.01687235847379457     -5.102004571203891
                   1578     0.5653427839664561   0.003504854994107691    0.03647592178574643      -4.33102551612641
                1578.25     0.6207398296340764   0.003504681674729064    0.01529047836678438     -5.200497028675726
                 1578.5     0.6279979827809009   0.003504447670019458    0.01526164949004845     -5.202450993368116
                1578.75     0.6470222171273946   0.003504214379985481    0.01468200319657136     -5.241238206292449
                   1579     0.6086743497309763   0.003503997637879432    0.01771285564387892     -5.053631847944163
                1579.25     0.6123622595425625   0.003503743353062541    0.01657629203915048     -5.120021619890245
                 1579.5     0.5820398168624955   0.003503644995771816    0.02876942877116619     -4.568709854107784
                1579.75     0.6107033077937694   0.003503428015270997    0.01750801909358995     -5.065426098416532
                   1580     0.6455490083555691   0.003503190560404856    0.01508231572936652     -5.214629974723381
                1580.25     0.6157301104407165   0.003503043978030738    0.01568397487966382     -5.175555249104376
                 1580.5     0.5557424082445446   0.003502951534405598     0.0521073588418401     -3.974914938390556
                1580.75     0.6053133846293977    0.00350293461109339    0.01815728615995613     -5.029154031435759
                   1581     0.5893850332556613   0.003502677743848627    0.02631048044430549     -4.658331928970513
                1581.25     0.5316637038969853   0.003502820140618173    0.07567409343942808     -3.601822756716288
                 1581.5       0.60159905022675   0.003502681165237446    0.01847534786069705      -5.01186101258297
                1581.75     0.5350725939728088   0.003502809891261247    0.07434491615311031     -3.619546264588752
                   1582     0.5839116549417996   0.003502959500926282    0.02882778681139836     -4.566879105669921
                1582.25     0.5461862114315098   0.003502993820258735    0.06601041632080121     -3.738396497705121
                 1582.5     0.5185353668188889   0.003503728834436952     0.1010442429998403     -3.312440777330623
                1582.75     0.4967018566251387   0.003504624449108944       0.11670801349873     -3.168068458400391
                   1583     0.5809408973105937   0.003504776147790106    0.02952384719720859     -4.542502062146747
                1583.25     0.5655236770611437   0.003504663447256715    0.03699427155701521     -4.316969457410099
                 1583.5     0.5094396129331035   0.003504612679705632     0.1040912241319424      -3.28247935132275
                1583.75     0.4988991637506244   0.003505125922895008     0.1183863461994551     -3.153647187380587
                   1584     0.4775063296133029   0.003505408734562122    0.09975579130557855      -3.32479478972223
                1584.25      0.544757595741134   0.003505849311399859    0.06993940608591127     -3.679764985203283
                 1584.5     0.5530413708051012    0.00350559144900691    0.05766667041947787     -3.872788408881478
                1584.75     0.5262462930162818   0.003505345883001915    0.08919763684421479     -3.436683285592399
                   1585     0.5379211761547978     0.0035051189932291    0.07550027949156335     -3.603466202807289
                1585.25     0.5229680943119602   0.003504973967641316     0.0980243182271639     -3.342428344091493
                 1585.5     0.4910070130573387   0.003504819449433959      0.122623752938796     -3.118567275414452
                1585.75     0.4953978613339121   0.003504943316236578     0.1192720063622218     -3.146246029840535
                   1586     0.5242228792981042   0.003504833706411129    0.09643804264467103     -3.358783198708863
                1586.25     0.5078412400094663   0.003504584465895024     0.1056172903181882     -3.267932979671623
                 1586.5     0.4812525730879508   0.003504592574144269     0.1075176245282276     -3.250097974775766
                1586.75     0.5664502943526141   0.003504501223690439    0.03769877604879355        -4.298151195894
                   1587     0.5197813981281109   0.003504249872181172     0.1028525438142788     -3.294554200282727
                1587.25     0.4988180253748927   0.003504011057434312     0.1210383286510683     -3.131811440528758
                 1587.5     0.4935587490258387   0.003503949351295348     0.1224979373375435     -3.119842120193955
                1587.75     0.5146436646993698   0.003503722533263624     0.1040950149112863     -3.282696959205801
                   1588     0.5195872951008113   0.003503471252074706     0.1046824493815115     -3.277141290957799
                1588.25     0.5359742675554865   0.003503221638866657    0.07588939387250875     -3.598867080572737
                 1588.5     0.5853214865929575   0.003503026685953144    0.02895558712111665     -4.562436490699884
                1588.75     0.5423449373072906   0.003503004790498991    0.07550617314672564     -3.603991502205238
                   1589     0.5523797472074584   0.003502888473184094    0.05907993025895114     -3.849347847002087
                1589.25     0.6026065090094763    0.00350312443816114      0.018555885620743     -5.007384740644034
                 1589.5      0.513805030392868   0.003503131773323629     0.1058555217362785     -3.266094507729968
                1589.75     0.5076689613550321   0.003502976176755661     0.1072967588047749     -3.252615644698167
                   1590     0.5138802984143445   0.003502780102118228     0.1073244039448749      -3.25241400196622
                1590.25     0.4908481427423136   0.003502635075570974     0.1259831878111921     -3.092162998468886
                 1590.5      0.541846447928685   0.003502524627422716    0.07684506682662486     -3.586551724130713
                1590.75     0.5332873795009194   0.003502391579305779    0.07718750041518332      -3.58214345468602
                   1591     0.5371273862484085   0.003502114589890712    0.07807706967871168     -3.570763664136583
                1591.25     0.5628696589759993   0.003501867345798094     0.0381787416059621     -4.286251818569821
                 1591.5      0.575635057983682   0.003501710745517086    0.03115866691766231     -4.489482958653309
                1591.75     0.5460144292371962   0.003501505894413595    0.07018577729340349     -3.677488211051048
                   1592      0.565239455190871   0.003501252067730541    0.03848025296259091     -4.278561192597738
                1592.25     0.5935530916663452   0.003501265085251222    0.02304284641702732     -4.791347303688213
                 1592.5     0.5776314965813962   0.003501470884107957    0.03069757252706858     -4.504460316903168
                1592.75     0.5622234762661923   0.003501255452082992    0.03959042836524056     -4.250118044538064
                   1593     0.4862201599814812    0.00350113064817589     0.1192057291307011     -3.147890255089114
                1593.25     0.5838176911400051   0.003501023645714673    0.03018324378170995     -4.521484705734303
                 1593.5     0.5269096170944276   0.003500829863424669    0.09026998431323116     -3.426021980646524
                1593.75     0.5132472601402001   0.003500590332515285     0.1085185243945149     -3.241974519546872
                   1594     0.5550390083777123   0.003500390517351592    0.05565728300631769     -3.909739550958876
                1594.25     0.5291082207250887   0.003500127398754365    0.08468570374642016     -3.490080862455061
                 1594.5     0.5070512588978205   0.003500038255719599     0.1093767802904499     -3.234254510278984
                1594.75     0.5372637284139321   0.003499879374654573    0.07931048757844528     -3.555728155058452
                   1595     0.5730218917117026   0.003499761104352057    0.03500290581690379     -4.373701238757094
                1595.25     0.5873281624470872   0.003499565020428951    0.02884653595520159     -4.567198434644114
                 1595.5     0.5536858831848511   0.003499350798886607    0.05877728454197084     -3.855494102197073
                1595.75     0.6390813644661673   0.003499370797200948    0.01510490026250158     -5.214224638429785
                   1596      0.658967069413956   0.003500640344585819    0.01861084076250466     -5.005136875420186
                1596.25     0.6582557301257917   0.003501496146118481    0.01859255588787189     -5.005875403404092
                 1596.5     0.6311707409424536   0.003501971727257455    0.01521524704408081     -5.206202849794896
                1596.75     0.6044428228159496   0.003502022811450083    0.01871653872621648     -4.999078725879316
                   1597     0.6172673197944869   0.003501896100414018     0.0156303027030585     -5.179310954581513
                1597.25     0.5768779314406858   0.003501696726872886    0.03160536050476816     -4.475252657839198
                 1597.5     0.5942674435650446   0.003501491648078075    0.02253585170364432     -4.813530517405403
                1597.75     0.6187882655379086   0.003501380687530982    0.01577913259501233     -5.169981312270835
                   1598     0.6058935657492288   0.003501290358351183    0.01904850770532331     -4.981706693214541
                1598.25     0.6043391384397463   0.003501036598139862    0.01923528021671393      -4.97202183070196
                 1598.5      0.602306238030196   0.003500783749694297    0.01956806169244863     -4.954941426834516
                1598.75     0.5732265117729388   0.003500649349954156    0.03541059257838248     -4.361867549802601
                   1599     0.5731075254282577   0.003500386125838415    0.03602971668118938     -4.344609685013317
                1599.25     0.5456968063969461   0.003500272669331018    0.07132041361560736     -3.661803567010981
                 1599.5     0.6116639278061073   0.003500093651486799    0.01804710358520323     -5.036052098992651
                1599.75     0.6073545264743766   0.003500115717311466    0.01983902212401995      -4.94138018783077
                   1600     0.6225687922685469   0.003499916646898524    0.01584013081827401     -5.166541232285256
                1600.25     0.6220179348626825   0.003499840449055938    0.01608138167406515     -5.151447463870976
                 1600.5     0.6267592851222079   0.003499756772578298    0.01582134969140461     -5.167773283662615
                1600.75     0.6471679170073016       0.00349974804859    0.01508958489641003     -5.215131286739829
                   1601     0.6031765349908556   0.003499560358897419    0.01991752722859787     -4.937589572204324
                1601.25     0.5874042198698273    0.00349929301300393    0.02923440863684358     -4.553919685094058
                 1601.5     0.5784823424981914   0.003499082283165909    0.03215225011245142      -4.45884386492265
                1601.75     0.5849039399507052   0.003498851573457348    0.03100570347464993     -4.495221067008941
                   1602     0.5960690991794155   0.003498621219346583    0.02176607622648306     -4.849105455497282
                1602.25     0.6533059880112343   0.003498458703031512    0.01616500768633717     -5.146655642795595
                 1602.5     0.6882283936852481   0.003499135046013812    0.01779625298928675     -5.050323293244685
                1602.75     0.6794502631340668   0.003499888042874299    0.01744004801017772     -5.070326878819029
                   1603     0.6663906984731003    0.00350024200225542    0.01913605499735303     -4.977420669010523
                1603.25     0.6284268350365163   0.003500022347717948    0.01596690600002288     -5.158539471670093
                 1603.5     0.6763062389869264   0.003499896214403332    0.01783347694725066     -5.048016297060411
                1603.75     0.6471990228592593   0.003499804046859756     0.0153889735196508     -5.195468802342279
                   1604     0.6480894115536816   0.003499747472763157    0.01552975619608388     -5.186378277016074
                1604.25     0.6156760962957595   0.003499505714973337     0.0165370247143017     -5.123603507025699
                 1604.5     0.5893215302958148   0.003499394475674555    0.02844856570986463     -4.581139338943488
                1604.75     0.5819027461303923   0.003499213685731955    0.03254782135367172      -4.44657831425533
                   1605     0.5609031181640662   0.003499334067524125    0.04217503894515529     -4.187425794586415
                1605.25     0.5679572886014862   0.003499540003610328     0.0404112797810163     -4.230086549590935
                 1605.5     0.5626638060936707   0.003499736505969175    0.04045885798806652     -4.228853743115716
                1605.75     0.5571245172455669    0.00349988743527997    0.05188848092660414     -3.979999405703599
                   1606      0.602029627693391    0.00349976685126915     0.0203625821439003     -4.915431670055933
                1606.25     0.5710540594469531   0.003499817654189517    0.03952980093253699     -4.252061320633593
                 1606.5     0.5475943573965627   0.003499829371742849      0.067655300883811     -3.714687104999115
                1606.75      0.534734570041669   0.003500389688595079    0.07983433484456116     -3.548999055380625
                   1607     0.5691127313133161   0.003500565532323142    0.04133196241181442     -4.207266385369639
                1607.25     0.5142149121449154   0.003500449608624111     0.1098424891245872     -3.229888187984479
                 1607.5     0.5639032535615222   0.003500530047346757    0.04077975390788988     -4.220726900777956
                1607.75     0.5405382006530329   0.003500501170790386    0.08121027976722144      -3.53187904323471
                   1608     0.5430237422414284   0.003500281239431719    0.07968898106763536     -3.550852389889462
                1608.25     0.5994653601185033   0.003500102572113567    0.02105713036542473      -4.88179551855242
                 1608.5     0.5917521783395863   0.003499906225012195    0.02624552282918442     -4.661595439521411
                1608.75     0.5954469959320623   0.003499681574251653    0.02294416189713732     -4.796091524256914
                   1609     0.5599418559155767   0.003499434815455176    0.04574673384444105     -4.106105158454739
                1609.25     0.5755365562603442   0.003499202889519647    0.03446688490214291     -4.389292828531154
                 1609.5     0.5628268742351771   0.003499022778572133    0.04263053513454325     -4.176772523317025
                1609.75     0.5632618897469949   0.003498883856279499    0.04282889015397985     -4.172170132503171
                   1610     0.6138251577074347   0.003498668691696836    0.01757934646181362      -5.06271979160269
                1610.25      0.558620422403705   0.003498543945780883    0.05023787762562149     -4.012710887406382
                 1610.5      0.572417303255244    0.00349834608162288    0.03931923070173591     -4.257822991680309
                1610.75     0.5129049362042453   0.003498224633829986     0.1124055958573586     -3.207457716653921
                   1611     0.5147274482833378   0.003498455133645624     0.1134609976673764     -3.198046404760196
                1611.25     0.5146000346308378   0.003498694871537208     0.1146270545838481     -3.187753170488517
                 1611.5     0.5576356351690781   0.003498527948658754    0.05312269667347533     -3.956880466909987
                1611.75     0.6139884958176038   0.003498368573563173    0.01771681031512886     -5.055016368234504
                   1612     0.6756644012724009   0.003499611740474671    0.01827879801100281     -5.023433189815115
                1612.25     0.6244647100321741   0.003499912636146869    0.01648216141775117     -5.126810353452696
                 1612.5     0.6004370372036475   0.003499864616270781    0.02156089097638998     -4.858221673102587
                1612.75     0.6401729389581002   0.003499875968257366    0.01578682941365131     -5.169923489183832
                   1613     0.6167686473541693   0.003500211340618577    0.01711214406319234     -5.089215290115721
                1613.25     0.6147263641989001   0.003499991782408953    0.01784174076124679     -5.047525711102653
                 1613.5     0.5891371260940153   0.003499766126909839    0.02963010814297199     -4.540339873668438
                1613.75     0.6160728720359736   0.003499509854548792     0.0176759757879934     -5.056997695775372
                   1614     0.6317372732274344   0.003499583220785973    0.01585765663030432     -5.165530696935982
                1614.25     0.6028690108356808   0.003499413810144901    0.02121896779394359     -4.874336069826479
                 1614.5     0.6661113819151885   0.003499443427279169    0.01959958500860696     -4.953714702351879
                1614.75     0.6544822907971598   0.003499535726083004    0.01728527113025752     -5.079341961280483
                   1615     0.6620993206993777   0.003499626363619193    0.01989420364215811     -4.938742405823162
                1615.25     0.6774371681487642   0.003499778472837313      0.018320328552355     -5.021116064223903
                 1615.5     0.6656966297449317   0.003500034476071181     0.0200156416886618     -4.932540159335466
                1615.75     0.6259303217130592    0.00350005108542354    0.01669925060489324     -5.113685621725283
                   1616     0.6549238557264396   0.003499813438568242    0.01787512124348828     -5.045707495188744
                1616.25      0.647121609564359   0.003499609906487147    0.01604996697626299     -5.153468731392205
                 1616.5     0.6162944577946136   0.003499968976477815    0.01786175923396616     -5.046410853874877
                1616.75     0.6576538583485115   0.003499760758178076    0.01962664696176001     -4.952244237288382
                   1617     0.7145283316204273   0.003500334097525729    0.01666486560497467     -5.115665962811955
                1617.25     0.6903576033338706   0.003500683713020958    0.01768638634722134     -5.056073523691703
                 1617.5     0.7235435108869677   0.003500905707683046    0.01785051713113359     -5.046772843025956
                1617.75     0.7294223676703775   0.003501630219989255    0.01910684304492081     -4.978551847721382
                   1618     0.7883638777583718   0.003503267019965607     0.0204363862699022     -4.910814110280832
                1618.25     0.7157969271999312   0.003504041929335601    0.01680672939649255     -5.106130525747863
                 1618.5     0.7114179701163942   0.003504152308487456    0.01722728821390907     -5.081383740559085
                1618.75     0.6968247691322403    0.00350420330455613    0.01931981885840111     -4.966732385427855
                   1619      0.678269776678025   0.003503984565467115    0.01839638588079601     -5.015772036374642
                1619.25       0.74727573879121   0.003503862913677386    0.02007377617200863     -4.928546685721512
                 1619.5     0.6603170931595188   0.003503881801857232    0.02050157025869681     -4.907454109052171
                1619.75      0.660881988884616   0.003503660253223405    0.02077166381792871     -4.894429080265203
                   1620     0.6377149958318288   0.003503572213791287    0.01538774211524071     -5.194472723963654
                1620.25     0.6130318420142834   0.003503753351137123    0.01901399597704021     -4.982816912109401
                 1620.5     0.6493360693521727   0.003503753441156425    0.01621756148223356     -5.141897527572983
                1620.75     0.6708555941775429   0.003503498522510047    0.01926490380981538     -4.969779998233091
                   1621     0.6130098574984445   0.003503391273247848    0.01927139303938771     -4.969473825423642
                1621.25     0.6764792606810665   0.003503361410117991    0.01892453760994472     -4.987644753651139
                 1621.5     0.6214515581062888   0.003503215487140435    0.01733896134772263      -5.07518970270641
                1621.75     0.6440247970410536   0.003503134638373934    0.01656740272978149     -5.120731777951056
                   1622     0.6298698774449473   0.003502920410932693    0.01672140650218827     -5.111540281645691
                1622.25     0.6109776349653263   0.003502881647324664    0.02020235825898199     -4.922441729765695
                 1622.5     0.7092518454764196   0.003502719945331597    0.01689193193587361     -5.101451128787753
                1622.75     0.6834125076276628   0.003503122707602698    0.01884216414427763      -4.99207512530999
                   1623     0.6776538415187074   0.003503018200596663    0.01908562136706994     -4.979266846944393
                1623.25     0.6914172155871696   0.003502908947846798    0.01799011088837481     -5.038411067317679
                 1623.5     0.6775534811053111   0.003502748753612812    0.01953845441937797     -4.955894466774299
                1623.75      0.688592530701933   0.003502517965075327    0.01889315739861076     -4.989545087865097
                   1624     0.7213249453569216   0.003502554052649596    0.01791624461910832     -5.042626776786529
                1624.25     0.6893145925995103   0.003502330700992417    0.01893213052316819     -4.987537862629822
                 1624.5       0.71194247588494   0.003502338726368493    0.01765911544057211     -5.057143971910286
                1624.75     0.7147718179893658   0.003502200041706845    0.01760866968493737     -5.060044299548633
                   1625     0.7070765136733341   0.003502111961111787    0.01658343312737788     -5.120056633784302
                1625.25     0.6737486036229666   0.003501861444459612    0.01948785665374369     -4.958740826130854
                 1625.5     0.7236645673339845   0.003501616326083294    0.01840176336314384     -5.016155866082757
                1625.75     0.7025168377645462   0.003501972433023633    0.01762678424559217     -5.059081090987907
                   1626     0.6987602348805763   0.003501722437792306    0.01989246109497968     -4.938231237377338
                1626.25     0.7356810157228014   0.003501533174742753    0.01944359542553109     -4.961108376096603
                 1626.5     0.6985894171131795   0.003501320292573843    0.02016453110092742     -4.924761731654209
                1626.75     0.6909199199751295    0.00350115725904878    0.01878980284991251     -4.995419150037522
                   1627     0.6300941608262924   0.003501675503367128    0.01688212780794287     -5.102329925014785
                1627.25     0.7747917025284341   0.003501793291147335    0.01736983811945863     -5.073816563566292
                 1627.5     0.7646455109232221    0.00350281998983756    0.01814163693867277     -5.030048995147639
                1627.75     0.7807119902065563   0.003502872273028449    0.01656478348162306     -5.120964784191626
                   1628     0.7265406781402612   0.003503144940565046    0.01907276516773173     -4.979904500892108
                1628.25     0.7421735863555855    0.00350309358529349    0.02073913022000711     -4.896158306189091
                 1628.5     0.7079913130824798   0.003502880681263878    0.01724622297967477     -5.080648186840508
                1628.75     0.7196747738128901   0.003502619474690642    0.01797303453796229     -5.039443367072603
                   1629     0.7328393204836142   0.003502463046539465    0.01988128848546945     -4.938581569548326
                1629.25     0.7541302699429141   0.003502419893173146    0.01690828429208325     -5.100569206146833
                 1629.5     0.7570855340925875   0.003502416238012205    0.01640221909149671     -5.130957310244522
                1629.75     0.7258041976872536   0.003502281035444615    0.01935443553873719     -4.965490929763334
                   1630     0.7162338135858636   0.003502014220194131     0.0179618410014133     -5.040239172691769
                1630.25     0.7684056367508367   0.003501853184302776    0.01966297379374973     -4.949797356400929
                 1630.5      0.794550819200241   0.003502115543850808    0.01906502032580859     -4.980604543971066
                1630.75     0.7184893073518555   0.003501974620504869    0.01837107840415147     -5.017722441573144
                   1631     0.7199158215553212   0.003501726671951858    0.01888443602337172     -4.990232756733784
                1631.25     0.7297052755036236   0.003501504021512018    0.02016079256672715     -4.924894677526643
                 1631.5     0.8075048471213802   0.003501616094715369   0.009846481731541059     -5.641488220370642
                1631.75      0.813959421073741    0.00350263420269589    0.00768823599125682     -5.888620348403114
                   1632     0.7229052401803751   0.003502591261852628    0.01968103374245987     -4.948668557505153
                1632.25     0.7211442702574195   0.003502420572110681    0.01961400877607276     -4.952128664510114
                 1632.5     0.7288074409721179   0.003502299112760993     0.0204365833328275     -4.911080792773322
                1632.75     0.7105333020438758   0.003502065537692308    0.01843145259294847     -5.014415497018011
                   1633     0.7605947071985264   0.003501877335239206    0.01692184293121936     -5.099922555684111
                1633.25     0.6971151524184447   0.003501692821835006    0.02052607659296005     -4.906884408731551
                 1633.5     0.7082054381270807   0.003501679409360719    0.01775504981733218      -5.05191437353669
                1633.75     0.7059840322726323   0.003501441339412373    0.01734782861105584     -5.075184988961561
                   1634     0.7168028312049028   0.003501243045318593    0.01892177117882509     -4.988395795813987
                1634.25     0.7046009866043432   0.003501230534966556    0.01772010433551179     -5.054012709114499
                 1634.5     0.7719610384911063   0.003501104432151978    0.01944672704973661     -4.961069778817262
                1634.75     0.7631227086441036   0.003501083625488137    0.01827283197831426     -5.023339137146746
                   1635     0.7606307757471397   0.003500954908452539    0.01759003359685528     -5.061458799391482
                1635.25     0.7509022674027337   0.003500867351237818    0.01902167841118842     -4.983236980207114
                 1635.5      0.720495154343652   0.003500614585433687    0.02016730728091052     -4.924825639628645
                1635.75       0.75179208594654   0.003500393330481852    0.01882715789150519     -4.993651291940547
                   1636     0.7322581979755041   0.003500220242578365    0.02079480002766351     -4.894298180657869
                1636.25     0.7149603859330048   0.003500025831552744    0.01948856464153582     -4.959228816581026
                 1636.5     0.7116883168248036   0.003500057696080633    0.01985958876399172     -4.940360625797828
                1636.75     0.7667492055171565   0.003499868065295056    0.02022120217735692     -4.922370091562605
                   1637     0.7546382966957426   0.003499813131212254    0.01793779981751793     -5.042207246473372
                1637.25     0.7077911051688719   0.003499664633490929    0.01873076574004288     -4.998992486807065
                 1637.5     0.7831562614747201   0.003499465102962873    0.01791816630502911     -5.043401825732896
                1637.75     0.7955780389252728   0.003499530073529075    0.01862485605265338     -5.004701300112548
                   1638     0.8171068229387891    0.00349991258091232   0.007336414453412406     -5.936238809916723
                1638.25     0.8184645235101691   0.003500308474924505   0.007318745583647246     -5.938536985168638
                 1638.5     0.7677526055569915   0.003500244892021841     0.0206669022329455     -4.900460600529694
                1638.75     0.7568177961994681   0.003500002564305668    0.01778788938177855     -5.050545475323013
                   1639     0.7407147199355218   0.003499742084455618    0.02096870283558706     -4.886106769884337
                1639.25      0.736980973482899   0.003499501935853556    0.02064621426062579     -4.901674402262427
                 1639.5     0.7715583044891587   0.003499251173577648    0.02025421957232842     -4.920914889420598
                1639.75     0.7927075767218174   0.003499235565700104     0.0211142074610664     -4.879336342288482
                   1640     0.7878835128846778   0.003499021777076647    0.02130169529804807      -4.87055693223467
                1640.25     0.8162166565223331   0.003498914278144434   0.007672987437247188     -5.891668280352993
                 1640.5      0.861017611427155   0.003499252097950305   0.008572470384967279     -5.780721820351848
                1640.75     0.8340968662476739   0.003500206286516998   0.008234607903226361     -5.820659375598913
                   1641     0.8009850564148275   0.003500115909199584     0.0140227786907417     -5.288347888802419
                1641.25     0.7691232309675631   0.003499871533832685    0.02119777250756894     -4.875204661444286
                 1641.5     0.7444662726410169   0.003500107093632306    0.02175649967161141      -4.84912091583022
                1641.75     0.7358294698716408   0.003499987474199194    0.02095009394383607     -4.886924510167305
                   1642     0.7220177470094779   0.003500167095781856    0.02074361579593649     -4.896777794548225
                1642.25     0.7589078546682221   0.003500363565292733    0.01798218523220271     -5.039578633019777
                 1642.5     0.7814926714752352   0.003500111735767883    0.01745295591112631       -5.0695231104251
                1642.75     0.7547951880270586   0.003499895649493076    0.01841807746324178     -5.015761223651715
                   1643     0.7235736036397167   0.003499774143821398    0.02109870196617663     -4.879917073931313
                1643.25     0.7509581665307237   0.003499646944340524    0.02000633865823549      -4.93311578379187
                 1643.5     0.7311319677659429   0.003499528321022986    0.02147972330990613     -4.862089448146683
                1643.75     0.7419158049505422   0.003499359695613883    0.02207283542296274     -4.834899336660717
                   1644     0.7036085523414106   0.003499260791124111    0.01862703820551426     -5.004661094622491
                1644.25     0.7090553227068408   0.003499370279720134    0.01959343661779842     -4.954049354461608
                 1644.5     0.7730153379225521   0.003499212020152123    0.01986093851186496     -4.940534310469529
                1644.75     0.7468134696676711    0.00349899174727653    0.02201695824444939     -4.837539189903739
                   1645     0.7476770318979991   0.003498746885988913    0.02199814094314535     -4.838464211391509
                1645.25     0.7960474029813871    0.00349856728447717    0.01878677780056577     -4.996320179091201
                 1645.5     0.8132451367283751   0.003499047928982482   0.008311895422582934     -5.811648446987272
                1645.75     0.8248130197808262    0.00349940726922793    0.00744856594750311     -5.921211904307389
                   1646     0.8093997637838547   0.003499503450801474   0.009535855715731859     -5.674146963448278
                1646.25     0.7999490961131084   0.003499422102734021    0.01522849753509534      -5.20606067867611
                 1646.5     0.7878681981566819   0.003499431839398495    0.02174683713301518     -4.849758078900463
                1646.75     0.8452765166023367    0.00349946718984922   0.009773217923760085       -5.6495705253102
                   1647     0.8239720993636629   0.003499752067129465   0.007509675799857019     -5.912942606666219
                1647.25     0.7730552505858375   0.003499535369125881    0.02009227378210755     -4.928861470183233
                 1647.5     0.7109516048536393   0.003499808384940548    0.02041045304794381      -4.91307163664306
                1647.75     0.6990712082927809   0.003500460404583043    0.02105681029333525     -4.881708489217364
                   1648     0.7384345733101852    0.00350099061574046    0.02173372720676382     -4.849915765778134
                1648.25     0.7742465780234358    0.00350080271391605       0.01954756413842     -4.955984059205893
                 1648.5     0.7729517337798529   0.003500569454566448    0.02071143930470419     -4.898215202794241
                1648.75     0.7332123044266655   0.003500429462006547     0.0217273649042818     -4.850368844427799
                   1649     0.7467043311297442   0.003500526325017171    0.02258640494833895     -4.811565520325391
                1649.25     0.7340683509016326   0.003500304075658193    0.02194544783080695     -4.840417457030517
                 1649.5      0.741172409650645    0.00350009996280835    0.02284451727075613     -4.800324357354969
                1649.75       0.74283653266005   0.003499973415751806    0.02336784644689854     -4.777710663460348
                   1650     0.7741999280031164    0.00349975744079588    0.02011470603096112     -4.927682176066778
                1650.25     0.7744076845940768   0.003499585565261777    0.02024971576639131     -4.921041721621182
                 1650.5      0.745238479754497   0.003499342515783635    0.02355007581689725     -4.770122892332778
                1650.75     0.7411457671707868   0.003499148148192598    0.02357372431288585     -4.769174762570538
                   1651     0.7926154799453333   0.003498925578651354     0.0221735730818355     -4.830469908498653
                1651.25     0.6888158791928364   0.003498839189873731    0.01978744635247012     -4.944348062938203
                 1651.5     0.7277902713118528   0.003499030637946169    0.02176736620024151     -4.848929175924509
                1651.75     0.7713246479216522   0.003498799635893762     0.0224658545676851     -4.817410500151364
                   1652     0.7317331205787079    0.00349856181849828    0.02255382650830525      -4.81357031385815
                1652.25     0.8295784250790305   0.003498661247139303   0.007743401477808275     -5.882605577419653
                 1652.5      0.741574286227435   0.003498663990950134    0.02393742932722378     -4.754002537106249
                1652.75     0.6956449722689725   0.003498589910075995    0.02089582468016649     -4.889917662981661
                   1653     0.6530797762802972   0.003499379254322837    0.01770399114740005      -5.05545133083386
                1653.25     0.5679013834578865   0.003502891717629415    0.04387433471322873     -4.146908679554133
                 1653.5     0.5496988069347645   0.003507309347982942    0.06673828569888648     -3.726199067686846
                1653.75     0.4975726424201254    0.00351265376769073     0.1254909965803783     -3.093221203823637
                   1654     0.5355767315944222   0.003518293243967113    0.08247246833025923      -3.51138651182343
                1654.25     0.5141617189271342   0.003522114129701835     0.1162488459956104      -3.16703249856015
                 1654.5     0.5160047748885792   0.003525994060977759     0.1168816095382122     -3.160503092575256
                1654.75     0.5630565293580301   0.003527015674781639    0.04444188050969899     -4.127192655361784
                   1655     0.5803454036396943    0.00352765412212176    0.03367342994243461     -4.404484837638794
                1655.25     0.5150824715441399   0.003528352948581046     0.1182703002824996      -3.14802316993404
                 1655.5     0.4549508327486817   0.003531312392048173     0.1255303659399765     -3.087609757120238
                1655.75     0.4769326934278192   0.003533897966123611      0.102334876432142     -3.291174991043861
                   1656     0.4299064698816536   0.003536470576065228    0.05076710633549759     -3.991449181242983
                1656.25     0.4566343853475821   0.003538617943027105     0.1231658196577848      -3.10455921630204
                 1656.5     0.4144385350284297    0.00354063864018796     0.0410602692628057     -4.202478943341674
                1656.75       0.38885073404899   0.003543447306980704    0.01403593374151021     -5.275106224481301
                   1657     0.4124259190476298   0.003546835261407563    0.03886941157898752     -4.255563693609362
                1657.25     0.3980774681833411   0.003548754904604005    0.02318523248854495     -4.771714674203015
                 1657.5     0.3869808761596646   0.003550457418781143    0.01370125524978287     -5.297263132150476
                1657.75     0.4281786326954506   0.003551848390309876    0.04902353023396819     -4.022058497392312
                   1658     0.4368151939824763   0.003552409210414152    0.06637000854850825     -3.718955730319293
                1658.25     0.4023366034172625   0.003552882859073288    0.02767754429125628     -4.593446274481551
                 1658.5      0.406733243478724   0.003553416745578675    0.03244060793798999     -4.434506456793684
                1658.75      0.399213149072826   0.003553813027688253    0.02508343124757217     -4.691598392526382
                   1659     0.4380059429735386   0.003554106591715898     0.0704415133373124     -3.658940541623448
                1659.25     0.4149005490271799   0.003554408266672749    0.04245870464647002     -4.165106483822244
                 1659.5     0.3828812755674449   0.003554498836284122    0.01524704024761401     -5.189227549318346
                1659.75     0.4037124095851193   0.003554718696153403     0.0298125869610072     -4.518620413777859
                   1660     0.3960423138424505   0.003554703846719903    0.02170304103958295      -4.83610288594768
                1660.25     0.4319418804987882   0.003554650267358211     0.0563586350230654     -3.881834881826019
                 1660.5     0.3972987609302021     0.0035545582083534    0.02362679259441643     -4.751214900678834
                1660.75      0.406663318717006   0.003554596405380982    0.03337553393083963     -4.405762387801689
                   1661     0.4252964925913051   0.003554554218933811    0.04812811202559682     -4.039730914547997
                1661.25     0.4187109055177029   0.003554365463695353    0.04697515246854118     -4.064031683275738
                 1661.5      0.392017746998338   0.003554237222562878    0.01700816979527531      -5.07999275004467
                1661.75     0.4215066405783742   0.003554097312285692    0.04870146606879686     -4.028016786272119
                   1662     0.4152996597961787   0.003553911879927531    0.04427413090797314     -4.123377541531227
                1662.25     0.3833042578593562   0.003553677476357878    0.01508773633262774     -5.199961803834184
                 1662.5     0.4043421113757212   0.003553559973760186    0.03136468646090351     -4.468194494852465
                1662.75     0.4238903576520137   0.003553315067644107    0.04938457306107571     -4.014307951578935
                   1663     0.4784121156696372    0.00355317978587557     0.1052643070200347     -3.257509716494626
                1663.25     0.3879104722746441   0.003553087173307047    0.01435290147296388     -5.250058063536413
                 1663.5     0.4054536562006329   0.003552856389226133    0.03290719508441382     -4.420383804330689
                1663.75     0.4103265376574166   0.003552698665892408    0.03895459931335447     -4.251722680295318
                   1664     0.4295690499709572   0.003552449680243347    0.05312922853452723     -3.941462394101217
                1664.25     0.4081036089770428    0.00355225853534275    0.03671124130666544     -4.311160411281238
                 1664.5     0.4381212571937013   0.003552006081285109    0.07212144900398085     -3.635963003502192
                1664.75     0.3879608825469627   0.003551857200251167    0.01455288141000578     -5.236567399653907
                   1665     0.3890311071225676   0.003551663321354646    0.01519256958169518     -5.193604530404106
                1665.25     0.3822531081802381   0.003551466061897414    0.01632369725687784     -5.121848665507134
                 1665.5     0.4159126724707138   0.003551289345812826    0.04620597514194368     -4.081407175053826
                1665.75     0.3837774269760239   0.003551094441997078     0.0153606609743104     -5.182761421936504
                   1666     0.3809463705492714    0.00355100687088568    0.01821491102606036      -5.01235529573559
                1666.25     0.3742547483783966   0.003550898979854195    0.03846396556009611     -4.264904381683827
                 1666.5     0.3744194097254483   0.003550719587928812     0.0380203081969321      -4.27655630342888
                1666.75      0.424807910510523   0.003550487776305419    0.05036804960809659      -3.99538499687462
                   1667     0.4704516293057501   0.003550713805340415     0.1053749945832727     -3.257153010287108
                1667.25     0.4577023011897726   0.003550708215848991     0.1205909580173754     -3.122275642892157
                 1667.5     0.4699152825951949   0.003551208569481905      0.106367234963567     -3.247641455337237
                1667.75     0.4715799985012663   0.003551452649641998     0.1072122227549828     -3.239660053161605
                   1668      0.468187151150381   0.003551968792692044     0.1069770175745121     -3.241710968788472
                1668.25     0.4795478711338022   0.003552055143234552     0.1088185581597155     -3.224618789640965
                 1668.5     0.5258434851661477   0.003552326887662147    0.09555632886751154     -3.354508275648997
                1668.75     0.4871092525811694   0.003553070354018303     0.1241742385930545     -3.092329183014439
                   1669     0.4522206784679201   0.003552863109336204     0.1262041380882618     -3.076172502809085
                1669.25     0.4597904295981609   0.003552700980506637     0.1144781085346974      -3.17373526375373
                 1669.5     0.4661885244753511   0.003552440423592258      0.106312111510438     -3.247813003908324
                1669.75     0.5399858675212201   0.003552697191145112    0.08375117716347331        -3.486269716957
                   1670     0.5350045473638706   0.003553711750728822    0.08277715616317093     -3.497682277977836
                1670.25     0.5114977333691368   0.003554239724582689     0.1167957046326275     -3.153259556587651
                 1670.5     0.4740239725497186   0.003554227223864281     0.1071413461055747     -3.239540413673849
                1670.75     0.5261786070832059   0.003554169521799037    0.09542755793802792     -3.355338198922595
                   1671      0.476633687586749   0.003554004090405031     0.1069844056360834     -3.241069067623338
                1671.25     0.5149502260225958   0.003553899713515207     0.1193305393576722     -3.131884234737013
                 1671.5     0.4946226269164845   0.003553708642747746     0.1259533867794657     -3.077923391818577
                1671.75     0.5363174341933574   0.003553778380507385    0.08409388144754566     -3.481881849349318
                   1672     0.4725426400454296   0.003553649937910173     0.1111477578072264     -3.202991336049033
                1672.25      0.476255323440407   0.003553386104442872     0.1090026061098172     -3.222554258083243
                 1672.5     0.4910337356861917   0.003553142573053157     0.1316032041276324     -3.034203220590899
                1672.75     0.5130355713671553   0.003553112183426896     0.1201186968436404     -3.125522745314782
                   1673       0.44968618545874    0.00355300195819733     0.1186913107883065     -3.137508066424143
                1673.25     0.4380173373056642   0.003553042609949148    0.07262386437413823     -3.628729142566972
                 1673.5     0.4557116911507201   0.003552960019588612     0.1296177542799574     -3.049456198573289
                1673.75     0.4873249150188426   0.003552719989407431     0.1275635246444064     -3.065499053070087
                   1674      0.461805202113542   0.003552468753327665     0.1103830847803627     -3.210227340606929
                1674.25     0.4535721548931017   0.003552232614652211     0.1322113905079697      -3.02984863417611
                 1674.5     0.4812956918591722   0.003551983381172224     0.1153478961560465     -3.166368138344308
                1674.75      0.469062717358412   0.003551719991397974     0.1127145147696923     -3.189536835669037
                   1675      0.468963006444498   0.003551467027572537     0.1138056320618884     -3.179974253733686
                1675.25     0.4706892585379979   0.003551208541220988     0.1163970357252007     -3.157531982012537
                 1675.5     0.5084632201782698   0.003550975717638789     0.1158470360977551     -3.162333948057741
                1675.75      0.475833959586494   0.003550751754470283     0.1123103595970608     -3.193401580719549
                   1676     0.4157797721363629   0.003550655559041192    0.04677473819994203     -4.069351504312905
                1676.25     0.4718872082697277   0.003550549172720361     0.1183082119480749     -3.141431557469466
                 1676.5     0.4346385426036766   0.003550346603892962    0.06501581663868983     -3.740151223588102
                1676.75     0.4827823941684365   0.003550146536426944     0.1189240682442511     -3.136352942435124
                   1677     0.4887172241861938   0.003549943542342738     0.1329593547730692     -3.024851852305778
                1677.25     0.4644717174899967   0.003549720895597124     0.1097585485423501     -3.216675111000405
                 1677.5     0.4507796578512598   0.003549478049008133     0.1261375063116827     -3.077653834348855
                1677.75     0.4949604448546429    0.00354938026634289     0.1287731597277836      -3.05700161027226
                   1678     0.4796503381311818   0.003549132279566844     0.1159533386174098      -3.16193602820534
                1678.25     0.4055220376557296   0.003549250436781146    0.03413524832845756     -4.384760068045962
                 1678.5     0.4618048800920567   0.003549177232932681     0.1132759601629941     -3.185284252245736
                1678.75     0.4812411114630347   0.003549029426050212     0.1193157316214792       -3.1333796789383
                   1679     0.4946902345920463   0.003548846744947861     0.1307831667410698     -3.041663604175063
                1679.25       0.46415927898865   0.003548697434875843     0.1117644993457108     -3.198852440867089
                 1679.5      0.472363631513825   0.003548439481446214     0.1195954008951181     -3.131204719532503
                1679.75     0.4809856077625974   0.003548185304076776     0.1202032684662977      -3.12620652593697
                   1680     0.4709082655778802     0.0035479365729296     0.1214666666888563      -3.11582096607073
                1680.25     0.4883493577821801   0.003547692850064096     0.1351420831130867     -3.009202847100162
                 1680.5     0.4780981616958021   0.003547435214413471     0.1178174296377959     -3.146465942996899
                1680.75     0.4993833902485925   0.003547229778750783     0.1274908430081808     -3.067615533084547
                   1681     0.4877421136370598   0.003546972915139092     0.1351169459029469     -3.009591821241304
                1681.25     0.4535068847083094   0.003546747630327493     0.1350810955847099     -3.009920701201627
                 1681.5     0.4844767387216828   0.003546560580474872     0.1284302654681315     -3.060462671280307
                1681.75     0.4858335821181695   0.003546316032526039     0.1327757291920762     -3.027256244826797
                   1682     0.4660701761577011   0.003546069140691561     0.1151922479831131     -3.169384870539545
                1682.25     0.4819877018878044   0.003545864091003835     0.1268555245887659     -3.072996313663966
                 1682.5     0.4720494329660781   0.003545607309834042     0.1230731720377876     -3.103338497505733
                1682.75     0.4425953019317948   0.003545483072896856    0.08953030137248157     -3.421575480103829
                   1683      0.423794804276996   0.003545425292816744    0.05120835479269706     -3.980266209575549
                1683.25     0.4389919706292761   0.003545448142005807     0.0774816772576587     -3.566120977252789
                 1683.5     0.4343928315102098   0.003545266044428044    0.06626670253290527     -3.722526278649871
                1683.75     0.4527332942806336   0.003545049362742148     0.1351448805825436     -3.009927553427146
                   1684     0.4425110928209304   0.003544813538536687    0.09094465405466236     -3.406090345955816
                1684.25     0.4093750195857811   0.003545088048829895    0.03944360929616356     -4.241391994119761
                 1684.5     0.4447664951590739    0.00354492279354023     0.1014757381741327     -3.296490912491205
                1684.75     0.4615739369217567   0.003544695073321558     0.1170090725911191     -3.154123414805307
                   1685     0.4378766464297838   0.003544441140349973    0.07653068179371615     -3.578754800517661
                1685.25     0.4614103429625787   0.003544197078611408     0.1186079688992861     -3.140691714421053
                 1685.5     0.4432953172539575   0.003544003752088508     0.0964465818147264     -3.347580640196797
                1685.75     0.4321555713182921   0.003543797762742214    0.06219384705437946     -3.786371991084473
                   1686     0.4743884323108521   0.003543608666722596     0.1213689288001742     -3.117846519938009
                1686.25     0.4636147699172573   0.003543513551161486     0.1167052157511023     -3.157057034953045
                 1686.5     0.4690239905500089   0.003543268854415429      0.124424779832257      -3.09307596887382
                1686.75     0.4821493078892186   0.003543024375544102     0.1285727080532847     -3.060351758885603
                   1687     0.4515475229233408   0.003542778159089283     0.1339758659876361     -3.019256141184861
                1687.25     0.4609438005351715   0.003542535333694322     0.1221833536130942     -3.111461548668591
                 1687.5     0.4263308187723984   0.003542323014066299    0.05228386038198909     -3.960356573273264
                1687.75     0.4317006081601458   0.003542295437808113    0.06202321632366298     -3.789543312853938
                   1688     0.3550515096390364   0.003542651151763462     0.6657405339014105      -1.41605166473456
                1688.25     0.4247589196654946   0.003542975577492897    0.05261308573845932     -3.953895230617662
                 1688.5     0.3906539975687412   0.003543015764804407    0.01652058555258097      -5.11224154243343
                1688.75     0.4385779869883915   0.003542837178966497    0.08068604608759786     -3.526333511885439
                   1689     0.4268747026014364   0.003542608116673979    0.05417497294370571     -3.924744770411754
                1689.25     0.4227586073040519   0.003542357440845368    0.05374352988943085     -3.932811295549511
                 1689.5     0.4506939793320103   0.003542148388308719     0.1323260657559799     -3.031824526200787
                1689.75     0.4312926457810506   0.003541901767074059    0.06285123244868175     -3.776392680965604
                   1690     0.4579445899951301   0.003541648553637838     0.1336815121686865     -3.021774522466968
                1690.25     0.4426152547174902   0.003541473518268145    0.09561693362859494     -3.356934207392051
                 1690.5     0.4288500186816258   0.003541235879492529    0.05828465715828592     -3.852012357493892
                1690.75     0.4122921131573173   0.003540984709588403    0.04344963893430887     -4.145819633627313
                   1691     0.4378551785659301   0.003540905629943421    0.08080545518774672     -3.525400030363916
                1691.25     0.4327453361504786    0.00354069862197205    0.06873402371645451     -3.687258644657042
                 1691.5      0.454626851446205    0.00354045283407417     0.1428861268584833     -2.955524394854859
                1691.75     0.4111332621997763   0.003540258139550089    0.04242088995724794     -4.169986456564697
                   1692     0.4174111530431647   0.003540044990277583    0.05116786377557579     -3.982575919873121
                1692.25     0.4578594192616601   0.003539791698890724      0.136417078480298     -3.002042200742398
                 1692.5     0.4380398088313314   0.003539585868955216     0.0825536284473759     -3.504369172333997
                1692.75     0.4485327037984295   0.003539346844844255     0.1249991617757377     -3.089577795905055
                   1693     0.4395533108356736   0.003539105239534295    0.08773940075051649     -3.443582026520814
                1693.25     0.4260251097961357   0.003538885168303202    0.05593999549746816      -3.89373566978306
                 1693.5     0.4219477007960443   0.003538642912550588    0.05560245748980747     -3.899856335061398
                1693.75     0.4001896169793319    0.00353840430042166    0.02828315359166712     -4.575884819524205
                   1694     0.3952186376534232   0.003538176133282167    0.02186345293976354     -4.833399225354962
                1694.25     0.4319981054645783   0.003537966757959272    0.06873960247614946     -3.687949342029927
                 1694.5     0.4552770487459876   0.003537860745976458     0.1455275153991243     -2.937939616970633
                1694.75     0.4660343747300645   0.003537715093785129     0.1215634696452478     -3.117909455091924
                   1695     0.4112007104206571   0.003537600875927536    0.04316136243713529     -4.153432544663572
                1695.25     0.3998016492202461   0.003537522693466158    0.02831973766772818     -4.574841346706473
                 1695.5      0.399582193514005   0.003537336077550606    0.02836861346119409     -4.573169732802058
                1695.75     0.3839280997870539    0.00353728516439524    0.01572876643049197     -5.162976207655896
                   1696     0.4237356144741773   0.003537068939325041    0.05653182659321147     -3.883724847378272
                1696.25     0.4086873919913633   0.003536818258475252    0.04018317014109209     -4.225151249703651
                 1696.5     0.3870819597686859   0.003536615761212237    0.01529001377761777      -5.19145683915038
                1696.75     0.3896680649659173   0.003536433818811325    0.01650281999180876     -5.115176931943523
                   1697     0.4288634300543369   0.003536215641302293    0.06160781923489811     -3.797981104844386
                1697.25     0.4250822386966491   0.003535991596956234    0.05789126406023862     -3.860266768653791
                 1697.5     0.4475058636070352   0.003535760237326711     0.1213467427139511     -3.120246604380902
                1697.75     0.3991004850232891    0.00353555408983045    0.02812599592046367     -4.582262728997553
                   1698     0.3908107342460347   0.003535470893217645     0.0175769635042826     -5.052391378203832
                1698.25      0.412201249954518   0.003535329453062351    0.04529136622664447     -4.105904114628284
                 1698.5     0.3826890077171928   0.003535164354914255    0.01696216818631431     -5.088081775161258
                1698.75     0.4193001464037109   0.003535029704402478    0.05594764041127687     -3.894689067449749
                   1699     0.4460296570253859   0.003534942006006169     0.1150447917344792     -3.173808590975081
                1699.25     0.4222247766372034   0.003534721748854871    0.05845411993530176     -3.850950275428163
                 1699.5     0.4832936629460796    0.00353476842570577     0.1318442582810854     -3.037557877703296
                1699.75      0.483258291291752   0.003534899596304991     0.1331221824084255     -3.027874762971616
                   1700     0.4770913699964195   0.003534897860969574     0.1230563676223348     -3.106500101369793
                1700.25     0.4677838477909305    0.00353509492893441     0.1254238334185785     -3.087388208107063
                 1700.5     0.4771423062596936   0.003535015193843092     0.1248266193226418     -3.092183703905125
                1700.75      0.475852458646274    0.00353507067265953     0.1257066849742483     -3.085142442835295
                   1701     0.4453349565244754   0.003534830055820381     0.1128110820335162     -3.193447227730223
                1701.25     0.4406743438608077     0.0035345704419137    0.09421846879834886     -3.373619032370803
                 1701.5     0.5090993274638921    0.00353450397065583     0.1183827183380829     -3.145331308564657
                1701.75     0.4758422532050605   0.003534533575705757     0.1271944338350983     -3.073528793610871
                   1702     0.4200499645225604    0.00353433463703959    0.05786460941368008     -3.861196008942974
                1702.25     0.4671063018369053   0.003534102531608825     0.1263959137134122      -3.07994849105091
                 1702.5     0.4659521817015924   0.003533898894974618     0.1259021072834284     -3.083920587484574
                1702.75     0.4524351026534137    0.00353364137977206     0.1459192244702451     -2.936444927250665
                   1703     0.4499169338532291   0.003533408016522847     0.1379817368135455     -2.992442846960092
                1703.25     0.4469000694798927   0.003533159463668044     0.1244390378794599     -3.095818587165833
                 1703.5     0.4567727560595441   0.003533039121689212     0.1451842413657563     -2.941665022908286
                1703.75     0.4478929556842231    0.00353285300070953     0.1308077014233868     -3.045992953719936
                   1704     0.4151667210177981   0.003532644057302887    0.05103386428666319      -3.98729099711793
                1704.25     0.4130714490230429   0.003532721415619269    0.04819648486567221     -4.044472426914611
                 1704.5     0.4243539701320735   0.003532658061280483    0.05987262539960575     -3.827557055305703
                1704.75     0.4040437934682246   0.003532456109086937    0.03462040908058664     -4.375390253807996
                   1705      0.418999863342865   0.003532275630599212    0.05843347679553418     -3.851995754202126
                1705.25     0.4232479359437837   0.003532170081816924    0.06113556897575863     -3.806820753862544
                 1705.5     0.4753660723239349   0.003532007449448835     0.1292141426867821     -3.058489589659029
                1705.75      0.454126168517769    0.00353177665364472     0.1524957308495214     -2.892889383533173
                   1706     0.4671981301191943   0.003531607298493128     0.1293373848161762     -3.057649561375764
                1706.25     0.4519858312117497   0.003531466243289001     0.1510188072753295     -2.902709498780208
                 1706.5     0.4779712197120487   0.003531430813443048     0.1312688006241201     -3.042876777934265
                1706.75     0.4834095568397303   0.003531998313856621      0.137756873357236     -2.994472880937322
                   1707     0.4834731820110573   0.003531932884639844     0.1391895920415931     -2.984144774640686
                1707.25     0.5061673799812031   0.003531835730584249     0.1167656865979976     -3.159840009535397
                 1707.5     0.5269433539029855   0.003532142466244865    0.09437658175706803     -3.372629444853593
                1707.75     0.4680747127278935   0.003532072136083403      0.132179225792683     -3.035783551488632
                   1708     0.4694560649479612   0.003531818494304448     0.1355961126999846     -3.010333430222919
                1708.25     0.4666066678235319   0.003531561195534975     0.1322309212129769     -3.035537194916233
                 1708.5     0.4762210546376431   0.003531367394235348     0.1330970543896458     -3.029063276311913
                1708.75     0.4733406512831599   0.003531127849021782     0.1374361834555153     -2.997050017474001
                   1709     0.4708213417146905   0.003530869349805835     0.1406686754194956      -2.97387560955037
                1709.25     0.4965599294379812   0.003530628240690353     0.1321913094590385     -3.036101016001734
                 1709.5     0.4677967113129017    0.00353039868225756     0.1376790208399165     -2.995491184665685
                1709.75     0.4656747352735162   0.003530183610948633     0.1343679290725152     -3.019895369739542
                   1710     0.5066469783724664   0.003530054235209398     0.1181964845477502     -3.148165432526711
                1710.25     0.4673243575088806   0.003529832023095711     0.1393269856158875     -2.983753161080953
                 1710.5     0.4708856058539533   0.003529660055677264     0.1446546545104222     -2.946276256959983
                1710.75     0.5045845902677448   0.003529468170708477     0.1200139183424303     -3.133072108424784
                   1711      0.496965548511653   0.003529269001619542      0.133641172731219     -3.025577869849131
                1711.25     0.4740328514713928   0.003529025068573277     0.1411160120614551     -2.971223049490226
                 1711.5     0.4756808168271739   0.003528796153200055      0.139317983559579     -2.984111278766787
                1711.75      0.475173847333663   0.003528586407497359     0.1417744463588024     -2.966692301974255
                   1712     0.4503493009016419   0.003528334130963219     0.1461821924297798     -2.936147451332652
                1712.25     0.4456681621280182   0.003528168561094736     0.1222924940936009     -3.114632447411728
                 1712.5     0.4582887874009395   0.003527936221477429     0.1437549478094421       -2.9530038716091
                1712.75     0.4953801416488468   0.003527701687033818     0.1364234303499629     -3.005416944250019
                   1713     0.4790925475523416   0.003527445962891635     0.1406309643911352     -2.975113759083681
                1713.25     0.4289390040998715   0.003527392283920779    0.06394747306358284     -3.763206149232238
                 1713.5     0.4681940397811208   0.003527171755005938     0.1453123124494186     -2.942445378033599
                1713.75     0.4636730711432157   0.003526932779909607     0.1359529157536916     -3.009089819951334
                   1714       0.45358449158527   0.003526708168726058     0.1579928690428598     -2.858912225275883
                1714.25     0.4864450632999934   0.003526807098653091     0.1431022288515842     -2.957874811479702
                 1714.5     0.5070647424588459   0.003526636449195797     0.1210938628359629     -3.124916490168466
                1714.75     0.5066340691100456   0.003526879508389329     0.1220800736009759     -3.116736371943268
                   1715     0.4832334065687068   0.003526762962916435     0.1436628573536256     -2.953977301698578
                1715.25     0.5361346615367416   0.003526921206009972    0.08558253194855066     -3.471920523330293
                 1715.5     0.4984201465805888   0.003526747271423278     0.1358217083990239     -3.010107979102875
                1715.75     0.5215215247102974   0.003526639795578669      0.111232890403785     -3.209855396979363
                   1716     0.5367517519430877   0.003526531245185984    0.08657367650928466     -3.460516489711901
                1716.25     0.5004057426466262    0.00352633981751343     0.1339791514119749     -3.023882374915474
                 1716.5     0.4959355986847681   0.003526153486722923     0.1395323132070891     -2.983323207063615
                1716.75     0.5240520308431769   0.003526026709139591     0.1055175231527316     -3.262778336189738
                   1717     0.5123957904823964    0.00352581940931529      0.125599150945005     -3.088618670593793
                1717.25     0.4866130864454284   0.003525593921199379     0.1459988664102151     -2.938179262686999
                 1717.5     0.5029835903929252   0.003525348598712306     0.1289128179794866     -3.062711359510942
                1717.75     0.5101914500760248   0.003525095692732068     0.1270584467401389     -3.077272256490208
                   1718     0.5028297823821796   0.003524995576936726     0.1311468215493895     -3.045630378125352
                1718.25     0.4689652121483309   0.003524761649435753     0.1493013907108994     -2.916047194232868
                 1718.5     0.5235868927750706   0.003524616597194931     0.1079788504595991     -3.240119987941879
                1718.75     0.5366292963935355   0.003524508467834825    0.08739333342895141     -3.451667042418778
                   1719     0.5323568946506015   0.003524419646302763    0.08736196485684801     -3.452051243806943
                1719.25     0.5049111706845518   0.003524178948210999     0.1281616847857374     -3.068886914576773
                 1719.5     0.4791002344483592   0.003523978205509303      0.143808798803585      -2.95375187573995
                1719.75     0.4916375422396655   0.003523785545606497     0.1474346066352691     -2.928906446946514
                   1720     0.4881311129324926   0.003523573025927401      0.150119014927173     -2.910923079099514
                1720.25     0.5238713541811387   0.003523447661838515     0.1083072375946512     -3.237415089855616
                 1720.5     0.5033660404408883   0.003523237607947631     0.1325337636467963     -3.035609255604472
                1720.75     0.5250528312114958   0.003523013257889856     0.1057391562365604     -3.261535096645687
                   1721     0.5460458855241923   0.003522913151470812    0.07530211825301782     -3.601030517958689
                1721.25     0.5381001949968207   0.003522999372450305    0.08897853098158995     -3.434119193470277
                 1721.5     0.4871126345445047   0.003522877801661012     0.1505844282221674     -2.908024905763996
                1721.75     0.5264872064323067   0.003522652081501835     0.1018272642392289     -3.299335002377483
                   1722     0.5016572738071668   0.003522400049600583     0.1387074776814658     -2.990317202370624
                1722.25     0.5092253286687837   0.003522148411612698     0.1300843618083212     -3.054572705798788
                 1722.5     0.4840348851375952   0.003522068757677211     0.1493288682196772      -2.91662745519935
                1722.75     0.5008127926589684   0.003521854449148292     0.1422745264308198     -2.965080871444157
                   1723     0.4606299688150801   0.003521679022806595      0.139215318184516     -2.986867373132406
                1723.25     0.5240139612057111   0.003521535272034942     0.1109166185880741     -3.214151243916292
                 1723.5     0.4921227272139245   0.003521350027276511     0.1504329203279838     -2.909465311126166
                1723.75     0.5485931885187546   0.003521164067852104    0.06971079202750524     -3.678680253189474
                   1724     0.5723656356675899    0.00352135125377531    0.04035829551794906     -4.225185272915985
                1724.25     0.5071889257200751   0.003521212775703984     0.1316384370042361     -3.042962510838251
                 1724.5      0.530148806862086   0.003520989846924085    0.09223411585324783       -3.3987547915931
                1724.75     0.4813785651885649   0.003520810745264053     0.1493510528819712     -2.916836147559106
                   1725     0.5617546753598718   0.003520674120215085    0.04629946261630162     -4.088044193242539
                1725.25     0.5310324727399078   0.003520551405493578     0.0919873346002318     -3.401558503593818
                 1725.5     0.4905535239931998   0.003520360449108971     0.1549083505534962     -2.880429990435626
                1725.75      0.459730711855683   0.003520418204952404     0.1432166142999657     -2.958888970184443
                   1726     0.5022565441584322   0.003520441514106224     0.1407051072904165     -2.976574355907041
                1726.25     0.4915972888279084   0.003520215680903858     0.1544965705137723     -2.883132870920267
                 1726.5     0.5026388280936399   0.003519957790665555      0.141222957831598     -2.973038129438852
                1726.75     0.4873209072384664   0.003519857827820052     0.1567391758080157     -2.868823308163975
                   1727     0.5008574742152351   0.003519610310973334     0.1472487154356529     -2.931353655238222
                1727.25     0.4855958124170881   0.003519396847867403     0.1557301143719473     -2.875412932584938
                 1727.5     0.5203681593288726   0.003519164902105324     0.1196367207943958     -3.139143488217674
                1727.75     0.4629372881043102   0.003519030625473274     0.1406520006859927     -2.977352709807974
                   1728     0.4698033706298282   0.003518824282082398     0.1530854378542552     -2.892703924479286
                1728.25     0.4734687882415132   0.003518726677423934     0.1511527327490991     -2.905437044830247
                 1728.5      0.458355380334024   0.003518503639303789     0.1504508767232994     -2.910154603249912
                1728.75     0.5160690559382148   0.003518329720898064     0.1269072120336113       -3.0803844589997
                   1729      0.485470160096436   0.003518201741931089     0.1575152479275737     -2.864354774286018
                1729.25     0.4188331762585207    0.00351827521587713    0.05962760818290492      -3.83573746501193
                 1729.5     0.4628805327380237   0.003518427654514228     0.1431951735391619     -2.959604280027434
                1729.75     0.5056272411515585   0.003518283779283555     0.1365049359193861     -3.007492947844838
                   1730     0.4432674779871335   0.003518117949703071     0.1105173240406505      -3.21872856984763
                1730.25     0.4717377461856644   0.003518104076038283     0.1556996781859418      -2.87597578871126
                 1730.5     0.4618303961586035    0.00351789241018495     0.1448019885652758     -2.948597754181035
                1730.75     0.4408818972231706   0.003517701923799832    0.09969608186946564     -3.321892739568599
                   1731     0.4768238376389125   0.003517541727419489     0.1482030831294947     -2.925481141176582
                1731.25     0.4396312970863286   0.003517299992335605    0.09531923533812751     -3.366901752612597
                 1731.5     0.4701609914698023   0.003517163466582445     0.1587181313470953     -2.857042328811803
                1731.75     0.4257390357878136   0.003516991801897671     0.0624761980632143     -3.789435354691394
                   1732     0.4529520991619657   0.003516824941370976     0.1613325232430056     -2.840800856325806
                1732.25     0.4401983576204005   0.003516626577581276    0.09894665031485662     -3.329744039782735
                 1732.5     0.4173438426101256   0.003516881463307185    0.05804655584778742     -3.863007005808394
                1732.75     0.4570760723212438   0.003516781837437639     0.1588097976658354     -2.856573464649459
                   1733     0.4463294303750138   0.003516534690204051     0.1310492832506003     -3.048777528236465
                1733.25     0.4232138904487758   0.003516345404706887    0.06403362519744822     -3.764996478338797
                 1733.5     0.4206829598363447   0.003516242420574846    0.06416162324832936     -3.763028841885995
                1733.75     0.4303723019629027   0.003516088387085927    0.06879982218969925       -3.6932767518818
                   1734     0.4718530666301066   0.003515897069781178      0.159969492436093     -2.849549201039494
                1734.25     0.4986605892736036   0.003515754802882743     0.1510934601214957      -2.90667420398298
                 1734.5     0.4950829500923413   0.003515882007929226     0.1511269806508645      -2.90641619486355
                1734.75     0.5338390314717884   0.003515851058324112    0.09161326271742816     -3.406969361904173
                   1735     0.5215376057140425   0.003516141885807147     0.1195972562874641     -3.140332796559819
                1735.25     0.4362384108882472   0.003516004927502164    0.08583888457186881     -3.472029545165626
                 1735.5     0.4682903965533369   0.003515759657963836     0.1583570582340799     -2.859719063966035
                1735.75     0.4822689542316805   0.003515503302030835     0.1563365220746518     -2.872633451836268
                   1736     0.4734245825811351   0.003515267781710676     0.1597268524045445     -2.851246141599711
                1736.25     0.4637240702031611   0.003515010256380506     0.1486100255017859     -2.923458990886674
                 1736.5     0.4399912873408736   0.003514790285168029     0.1004255678509328     -3.315430335042493
                1736.75     0.4609809225758993   0.003514596606488316     0.1498607487626871     -2.915195753837448
                   1737     0.4633993541037729   0.003514341006433469      0.151189000058481      -2.90644429294659
                1737.25     0.4604774199359058   0.003514109470188555     0.1533609746682514      -2.89224643439675
                 1737.5     0.4944710621842966   0.003513948912570615     0.1536916626506481     -2.890138174232535
                1737.75     0.5108291562124191    0.00351390129348779     0.1340402851338913     -3.026959740442304
                   1738     0.4708036681541387   0.003513676134281327     0.1657233804084823     -2.814844193979666
                1738.25     0.4921275711354516   0.003513469170998304     0.1604738021529866     -2.847092410451049
                 1738.5     0.4820230593016967    0.00351322738994801     0.1576434408041017     -2.864956152018001
                1738.75     0.4818827025711032   0.003513011545598711     0.1589940079717366     -2.856486854795379
                   1739     0.5081535963879735   0.003512779842901726     0.1371385769245796      -3.00442740334886
                1739.25     0.4625936939145313   0.003512561870762897     0.1540205109917199     -2.888395599647201
                 1739.5     0.4945040067556922   0.003512403167521959     0.1568446283344929     -2.870270877192151
                1739.75     0.5043148375455533   0.003512212313154716     0.1429815046273922     -2.962865619204401
                   1740     0.4604543363414652   0.003512112723730396     0.1564840488537279     -2.872655177886588
                1740.25     0.4872223936618021   0.003511870968624135     0.1658283303134575     -2.814724996938672
                 1740.5     0.4989292522128024   0.003511656324648963     0.1570069679360134     -2.869449030746948
                1740.75     0.4986576273806804   0.003511676235509819     0.1586445041405407     -2.859067670929503
                   1741     0.5068257773978359   0.003511475394997091     0.1411045173125752     -2.976289867473815
                1741.25     0.4938500996015153   0.003511244610305392      0.162010852420036     -2.838193142714757
                 1741.5     0.5212424973745416   0.003511034280838427     0.1216401434619429     -3.124849327223018
                1741.75     0.5236242410262769   0.003510822850266924     0.1176486488945331     -3.158273959129954
                   1742     0.5163762572783273   0.003510719329301277     0.1299585556797364     -3.058790479639175
                1742.25       0.48746806706396   0.003510545674688975     0.1687549244996464     -2.797608030590786
                 1742.5     0.5022749010135583   0.003510351899934715     0.1533294713639937     -2.893521727821413
                1742.75     0.4878360774801433   0.003510167311483799     0.1710974606520704     -2.783929987496399
                   1743     0.4860140273676528   0.003509971080720853     0.1694328048812435     -2.793762815232102
                1743.25     0.5263482421004688   0.003509855979127591     0.1093034616526052     -3.232123959564854
                 1743.5      0.537698193197979   0.003509677149634529    0.09162756904197608     -3.408570778849497
                1743.75     0.4952509944138389    0.00350951434874422     0.1631739861913998     -2.831532333195343
                   1744     0.4889911038996535   0.003509274439521113     0.1765375909701213     -2.752883892987089
                1744.25     0.5252095205678966   0.003509049794528595     0.1148332055333549     -3.183001054520224
                 1744.5     0.5304863821853983    0.00350881384130737    0.09678571680804617       -3.3540495572325
                1744.75     0.5364866859349149   0.003508684450394155    0.09378548605641103     -3.385575752476032
                   1745     0.5689765085706654   0.003508792707985938    0.04459648418552342     -4.128899983937062
                1745.25       0.52776560681217   0.003508639762218874     0.1065138902709102      -3.25832319844653
                 1745.5     0.5133914351456544   0.003508396791357511      0.134958318625116     -3.021701872032183
                1745.75     0.5012046882399459    0.00350815858519587     0.1593198310622541     -2.855822052246931
                   1746     0.5148652549751956   0.003507911785584461     0.1344490915774481     -3.025620476744431
                1746.25       0.53509060840287   0.003507754719218428    0.09556919306468541     -3.367000358899757
                 1746.5     0.5212138090469669   0.003507517436890194     0.1272017884348727      -3.08114381527909
                1746.75      0.548290822493917   0.003507323837099652    0.07148046531124125     -3.657549523366179
                   1747     0.5426332639079015   0.003507148270251277    0.08762314655390456     -3.453978588663123
                1747.25     0.5497637308508598    0.00350703859947155    0.06999203426450638     -3.678673613548946
                 1747.5     0.4992032175152243   0.003506928895834046     0.1652014698514771     -2.819920575927085
                1747.75     0.5213322842867383   0.003506729649239533     0.1285103827121223     -3.071133450729559
                   1748     0.4770924845493112   0.003506596260274189     0.1552740844029835     -2.881989348023277
                1748.25     0.4845059236689861   0.003506838966377076     0.1700669242638855     -2.790919946351786
                 1748.5     0.3826676424321208   0.003507419067144181    0.01728236779245824     -5.077259792891479
                1748.75     0.3804538209967854   0.003509511540687299    0.02011956071829291     -4.924657652903958
                   1749     0.4255275261039571   0.003510664356578957    0.06494253631827292     -3.752518913215572
                1749.25     0.4235022010023572   0.003510989074836351    0.06625168429075844     -3.732468357121147
                 1749.5     0.3819081280832978   0.003511827907378475    0.01844382531627949     -5.010960713883176
                1749.75     0.3959193133957251   0.003512712382442789    0.02423519861876043     -4.737632468024938
                   1750     0.3720312597111862   0.003513394416152393    0.05453718657289183     -3.926361598679723
                1750.25     0.4071918049077559   0.003513880581304976    0.03979429746500524     -4.241382402660591
                 1750.5     0.3978457550125386   0.003513770251294619    0.02744159672699118     -4.613077432818826
                1750.75     0.3942182934043579   0.003514035022711074     0.0222274980035468     -4.823731902875066
                   1751      0.367311624276535   0.003514370865179834     0.1172286774020516     -3.160839971945532
                1751.25     0.3763617226362962   0.003514801059656698    0.03092512946953273     -4.493274999447955
                 1751.5     0.3573507990676132   0.003515391984453546     0.5117891272026888     -1.686763314467059
                1751.75     0.3392396202039948   0.003516038840180011      2.444758041813025    -0.1227905673413594
                   1752      0.339002800748407   0.003516525603497613      2.488589355050499    -0.1048822678596005
                1752.25      0.354319449832692   0.003516751789831593     0.7386530296215298     -1.319460956481515
                 1752.5     0.3685293728254543   0.003516664131653422    0.09626382637042995     -3.357221566556922
                1752.75     0.3830372570517557    0.00351647179889425    0.01768453406270203     -5.051678397483136
                   1753     0.3790342012012556   0.003516361258351108    0.02369054734678143      -4.75932418643721
                1753.25     0.3776815114598794   0.003516160152601076    0.02740189946350457     -4.613845167485368
                 1753.5     0.3779996744481113   0.003516229182612135    0.02690735779201579     -4.632038096866483
                1753.75     0.3997379524943635    0.00351600884653155    0.03051476911611827     -4.506289734783048
                   1754     0.3601748717196742   0.003515912771783097     0.3637142779175854     -2.028159251201305
                1754.25     0.3874246247438389    0.00351580417891635    0.01662645859386912     -5.113563428750463
                 1754.5     0.3893511051538329   0.003515635002633165     0.0174894037467115     -5.063011669020367
                1754.75     0.3582238565018911   0.003515440243399553     0.4721150774246852     -1.767439501959228
                   1755     0.3858599808910511   0.003515298509192973    0.01709670417386476     -5.085816877809098
                1755.25     0.3828452789919508   0.003515056117178183    0.01918870133024466     -4.970449906780979
                 1755.5     0.3666458503089188   0.003514805440725075     0.1343668405579043     -3.024269182212401
                1755.75     0.3745248398643125   0.003514557006709006    0.04055635064795061     -4.222221161400244
                   1756     0.4010944661841935   0.003514324855225294    0.03247611486617002     -4.444474706970526
                1756.25      0.381592641701989   0.003514168893174989    0.02090305101543765       -4.8851288489394
                 1756.5     0.3310334021616285    0.00351380678740949      2.855058115258305     0.0317204516738762
                1756.75     0.3925125960002248   0.003513629481942038    0.02063312438895894     -4.898279722314872
                   1757      0.345795498855237   0.003513431330188172      1.610764503474809    -0.5407696913545738
                1757.25     0.3438382244210347    0.00351341097262799      1.874964861264913     -0.388894480164691
                 1757.5     0.3653809975929974   0.003513175950184981     0.1674162747064539     -2.804823199129144
                1757.75     0.3185302545001105   0.003512959818736504       1.87454363999683    -0.3892475782877811
                   1758     0.3207112141237199   0.003512914896951649       1.94808431690665    -0.3507791154952256
                1758.25     0.3214521792279759   0.003512725759165863       1.99949066157835    -0.3247869668426667
                 1758.5     0.3575422996869972   0.003512523573359893     0.5158222730450009     -1.679730010424726
                1758.75      0.379810514918403   0.003512316286942615    0.02391489192682986      -4.75104994169623
                   1759     0.3510227955554037    0.00351202699397713      1.069512155740215    -0.9506757741774132
                1759.25     0.3836697075230899   0.003511885570952745    0.01916502662690862     -4.972586849285097
                 1759.5     0.3826506287500087   0.003511690298361026    0.02039827086000875     -4.910279406866902
                1759.75     0.3533044915806136   0.003511502488790767     0.8534519296491213     -1.176493805829556
                   1760     0.3783933972270097   0.003511340014886626     0.0274222904091873     -4.614473093911286
                1760.25     0.3852136635673916   0.003511108161748734    0.01863689436124815     -5.000752143303581
                 1760.5     0.3857710775945181    0.00351089089582682     0.0185804290192278     -5.003848385162725
                1760.75     0.3927090986726188   0.003510700371925083    0.02129848645605042     -4.867375464883487
                   1761      0.389893402281409   0.003510480617485717    0.01914341398715083     -4.974115334890654
                1761.25     0.3619315537180273   0.003510250310675128     0.2947094843968673     -2.240149609436705
                 1761.5     0.3868947604656795   0.003510021224206697    0.01871141204743626     -4.997071338526798
                1761.75     0.3797774629355394     0.0035098028412534    0.02530207435957551      -4.69538078222022
                   1762     0.3435023876264798   0.003509490151486572      1.941619437732052    -0.3550785939112769
                1762.25     0.3567829739491357   0.003509267051372741     0.5825325242855323     -1.559034812442677
                 1762.5     0.3456575217572238   0.003509013228405101      1.681053046804059    -0.4993164743568259
                1762.75     0.3193829277160397   0.003508969639275212      1.933080685880395    -0.3596343664772803
                   1763     0.3296169260279065   0.003508699411040517      2.802193216726761    0.01157608147825707
                1763.25     0.3573302828172477    0.00350851676006265     0.5498361836844442     -1.617013271705344
                 1763.5     0.3195878270094392   0.003508337651333414      1.952877338398733     -0.349625586578565
                1763.75      0.313446052063634   0.003508081118999964      2.221583524548009    -0.2207823122267268
                   1764     0.3930438116959363   0.003507970215438499    0.02223917199763548     -4.824934208033652
                1764.25     0.3559453496985289   0.003507771683266265     0.6512129170229801     -1.448009392387811
                 1764.5     0.3633795715835861   0.003507560904830122     0.2422562402649654     -2.436910123345161
                1764.75      0.309358399354782   0.003507313117147667      3.106202573889469     0.1141794420061978
                   1765      0.349984388550931   0.003507064525905749      1.211826099883274     -0.827163985853037
                1765.25     0.3157191312345277   0.003506777586029492      2.017388008201641    -0.3175705928502803
                 1765.5     0.3071128398811981    0.00350655036721214      3.900796113801865     0.3417416654707605
                1765.75     0.3252096345900828   0.003506300476033202      2.358649896613445    -0.1614208875903351
                   1766     0.3287496618734985   0.003505989231261435      2.769333440431688 -0.0009923804285820828
                1766.25     0.3345549141507711   0.003505621765597867      2.880698815011553    0.03832905603906703
                 1766.5     0.3186054219627965   0.003505284247439789      1.976151092141055    -0.3386490764893487
                1766.75     0.3459294799871174   0.003504975104383036      1.667564195308515    -0.5085243378470015
                   1767     0.3643148707064038   0.003504733346103737     0.2095502066440589     -2.582749230455697
                1767.25     0.3299846671674064   0.003504453880159636      2.892764168293614    0.04217544989544064
                 1767.5     0.3247422654477822    0.00350410460945071      2.357598182558378    -0.1624933429461228
                1767.75     0.3328970739849065   0.003503748585392407      2.976377461745851    0.07046861252310965
                   1768     0.3242551821384442   0.003503389819590805      2.330314074266386    -0.1743376774430083
                1768.25     0.3512361214117629   0.003503110302739555      1.096565316733361    -0.9282376641404163
                 1768.5     0.3497704141792378   0.003502812080345286      1.262429274468996    -0.7874677936208427
                1768.75     0.3562488632067606   0.003502538732205318     0.6449492185719742     -1.459167389993248
                   1769     0.3441773556819538   0.003502202074794408      1.906427433728419    -0.3754487795125492
                1769.25       0.31888530903146   0.003501887035549905      2.015907850128819    -0.3197001353028635
                 1769.5      0.334956609100944   0.003501512442285722      2.918464351500004    0.05018082102040248
                1769.75      0.356607292637883   0.003501270324251423     0.6228267656555613     -1.494432762613685
                   1770     0.3398222777913529   0.003500924260254074      2.501187162531504    -0.1042792592584214
                1770.25     0.3406146675550804    0.00350056271754759      2.419164464063422    -0.1377258016422908
                 1770.5     0.3170210705108925   0.003500215588036694      2.020533569709798    -0.3178855682902844
                1770.75     0.3258697944560514   0.003499851719158986      2.544954370571416   -0.08723842898811804
                   1771     0.3249144626664542   0.003499525037366316      2.453460373060425    -0.1239450705180079
                1771.25     0.3227073813914504   0.003499185156601175      2.258316242159166    -0.2069221124125424
                 1771.5     0.3287481492399926    0.00349880889550087      2.916415385986868    0.04870609819312226
                1771.75       0.33769276869197     0.0034984899198463      2.766608162061939  -0.004118247835546924
                   1772     0.3123728844212691   0.003498123959487287      2.477200974282016    -0.1147156548285077
                1772.25     0.3260047265150032   0.003497752704354888      2.634252122972426   -0.05335175621512864
                 1772.5     0.3336912508231547   0.003497362097352438      3.051878193368424    0.09369444863157607
                1772.75     0.3148874985718497   0.003497023021178001      2.162866650422805    -0.2507252154624733
                   1773     0.3401716262803245   0.003496670849074469      2.515966144316699   -0.09960353897872973
                1773.25     0.3479339670297486   0.003496412190425325      1.494943348069451    -0.6202460852849666
                 1773.5     0.3127280713562181   0.003496063092790061      2.453166126529914    -0.1250547598544854
                1773.75     0.3531205182902368   0.003495803344535202     0.9342629126192851     -1.090505936114083
                   1774     0.3456891837408435   0.003495484982593367      1.777025880375115    -0.4476585075260358
                1774.25      0.364214161755543   0.003495336975008919     0.2160682414337234     -2.554802952705684
                 1774.5     0.3357860327998911    0.00349495374682693      2.974544058933051    0.06733915982636116
                1774.75     0.3483749634311344   0.003494656301916663      1.471347189138488     -0.636658284214341
                   1775     0.3657198911985071   0.003494514077602952     0.1687660876295045     -2.802119038667676
                1775.25     0.3766224107770881   0.003494353563358732    0.03257792940370557     -4.447043585300504
                 1775.5     0.3487720734306315   0.003494114913022643      1.437338440600673    -0.6601985533549605
                1775.75     0.3678009934658243   0.003493921735814847     0.1191310622762314      -3.15057796781953
                   1776     0.3414982722711576   0.003493563006100651      2.379625248988178    -0.1562066004626793
                1776.25     0.3487575332009132   0.003493283597638981        1.4549601476485     -0.648251088302256
                 1776.5     0.3447852535509424   0.003492956657210651      1.944215879740333    -0.3584644450261019
                1776.75     0.3372969400570251    0.00349256784912873      2.896662689304036    0.04012476515610602
                   1777     0.3570493784254643   0.003492364592248126     0.6058094083722987     -1.524682561054317
                1777.25     0.3318641397146125   0.003492011080218184       3.14419179876795     0.1219629369803709
                 1777.5     0.3230345286101573   0.003491677082959982      2.336799588571513    -0.1749072950759093
                1777.75     0.3303046025605666   0.003491309415244467      3.125631127504904     0.1158413286363471
                   1778     0.3298583619089003   0.003490989042031345      3.122301624932872     0.1146837679268981
                1778.25     0.3128233749681102   0.003490654876376543       2.45985842143039    -0.1238785931282736
                 1778.5     0.3459349243372972   0.003490365627626058      1.817049546418166    -0.4268511990383282
                1778.75     0.3206530666277822   0.003490101422845183      2.196471513703347    -0.2372887392448957
                   1779     0.3231746650724348   0.003489752347605865       2.39331162650922    -0.1515629536522933
                1779.25     0.3214418221802093   0.003489447372663132      2.278539120904179    -0.2007938725286579
                 1779.5     0.3330529559371411   0.003489043445661321       3.19645343962027     0.1375977579522565
                1779.75     0.3358488073274167   0.003488673702436406      3.073410500821645    0.09823774191797048
                   1780      0.335113156284656   0.003488297323517416      3.146363213384276     0.1215892432378486
                1780.25     0.3631404033288071   0.003488155325980412     0.2625340998419209     -2.362073016065907
                 1780.5     0.3310098041089449   0.003487767706139901      3.253061914677137     0.1547868348049498
                1780.75     0.3421062915662235   0.003487404108287491       2.37128813834229    -0.1614807747043644
                   1781     0.3457929473075475   0.003487079085514988      1.861972881639762    -0.4033706892409448
                1781.25     0.3521356614694536   0.003486813151465222      1.091843177684423    -0.9372163126592771
                 1781.5     0.3345122298794991    0.00348641516200431      3.226713988457529     0.1462665610310371
                1781.75     0.3295293844442847   0.003486021074282692      3.205261606204201     0.1394829525023857
                   1782     0.3324488109628238   0.003485639229871824       3.33138554674073        0.1779679967309
                1782.25     0.3456125264344702   0.003485302547254386      1.904415443435482    -0.3813417891972868
                 1782.5     0.3136707367199857   0.003484983496133474      2.362466420670692    -0.1659022760975824
                1782.75     0.3266683060267503    0.00348459994316661      2.902096861350414    0.03971502362385797
                   1783     0.3377403705865412   0.003484219876193519      3.015755365008468    0.07802275030612284
                1783.25     0.3393650378609712   0.003483838792872321       2.83865608480464    0.01739376639083692
                 1783.5     0.3293760349225902   0.003483451604222022       3.26069948054317     0.1558936280535569
                1783.75     0.3578504960781289   0.003483192635286602     0.5545864621747288     -1.615655010450658
                   1784     0.3345921477789633   0.003482823202751214      3.321966842746487     0.1743285086518792
                1784.25     0.3552692529690109   0.003482611384102539       0.76723902905075      -1.29124622595387
                 1784.5     0.3624042958237563   0.003482393248133714     0.3007989475462102     -2.227665164786505
                1784.75     0.3578730738294189    0.00348224504833265     0.5650264471784174     -1.597277276579062
                   1785     0.3528479705591565   0.003482048101151974      1.029078388784355    -0.9977874624161431
                1785.25     0.3346032412248925   0.003481693182901848      3.348030702511501     0.1818192938359459
                 1785.5     0.3654641528072031   0.003481533464094462     0.1851263260533259     -2.713315747498261
                1785.75     0.3231832227577641   0.003481206940618238      2.468352964109083    -0.1231415836814363
                   1786     0.3474575429435049   0.003480892541271122      1.690557606121799    -0.5017245941801545
                1786.25     0.3209837857380821   0.003480551638589432      2.302743502987698    -0.1927797138969862
                 1786.5     0.3549582392190924   0.003480288338754033     0.8196723150944619     -1.225807239436774
                1786.75     0.3419037327876496   0.003479949480997546      2.504722442634461    -0.1088760476439877
                   1787     0.3581875003966215   0.003479756889010314     0.5608554082964207     -1.605401465460315
                1787.25      0.336471787840209   0.003479356318347302      3.251778617479012     0.1519776728236016
                 1787.5     0.3098282229145863   0.003479008470055379      3.120931916461874     0.1108072277614982
                1787.75      0.327157933983869   0.003478734872099811      3.043391421142871    0.08556942642416365
                   1788     0.3571285706832241   0.003478475586487783     0.6436783583293044     -1.468033724699277
                1788.25     0.3449656952843566   0.003478231996413165      2.047657536035656    -0.3108511592835237
                 1788.5     0.3341029778640942   0.003477868271678218      3.432785354187973      0.205719777309897
                1788.75     0.3378403567277417     0.0034774841181158      3.166242625538912     0.1247829195870283
                   1789     0.3118197317221731   0.003477134210968896      2.704345638961021   -0.03300332442660129
                1789.25     0.3477518979363812    0.00347684202336722      1.688541983901128    -0.5040819090345383
                 1789.5     0.3277994965997784   0.003476511000122575      3.166425325142311      0.124560747185431
                1789.75     0.3449167400519843   0.003476167876958895      2.086353781789884    -0.2927233087977045
                   1790     0.3402777637667223   0.003475793316970485      2.854540072866656    0.02066172900325265
                1790.25     0.3344197127590756   0.003475394939329951      3.479469191214647     0.2185161236321432
                 1790.5     0.3221519663747706   0.003475094614206828      2.426585488078886    -0.1419649254024787
                1790.75     0.3458822573097651   0.003474773266165889      1.973352825383315    -0.3488084837760348
                   1791     0.3441648290810073   0.003474445943401494      2.245511077571369    -0.2197035791026878
                1791.25     0.3245823538303922   0.003474083006549131      2.722330134987009   -0.02725300938602287
                 1791.5     0.3019431950568364   0.003473505986801817      7.883568527898132      1.035873363519795
                1791.75      0.337890982967963    0.00347316535855097      3.239033908643486      0.146269742797533
                   1792     0.3736800751405527   0.003473072582478206    0.04640194883628681     -4.099445898658654
                1792.25     0.3448469248489068   0.003472749069921148      2.165773757146361     -0.256347540745659
                 1792.5     0.3481403899469596   0.003472439946188485      1.715700115484932     -0.489393022124098
                1792.75     0.3284520486966156   0.003472058577900031      3.313694277412321     0.1687395796580701
                   1793     0.3586106556163148   0.003471819884044548     0.5350940866224895      -1.65470551738988
                1793.25     0.3723407495924124   0.003471721870542064    0.05710083067044473     -3.892357679028402
                 1793.5     0.3531051119740263   0.003471514351292647      1.052442098049093      -0.97836756885883
                1793.75     0.3617150089425625   0.003471349819231095     0.3525716106891493     -2.072029762679946
                   1794     0.3420347993963984   0.003471059382934466       2.64732615391854   -0.05606177428894857
                1794.25      0.326631069194698   0.003470706708051406      3.075250491373985     0.0936728426106021
                 1794.5     0.3308058774281581   0.003470292214939989      3.562401136270074     0.2406018447740351
                1794.75     0.3250758893825174   0.003469944027367576       2.86600900090203     0.0229871819433636
                   1795     0.3752586685257728   0.003469766140766471    0.03882281888016625     -4.278731644085625
                1795.25     0.3308984945613277   0.003469366383098908       3.60631612196922     0.2525870138179994
                 1795.5     0.3774957602556914   0.003469180394724499    0.03135948012997931     -4.492392043975877
                1795.75     0.3347338632537002   0.003468834260843015      3.566854191707343     0.2414308667389619
                   1796     0.3285951241296577   0.003468438295612998       3.45591217121715     0.2097191195239817
                1796.25     0.3151259623401333    0.00346814006966252      2.282779679163649    -0.2050594462207244
                 1796.5     0.3512127211463558   0.003467919267956258      1.311930031756756    -0.7590176122672033
                1796.75     0.3193524346508635   0.003467580303336132      2.304360800187295    -0.1958113917520287
                   1797     0.3657331990051584   0.003467351445543655     0.1824631790953168     -2.731887605781395
                1797.25     0.3639783044330137   0.003467213897542267      0.248913437496625     -2.421370474877186
                 1797.5     0.3579603516516768   0.003467031439880485     0.5988450872557673      -1.54352534969149
                1797.75     0.3094982925500435   0.003466745434583608      3.269588563307235      0.153808642685318
                   1798     0.3203406463748751   0.003466452937162288      2.380411633138466    -0.1636664607591163
                1798.25     0.3263958945954756   0.003466092072436906      3.154115146905152     0.1176640000691546
                 1798.5     0.3341843120372919   0.003465769838823362      3.637797393898203     0.2602414191747782
                1798.75     0.3392706024987561   0.003465404272367298       3.15265153433822     0.1170014032249429
                   1799      0.338193031827174   0.003465008737016514      3.327151134453261      0.170759825370715
                1799.25     0.3242524774161432    0.00346464429869991      2.830709377599643   0.009065564157002376
                 1799.5     0.3444562856402319   0.003464313448123183      2.293001046648624    -0.2016958171552185
                1799.75     0.3342851730408818   0.003463897199909617      3.691053944742337     0.2742346012863862
                   1800     0.3368925283475307   0.003463494483433977      3.531843543702495     0.2300262792431571
                1800.25      0.325175255351515   0.003463151324756184      3.004156431306517    0.06810401751396473
                 1800.5     0.3437709404992559    0.00346279515996809      2.435916816107555    -0.1416724372626869
                1800.75     0.3242031166632496   0.003462431161092711      2.876006649462995    0.02430199052694009
                   1801     0.3473810380591538   0.003462122454448311      1.887967056566778     -0.396689305564059
                1801.25     0.3508529651389448   0.003461852138144033      1.395931934085992    -0.6987057602019228
                 1801.5     0.3789909760606119   0.003461761550035071    0.02819837407881801     -4.600785132884413
                1801.75     0.3778574177137202   0.003461593861721778    0.03110708100607925     -4.502662415376862
                   1802     0.3939658517197733   0.003461505891554048    0.02372009041928458     -4.773800921183759
                1802.25     0.3357268343270958   0.003461192444621724       3.66088675697095     0.2652468168379506
                 1802.5     0.3591101071397321   0.003460980650999675     0.5217174126730761     -1.683148970085379
                1802.75     0.3462144104442567   0.003460643565563522      2.080453190573042    -0.3000314279792131
                   1803     0.3528044069131342   0.003460421562336889      1.137781727264748    -0.9036008174531707
                1803.25     0.3528443980265067   0.003460123217238109        1.1438341015023    -0.8983816847981486
                 1803.5     0.3496926113268801    0.00345985005062785      1.602691627046913    -0.5611620185389221
                1803.75     0.3315534129037888   0.003459428673581729      3.802649847800613     0.3027298528488325
                   1804     0.3416442120690085   0.003459090747575836       2.87482380831762    0.02292540169968303
                1804.25     0.3360310037037026   0.003458708860221895      3.692389290400219      0.273097358902778
                 1804.5     0.3738154021361377   0.003458491729213564    0.04767065170138582     -4.076678512564286
                1804.75     0.3384908914698427   0.003458124904469847       3.45193653608374     0.2055901439926686
                   1805     0.3228628730710721   0.003457857624689673        2.7199701813738   -0.03280162022646277
                1805.25     0.3194221389901317   0.003457550397335963      2.414309610250909    -0.1520980201763104
                 1805.5     0.3402373572403115   0.003457194808638698      3.193751805076055     0.1275821000218287
                1805.75     0.3298608127899177   0.003456773823145931       3.75473138484088     0.2892807289426393
                   1806     0.3460217681670108   0.003456454351503946      2.163587429528907    -0.2620607506558552
                1806.25     0.3467983095611326   0.003456133440137029      2.061801123391783    -0.3103413575377439
                 1806.5     0.3722770526154465   0.003455919539104939    0.05995654297676225     -3.848118445163683
                1806.75     0.3699713521671519    0.00345570650484156    0.08843097172917481     -3.459577839229215
                   1807       0.32880808866855   0.003455346953123419      3.671665411141147     0.2664964709752085
                1807.25     0.3753244805014346   0.003455183761672764    0.04136827774727368      -4.21943703829908
                 1807.5     0.3758889763313968   0.003454985491539485    0.03939749434994241     -4.268306553358449
                1807.75     0.3797990344868117   0.003454873803498377     0.0282272227323422     -4.601754242197836
                   1808     0.3376461766461488   0.003454532667598964      3.613848500668026     0.2503887051783084
                1808.25     0.3662965620332925   0.003454345357523955     0.1704522307409394     -2.803738982117593
                 1808.5     0.3811783535083811   0.003454218813080426     0.0258839580202569     -4.688607306705296
                1808.75     0.4100389079658859   0.003454072684287565    0.04492552197759645     -4.137266955923498
                   1809     0.3515598843319929   0.003453815842259189        1.3597863935316     -0.727264466527316
                1809.25     0.3589988733311129      0.003453583951863     0.5464144663467334     -1.639036728293052
                 1809.5     0.3631022284862838   0.003453370196581174     0.2992218400084102     -2.241291169498008
                1809.75     0.3645064604948233   0.003453162270784975     0.2391698607122657     -2.465362605186475
                   1810     0.3710441671765465   0.003452964303603181    0.07700759544000166     -3.598689890777849
                1810.25     0.3753420342787387   0.003452771229279414    0.04302210330000585     -4.180935853078479
                 1810.5     0.3448530005350924   0.003452446598416337      2.391455771646535    -0.1630863227674458
                1810.75     0.3512187040299533   0.003452156880069461      1.432728978263779    -0.6754915310546064
                   1811     0.3427648027116012   0.003451854086971463      2.783726202494028   -0.01136985739394565
                1811.25     0.3247837108474818     0.0034514762538015      3.053087443103289    0.08088364278862471
                 1811.5     0.3301031093385146   0.003451216809659897      3.848797903985142     0.3124159827010597
                1811.75     0.3225200025171378   0.003450897909554127      2.750092676276485   -0.02380267903039879
                   1812     0.3465779852049607   0.003450627933452447      2.162811982733656    -0.2641063083565043
                1812.25     0.3439666461169663   0.003450343471366842      2.600486226943888   -0.07989953051270293
                 1812.5     0.3588819127420967   0.003450080434068908     0.5614290565523028     -1.612944065516725
                1812.75     0.3377348175161828   0.003449663164322658      3.661435744696219     0.2620601917857405
                   1813     0.3584394136912172   0.003449412783588712      0.599782966502137     -1.547055154223584
                1813.25     0.3854024697448635   0.003449205598915643    0.02053739747739434     -4.921435595681698
                 1813.5     0.3673663198321223   0.003449015871371092     0.1486504310268006     -2.942140645683032
                1813.75     0.3627947120525503   0.003448860985844196     0.3256599952225679     -2.157929125239299
                   1814     0.3920172070699616   0.003448666310523124    0.02174650606838439      -4.86438634666693
                1814.25      0.368304834240524   0.003448547920373901     0.1286982151662485     -3.086403534275134
                 1814.5     0.3590645891574558   0.003448306047303208     0.5600707525275114     -1.615880801177934
                1814.75     0.3770539641252256   0.003448079665735753    0.03683292144891499     -4.337617523115715
                   1815     0.3587332726939804   0.003447820216041388     0.5894930481289034     -1.564821893402471
                1815.25     0.3626379554813908   0.003447589700624505     0.3439984137578267     -2.103514634830906
                 1815.5      0.360584962208688   0.003447357826516177     0.4685257826851093      -1.79462780758462
                1815.75     0.3701067147578773   0.003447163267039621    0.09603540940456509     -3.379558407602845
                   1816     0.3285649850805775   0.003446786958991836       3.72826665167095     0.2793141504411589
                1816.25     0.3589658802668491   0.003446550040244861     0.5841695667033598     -1.574261993392458
                 1816.5      0.322130114829399   0.003446258832556632      2.731552425751523   -0.03191240342908844
                1816.75     0.3522771865759209   0.003446011087756078      1.304548718632662    -0.7709972242593411
                   1817     0.3318854115145327   0.003445606932661863      3.984925812797441      0.345547010820319
                1817.25     0.3546971891988984   0.003445382644682775     0.9875804410348156     -1.049534106898983
                 1817.5     0.3708328656483032   0.003445166840760037    0.08545421572047811     -3.496873953417016
                1817.75     0.3477659984789087    0.00344484115421617      2.029747394106839    -0.3292826081927466
                   1818     0.3735861347351621   0.003444686111277809    0.05668790829260036     -3.907433314015361
                1818.25     0.3695833208033646    0.00344448567020674      0.107622653410741     -3.266421275434107
                 1818.5     0.3346666711534479   0.003444115956301216       3.95169956554551     0.3367412597829531
                1818.75     0.3776511950160216   0.003443969300803006    0.03634033739906958     -4.352274010267025
                   1819     0.3781055919521303   0.003443777742342415    0.03525357599979306        -4.382691009752
                1819.25     0.3733548217326955   0.003443616941827256    0.06058692310445906     -3.841225595382351
                 1819.5     0.3787205528508786   0.003443425831151319    0.03401169180712683     -4.418655831249156
                1819.75      0.372494631997363   0.003443238492357886    0.06906403617758029     -3.710380444924397
                   1820     0.3690056360801147   0.003443009233065915     0.1212715497285459     -3.147448920616386
                1820.25     0.3465454592925177   0.003442666098701168      2.228714590071586    -0.2364005492551697
                 1820.5     0.3821415671024436   0.003442476216245081    0.02606285320971155     -4.685124935793065
                1820.75     0.3681542722381108   0.003442268285299882     0.1418124517789039     -2.991190968552998
                   1821     0.4071186428801951    0.00344238460808575    0.04092322906167581     -4.233964749602985
                1821.25      0.363188392727023   0.003442179929357953     0.3279927430618788     -2.152730576001992
                 1821.5     0.3738367178592786   0.003441957112816803    0.05982251499089485      -3.85440469769444
                1821.75     0.3524974430700413   0.003441854326504107      1.304601130486561    -0.7721640299530682
                   1822     0.3963490852557177   0.003441720099595921    0.02761481249000234     -4.627503341862091
                1822.25     0.4121683634681017    0.00344160854645154    0.04942853824467546     -4.045360112948276
                 1822.5     0.3425629180102487   0.003441298837342937      2.916583433729518    0.03219009198166606
                1822.75     0.4046112988557268   0.003441131052194239    0.03800927108514614      -4.30819671292595
                   1823     0.4056677945178762   0.003440952692904965    0.04008456217032378     -4.255087374848189
                1823.25      0.367996344065765   0.003440725755778973     0.1491370871869087     -2.941278674561745
                 1823.5     0.3825339460119614   0.003440500153000015    0.02568302172254656     -4.700380036053253
                1823.75       0.35921480600188     0.0034402884723415     0.5867137416761492     -1.571734666660227
                   1824      0.369899649934638    0.00344006109264494     0.1099329629924071     -3.246467047015029
                1824.25     0.3604525619464763   0.003439847754389701     0.5029422563533971     -1.725924452438028
                 1824.5     0.3590992804915792    0.00343961015610066     0.6059693112697845      -1.53963954884037
                1824.75     0.4798008973758704   0.003439988471926498     0.1623235880629786     -2.856767110065042
                   1825     0.4371376617977295   0.003440831738326968    0.09097256315327187     -3.435555846604001
                1825.25     0.4016258574987597   0.003441014314404007    0.03506607656068492     -4.388826560268872
                 1825.5     0.3675567412611017   0.003440808237918027     0.1657798555219125     -2.835459897077367
                1825.75     0.3180968124583314   0.003440939751527926      2.393256947272944     -0.165671956062012
                   1826     0.3106950756314055     0.0034411930162614      3.006005026257379     0.0623584302940877
                1826.25     0.3121108267236175   0.003441353080555402      2.744312369705244   -0.02867647926465152
                 1826.5      0.323630139783739   0.003441356910089636      2.970839190902762    0.05063856155565771
                1826.75     0.3124924134264029   0.003441341432004829      2.700215058696939    -0.0448789836788234
                   1827     0.3105718003952804   0.003441228115716536      3.098824486374822    0.09277950826410455
                1827.25      0.307658022740299   0.003440965804266826      3.924335893874502     0.3288775755158212
                 1827.5     0.3258107572469017    0.00344080361710994      3.359291270458061     0.1733633226178251
                1827.75     0.3087562224983973   0.003440538711974079      3.605338381662143     0.2439719408884909
                   1828     0.3155131911610456    0.00344035306889704      2.431448647678994    -0.1500104179657211
                1828.25     0.3229835975689228   0.003440123042455021      2.929315151020709    0.03620414633178359
                 1828.5     0.3130195758669181   0.003439803510333476      2.702668610461288   -0.04441774162481874
                1828.75     0.3053631625179538   0.003439387428528235       5.02479202454715     0.5756056959403104
                   1829     0.3391770665800877    0.00343900087989121       3.54987143167427     0.2280206222838649
                1829.25     0.3521921085181678   0.003438735804547363      1.368723871178837    -0.7250890214108625
                 1829.5     0.3255812355220502   0.003438399947505125      3.362804211120749     0.1737096927586345
                1829.75     0.3108451700863933   0.003438032090854447      3.161293311102497     0.1118087091897721
                   1830     0.3360511257307275   0.003437616279157935      3.927345434666872     0.3286702733972244
                1830.25     0.3246058280062245   0.003437229066218485      3.224361110255483     0.1313287166368766
                 1830.5     0.3065921711883897   0.003436870516016386      4.458727688812521     0.4553530259532341
                1830.75     0.2991888329588849   0.003436377184320715      12.00009191645399      1.445260330385109
                   1831     0.2934328239422964   0.003435572726590113      27.11085819417815      2.260046211993293
                1831.25     0.2883371171129588   0.003434494658571949       45.3531141206091        2.7742768908134
                 1831.5     0.2843818932318694   0.003433382067429792      55.74112186895974      2.980192198110613
                1831.75     0.3029943572358207   0.003432919348214152      6.920079103306576     0.8937664703605561
                   1832     0.3126250283191503   0.003432712152103708      2.770801783677881   -0.02158435689086873
                1832.25     0.3429041265016986   0.003432362576868788      2.835700211041214    0.00146596526650527
                 1832.5     0.3410044059933388   0.003432068723054803       3.22506272034266     0.1300438524275936
                1832.75     0.3064175475847175   0.003431657782142506      4.504239857310363     0.4639908551081836
                   1833     0.3210687970995587   0.003431335027131998      2.697601318975198   -0.04875936746612056
                1833.25     0.3366401069256228   0.003430925178884859      3.851464676122535     0.3072117161445381
                 1833.5     0.3388245686064944   0.003430665439668397      3.638778299831308     0.2503304900679251
                1833.75     0.3062910372537245   0.003430220105436518      4.592432174975167     0.4829624477237012
                   1834     0.3235708053881499   0.003429851009828801      3.028834225617588    0.06662287290978389
                1834.25     0.3206646797093535   0.003429488164083016       2.69677760536974   -0.04960314392734003
                 1834.5     0.3294583882814794   0.003429089640620771      3.908567246015628     0.3213939372278838
                1834.75     0.3182450601199348   0.003428756469817414      2.513394100060998    -0.1202400304223698
                   1835     0.3187939607588463   0.003428408385133056      2.568835325906292     -0.098523009990385
                1835.25     0.3346928053319812   0.003427984886392294      4.010703172400408     0.3468674210897299
                 1835.5     0.3171510285822307   0.003427635606803109      2.497684748720669    -0.1268368531384652
                1835.75     0.3206740176398525   0.003427267894480464      2.767028276740661   -0.02453441983857888
                   1836      0.347417282637478   0.003426949754144671      2.107543868413897    -0.2968779443432759
                1836.25     0.3041099399922026   0.003426572977041746      5.930933563761517     0.7376705095001641
                 1836.5     0.2985803172610532    0.00342596267381445      13.06345793231756      1.527129615010252
                1836.75     0.3029263776888295   0.003425582934979687      7.043257198224564     0.9092706391746825
                   1837     0.2844350005718532   0.003424573132550622      54.88438341114372      2.962133932570304
                1837.25     0.2924444531341058   0.003423476431636398      30.39984954389874      2.371022443027646
                 1837.5     0.2515025078750081   0.003423439308526276     0.2777304608090619     -2.324530260964299
                1837.75     0.2758788449556847   0.003422521713062687      53.05346293805286      2.927606010748276
                   1838     0.2844676694178627     0.0034214031635888      54.99073457924013      2.963143706103921
                1838.25     0.2698032983135632   0.003420321537860044      32.18312598155018      2.427105089503183
                 1838.5     0.2821271592870088    0.00341928482421034      58.57635410364837      3.025690763613986
                1838.75     0.2645087960719527   0.003418477833095181      14.84284114889538      1.652641294027413
                   1839     0.2930103949329692   0.003417348133520798      28.38951295278173      2.300812914063898
                1839.25     0.2758219069452513   0.003416227672149024      52.96645030203474      2.924123870981854
                 1839.5     0.2771983673926596    0.00341514302215974      56.58184073300109      2.989835719919558
                1839.75     0.2764094363894412   0.003414028342143105      54.96174020448304         2.960458485176
                   1840     0.2649681124921235   0.003413169012592673      16.16100501759891      1.736170680360034
                1840.25     0.2748567709743296   0.003412018385991051      50.54961463390878      2.876187588789712
                 1840.5     0.2921075086189554    0.00341081954249805      31.53214535511372       2.40388835899051
                1840.75     0.2820278467035403    0.00340975781248224      58.87026371503035      3.027905617262819
                   1841     0.3177983997302939   0.003409460090003603      2.506536865041777    -0.1286157386524457
                1841.25     0.3148837797370248   0.003409132277775539      2.520141887488586    -0.1232987520088687
                 1841.5     0.2949743843159209   0.003408111240618797      21.94331641214563      2.040549099716593
                1841.75     0.2843360663861528    0.00340698609649782      55.43488722391248      2.966965435220343
                   1842     0.2856774106515654   0.003405805202475082      52.70362316757109      2.916093840710379
                1842.25     0.2982145082910214   0.003405013586405659      13.80594698329294       1.57627661845585
                 1842.5     0.2819514409655647   0.003403944746734582       59.3851036062606      3.034906641169028
                1842.75     0.2665382385288814   0.003402982984630375      20.88553611260811      1.989637511336903
                   1843     0.2906967385743702   0.003401761911640111      37.04490863009161       2.56235267868765
                1843.25       0.30659224121052   0.003401352078629494      4.413275880799342     0.4347185151430317
                 1843.5     0.2710281646914521   0.003400135431400107      36.52388710380558      2.547709999904244
                1843.75     0.3008506542592554   0.003399516412930343      9.411239816668479      1.191466138733996
                   1844     0.2971900491468498    0.00339868509191404      16.12563959528443      1.729727394441875
                1844.25      0.297047457167483   0.003397816832443333      16.54478482762898      1.755132301861062
                 1844.5     0.3030895522539068   0.003397294314561486      6.915965106237345     0.8827400959944618
                1844.75     0.2988053775599752   0.003396585929801452      12.95238791699038      1.509979203700424
                   1845     0.2859199029341023    0.00339543906453107      52.25331664623688      2.904464693350672
                1845.25     0.3007996196471462    0.00339484347663618      9.733812577423286      1.223791561240094
                 1845.5      0.280524104782238   0.003393853769144624      60.21214915830678      3.045768474565672
                1845.75     0.2860052669176201   0.003392707043313858      52.26890545318442      2.903958041413262
                   1846     0.2681872658350745   0.003391625574523084      26.36127843704278      2.219133783130128
                1846.25     0.2704173653359958   0.003390433545427378      34.35075152637128      2.483509948223155
                 1846.5     0.2993886888577777   0.003389746155536616      11.93103980174224      1.425826677673273
                1846.75     0.2915543896642506    0.00338855965749437      34.10196686124201      2.475688261726943
                   1847     0.2898811447998596   0.003387336419207655      40.53367101199746       2.64810515579975
                1847.25     0.3043845453246186   0.003386859498260343      5.881191938151831     0.7175907908369088
                 1847.5     0.2959963900252335   0.003385972142798354      19.49097331384097      1.915520756493937
                1847.75     0.2739709785374216   0.003384779312028296      47.36974491823945       2.80320068899977
                   1848     0.2758518318480749      0.003383657171469      53.58250067586445      2.926107911362386
                1848.25     0.2887019418560882   0.003382439682507546      44.66087002047948      2.743623224457012
                 1848.5     0.2818447165395825   0.003381397504552846      59.56592812837294      3.031301070407519
                1848.75     0.2831836055331665    0.00338034610980245      58.17156849668955      3.007303073750726
                   1849     0.2878893000909628   0.003379146302416848      47.61419495208041      2.806682282978465
                1849.25     0.2820428443130057   0.003378110724140954      59.77894286206004      3.033898317333776
                 1849.5     0.2807301748412788   0.003377096208296907      60.76119081987486      3.049895755135118
                1849.75     0.2961982722795565   0.003376188108621492      18.83282496311928      1.878276899146454
                   1850     0.2820015788806929   0.003375173013013183      60.17836290206341      3.039687702177292
                1850.25     0.2695799102053367   0.003374040011367182      31.16864680470259      2.381451770811487
                 1850.5     0.2984601083280052   0.003373298572984596       13.7214090714672      1.560776638288496
                1850.75     0.2723426587168785   0.003372114549525219      41.47853297915626      2.666644274726037
                   1851     0.2630425039986376   0.003371469713091174      10.85169827657685      1.325598605437464
                1851.25     0.2776795258937056   0.003370429896178196      58.49374057474108      3.009888300225996
                 1851.5     0.2666138816385858   0.003369495263204654      21.21431695077399      1.995367489806085
                1851.75     0.2985160067812319   0.003368790641866801      13.61989006714323      1.552013297814042
                   1852     0.2830946476409695   0.003367752500807376      58.83327610915335      3.014881471802559
                1852.25     0.2781764450342247   0.003366735460370544      59.43720257358257      3.024792153592566
                 1852.5     0.2595855475117483   0.003366394976599325      4.460689112394623     0.4350739440801614
                1852.75     0.2709575668402903   0.003365246044346706      36.35915120696347      2.532875252569468
                   1853     0.3161572305888122    0.00336494457565225      2.380152705018066    -0.1934956118976272
                1853.25     0.3065718747808398   0.003364657591979832      4.415823684730577     0.4244488324806467
                 1853.5     0.3050989635712158   0.003364250322237489      5.298139408817608     0.6064891039815139
                1853.75     0.2928318219105175   0.003363178866766033      29.36593494245775      2.318650193722272
                   1854     0.2895533824692794   0.003361999825040096      41.76190491310222      2.670448789790575
                1854.25     0.2545964503328855   0.003361760857469157     0.8104766591615046     -1.271739586295014
                 1854.5     0.3043090031659987   0.003361324123026199      5.911167930958971     0.7151066604991139
                1854.75     0.3108889690398585   0.003360982916778501      3.049411017975047    0.05311017763678603
                   1855     0.3300133735199534   0.003360751451199004      3.718972438841436     0.2515402477452646
                1855.25     0.3144864956699081   0.003360568810475417      2.479867158055482    -0.1537565095032925
                 1855.5     0.3272445530372571   0.003360291427389333      3.453430171217533     0.1773239427597438
                1855.75     0.3399313074923313   0.003360010019870963      3.274891617895676     0.1241569794177635
                   1856     0.3061748857208794    0.00335969749925749      4.717136084465977     0.4889810421919986
                1856.25     0.3290892967121021    0.00335941799334217      3.693975351528646      0.244399200464973
                 1856.5      0.327301467932868   0.003359123154723385      3.502868857119659     0.1911905288461077
                1856.75      0.304447776209834   0.003358674174875524      5.877858126269409     0.7086669851784749
                   1857     0.3141826053784537   0.003358358029321384      2.588515418571659    -0.1115350647346658
                1857.25     0.2995357048175838   0.003357698200335611      12.09680544735186      1.430125333495791
                 1857.5     0.3111946157078728   0.003357419609599749      3.205499058269974     0.1019687448339135
                1857.75     0.3128957074277053   0.003357093145702792      2.832011224204838   -0.02200914792969476
                   1858     0.3094364665790731   0.003356713998279708      3.748727157689873     0.2583071250654742
                1858.25     0.3207014455258413   0.003356375721259907      2.693586760697351   -0.07233634024616035
                 1858.5     0.2716953957789282   0.003355223625245845      39.67797482389013      2.617242914508188
                1858.75      0.275713392780203   0.003354249333800941      54.24877611074603      2.929736680445862
                   1859      0.286875180491205   0.003353180718839668      51.23729250446848       2.87230524840398
                1859.25      0.304902701886561   0.003352736422643529      5.793807313977283     0.6924947462213609
                 1859.5      0.265605538374767   0.003351990567565852      18.28143563814787      1.841368716165155
                1859.75     0.2749129203379528   0.003350973245348519      51.71123364372938      2.880854116308728
                   1860     0.2839433697585679   0.003349946472464492      58.14964051009211      2.997892312747792
                1860.25     0.2875787545572874   0.003348818756451493      49.34163691642478      2.833304209022272
                 1860.5     0.2781618926614937   0.003347857135151029      60.26750231421133      3.033041753619893
                1860.75     0.2754390333291843   0.003346773289797365      53.68298288664012      2.917020992217052
                   1861     0.2832654506045965   0.003345791120296563      59.59483034494585       3.02120025363223
                1861.25     0.2995291751534312   0.003345147981536091       11.9322717416707       1.41268582138531
                 1861.5     0.2776799956700147   0.003344139174740963      59.79050074574089      3.023984360105323
                1861.75     0.3182269796595981   0.003343882265424632      2.493935703468945    -0.1530771980900082
                   1862      0.259694330284379   0.003343552586179157      4.610861927912485     0.4613769475576806
                1862.25     0.2822071539197185    0.00334259034083494      61.23092319263171      3.047326648959971
                 1862.5     0.2937842969675852   0.003341579095114153       26.3295314242683      2.203062903887659
                1862.75     0.2948776496421383   0.003340633863566587      22.86559816579914      2.061722334597845
                   1863      0.264961667768654   0.003339844965565299      16.13716685558353      1.712977748835225
                1863.25     0.2964225866388444   0.003338992107200446      18.61611549647833      1.855624875844629
                 1863.5     0.2828569116578948   0.003338014130379964      60.40778899375802       3.03242236047041
                1863.75     0.2944861833381019    0.00333703419000571        24.226480697491      2.118456972635871
                   1864     0.2824845616389533   0.003336063363301577      61.08649563531097      3.043010547737111
                1864.25     0.2822991163983193   0.003335089250034978      61.52758916297989      3.049913367710285
                 1864.5     0.2681607634446497   0.003334101956932109      26.38704310909235      2.203004711752335
                1864.75     0.2793001888789428   0.003333166356279321      62.54071111030875      3.065668680983262
                   1865     0.2447487628169668   0.003332991727684388    0.01319293859122493     -5.398274981784636
                1865.25     0.2779282738008243   0.003332033624877581      61.49217414426971      3.048420981357777
                 1865.5     0.2860752444995073   0.003330953050407371      54.47516364544037      2.926931597816259
                1865.75     0.2757164760747206   0.003329895304258969      55.55462423100703      2.946235869014565
                   1866     0.2999237711271871   0.003329273456477925      11.53413991879543      1.373993673630749
                1866.25     0.2763577117666169   0.003328257023059872      57.85572230961243      2.986329364115373
                 1866.5     0.2814535728814084   0.003327324262046939      63.66590837457026      3.081745933618225
                1866.75     0.2714168475386549   0.003326195863761636      38.92211146702476      2.589320023607238
                   1867     0.2909794841498386   0.003325128479497823      37.15553090950739      2.542549202940553
                1867.25     0.2973530957189602   0.003324370706749337      16.58997584966442      1.736007292127866
                 1867.5     0.3142865908061407   0.003324078685767228      2.569045894206043    -0.1293446201127114
                1867.75     0.2961582395815391   0.003323273118983349      19.60369917308909      1.902596706805318
                   1868     0.2964293056278664   0.003322434038407144      18.99837024462303      1.870979105872065
                1868.25     0.2951656520197018   0.003321532822861609      22.56056906655188      2.042558269481977
                 1868.5     0.3181399380681992   0.003321255418290318      2.477105689642704    -0.1666380839297958
                1868.75     0.3153000875496998   0.003321073374396604      2.498835992335056    -0.1579586948256663
                   1869     0.3263069651839053   0.003320865895856685      3.321751133737066      0.126645903299621
                1869.25     0.3325074169336678   0.003320591818522693       3.80138854265225     0.2614376801577066
                 1869.5      0.306958526295417    0.00332030362185171      4.533787912967281     0.4375422536531658
                1869.75     0.3358259892640918   0.003319977960587326      3.700839486859883     0.2344460753598248
                   1870     0.3330929084906993    0.00331976650923341      3.834724579624575      0.269920315158083
                1870.25     0.3428750506498248   0.003319583275869469      2.700965224619768    -0.0806232959652263
                 1870.5     0.3310112486189041   0.003319304852852747      3.859987283551932      0.276347516964203
                1870.75     0.3149660089541103   0.003319032577787557      2.540519058147973     -0.142029989437223
                   1871     0.3107573994904172   0.003318695801363293       3.31129414766755     0.1228392175549981
                1871.25     0.3235793201503447   0.003318368339146741      2.964883988602183    0.01223935132047453
                 1871.5     0.3197989838409487    0.00331805043417493      2.622533727726888    -0.1105534374866813
                1871.75     0.3422040804598099   0.003317752954772347      2.854257768001626   -0.02597218536784479
                   1872     0.3184578258608437   0.003317448802268841      2.559649367834966    -0.1350054135224712
                1872.25     0.3167223147199255   0.003317131125650887      2.527559475031203    -0.1477172580367042
                 1872.5     0.3255732744531524   0.003316797652241137      3.288991282055882     0.1155089200026454
                1872.75      0.353402749143249   0.003316585227979204      1.082600235275132     -0.995770270896976
                   1873     0.3292413727035604   0.003316309494533175      3.802744950500153     0.2605039765422822
                1873.25     0.3640481984742873   0.003316332838622495     0.2682808605060024     -2.390933005923148
                 1873.5     0.3412693469415627   0.003316044763614189       3.05743570830832    0.04227754585979272
                1873.75      0.352033616976562   0.003315795677796371      1.278866954527171    -0.8293996389775771
                   1874     0.3444086776547429   0.003315519484691653      2.473784420183534    -0.1697083007564358
                1874.25     0.3192001829829754   0.003315210049316971      2.640443910300129    -0.1046037156370674
                 1874.5       0.32267581132575   0.003314888796850677      2.941612562794389   0.003310247936686239
                1874.75     0.3135685841306914   0.003314562552449684      2.767349593548845   -0.05785605982370278
                   1875     0.2807314977429645   0.003313740220447452      64.13583088584527      3.085008967919725
                1875.25     0.2511386251576857   0.003313920855203301     0.2068958471311992     -2.651479480956555
                 1875.5     0.2589820287114173   0.003313823490060451         3.700571517223     0.2325181760965185
                1875.75     0.2658587496700698   0.003313184338252631      18.85814436494438      1.860782893613363
                   1876     0.2874813968052222   0.003312285981213104       50.1481975923484      2.838549401785352
                1876.25     0.2625175124027623   0.003311825757710875      9.756288939705204       1.20133997085869
                 1876.5     0.2882583163560526   0.003310867683685691      47.71542351483075      2.788393233454207
                1876.75      0.299681801951637    0.00331032161115538      12.20475936022877      1.424799583894976
                   1877     0.2626994101553623   0.003309896770975678      10.22561245165391      1.247740848068936
                1877.25     0.2711105289869998   0.003308931930047865      37.60349955252028      2.549650825418299
                 1877.5     0.2739969340585145   0.003307878176708075      49.35611668023149      2.821296901274002
                1877.75     0.2733021698037228   0.003306794669245907      46.72645336172435      2.766218048354905
                   1878      0.270389926037683   0.003305744110876764      35.27264847439253      2.484697676398854
                1878.25     0.2955680294895187    0.00330490988410661      21.36996579684845      1.983323923781655
                 1878.5     0.2835862464584578   0.003303941257160797      60.32982069962866       3.02087084522104
                1878.75     0.3000477748058123   0.003303334973335251      11.59062108768637      1.371057048872358
                   1879     0.2738819844868619   0.003302265099840807      49.14933950842016      2.815400283698877
                1879.25     0.2869037319877753   0.003301231251248517      52.06292815578111      2.872676897673628
                 1879.5     0.2948828883118561   0.003300351651199847      23.38625235535985      2.072105615873292
                1879.75     0.2560957009676675    0.00330009376720635      1.391874739452777    -0.7494692972129987
                   1880     0.2997418316924609   0.003299513218552723      12.20219952417869       1.42131942099394
                1880.25     0.2656541514248533   0.003298740626301133        18.433749305301      1.833652201712301
                 1880.5     0.2753537899899545   0.003297706696240234       54.6261278772272      2.919667835772043
                1880.75     0.3011417811910259   0.003297172104309958      9.956218471438198      1.217190739539224
                   1881     0.3175821441054358    0.00329690337185877      2.545927131381309    -0.1465932167616786
                1881.25     0.2840645105663712   0.003295965016131746      59.41164484942218      3.003117494919641
                 1881.5     0.3075656243924566   0.003295607311162147      4.264359197440142     0.3688106353591632
                1881.75     0.2906111802161695   0.003294537249476651       38.9037233976298      2.579283929654168
                   1882     0.2991818745470449   0.003293881303935265      13.29847820641191      1.505644453771335
                1882.25     0.2958682276668904   0.003293033738135375      20.78535771066456       1.95198627992287
                 1882.5     0.2830070978222248    0.00329212117926168      61.54666120000291      3.037255946768172
                1882.75     0.2665388667900472   0.003291294771537966      21.30846328407671      1.976313614591447
                   1883     0.2785157481492563   0.003290409794128327      62.62673756005385      3.054132667571859
                1883.25     0.3242202798771293   0.003290097130878374      3.063241911416341    0.03631913930058871
                 1883.5      0.298828945377019   0.003289433655613769      14.03088070186219      1.557904322290864
                1883.75     0.2925700589122246   0.003288425278792617      31.41164872885102      2.363515862848204
                   1884     0.2703257973334806   0.003287380910082136       34.9987075091873      2.471330552851632
                1884.25      0.307512126751484   0.003287038751191892      4.274544827131805     0.3685929559502856
                 1884.5     0.2826815534040225   0.003286130697088627      62.05453041263527      3.043652562591671
                1884.75     0.2741500524724413   0.003285093153023591      50.14179060325215      2.830178061358409
                   1885     0.2810327217803167    0.00328425815440482       63.8301736010073      3.071295065825948
                1885.25     0.2818433810366374   0.003283415488051163      63.36912092398707      3.063789127642532
                 1885.5     0.3055291627705665   0.003283028500440743      5.284586789889503     0.5794889990899387
                1885.75     0.2870519395390752   0.003281982507782575       51.8839219551739      2.863384864745467
                   1886     0.3013276533923325   0.003281443194716083      9.765402391543912      1.193057343600562
                1886.25     0.2691924867709282   0.003280463415481097      30.68599795665264      2.337719404133341
                 1886.5      0.281311053763038   0.003279601427457489      64.02881348885236      3.072983340377209
                1886.75     0.2846841807896369   0.003278642559624872      58.70751497269071      2.985925473561999
                   1887     0.2799546235485776   0.003277812980807858      64.54300585964774      3.080436433566327
                1887.25     0.2858297618068971   0.003276821258817131      55.93901461711948      2.937064145276022
                 1887.5       0.28370538148651   0.003275905954318309      61.22399343975835      3.027061869037208
                1887.75     0.2722511721579451   0.003274853574916035      42.42264408055286      2.659883684896775
                   1888     0.2717722259466626   0.003273797590088259      40.64504157961425      2.616755752375143
                1888.25     0.2561100519825449   0.003273553955461383      1.329161727418663    -0.8036470567749022
                 1888.5     0.2758656763175258   0.003272576447641505      56.58810906177792      2.947304703618232
                1888.75     0.2850679796417031   0.003271600682917377      58.13709585949147      2.974011562261117
                   1889     0.2736591924245654   0.003270559199881479      48.43699915602994       2.79115319505775
                1889.25     0.3035519095863706   0.003270113269969264      6.874733968534867     0.8386058193370329
                 1889.5     0.2754319855558273   0.003269135362351516      55.29318166573029        2.9231033870803
                1889.75     0.2829281304184691   0.003268237586479758      62.60556255218001      3.047033256631105
                   1890     0.2828075106920788    0.00326733112540527      62.99879353376352      3.053017306586376
                1890.25     0.2740199478390032    0.00326629000171461      50.07419761500454      2.823088891097088
                 1890.5     0.2906296318782525   0.003265270081661063      38.64983744195742       2.56381329727073
                1890.75     0.2593917249871481    0.00326492494751504      3.973758695614509     0.2888774455655856
                   1891     0.2805700516069789   0.003264077177545547      65.09141133305131        3.0846979406221
                1891.25     0.2920309491000027   0.003263081055773787      33.09412128308511      2.407955768621393
                 1891.5     0.2814551199339205   0.003262217555929887      64.83082053472513      3.080116560401599
                1891.75     0.2534474602538436   0.003262003600769151     0.4889536182022073     -1.807217787681305
                   1892     0.2860970077356741   0.003261032181194641       55.6267175942352      2.926635631947087
                1892.25     0.2796008625436051   0.003260166470998659      65.18806966159254       3.08498297891291
                 1892.5     0.2908857262758409   0.003259157721119673      37.89247699561554      2.542149639044078
                1892.75     0.2895285788975282   0.003258136354598438      43.65013726117208      2.683290036986095
                   1893     0.3124388241709954   0.003257926689465491      2.812617378896276    -0.0588652418183599
                1893.25     0.3187167908090895   0.003257775949088287      2.490839018858298    -0.1804074039882236
                 1893.5     0.3347957981343691   0.003257608836923575      3.578918996457351     0.1819824877333226
                1893.75     0.3193481635663163   0.003257717165144375      2.541954124680154     -0.160111931765472
                   1894     0.3499415769401084    0.00325766542347782      1.497323821704821     -0.689381544546428
                1894.25     0.3177408976613846   0.003257467660044067      2.474090980303892    -0.1872486014310382
                 1894.5     0.2797162663345625   0.003256650304883204      65.34979124296984      3.086381647479598
                1894.75     0.2768144579514715   0.003255822345259497        60.287278121471      3.005494238008132
                   1895     0.2776975053737044   0.003254966570200604      62.80771378397062      3.046188150777467
                1895.25     0.3000527377254721   0.003254415702366153      11.46691531318068      1.345406960165989
                 1895.5     0.2551332181657125   0.003254259595769078     0.9227140127735806     -1.174542906183201
                1895.75     0.2550219845437188   0.003254115416449325     0.8923351694985108     -1.208064740577274
                   1896     0.2596237706020275   0.003253785382841465      4.241170603548326     0.3505866172052703
                1896.25     0.2650733383512583   0.003253168929873059      16.07352046783466      1.682731051766683
                 1896.5     0.2586950297169407   0.003252861753326087      3.223875401872505     0.0760475737901682
                1896.75     0.2745558064110895   0.003251895107896166      52.48125020092827      2.865622151874557
                   1897       0.27017518155505   0.003250908847975672      34.40147639793011      2.442962333357309
                1897.25     0.2871418654335594   0.003249910279095049      52.36992352882467      2.862888086184399
                 1897.5     0.2834838001056443   0.003249012660568107      62.44118327590018        3.0385044480878
                1897.75      0.300303094006675   0.003248488223808537      11.02681987133648      1.304448450196228
                   1898      0.273544581629812   0.003247500879186653      48.41227477508081      2.783567381489283
                1898.25      0.282643970373563   0.003246652143333812      63.99166599767271       3.06230546033998
                 1898.5     0.2965192419349159   0.003245910719141978      18.53261738160243      1.822856493757255
                1898.75      0.252433733589602   0.003245741697623517      0.342015308395956     -2.169627642621657
                   1899      0.265753988685253   0.003245018448144835      18.24872494808637      1.807144495543295
                1899.25     0.2842244957900795   0.003244100477484867      61.00749135497254       3.01376302341038
                 1899.5     0.2806569542271128   0.003243284302123988      66.06453307607967      3.093146776651511
                1899.75     0.3008045582811251   0.003242769187403945      10.25937702334472      1.230548019739491
                   1900     0.2686040946566559   0.003241882746625948      28.26595338011572      2.243740523864458
                1900.25     0.2795006166315113   0.003241042890660415      65.92700001385113      3.090371475914868
                 1900.5     0.2993963991140717   0.003240546450580378      12.60623772779109      1.435861970962999
                1900.75     0.2810419268599555   0.003239742822625861      66.24414441134435       3.09476927421259
                   1901      0.283899782539225   0.003238850757966217      62.14847586485674      3.030673105287871
                1901.25      0.291384636031162   0.003237875824816758      35.76302802963793      2.477760376913644
                 1901.5     0.2795623194239178   0.003237043095404132       66.3309797000975      3.095245590327504
                1901.75     0.2837279328934789   0.003236159262551953      62.79147497339125      3.040134777857593
                   1902     0.2985260824361997   0.003235528323835622       14.1602079947726      1.550556255189306
                1902.25     0.2932965606461283   0.003234655314220979      28.30476819870195      2.242880899967816
                 1902.5     0.2869959232616928   0.003233714180398731      53.61506414747603      2.881389702350168
                1902.75     0.2883736042499626   0.003232719216383771      48.68054440178749      2.784531345630807
                   1903     0.2879876735843566   0.003231720711100062      50.35517866359381      2.818044439029863
                1903.25     0.3125487616314276   0.003231469297647857      2.736155239072365   -0.09458108913122128
                 1903.5     0.2667933348655067   0.003230714428697258       21.5056909228062       1.96694914089956
                1903.75     0.2720965620978392   0.003229729512799941      41.86969164503881       2.63288885556016
                   1904     0.2691802068079854   0.003228838512002097      30.31320802727677      2.309634253358961
                1904.25     0.2829159042528225   0.003227983178013814      64.44479342897698      3.063594729164235
                 1904.5     0.2768909540535289   0.003227081845030321      60.97720053214061      3.008006556437584
                1904.75      0.267735273455847   0.003226264576392338      24.99452630703756      2.115910091853376
                   1905     0.2687770321157708   0.003225396102224172      28.94743235703454      2.262465521431321
                1905.25      0.268064141692314   0.003224541199492848      26.42330287867336      2.170965230592866
                 1905.5     0.3055534356195127   0.003224182052092956      5.102134302807477     0.5262664823302726
                1905.75     0.3235732469234557   0.003223971449344915      2.791129976475433   -0.07701125915325283
                   1906     0.3289428522376331   0.003223837105838157      3.422273258786214     0.1268055722726299
                1906.25     0.3242520611349193   0.003223665057199862      2.889938789055095   -0.04231750098166146
                 1906.5     0.3209578172872399   0.003223607957319243      2.615703584322988    -0.1420374170720886
                1906.75     0.3759825476465788   0.003223659529581828    0.03810674550245789      -4.37091850253718
                   1907     0.3518559211985683   0.003224012928092042      1.188408085731401    -0.9308302483706843
                1907.25     0.3196677251354516    0.00322380939678672       2.54023672923684     -0.171250771456808
                 1907.5     0.3435951160799918   0.003223585185248616      2.369353019628306    -0.2409606693028228
                1907.75     0.3119047365791049   0.003223296636612696      2.865162395226539   -0.05104208439117938
                   1908     0.3144565288922959   0.003223005521225905      2.496157346114458    -0.1890049476934475
                1908.25     0.3417733175021656   0.003222751606652749      2.699636459433685    -0.1107191012582933
                 1908.5      0.320136843346861   0.003222486387208989        2.5902622682628    -0.1521593874351429
                1908.75     0.3336905552412696   0.003222163020901934      3.518348225367494     0.1539727535521436
                   1909     0.3335442346676989   0.003221862644898994       3.54625767263604     0.1617807727662622
                1909.25     0.3191486387355757   0.003221604422707002      2.540576758343725    -0.1718011225731713
                 1909.5     0.3101450226415217   0.003221300023212531      3.301911852749381    0.09021491060239968
                1909.75     0.3041215139194623   0.003220917502828004      6.232127269651273     0.7253122366301584
                   1910     0.3447202995431821   0.003220645628613128       2.21767872139019    -0.3080288783406748
                1910.25     0.3378278717553924   0.003220354941859667      3.316311886811022     0.0942731204280718
                 1910.5     0.3179835723696161   0.003220085934634761       2.48989675911411    -0.1924224570358058
                1910.75     0.2942108587499218   0.003219279352700771       25.1602452577241       2.12035095928184
                   1911     0.3159005673343285   0.003219025492668583       2.46208442074521    -0.2039847630292107
                1911.25     0.3381292685507868   0.003218738502040461      3.300580438224858    0.08901610519398316
                 1911.5     0.3300688935704903   0.003218504587112453      3.552143648876716     0.1623963523183289
                1911.75     0.3412693700494353   0.003218274190514666      2.848821292539703   -0.05832117406085203
                   1912     0.3624492309571927   0.003218228563972815     0.3109779184090931     -2.273274049884187
                1912.25      0.340348495043714   0.003218025944484682      3.026453779832932   0.002087923825784915
                 1912.5     0.3658526005147656   0.003217925699061906     0.1818011170414352     -2.810176745202914
                1912.75     0.3658958385809951   0.003217800424407374     0.1818609215193464      -2.80988677480247
                   1913      0.315154526172401   0.003217551598027155      2.504450277606179    -0.1873817939854855
                1913.25     0.2783006005362094   0.003216996909226922      64.58238471877995      3.062318227301375
                 1913.5     0.2747220061660574    0.00321626993272248      53.28846564859651      2.869870434085511
                1913.75     0.2742901524729692   0.003215714836977771      51.69099744368091      2.839261561535392
                   1914     0.2956663001241312   0.003215193983947155       20.7309104768649      1.925441787817372
                1914.25      0.279352523806537   0.003214535056445676      66.31211233485065      3.087983549161024
                 1914.5     0.2823294546819083   0.003213876407220085      65.41374451594096      3.074138457822688
                1914.75     0.2553956475713227   0.003213727936738863      0.992729639717796     -1.113937055273491
                   1915     0.2828606488602559   0.003213066143292799      64.73886016116539      3.063515556580358
                1915.25     0.2647597192494502   0.003212523530988091      15.18010185365047      1.612970505262679
                 1915.5     0.2881486157209419   0.003211681199873939      49.32568598248059      2.791167746104216
                1915.75     0.3082876502229989   0.003211444337836505      3.839581047938741      0.238012292550423
                   1916     0.2649708141874967   0.003210874150240222      15.87373010367636      1.657137017701669
                1916.25     0.2762310426254324   0.003210019264277715      59.38036596364045      2.976168819427671
                 1916.5     0.2965561566003272   0.003209357375523064      18.40381905607157      1.804557171607652
                1916.75      0.292787109804761   0.003208517162584012       30.2436083946399      2.301022005280656
                   1917     0.2909045274283989   0.003207583246158401       38.0178668184878      2.529502248002539
                1917.25     0.3083011830165553   0.003207345449411054      3.831791994483698     0.2347044582409406
                 1917.5      0.307240281655026   0.003207067708866027      4.243516579988515     0.3366775894691716
                1917.75     0.2949981104130057   0.003206308498087852      22.91306250267106       2.02275568626273
                   1918     0.3044374423060181   0.003205927237508645      5.936957095719914     0.6721263354509529
                1918.25     0.2876486326392368   0.003205005175571725      51.42275900992727      2.830722810545925
                 1918.5     0.2874522131835615   0.003204056112254775      52.31413061499276      2.847612309237113
                1918.75     0.2791884891017318   0.003203265833295664       66.4446529822774      3.086468425994208
                   1919     0.2660371496693844   0.003202575154257177      19.21032877393564      1.845331561822804
                1919.25     0.2740238050704036    0.00320166273658555      50.51654688753786      2.811899472367479
                 1919.5      0.269272690991458   0.003200788430977911      30.92826149193592      2.320995790004978
                1919.75     0.2965663499776391   0.003200124455723749      18.64314253721326      1.814596336138199
                   1920     0.3000993799984299   0.003199614909785957      11.51621285533433      1.332714566470148
                1920.25     0.2889455338327099   0.003198678415039509      46.50900814974454       2.72831199525656
                 1920.5     0.3066277950699989   0.003198340806651005      4.541497489572833     0.4018172271780299
                1920.75     0.2908601890769152    0.00319740538391279      38.63468277616156      2.542418302526155
                   1921     0.3183535523900269   0.003197153871960717      2.477948316837597    -0.2043798262108571
                1921.25     0.2828929352716862   0.003196352804540117      64.79019261612517      3.059092903179762
                 1921.5     0.2708422052068112   0.003195427379889221      37.13034145068299      2.502083556915593
                1921.75     0.2890999396177152   0.003194485738489265      46.19066441174307      2.720132073889474
                   1922     0.2747519737722394   0.003193564895319728      53.64894111334972      2.869527795398267
                1922.25     0.2766229656147979   0.003192708376898086      60.84593254503201      2.995142799368206
                 1922.5     0.2899027915447367   0.003191767775357111        42.860586760959      2.644455853563334
                1922.75     0.2918747386304616   0.003190873051113708      34.64261206718685      2.431307298610204
                   1923      0.293669779786361   0.003190055327274071      27.76427189361539      2.209716519651646
                1923.25     0.2840136951578639   0.003189202511888363       62.7150041829523       3.02429985801902
                 1923.5     0.3013911503838711   0.003188750106754892      9.483447457473117        1.1351051785396
                1923.75     0.2793360749281977   0.003187964699412053      66.75131495714427      3.086284933303512
                   1924     0.2521712771599443   0.003187773126466883     0.2830673394721821     -2.376819618855532
                1924.25     0.2877801391028899   0.003186853537912145      51.75314073805575      2.831447447749759
                 1924.5     0.3058580285929992   0.003186556429949681       4.93658755041971     0.4815434064948089
                1924.75     0.2792863389887126   0.003185792184886023       66.8439643929064      3.086990243993501
                   1925     0.2976263978696882   0.003185165991716817      16.44043307918108       1.68417638524697
                1925.25     0.2844461223337654    0.00318431828905356      62.05911235828206      3.012253832673936
                 1925.5     0.3265378476738862   0.003184073445711958      3.107747032223207    0.01798762014131616
                1925.75     0.2933400274663876   0.003183275205237245      29.04331271433782      2.252627111734083
                   1926     0.2857363545233162   0.003182394617798283      58.76356304358582      2.957084173148118
                1926.25     0.2817770391461077   0.003181619882167406      66.90730960271974       3.08662693536754
                 1926.5     0.2583010644577955   0.003181393815824764      2.673789994695495    -0.1332554042173333
                1926.75     0.2712387602582151   0.003180527189611539      38.56422502189628       2.53530024833359
                   1927     0.2496799612706697   0.003180409175970898     0.1042593125035722     -3.377935984942442
                1927.25     0.2657680800996206   0.003179764825100602      18.23947923266753      1.786323921659805
                 1927.5     0.2604831171699813   0.003179520937701484      5.333329092209552     0.5566344238579101
                1927.75     0.2682607736851398    0.00317873873241725      26.99878668128404      2.178204668929284
                   1928     0.2859900740368885     0.0031778843636266      58.09122642201942      2.944158573731946
                1928.25     0.2846309726429387   0.003177045552143665      61.95216097725724      3.008242431929721
                 1928.5     0.2833178156396382   0.003176248276826745      64.89519037398011      3.054402474414023
                1928.75     0.2588794807349671   0.003175961151078243      3.267841982102472    0.06566838259605812
                   1929     0.2739247646734586   0.003175068778295619      49.98561417083975      2.792992790587277
                1929.25     0.2871850001933134   0.003174168298119531      54.56178943262481       2.88030770377222
                 1929.5      0.268730695639617   0.003173360805991848      28.78768875348842       2.24066728793512
                1929.75     0.3103157054768879   0.003173082903861309      3.221726254006533     0.0505492083787796
                   1930     0.2926173499576455   0.003172259342709058      31.81283632608137      2.340242175393348
                1930.25     0.2950059973070364   0.003171533173932067      23.26118252791439      2.026929355973158
                 1930.5     0.2774703163130766   0.003170700908074947      63.12323319512372      3.024969816888003
                1930.75     0.2728804548463413   0.003169780888034017      45.64677545592317      2.700523681893846
                   1931     0.3048701529633389   0.003169428995855738      5.491974731441124     0.5827675796687133
                1931.25     0.2853005129664044   0.003168590763146858      60.37565970632379      2.979801222134531
                 1931.5      0.279548803129843   0.003167816589457104      67.03137698141489      3.084131649031522
                1931.75     0.3032410842729226   0.003167430767083579      6.996035965885662     0.8241927223397885
                   1932     0.3087923899280539   0.003167155125154098      3.681150935637852     0.1819874541999256
                1932.25     0.3012615499194974   0.003166704530540969      9.617598754446785      1.142214339250248
                 1932.5     0.3012093085500864   0.003166250718300959      9.754798970289672      1.156235763769843
                1932.75      0.276474243292201   0.003165409365996488      60.33571794654565      2.978134903147228
                   1933     0.2878129897141356   0.003164521664270337       52.2846596366523      2.834633173076715
                1933.25     0.2833750711066342   0.003163736507992655      64.97453598899284      3.051677456006163
                 1933.5     0.2858890529008349   0.003162868688279527      59.12947277856346      2.957137170590626
                1933.75     0.2954029443323348   0.003162145659315527      21.96643998988728      1.966694885528429
                   1934     0.3015768145054601   0.003161751977263981      9.228732847809923      1.099376298552253
                1934.25     0.2948082379793532   0.003161008650930944      23.90623948856284      2.050958909908005
                 1934.5     0.3118584146010902   0.003160743919126751      2.872003801254374   -0.06825435934535229
                1934.75     0.3151073590463148   0.003160498774263298      2.403355965272211    -0.2464758168445818
                   1935     0.2885204149838215   0.003159617717818861       49.9120942936872      2.786642637487719
                1935.25      0.298971508112531    0.00315905725464774      13.75109254354384      1.497320173194268
                 1935.5      0.309191897801354   0.003158762986400407      3.585088090629679     0.1528917852862312
                1935.75     0.3028534777185584   0.003158372057113324      7.637267072879269     0.9090247978379714
                   1936     0.3017459318302178   0.003157947486351061      8.981957725799479      1.071068403610658
                1936.25     0.2953071143946819   0.003157231300303037      22.08641703482965      1.970586527084617
                 1936.5     0.2661896158340234   0.003156592823725461       19.1638293716516      1.828446089530275
                1936.75     0.2873418715053859   0.003155736865761804      53.47226731144386      2.854313423707824
                   1937     0.2867405600021734   0.003154889510372647      55.67525354400608      2.894417490605261
                1937.25     0.2735327738273937   0.003153987611489214      47.28895633442961      2.730872596170878
                 1937.5     0.2684035379194025   0.003153220279513363      26.98401695523004      2.169597216268531
                1937.75     0.2823511948316955   0.003152431183391145       65.2783736822127       3.05276300536553
                   1938     0.2864977791827303   0.003151553518692383       56.5713351984507      2.909326172041976
                1938.25     0.2698646202487364   0.003150721469104428      32.49647536573219      2.354691346168039
                 1938.5     0.2757505246146812    0.00314984582722444      56.32554625093684      2.904429940944955
                1938.75     0.2868745935582701   0.003148989052634845      55.41988595890854      2.887948195902676
                   1939      0.295103342169411    0.00314830532016826       22.6143927670033      1.991379114719072
                1939.25       0.28880952151073   0.003147445793930473      48.27240031084879       2.74937948861821
                 1939.5     0.2920375821097276   0.003146615443419983      34.15982785296434       2.40330599083254
                1939.75     0.2753126535823026   0.003145739379001033      54.69624090946461      2.873772192877406
                   1940     0.2839756896253982   0.003144940586675319      63.13912940874734      3.017063941956724
                1940.25      0.289942902021394   0.003144060202714399      43.67246578119573      2.648161101269911
                 1940.5     0.3022123705015684   0.003143649691368399      8.269212236415839     0.9838519445400623
                1940.75      0.308710483912033    0.00314336120000984      3.627688432340799     0.1598165717778653
                   1941     0.2689303914982574     0.0031425732150994      29.00251826433671      2.238352871064853
                1941.25     0.2826170985690185   0.003141789880748972      65.32384029459848      3.050077970200619
                 1941.5     0.2997083478121678   0.003141284508023933      12.17248973396934      1.369738509529412
                1941.75     0.2942876344799119   0.003140584419040771      25.48195651541985      2.108307765966329
                   1942     0.3053121581802137   0.003140271507493758      5.213571138531148     0.5215025723286246
                1942.25     0.3007136425633123   0.003139823988317044      10.57705029999125       1.22878158018385
                 1942.5     0.2771545857054528   0.003139034809965946      60.95905974819487      2.980046103063057
                1942.75     0.2827105476942461   0.003138268180246723      65.19466819271877       3.04697705079435
                   1943     0.2942947751175017   0.003137535717507244      25.42362129626073      2.105044651196406
                1943.25     0.3064792529305943   0.003137238135534344       4.51705744381742      0.377131860613565
                 1943.5      0.265655369140621   0.003136642633762369      17.40078571849726      1.725596612986769
                1943.75     0.3005492865219592   0.003136169351689143      10.87073028048732      1.255004234051271
                   1944     0.2865085636997553    0.00313532316340721      58.33788803461325      2.934912262574794
                1944.25     0.2710241104260835   0.003134515590566772      37.79522597023718       2.50058569172142
                 1944.5     0.2833455545925074   0.003133759216526175      65.96720283057137      3.057319251822676
                1944.75     0.3087290324701379   0.003133538081672213      3.746765090745168     0.1889838174870643
                   1945     0.2724715683340683   0.003132701612115245      43.86653522140013      2.648975749447804
                1945.25     0.2619908037530678   0.003132336667913594      7.897520763322909     0.9342563966664659
                 1945.5     0.2532625382480911    0.00313217526738288     0.4136306522975764     -2.015125862213228
                1945.75     0.2929994281004553    0.00313139797128769      30.98063552520046      2.300770138435408
                   1946     0.2601713183172365   0.003131088582722587      4.743042871070484     0.4239878683331728
                1946.25     0.2704145063430444   0.003130274422772565      35.47664298204167      2.435923460064675
                 1946.5     0.2678018219409182   0.003129536198583644       25.5202642080881      2.106285874186026
                1946.75     0.2811925962054876   0.003128793893750756      67.92009104996535      3.084907723955422
                   1947     0.2710639531689695   0.003127937662078333      38.22797770059849      2.509869790134107
                1947.25     0.2728228587353292   0.003127076742381572      45.61610378216646      2.686287675899367
                 1947.5     0.2720051044690733     0.0031262082819338      42.34349870218843      2.611564003040599
                1947.75     0.2662780672408768   0.003125566339122482      20.23197035968859      1.872807788208275
                   1948     0.2801531751216156   0.003124859694157094      67.73508039690732      3.080921852851052
                1948.25     0.2779099645394632   0.003124078771397942      64.59561749310811      3.033214262974329
                 1948.5     0.2869172572730581   0.003123234190210368      56.83708239887547       2.90498628476738
                1948.75     0.2826815045611785   0.003122495478799907      66.95351631376438      3.068559355897625
                   1949     0.2900644723591401   0.003121647389869542      43.96611390364238      2.647708319277944
                1949.25     0.2759849471258209   0.003120821822757953      58.71161409451766      2.936662182807748
                 1949.5     0.2686625155216474   0.003120054535734426      28.97388460432816      2.230173623025746
                1949.75     0.2696078350581808    0.00311925335367433      32.76901379403001      2.353005279514806
                   1950     0.2747351560130198     0.0031184069598872       53.9837925082116      2.851934392998458
                1950.25      0.259231946760656   0.003118136189259777      3.505148839582023     0.1173966811754353
                 1950.5     0.2787459575475462   0.003117401395770834      66.74392424155974       3.06379128792282
                1950.75     0.2630594731360705   0.003116964864881865      10.41243507164923      1.205788749060257
                   1951      0.248653082878966   0.003116824970638051    0.05874052965319111     -3.971882241708034
                1951.25     0.2450013413057072   0.003116664680756969    0.01012710424053723     -5.729848195339155
                 1951.5     0.2521930827749817   0.003116496963798615     0.2706073121994333     -2.444448689832401
                1951.75     0.2577175431045906   0.003116279533249706      2.139423741417149    -0.3768954053780704
                   1952     0.2710484421122495   0.003115449956394298      38.73246703656596       2.51898002849813
                1952.25     0.2657327402799037   0.003114840602003173      18.49650167445067      1.779687843923485
                 1952.5     0.2645358454204033   0.003114295059988669      14.67686513529872      1.548203523964635
                1952.75     0.3084370827273147   0.003114032502837612      3.787988271555546     0.1936818386900274
                   1953     0.2572211185512285   0.003113813595132759      1.808092181115342    -0.5459512942697362
                1953.25     0.2789839782683021   0.003113075640572655       67.2418172944496      3.069834773188171
                 1953.5       0.26795576017834   0.003112334746739832      26.63799882360445      2.143640139156282
                1953.75     0.2778081535634119    0.00311156289995492      65.04887243881781      3.036192259760734
                   1954     0.2591788740427117   0.003111293878978436      3.526518451100447     0.1212780362840161
                1954.25     0.2703999866515664   0.003110470794481672      36.28998829511199      2.452244242859211
                 1954.5     0.2846786089323962    0.00310969054766104      63.28763379013811      3.008141418755543
                1954.75     0.2697001362300953    0.00310888691214812      33.56723533064231      2.373743456884001
                   1955     0.2645725128952732    0.00310833664858621      14.93554138156861      1.563759692201304
                1955.25     0.2578687091637243   0.003108081897603215      2.291378405612707    -0.3109124083552376
                 1955.5     0.2680248836285568   0.003107438131161089      27.18288461547579      2.162314416426082
                1955.75     0.2975601144543912   0.003106883661527478      16.72290708519104      1.676327895571299
                   1956     0.2836479579051818   0.003106155301036766      65.57821053301183      3.042557456650553
                1956.25      0.286246810342823   0.003105376640788742       59.2057116177819      2.940081275251775
                 1956.5     0.2795855676371707   0.003104709737025805      68.13655381860696       3.08036231309244
                1956.75     0.2846360482485433   0.003103984879317373      63.80320876012073      3.014418462662341
                   1957     0.2719786598484381   0.003103134485209752      42.77803616289015      2.614365770590629
                1957.25     0.2809034297189417   0.003102451060542829       68.8244849861117      3.089680280399812
                 1957.5     0.2758159632306286   0.003101664421097648      58.74846157798309      2.931132092788074
                1957.75     0.3071451010204408   0.003101387334883919      4.241201238698245     0.3026243274704672
                   1958     0.2761834794741995   0.003100683322264692      60.29506107166219      2.956800956749172
                1958.25      0.249783797118075   0.003100512228435166    0.09856268197700527     -3.459566986554071
                 1958.5     0.2827771268522332   0.003099792088916156      67.50200879383488      3.069420647070057
                1958.75     0.2844806723871181   0.003099037366798548       64.3709415073338      3.021682097454071
                   1959     0.2766299249552646   0.003098259327519159      62.02904523722049      2.984371442024953
                1959.25      0.281199354186832    0.00309757306932984      69.35270133992051      3.095752270866015
                 1959.5     0.2696185523171674   0.003096791410269583      33.21989742124093      2.359443811427688
                1959.75     0.2707453234299505   0.003095989169580014      37.86700664802926      2.490115902058735
                   1960     0.3025743083607521   0.003095673540701677      7.862446567821013     0.9180315794111112
                1960.25     0.2835183702296253    0.00309492212734859      65.41469596391516      3.036437935751569
                 1960.5     0.2618671083587739   0.003094553662250124      7.633958717676224     0.8881784784081501
                1960.75     0.2941428073539119   0.003093877642740266      25.38103965120725      2.089355878170402
                   1961     0.2933222726755426   0.003093149755809078      28.48163535963132       2.20437766499249
                1961.25     0.2881773905896874   0.003092324549865874      51.36588986231904      2.793825668984435
                 1961.5     0.2794685595939605   0.003091608967276016      67.63618648606638      3.068763048224576
                1961.75     0.2805936234754994   0.003090928024244728      68.46075149819359      3.080660236093699
                   1962      0.254138939441138   0.003090736552819475     0.5769017623659329     -1.695745605145702
                1962.25     0.3019329317910359   0.003090395279281764      8.567299559532765      1.002179832450191
                 1962.5     0.3131265117104557   0.003090214122903587      2.473471909495752      -0.24020857243808
                1962.75     0.2791692308188218   0.003089538233386239      67.47202857331682      3.065663009772481
                   1963      0.294712115382667   0.003088879511589165      23.60210000318364      2.015072347373202
                1963.25     0.3024108285267703   0.003088508385066259       7.95223534673497     0.9270695644907858
                 1963.5     0.2967534656637503     0.0030879504222269       18.1127998177573      1.750054686225753
                1963.75     0.3189517496967962   0.003087811161468637      2.217450728879689    -0.3502510577713819
                   1964     0.2997243333379688   0.003087393468338708      12.17192192347911      1.352387263330038
                1964.25     0.2844444357501422   0.003086669395355996      63.61262382484308      3.005832831051536
                 1964.5      0.285283097387368   0.003085906343090306      61.59441746776206      2.973344893998972
                1964.75     0.2917403201056333   0.003085137002292417      35.23375970555632      2.414529019640065
                   1965     0.2633059124972483   0.003084697792118276      10.92244825592158      1.243202085166877
                1965.25     0.2862041503044899   0.003083913808264067      59.05386689517256      2.930577781451794
                 1965.5     0.2982233501880264   0.003083407862726699      14.98339285257825      1.558906127439619
                1965.75     0.2725838729979633   0.003082605260922751      44.38843135278005      2.644682232325732
                   1966       0.28603603052621   0.003081814245549578      59.67636908891581      2.940382827289031
                1966.25     0.2913747465779133    0.00308101996215736      37.14529327839524      2.466026015359092
                 1966.5     0.2635732152760479   0.003080568371107865      11.63330399948142      1.304914383612675
                1966.75     0.2806421580793423    0.00307985972772574      68.58964296853371      3.078953847776103
                   1967     0.2748383296446908    0.00307904834429111      54.05465187231689      2.840544425165251
                1967.25     0.2885906596107333   0.003078252745987768       50.1944591811675      2.766195040055909
                 1967.5     0.2646159617786902   0.003077739569274188      14.63751526297847       1.53371144169465
                1967.75     0.2867706856400595   0.003076942116466959      57.56120883131675      2.902713416098011
                   1968      0.290979503589723    0.00307615367423591      39.27919890825886      2.520303346970941
                1968.25     0.2812169256843855   0.003075447882790173      68.69509042687433      3.079056524895486
                 1968.5     0.2954716837329588   0.003074819146071988      21.57831817662839      1.920863356257053
                1968.75     0.3138363395584395   0.003074589519115724      2.347275536188234    -0.2976450395037837
                   1969     0.2979895085266668   0.003074083445119862      15.53184911998026      1.591827736457875
                1969.25     0.2895332656416773   0.003073271695185406      46.31435234113572      2.684122840304316
                 1969.5     0.3089802700793685   0.003073058821197961      3.434332452498545    0.08242424265066507
                1969.75     0.2684740720486129   0.003072382054385977      28.00134874620747      2.180634101312488
                   1970     0.2754668865843256   0.003071623103170255      56.69739353796328      2.885862608892912
                1970.25     0.2792782467638121   0.003070930149820192      67.92692755368384      3.066341277269007
                 1970.5     0.2926431947288868   0.003070195122093721      31.86068268833746      2.309042097849319
                1970.75     0.2655985076238484   0.003069641934814989      17.77153753610264      1.725087332445167
                   1971     0.2780871673303048   0.003068942756057688       65.7528598009232      3.033164536911109
                1971.25     0.2736078444320978   0.003068154931159859      48.97940923103699      2.738404619898396
                 1971.5     0.2623437231462686   0.003067768889480433      8.666096617286801      1.006297272130579
                1971.75     0.2819228995080582   0.003067097054400681      68.44750481967451       3.07272687641343
                   1972     0.2957051918711117   0.003066489875739935        21.073440084234      1.894475276878274
                1972.25     0.2648671620435093   0.003065998653870068      15.46116757154528      1.584633152373838
                 1972.5     0.3042642413916885   0.003065673992209845      5.901052935372858     0.6213264919796815
                1972.75     0.2717619981849942   0.003064896509266084      41.19883586230253      2.564352052251215
                   1973     0.2998289275171802   0.003064459260784859      12.10222859533045      1.339188995587164
                1973.25      0.287211829871554   0.003063673421199918       56.1357400219697      2.873315595724448
                 1973.5     0.2696619316971674   0.003062935788278441      32.81277739071889      2.336120106664631
                1973.75     0.3024436435810308   0.003062585322124086      8.010486679951111     0.9259392026231176
                   1974     0.2662770072074733   0.003062002370868445      20.27093949661598      1.854185628605616
                1974.25     0.2691174458854801    0.00306129177219894      30.82300329223173      2.273026494593448
                 1974.5     0.2708855619201371   0.003060535029119648      37.86981396034788      2.478672324688473
                1974.75     0.2553629533208017   0.003060369141927363     0.8880845061965976     -1.274224584001369
                   1975     0.2741913746496516   0.003059579694218539      51.82193959545909      2.792019404184805
                1975.25     0.2939444630457265   0.003058919058574266      26.73104268263819      2.129815390645713
                 1975.5     0.2986619902451123   0.003058466844923858      14.36501831864204       1.50863797556887
                1975.75     0.2884614564444686   0.003057697662696284      51.05573021582641       2.77650826897298
                   1976     0.2854750120286885   0.003056942273053273      61.80501477355903      2.967327914151992
                1976.25     0.3224272411382223   0.003056801290301745      2.352846819897632    -0.3010767044554003
                 1976.5     0.2873717399222522   0.003056156052500997      55.76435815294467      2.864221105401372
                1976.75      0.277502499536857    0.00305548403334418      64.22804224200489       3.00530617874406
                   1977     0.2819482588120397   0.003054799973518563      68.51904199061558      3.069754055840545
                1977.25     0.2770694586379587   0.003054078677368158      63.15844938662952      2.988052855638103
                 1977.5     0.2749374970125696   0.003053295457539938      55.17756013780717      2.852706085169592
                1977.75     0.2743973814980902   0.003052525893004717       53.0329231573629      2.812810570439737
                   1978     0.2986191487708169   0.003052039533433652      14.37095169618926      1.506947241087311
                1978.25     0.2886230414814333   0.003051266318933162      50.49268186789917      2.763313351837446
                 1978.5     0.2842276615039245   0.003050538836559678      65.06405116335426      3.016618678533688
                1978.75     0.2982672045533037    0.00305004309522101      15.09269451785826      1.555294788659781
                   1979     0.2944510550980032   0.003049394774404346      25.02089873489083      2.060582809935132
                1979.25     0.2655491644757488   0.003048874865322909      17.77903140539264      1.718720626484907
                 1979.5      0.276667815896707   0.003048155722867269      62.03802661967364      2.968212504883164
                1979.75     0.2712274506467243   0.003047410124616596      39.54135137674538       2.51756733361942
                   1980     0.2855799147917459   0.003046678453425079      61.71765260507716      2.962550207906357
                1980.25     0.2695137833037066   0.003045957425287443       32.6735542285908      2.326309537208084
                 1980.5     0.2681289407093507     0.0030452961428714      27.34882676948331      2.148200031503656
                1980.75     0.2654599104836482   0.003044776381764689       17.6728944138589      1.711387785953979
                   1981     0.2833828705752443   0.003044092579583674      66.76241397235556      3.040271359007273
                1981.25     0.2750105041317182   0.003043322245530191      55.68785680208571       2.85864012362957
                 1981.5     0.2661610257463767   0.003042740569144638      20.13273136906906      1.841033777830186
                1981.75     0.2629489845588619   0.003042338263323728       10.2747321191027      1.168242322813144
                   1982     0.2723758088340189    0.00304156719144544      44.60144323406398      2.636067372669305
                1982.25     0.2786188875936916   0.003040868090950688      67.41276438202829      3.048905661974171
                 1982.5      0.268049286980341   0.003040222479349337      27.25851247959445      2.143224802211782
                1982.75     0.2682712339521098   0.003039544729419609      28.21777315744177      2.177588025946524
                   1983     0.2866507921345965    0.00303878125838996      58.39532424706523      2.904620604131731
                1983.25     0.2966416073513487   0.003038235838015764      18.59459188519637      1.760076058682734
                 1983.5     0.2736807508860572   0.003037455624538796      50.33605824773829      2.755670131983693
                1983.75     0.2774685505299693   0.003036732576232186      64.78762445129752       3.00782497994982
                   1984      0.271574124986849   0.003035969277055024      41.63723193212262      2.565453753873761
                1984.25     0.2836978040637002   0.003035272348577333      66.17337909588721      3.028507658607311
                 1984.5     0.2725143546809369   0.003034490408865705      45.61906193215371      2.656297408167614
                1984.75     0.2881044207210426   0.003033798589427722       52.8474112394138      2.803152470743936
                   1985     0.2626985184444304   0.003033414303901269      9.638191430117631      1.101350546705268
                1985.25     0.2686368144601288    0.00303276397140274      29.91088537705775      2.233625127652966
                 1985.5     0.2752567688211403   0.003032034947186183      57.17707113056228      2.881315206067234
                1985.75     0.2875640707529918   0.003031269322898313      55.14271324596934      2.844834309700143
                   1986     0.2974649680990609   0.003030767094315602      16.63206041645734      1.646076185588451
                1986.25      0.280755951376418   0.003030105715499355      69.36635031559443      3.073927641249558
                 1986.5     0.2811495847623574   0.003029436074664979      69.43429441284957      3.074685638066057
                1986.75     0.2643734549538789   0.003028977754789651      14.35511893658158      1.498260035431454
                   1987     0.2882078775811004   0.003028227028569894      52.58486826064816       2.79633396045411
                1987.25     0.2761315516402665   0.003027495104369675      60.72698983748874      2.940052070328092
                 1987.5     0.2769325481457126   0.003026783898611142      63.67191572975626      2.987172466788791
                1987.75     0.2795911369090086   0.003026126806709936      69.41641798249006      3.073335178671186
                   1988     0.2846589487565762   0.003025427619345784       64.5047321394307      2.999719279448064
                1988.25     0.2749903925679074    0.00302469644148364      56.52000491374189      2.867333629854435
                 1988.5     0.2974131261241477    0.00302418568984898      16.66105015140578      1.645643779430931
                1988.75     0.2787738310574419   0.003023506408439395      68.63487658185753      3.061146279368771
                   1989     0.2741621456859047   0.003022739047149404      53.18622148541735      2.805891006336489
                1989.25     0.2904389544547966   0.003021986144605271      41.95704132718687      2.568488796869855
                 1989.5     0.2896810813469575   0.003021261310281981      45.81450364285571      2.656203359595382
                1989.75     0.2719706504971038   0.003020510739808486      43.71713679831777      2.609094356451812
                   1990     0.2998226472667546   0.003020108450818691      11.98355358383839      1.314756165250675
                1990.25      0.271439004260741   0.003019374202463549      41.56441059518385      2.558222127329222
                 1990.5     0.2796284290097764   0.003018707263662969      69.65578141032859      3.074322633319365
                1990.75     0.3027007904672222   0.003018375927282365      7.538622483198798      0.850686633680838
                   1991     0.3087109093795888   0.003018173189146642      3.356782882345669    0.04156303248795025
                1991.25     0.2944239068840758   0.003017584045015448      24.82360792551902      2.042179907560226
                 1991.5     0.2700129884002641   0.003016924361581132      35.64452180868642      2.403761606796213
                1991.75      0.273179990742491   0.003016161648484542      49.20414915458711      2.725891246615221
                   1992     0.2797728515935756    0.00301551979250135      69.81341933722994      3.075526711456207
                1992.25     0.2826972033533439   0.003014845466818794      68.35654413195735      3.054214125673654
                 1992.5     0.3136824938082042   0.003014638684869373       2.25778437941493    -0.3562077982845079
                1992.75     0.2658513569190682   0.003014142518036034      19.22522383728507      1.785466791364459
                   1993     0.2924651040482898   0.003013462431119756      32.44951420007249      2.308703447895466
                1993.25     0.2639022674388558   0.003013017781369791      12.84650809573165      1.381942441145422
                 1993.5     0.2551247639924027   0.003012838576177583      0.761535901719173     -1.443607030196319
                1993.75     0.2881806871751399    0.00301208849881697       52.6573250198961      2.792367295745154
                   1994     0.2956379001054796   0.003011521647537345      21.21768577132637      1.883208798736126
                1994.25     0.2825287239725437   0.003010855149363507      68.69875568010495      3.057883476458324
                 1994.5      0.257201808865474   0.003010661897524576      1.662198940431723     -0.663770408641135
                1994.75     0.2719573837499322   0.003009925947423274      43.82233779966249      2.607987407653555
                   1995      0.290083989562521   0.003009198672115994      43.92563503008716      2.610100161117924
                1995.25     0.2884122428246886    0.00300844273377734      51.91466513775129      2.776952144795915
                 1995.5     0.2798128129173399   0.003007801654518423      70.06419790592628      3.076549647866559
                1995.75     0.2668542376146266   0.003007217258910909      22.97551372138634      1.961372429031531
                   1996      0.266127607557086   0.003006662611685879      20.32222971912295      1.838474292279786
                1996.25     0.2867878078334704   0.003005981714652958      58.42133675893746      2.894213635507238
                 1996.5     0.2759118226948494   0.003005294974541313      60.62416124826971      2.930997487071907
                1996.75     0.3159939342940951   0.003005162556581112      2.051578928851071    -0.4551303836454155
                   1997     0.3240770257586278   0.003005154609798872       2.35664755220844    -0.3165026535079787
                1997.25     0.3132550856811647   0.003005040548306451      2.316900280148297    -0.3335504837393913
                 1997.5     0.3105985648769268   0.003004920908785218      2.837092689098283    -0.1310406768440411
                1997.75     0.3157224789146213   0.003004812426604695      2.088558972285188    -0.4373822645903681
                   1998     0.3273807991902016   0.003004745098084672      2.669375603324941    -0.1920344243330884
                1998.25     0.3210865557955624   0.003004549658354286      2.193913506700833    -0.3882571203529789
                 1998.5     0.3499130797272032   0.003004561856820495      1.177130390610978     -1.010860394477051
                1998.75       0.32050581789518   0.003004579126997386      2.176356349367373    -0.3962821717360856
                   1999     0.3245168255491607   0.003004357093480804      2.424591665520587    -0.2883450270654646
                1999.25     0.3339708707756008   0.003004147443249805      2.864328980198176    -0.1217438265311198
                 1999.5     0.3404135847154063   0.003004049133358846        2.4136690340284    -0.2929626511245902
                1999.75     0.3220765753715003   0.003003886504382294      2.273312379637292    -0.3529268337573012
                   2000     0.3308503781854954    0.00300376780379047      2.899457116346895     -0.109680797977439
                2000.25      0.350388463677851   0.003003654411489759      1.127864506526433     -1.053916039386942
                 2000.5     0.3414186085079405    0.00300345526929776      2.282198088227392    -0.3491693167569169
                2000.75     0.3444814844602774   0.003003247274784539      1.843863933779303     -0.562514289438875
                   2001     0.3117474373307556   0.003003027382416428      2.608024972932698    -0.2158576245816719
                2001.25      0.337046975484322   0.003002818448738351      2.775350799863248    -0.1537432673077062
                 2001.5     0.3130134112193012    0.00300258001730384      2.396417892128079    -0.3006247491291594
                2001.75     0.3076104427900287   0.003002319026870596       3.70236023577358     0.1342837654206718
                   2002     0.3272547520713113   0.003002075869052202      2.702614555181044    -0.1805480874682332
                2002.25     0.3265998103886601   0.003001850763616445      2.653194799611583    -0.1990782331452493
                 2002.5     0.3581272659616817   0.003001707644953603     0.4485534809359344     -1.976617770301377
                2002.75     0.3171226629049106   0.003001513103413454      2.095683246603429    -0.4350755898678553
                   2003     0.3468606009138323   0.003001332080725314      1.552637975445401    -0.7350601304496343
                2003.25     0.3408025529517535   0.003001108484064932      2.397017757570142    -0.3008646726419032
                 2003.5      0.357947129934048    0.00300093333808488     0.4604737912475132       -1.9506477370397
                2003.75     0.3339266867181836   0.003000723917028957      2.912568040466391    -0.1061830060372835
                   2004     0.3363203819361028   0.003000492260932585      2.849856038353392    -0.1280269090935221
                2004.25     0.3111993618235371   0.003000279723802366      2.755519531844401    -0.1617602232074999
                 2004.5     0.3043679986967925   0.002999987542901922      5.669616032591784     0.5596577811958177
                2004.75     0.3280126628023414   0.002999759276019527      2.800496907062049    -0.1457428390592079
                   2005     0.3311019594871691   0.002999511187245137      2.963843102701237   -0.08913564189581595
                2005.25     0.3590817625233434   0.002999343724403885     0.4025549898078624     -2.085601816034331
                 2005.5     0.3326577528269324   0.002999166618133057      2.976439955519558   -0.08500935474369299
                2005.75     0.3349407418816432   0.002998927908967155      2.937099106429441   -0.09839449455396959
                   2006     0.3502557541120253   0.002998725198780332      1.159321376698695     -1.028049672966434
                2006.25     0.3620297279466063   0.002998658299335771     0.2706441869482111     -2.482857080434711
                 2006.5     0.3990363443223155    0.00299867421884657    0.02053454505631729     -5.061548173855175
                2006.75     0.3728103278926149   0.002998613708993783    0.04617236172126957     -4.251295557605774
                   2007      0.353167960552455   0.002998451523077842     0.8362880975487628     -1.354757865957014
                2007.25     0.3317128468037287   0.002998229808035018      3.006432440892506   -0.07529556067142169
                 2007.5     0.3357724053941637   0.002998036000710469      2.926754840216694    -0.1022200974122508
                2007.75     0.3876473653943621   0.002997884508795252    0.01283244097396026     -5.531943738507091
                   2008     0.3227683223686121   0.002997718689881172      2.349603207262532    -0.3219737228152141
                2008.25     0.3254510165006083   0.002997519638409774      2.592805363644495    -0.2235461504184493
                 2008.5     0.3475002801083329   0.002997327478852685      1.490183356622975    -0.7774515296505217
                2008.75     0.3985739489280793    0.00299729906091284    0.02028458398940478     -5.074254272131484
                   2009     0.3752050275759282   0.002997301400785008    0.03369164292847433     -4.566864857346147
                2009.25     0.3656807964659311   0.002997205866955018     0.1529128862684733     -3.054278164976989
                 2009.5     0.4019062542369173   0.002997077110934516    0.02302899038621217     -4.947435639227655
                2009.75     0.3688108244081011   0.002996973065891642     0.0901390485805031     -3.582870766837982
                   2010     0.3850692922880068   0.002996876900107822    0.01403502123415247     -5.442700594532077
                2010.25     0.3543753617518717    0.00299676020370963     0.7265801847328482     -1.495946409185272
                 2010.5     0.3667480275466818   0.002996575200311756     0.1287556128566033     -3.226440860159918
                2010.75     0.3730456523916247   0.002996431216841631    0.04589562245379562     -4.258035303112488
                   2011     0.3700170503820099    0.00299627386407639    0.07445058605019701     -3.774321928196432
                2011.25     0.3796498227311044   0.002996117988469923    0.02111851267506134     -5.034359549752004
                 2011.5     0.3560553379100259   0.002995933605693687     0.5954353751520436     -1.695278265069257
                2011.75     0.3439327910649451   0.002995727485462771       1.95823218590959    -0.5048425290851668
                   2012     0.3549241634279809    0.00299555838988977     0.6854236295938247     -1.554659291047632
                2012.25     0.3515590308357268   0.002995365654960054      1.029023921376842     -1.148394735052445
                 2012.5     0.3698429783312808   0.002995190490549336    0.07688462940624934     -3.742513219156082
                2012.75     0.3332534396153369    0.00299496940217067      3.021354487026401   -0.07143249973696859
                   2013     0.3643119038613579   0.002994801711141998     0.1930927989308534     -2.821778110839269
                2013.25     0.3406388095397739   0.002994590578193032      2.478629058781259    -0.2695586225249826
                 2013.5     0.3646406586248926   0.002994419218569589     0.1842623472277375     -2.868716192377012
                2013.75     0.3970987942799098   0.002994305276111389    0.01921143539616294     -5.129609091689685
                   2014     0.3681836824096403   0.002994156901748263     0.1034258838314339     -3.446309082451332
                2014.25     0.3515911354411835   0.002994002729800915      1.031875508693856     -1.146082524998225
                 2014.5     0.3602157597077443   0.002993852733272844     0.3600828293497516     -2.198931846390153
                2014.75     0.3903382551885803   0.002993724116678905    0.01344228137003342     -5.486903828568684
                   2015     0.3822181579486012   0.002993731214557176    0.01711835216813819     -5.245155408916338
                2015.25     0.4246251997164693   0.002993779674901533    0.04241270883445168     -4.337842282006936
                 2015.5     0.4282948826461169   0.002994124227692349    0.04328752173161974     -4.317310841296588
                2015.75     0.3867423020996466   0.002994119691822669    0.01349214827064492     -5.483068861317672
                   2016     0.4254210923275526   0.002994166353342125    0.04316938238773688     -4.320029680764551
                2016.25     0.4047434820503795   0.002994093373412658     0.0256764123427167     -4.839612795269645
                 2016.5     0.4531462116697354   0.002994125042076779      0.107168849764458     -3.410769355206186
                2016.75     0.4188470698894839   0.002994278366151546    0.04136124361184579     -4.362779476331903
                   2017     0.4111920067245085   0.002994108890209284    0.03166871241412886     -4.629851172198109
                2017.25     0.4810754189817285   0.002994477359675841     0.1074311912743936     -3.408206756888994
                 2017.5     0.4347978558460049   0.002994954297512404    0.05435549154008449     -4.089352409792057
                2017.75     0.4301515578526539   0.002994813463782906    0.04639189697673629     -4.247820273462447
                   2018     0.4197162171176919   0.002994737848131853    0.04226187888342021     -4.341084861219458
                2018.25      0.392741830727061   0.002994583435175599    0.01511379997854779     -5.369413662938282
                 2018.5     0.4188215279137436   0.002994435422058839    0.04154738916645111     -4.358236640052738
                2018.75     0.4474156549339386   0.002994260515154919    0.08910453394835062     -3.595319516538263
                   2019     0.3904564958360762   0.002994135190563358    0.01381492733311609     -5.459421893237264
                2019.25     0.4240122290255555   0.002993961606787413    0.04405092483682763       -4.2998832205534
                 2019.5     0.4156972261055855   0.002993835703068272    0.03729669139835288     -4.466367001051309
                2019.75     0.4263385684874083   0.002993664406339815    0.04393522633502803     -4.302612418899868
                   2020     0.4218259086229839   0.002993528079339199    0.04499562375683601      -4.27880914377106
                2020.25     0.4202496692729845   0.002993366029611445    0.04440764219109544      -4.29201693773961
                 2020.5       0.43281884885491   0.002993208219875121     0.0509854748901466     -4.153940448919617
                2020.75     0.4730879835798103   0.002993264034392277     0.1053501252582621     -3.428173258900592
                   2021     0.4656237044089335   0.002993200167501498     0.1026278023658172     -3.454375050969002
                2021.25     0.4951593947640013   0.002993224772033677     0.1068059376199201     -3.414462184440391
                 2021.5      0.476161553172848   0.002993522208460571     0.1021602068144006     -3.458834104017731
                2021.75     0.4948658851746162   0.002993575844671706     0.1078110308813478     -3.404978442366547
                   2022     0.4868901994475666   0.002993734153784864     0.1131858783697155     -3.356274132739614
                2022.25     0.4762587025480676   0.002993660505529572     0.1028811248324764     -3.451755948574167
                 2022.5      0.441812986404175   0.002993614865786467    0.07114058967962884     -3.820687332537116
                2022.75     0.4559101853199252   0.002993451883999645     0.1073002357769538     -3.409768985649038
                   2023     0.4390417931826778   0.002993370473737589     0.0638659334471139     -3.928640932800741
                2023.25     0.4920593855892771   0.002993208524078655     0.1128088055594736       -3.3597867338845
                 2023.5     0.4236152217122374   0.002993121617962154    0.04544837520907807     -4.268933097218772
                2023.75     0.4594883310323766   0.002993000135298719      0.102799115988088     -3.452774002684748
                   2024     0.4946865586964024   0.002992891159432469     0.1094553638370483     -3.390070337279388
                2024.25     0.4992083591232332   0.002992913301888164     0.1082010893011305     -3.401588335076154
                 2024.5     0.4309517326626573   0.002992830864907567    0.04841973579809222     -4.205699818321653
                2024.75     0.4363654236876734   0.002992701509271116    0.05875254394978374     -4.012316082761897
                   2025     0.4801795820208582   0.002992551944730625     0.1066030047178627      -3.41658881562023
                2025.25     0.5248223207711782   0.002992491789468754    0.07737905964245191     -3.737004418927536
                 2025.5     0.5536804053341604   0.002993353945341201    0.04159192825640019     -4.357526434670603
                2025.75     0.5477039223890355   0.002994486326451653    0.04781691884764455     -4.217674796256533
                   2026      0.559775010089025   0.002995136506432967    0.03218251131615711     -4.613414043594045
                2026.25     0.5628397485945118   0.002995443784758612    0.02940465585204283     -4.703581610483647
                 2026.5     0.5652477554393748   0.002995717504344524    0.02889466610594601     -4.720986245860932
                2026.75     0.5667799486867393   0.002995825946965104    0.02915673102713758     -4.711921265415125
                   2027     0.5431282426124007   0.002996003969290573    0.05602060021691872     -4.058828155782067
                2027.25     0.5131099258234403   0.002995840248282944    0.08824600969124494     -3.604473809013468
                 2027.5     0.5330756665061596   0.002995749600762933    0.06187278055016576      -3.95955219574492
                2027.75     0.5315865117983624    0.00299558710679556    0.06299360241895266     -3.941653616740808
                   2028     0.5043665857514618   0.002995426452719302    0.09634509361764812     -3.516803949686268
                2028.25     0.5053800099176411   0.002995270883773601    0.09504025978573713     -3.530491768549497
                 2028.5      0.508120769284124    0.00299509716120214    0.09284232474454461     -3.553947736803591
                2028.75     0.5290645118053708   0.002994977047969969    0.06705591020480708     -3.879363710243515
                   2029     0.4869038581956907   0.002994820302041367     0.1145959331942406     -3.343530483268101
                2029.25     0.5322176280141343   0.002994658738170676    0.06339990651354249     -3.935534362288699
                 2029.5     0.4811162901849746   0.002994542455678661     0.1087370129678864     -3.396103338046645
                2029.75     0.4737933243586699   0.002994592575881156     0.1065960560779819     -3.415972329202128
                   2030     0.4237558427804456   0.002994648815162826    0.04572455814029248     -4.262364531941309
                2030.25     0.4484725136630803    0.00299487072148498    0.09375219323044108     -3.544270905515725
                 2030.5     0.4423513895130153   0.002994960802814298    0.07396363686424545     -3.781322307761857
                2030.75      0.449667562491386   0.002994967098403192    0.09872901302306768     -3.492514929562204
                   2031     0.4299298150631618   0.002995143545337778     0.0474130861822684     -4.225936601268718
                2031.25     0.4441080401048977   0.002995071179036408    0.08049781559465882     -3.696628984580115
                 2031.5     0.4191684723041784   0.002995203338688833    0.04392603321216998     -4.302307752440573
                2031.75      0.465664438184614   0.002995167553285081     0.1036478212411586     -3.443828037753546
                   2032     0.4842895473335739    0.00299505119326494     0.1126944762080237     -3.360185299469558
                2032.25     0.5028841755176277   0.002995036033303282     0.1015668350984079     -3.464153712099749
                 2032.5     0.4238671347365545   0.002995021480834028    0.04632990510552895     -4.249087975436368
                2032.75     0.4674207569704317   0.002994934297967515     0.1065401157863933     -3.416383148043297
                   2033     0.4783145633656803   0.002994783977445705      0.105804003106712     -3.423366573915898
                2033.25     0.5093980551166766   0.002994629523777099    0.09271241427513817     -3.555504122297522
                 2033.5     0.5246050683950254   0.002994655112639579     0.0787830828865712     -3.718299670212265
                2033.75     0.5026008536596932   0.002994642153712198     0.1031676691864979     -3.448646766321645
                   2034     0.5064478048106034   0.002994552657341246    0.09602062117024089     -3.520469200895874
                2034.25     0.4972433071094505   0.002994419306599221     0.1105065759498363     -3.380001675205599
                 2034.5     0.5250672810945184   0.002994281104445882    0.07827887389156681     -3.724845102778608
                2034.75     0.5561845515718892     0.0029945265986146    0.03838639988932543     -4.437337647922406
                   2035      0.511874647510453   0.002994499590707416    0.09112970219985346     -3.572766103723872
                2035.25     0.5065329701509357   0.002994386827404041    0.09688990942964726     -3.511512172263863
                 2035.5      0.496792890979073   0.002994332614950082     0.1110658451403754     -3.374982431840186
                2035.75     0.5366712569188575   0.002994224765794625    0.06209914183904643     -3.956409505324439
                   2036     0.5016634988763268   0.002994087222740976     0.1076250294820376     -3.406534375640832
                2036.25     0.5107056953977249   0.002993908626136015    0.09359425985920698      -3.54627820855522
                 2036.5     0.4980374600744341   0.002993744016024614     0.1126179396021616     -3.361301222527899
                2036.75     0.5087904708974795   0.002993616143626595    0.09622173233539635      -3.51868972115964
                   2037     0.5364435083291185   0.002993548485919241    0.06265730576762568     -3.947687275132361
                2037.25     0.5171860777981365    0.00299340411898818    0.08664610432384098     -3.623583732876012
                 2037.5     0.5247366611796714   0.002993230790503883    0.07950216234007097     -3.709689473880976
                2037.75      0.496720272919826   0.002993079102004248     0.1127325534480959      -3.36050614307545
                   2038     0.5033324724993743   0.002992928706353353     0.1046033709721523     -3.435398843570344
                2038.25     0.4917350892458311    0.00299275409162485     0.1161511402190348     -3.330740690130852
                 2038.5     0.5164065367415167   0.002992578131051859    0.08785216873944597     -3.610036262166608
                2038.75     0.5082850121816115   0.002992415237748772    0.09751482624737794     -3.505741766735031
                   2039     0.5233624225120317    0.00299230268084411    0.08259472469242714     -3.671837999249181
                2039.25     0.4833973304828819   0.002992138101818732     0.1131998399574526     -3.356684062370118
                 2039.5     0.5354444601205167   0.002991998742977865    0.06349175609306745     -3.934975318257774
                2039.75     0.4906793895018288   0.002991839799274645     0.1181495748513625     -3.313987109505113
                   2040     0.4840709862306284   0.002991667028397349     0.1145440966943258     -3.345036390966791
                2040.25      0.519936681638875   0.002991553414978181    0.08625235333812079     -3.628756900515798
                 2040.5     0.5136724918629079   0.002991428396048748    0.09169201236761018     -3.567640763311629
                2040.75     0.4857387911553222   0.002991290222188085     0.1167467092915915     -3.326115513428904
                   2041     0.4699152240635443   0.002991155576486276     0.1099948715710352     -3.385733494614247
                2041.25     0.5151746465705205   0.002991039309130414    0.09071587667468325      -3.57847372054475
                 2041.5     0.4949576093787855   0.002990865050686038      0.114013678454118     -3.349945942600546
                2041.75     0.4993645246695442   0.002990716439014048     0.1151103811989518     -3.340422555468749
                   2042     0.4796493692303364   0.002990545009213463     0.1099538378723668     -3.386310760279205
                2042.25     0.5433813764320984   0.002990410262608178    0.05613134306293743     -4.058722084454105
                 2042.5     0.5263604224018295    0.00299026140028168    0.07647516358245929     -3.749500192915637
                2042.75     0.5103582724656097   0.002990093714743871    0.09663785387243859     -3.515551774277537
                   2043     0.4820398235337255   0.002989982184798546     0.1148093023768571     -3.343287089523385
                2043.25     0.4801834663587468   0.002989841642555629     0.1123681253923201     -3.364826291438947
                 2043.5     0.4766956249060015   0.002989753885337464     0.1070821152656015      -3.41303998646318
                2043.75     0.4396313741508991   0.002989784838810372    0.06705504279767419     -3.881111789447521
                   2044     0.4612929461752885   0.002989810582330357     0.1028198947504313       -3.4536381324046
                2044.25     0.4487191826611511   0.002989750332870165    0.09669261169722676      -3.51510015203461
                 2044.5     0.4313873924593317    0.00298996146241633    0.05031537955224835     -4.168255745033591
                2044.75     0.4166771134412934    0.00299010214401387    0.04018200808131715     -4.393100146436354
                   2045     0.4415099680949691   0.002990235380427674    0.07328899123159545     -3.792064513774653
                2045.25     0.3867920697664961   0.002990666210079342    0.01357667383160006      -5.47797769435685
                 2045.5     0.4124991393641467    0.00299084406422109    0.03345014796349093     -4.576215177128812
                2045.75     0.4294386832082004   0.002990830563193997    0.04765946814545329     -4.222194588985674
                   2046     0.4045491478148551   0.002990767844314514    0.02558257919151085     -4.844385252345694
                2046.25     0.4044096021449815   0.002990818078868808    0.02568226474606973     -4.840479409474871
                 2046.5     0.4336764881411806    0.00299093213009311    0.05540495581034993     -4.071572897580012
                2046.75     0.4405606975249694   0.002990759664435441    0.07093947197185824     -3.824472600889461
                   2047     0.4558345820832068   0.002990611349227314     0.1089953496535704     -3.395043981689404
                2047.25     0.4413875777518556    0.00299045531825666    0.07396298369641117     -3.782836626510787
                 2047.5     0.4320903202813793   0.002990310107505868     0.0528440066868572     -4.119105629941628
                2047.75     0.4752148620757791     0.0029901619533962     0.1079753158543333     -3.404596835358821
                   2048     0.4081930276071259   0.002990147631233616    0.02939616345698549     -4.705640098059464
                2048.25     0.4501831526814639   0.002990059966386697     0.1025112281169971     -3.456561252373617
                 2048.5     0.5060960048225969   0.002990094229217659     0.1007535399093256      -3.47384479292627
                2048.75     0.4340066284385772   0.002989975301568006    0.05705726640798207      -4.04250646607163
                   2049     0.4805084979519639   0.002989822130313062     0.1144018145485032     -3.346896192705421
                2049.25     0.5027043920056845   0.002989776534519165     0.1085256519170796     -3.399641815180348
                 2049.5     0.4861593115733717    0.00298978924602581     0.1190504419510025     -3.307076846527301
                2049.75     0.4858537443636101    0.00298976140353903     0.1197615372293583     -3.301130868390234
                   2050     0.5491867743676593   0.002990189039106801    0.04668569607424639     -4.243052597377253
                2050.25     0.4852455113985871    0.00299038493109977     0.1203073024455304     -3.296375588695954
                 2050.5     0.4926326347721054   0.002990212810373127     0.1179480747297008      -3.31623798854506
                2050.75     0.4714895817020017   0.002990075855271409     0.1119302642421416     -3.368652236991291
                   2051     0.4558148998602443   0.002989896169989965     0.1101281559142337       -3.3849436279533
                2051.25        0.4572303039485   0.002989862559417562     0.1088879956553995     -3.396279819680619
                 2051.5      0.431782415922126   0.002989820905006542    0.05291595603396273     -4.117908623054196
                2051.75      0.442709852460894   0.002989698021614892    0.07874522742206923     -3.720436972515026
                   2052     0.4873448078196834   0.002989564038200134     0.1226220559295096     -3.277592551389513
                2052.25     0.4944977499199275   0.002989455143740256     0.1164984826606141     -3.328857637234697
                 2052.5     0.4479636795234995   0.002989334015884479    0.09646231942407339     -3.517623945174787
                2052.75     0.4306625187904149   0.002989256422989697    0.05107364904209048     -4.153533672014635
                   2053      0.439244468752449   0.002989170291165107    0.06906428668003531     -3.851793414248962
                2053.25     0.4697266553514296   0.002988997031599259     0.1119064351397619     -3.369226018598025
                 2053.5     0.5229408352172189   0.002988965920123297    0.08459081417704363     -3.649073867685928
                2053.75     0.4768702797534242    0.00298891927363492     0.1096106018263867     -3.389981053458467
                   2054      0.460138946876475   0.002988750666697499     0.1051860957276471      -3.43124044586829
                2054.25     0.5196307902429886     0.0029887384893875    0.08814699385293305     -3.607969836307327
                 2054.5     0.5162484322475721   0.002988676352427285    0.09112358794240451     -3.574779738139081
                2054.75     0.5178055390238449   0.002988690120707775    0.09051185741947938     -3.581510962378951
                   2055     0.4833326012293173   0.002988620608019698     0.1207205497450089     -3.293536716228119
                2055.25     0.4948417109718135   0.002988464374597623     0.1171876425090585      -3.32329092978502
                 2055.5      0.483278734050693     0.0029883490374288     0.1214495883117204     -3.287606691229917
                2055.75      0.446637108052716   0.002988208416592414    0.09281651224493404     -3.556528456728741
                   2056     0.4781892440613457    0.00298805096511796     0.1126964562738637     -3.362507730018898
                2056.25     0.4931259419591919   0.002987964036524727     0.1200382302620526     -3.299424521616052
                 2056.5     0.5378264795528656   0.002987834682771179    0.06265612952577694     -3.949616577559479
                2056.75     0.5329177784460811   0.002987894996561322    0.06495702836722285     -3.913531956238181
                   2057     0.5106475388156178   0.002987813760791783    0.09776289046849242     -3.504740032159444
                2057.25     0.5234896794456882   0.002987657894012929    0.08488807442958128     -3.646003645624958
                 2057.5     0.5264659928825335   0.002987530717507382    0.07778271981756586     -3.733460534991042
                2057.75     0.5391727423598429   0.002987531745715044     0.0621002558429546     -3.958629378239557
                   2058     0.5249981455633829   0.002987570414264212    0.08252533719247422     -3.674261180124476
                2058.25      0.569849167298685   0.002987538412006987    0.02885263164854988     -4.725176048541663
                 2058.5     0.5538824598122304   0.002987731000987395    0.04251206688991084     -4.337524831179935
                2058.75     0.5611090409283279   0.002987674652685508    0.03142272072928299     -4.639800432354321
                   2059     0.5269100807306615   0.002987548721379191    0.07734552324143949     -3.739091106172436
                2059.25     0.5487506107636375   0.002987839192586667    0.04770583960461911     -4.222222768348458
                 2059.5     0.5733994470655419   0.002987797681773115    0.02560829707670073     -4.844374072145015
                2059.75     0.5979358775083432   0.002987850187645863    0.01462419530313345     -5.404595532800373
                   2060      0.619697714976684   0.002988185934762595    0.01150578854849551     -5.644310277136247
                2060.25     0.5902675125534318   0.002988547634961636    0.01862041184133609     -5.162781112001386
                 2060.5     0.5861744623585584    0.00298882825271392    0.02064632600442883     -5.059408222420306
                2060.75     0.5662753642678139   0.002988727468473109     0.0295772070197531      -4.69997529783841
                   2061     0.5609442219068678    0.00298856094089056    0.03186190916528836      -4.62562382326629
                2061.25      0.625681437875051   0.002988543562269878    0.01118199385786956     -5.672736071280113
                 2061.5     0.6283702503128272   0.002989085481192243     0.0112582570582891     -5.665757728751885
                2061.75     0.6007818650683381   0.002989313617426235    0.01424852524536202     -5.430129818940702
                   2062     0.6446982644152917   0.002989486000953856    0.01081316561274838     -5.705961133893395
                2062.25     0.5816753282535558   0.002989638995936451     0.0217675101844739     -5.006255887842759
                 2062.5     0.5833515892360971   0.002989477991911291    0.02165036474344723     -5.011705941311941
                2062.75      0.564904579317032   0.002989364377634223    0.02984798745101745     -4.690648832844957
                   2063     0.5357831098831843   0.002989302726112699    0.06488111023599798     -3.914230350362779
                2063.25     0.5955297885641108   0.002989152745262082    0.01546402268594594     -5.348320837025978
                 2063.5     0.6002874493261184   0.002989049480182232    0.01453086413836587     -5.410596644633425
                2063.75      0.582374290968395   0.002988914193670479    0.02198450855720803     -4.996578806054099
                   2064      0.615922899754737   0.002988753497438127    0.01213034811601937     -5.591260199106959
                2064.25     0.6709332182231372   0.002989138123918626    0.01273636588266878     -5.542380580513057
                 2064.5      0.630811165523992   0.002989151525148389    0.01104804629228459     -5.684583847924514
                2064.75     0.6252881694863492   0.002989210671655984    0.01138097829965662     -5.654874275687062
                   2065     0.6480995490266073   0.002989108115900568    0.01079431251327606     -5.707832600221159
                2065.25     0.6824007163236621   0.002989916037646057    0.01272028186024203     -5.543384007962768
                 2065.5     0.7030078466411959   0.002990992901529451    0.01239208858289778     -5.569163372555505
                2065.75     0.7391074072769992   0.002992789340901867    0.01483733496013598     -5.388474551226393
                   2066     0.6993688993387048   0.002993443590739327    0.01380757236091085     -5.460185439640905
                2066.25     0.7504074490129043   0.002994395319850615    0.01350322918834801     -5.482155859789537
                 2066.5     0.6889511023640659   0.002994770767222019    0.01266663617286996      -5.54598787660836
                2066.75      0.700483956449915   0.002994732994050656    0.01358918929882071     -5.475697381241491
                   2067     0.7039955073497154    0.00299479599559498    0.01229657796971396     -5.575629906327305
                2067.25     0.7862055216619892   0.002995537230849118     0.0132641644622083     -5.499637441558525
                 2067.5     0.8170548252092789   0.002997763319993176   0.004927715022712165     -6.489085183433331
                2067.75     0.8229035169890802   0.002999804471029048   0.004821639952106877     -6.510165810965734
                   2068     0.7763885789389834   0.003001275215564819    0.01210956200814572     -5.588794371073429
                2068.25     0.7699254642869106   0.003001770796987757     0.0145188396508211     -5.407177557866272
                 2068.5     0.7484716957824509   0.003001685146042867    0.01438549528513084     -5.416432757017246
                2068.75     0.7390521752158774   0.003001713846465758    0.01488030242723135     -5.382605269093834
                   2069     0.7161691328092485   0.003001679061939489    0.01269937758309575     -5.541102227933544
                2069.25     0.6776107606434292   0.003001528648521709    0.01260692670291298     -5.548458920774604
                 2069.5     0.7139678429241001   0.003001427921493113    0.01299031460194189     -5.518534831978806
                2069.75     0.7004831072490241   0.003001276320516569    0.01376560804892975     -5.460616080870531
                   2070     0.6969272700688295   0.003001127512606855     0.0140917764437149       -5.4372475785157
                2070.25     0.6457627368422728   0.003001402842376565    0.01077502836742442     -5.705515968216618
                 2070.5     0.6507758498996984   0.003001705331266457    0.01091603635327588     -5.692413526371145
                2070.75      0.677473588588271   0.003001628974737812    0.01271155645025085     -5.540160361108404
                   2071     0.7163019393226616   0.003001506885498023    0.01289649641460404     -5.525756893968969
                2071.25     0.6504531029052512   0.003001439405604799    0.01097101524756519     -5.687478237297807
                 2071.5     0.6894789733453882   0.003001419862510749    0.01264208501270173     -5.545710237548394
                2071.75      0.700311868742726   0.003001262631991393    0.01402302368415553     -5.442093425258453
                   2072     0.7233300819803612   0.003001106061042226     0.0136254996939053     -5.470903108014111
                2072.25     0.6885248315138928   0.003000989417414356    0.01289457311367371     -5.526078456317131
                 2072.5     0.7136067541156828   0.003000829368676156    0.01321423820064119     -5.501643423890822
                2072.75     0.7264998042225043   0.003000706641035245     0.0138769459940949     -5.452750320838978
                   2073      0.742475987126196   0.003000629383737473    0.01551372293972632     -5.341279985980016
                2073.25     0.7309239884013732   0.003000637542980424    0.01440441586901993     -5.415467432846877
                 2073.5     0.6683819044854377   0.003000493262606067    0.01293330023005487     -5.523244935959613
                2073.75     0.7208153596492428   0.003000462010512124    0.01359298254970889     -5.473507079510074
                   2074     0.7138665786652981   0.003000524778704865    0.01331429374506908     -5.494201654995055
                2074.25     0.6702936414001113   0.003000512063368903    0.01279635819420234     -5.533883454149293
                 2074.5     0.6956188023537109   0.003000373878989093    0.01389602578049044     -5.451487238991684
                2074.75      0.675033652490829     0.0030003555409863    0.01285930323901687      -5.52902869823791
                   2075     0.6822346977847683    0.00300019380658042    0.01282720760816025     -5.531581632198335
                2075.25     0.6517837935537878   0.003000142790063003    0.01121043549002512     -5.666322061502274
                 2075.5     0.5964762318244305   0.003000615421610735     0.0151348136825679     -5.366011990211118
                2075.75     0.6582884711437978   0.003000834000640778    0.01312510731787838     -5.508409795115464
                   2076      0.650088513704979    0.00300078478492218    0.01112067837170488     -5.674146889363167
                2076.25     0.6066349774741931   0.003000811945874885    0.01350277889227379     -5.480048621598872
                 2076.5     0.6977343703457412   0.003000784600245726    0.01456092017356558     -5.404612003011851
                2076.75     0.7478447778080698   0.003000947694576957    0.01476849497089355     -5.390402699785564
                   2077     0.6808102413383277   0.003000957520801064    0.01277954607269436     -5.535049689313305
                2077.25     0.6591458430265413   0.003000839867590876    0.01337110456793633     -5.489838821951126
                 2077.5     0.6741312011299496   0.003000663448285375    0.01295848052613282     -5.521243176063506
                2077.75     0.6901735648053531   0.003000499258920886     0.0128531361792945     -5.529460493735831
                   2078     0.7375520327236808   0.003000593467912141    0.01480382024104527     -5.388131666808962
                2078.25     0.7276475281502096   0.003000532938792587    0.01420520011984181     -5.429429008058744
                 2078.5     0.7215560790170497   0.003000619918268838    0.01383031386327395     -5.456145283863665
                2078.75     0.7323774678394734   0.003000513193279311    0.01466215108386589     -5.397774274742421
                   2079     0.7612590381764071    0.00300077680121422    0.01176183173138974     -5.618096151705005
                2079.25     0.7423023020342207    0.00300080000485882     0.0157172829257713     -5.328187178811941
                 2079.5     0.7822834921665425   0.003001228592752153    0.01171107028739151     -5.622270721787583
                2079.75     0.7359521583916367   0.003001345137563111    0.01482004049343425     -5.386786110828184
                   2080     0.7549732026733916    0.00300122049234453    0.01193057452645394     -5.603703600613207
                2080.25     0.7788493598215661     0.0030014780608312    0.01157924984790871     -5.633507486052109
                 2080.5     0.8161054104269381   0.003002229447859948   0.005059324394208755     -6.461238912996874
                2080.75     0.8389016262161632   0.003002992867642519   0.005936913999270835     -6.301028146855375
                   2081      0.855871900181699   0.003004031084193707   0.005561281850258615     -6.366043318659422
                2081.25     0.8262475240798177   0.003004823288798906    0.00489975318853156     -6.492423435712347
                 2081.5     0.8749166922231674   0.003005737080842632   0.005311209742932936     -6.411484574856945
                2081.75     0.9167940690088411    0.00300745175703991   0.004073035899722148     -6.676345259852106
                   2082     0.8794339932809204   0.003009012164755914   0.005508691580054033     -6.373888057795821
                2082.25     0.8662246856597234   0.003009492300294584   0.005543363661067107     -6.367454161320928
                 2082.5      0.859192692003602   0.003009900905911428   0.005509162428859007     -6.373507271483285
                2082.75     0.8505809685814181   0.003010283544054104   0.005853605997213858     -6.312734874278742
                   2083     0.8406812079871436   0.003010184535102952   0.006150056077594516     -6.263364446097139
                2083.25     0.8420422872414143   0.003010043141702363   0.006289853248578668     -6.240934879426644
                 2083.5     0.8201371182613943   0.003009977750994195    0.00486718342276831     -6.497378926199797
                2083.75      0.861487500187071   0.003009975527608522    0.00554063921563873     -6.367785206054207
                   2084     0.8379331546963962   0.003010045127452073   0.005922660251477023     -6.301086244484952
                2084.25     0.8375175450502576   0.003009890035674926    0.00591464866322204     -6.302491387241065
                 2084.5     0.7574753666194396   0.003009867449391558    0.01158920285721126      -5.62985711287406
                2084.75     0.7598798975085608   0.003010140517652573    0.01170945093164427     -5.619443981463188
                   2085     0.7906200014128819   0.003010184871226276    0.01452656212334588     -5.403846690346526
                2085.25     0.8110979821000933   0.003010020349919457     0.0057632876480141     -6.328372106794311
                 2085.5     0.7793258093219316   0.003009953527086126    0.01157079661769701     -5.631418000431139
                2085.75     0.7884472284836684   0.003009842202047111    0.01434257674356275     -5.416706869329666
                   2086     0.8154218146005595   0.003009728820037986   0.005212982608892042      -6.42882487903843
                2086.25     0.8106439882839261     0.0030095652366608   0.005918971866949203     -6.301868639036092
                 2086.5     0.8228964829522603   0.003009389920214599   0.004914591599570636     -6.487880999017697
                2086.75     0.7857617508820848     0.0030092366654233    0.01335315152033372     -5.488388157409714
                   2087     0.7923233084054077   0.003009126196375558    0.01446944309215599     -5.408138241161902
                2087.25     0.7594409902633629   0.003009044154308372    0.01176544239359015     -5.615037934798521
                 2087.5     0.8529004552555536   0.003009040293259789    0.00581374924054281     -6.319980171009727
                2087.75     0.8040821177630624   0.003009072088432087   0.007730251310521237       -6.0350539023069
                   2088     0.8281193853387493   0.003008924222475584   0.004995468885244851     -6.471713138085115
                2088.25     0.8495672809439588   0.003008806225589618   0.006047148424714897     -6.280696806936096
                 2088.5      0.835609809866479   0.003008691476721572   0.005687527744506317     -6.342046109087999
                2088.75     0.8172513119879053   0.003008538398694674   0.005117077391563933     -6.447789197297681
                   2089     0.8402765112876498   0.003008413873290519    0.00633070372376929     -6.235002640161179
                2089.25     0.8683403360958859   0.003008403420685966   0.005599175946568868      -6.35779808287768
                 2089.5     0.8034198698480338   0.003008293572880107   0.008045225010002368     -5.995375282736132
                2089.75     0.7780877314020618   0.003008225791457134    0.01187953002369978     -5.605659810629675
                   2090     0.7907810445504481   0.003008261002536343    0.01490870934139466     -5.378519296880136
                2090.25     0.7456424152204832   0.003008319150582443    0.01554229405193266     -5.336880572921015
                 2090.5     0.7348860519763952   0.003008367642497137    0.01484805598023834     -5.382560463955262
                2090.75     0.7649755808909258   0.003008829309159035    0.01328404429320057     -5.493712323298594
                   2091     0.8064638043995717   0.003008781491089156   0.007024885714456805     -6.130832907161241
                2091.25     0.8313166906299977   0.003008735815678928   0.005212606164557624     -6.429227080440837
                 2091.5      0.815517354886377   0.003008634081592976   0.005339088858563204     -6.405285835455484
                2091.75     0.8199504527079923   0.003008506357303367   0.005038205498801053     -6.463333334760193
                   2092     0.8144697257899911   0.003008368633336249   0.005530396448409206     -6.370169577397288
                2092.25     0.9326145476533784   0.003008999829777573   0.004685762618798029     -6.535690608061004
                 2092.5     0.9555708599821874   0.003011350997595419   0.002148749265903029     -7.314552279856709
                2092.75      0.908430921319151   0.003012436871805262   0.003973784375543024     -6.699358803365777
                   2093     0.9468299527946417   0.003013321006645042   0.003062068135742128     -6.959693686367819
                2093.25     0.9196458086010657   0.003014154583100622     0.0043960529552144     -6.597800560467196
                 2093.5     0.9088831323555218   0.003014697867529316   0.003994755832683888     -6.693344955900027
                2093.75     0.8981579304230199    0.00301459138134121   0.004146956494421437     -6.655988047635655
                   2094     0.8925813609679888   0.003014749576838728   0.004695498850188297     -6.531705904381607
                2094.25     0.9159300722611261   0.003014754397269713   0.004067816174815379      -6.67520237475427
                 2094.5     0.8881494085529982   0.003014645001950193   0.005520328684069755     -6.369907548391599
                2094.75     0.8528946956171745    0.00301453997031807   0.005880944685681733     -6.306662382358686
                   2095     0.8472534961820065   0.003014384727706133   0.006320428228188727     -6.234644327977275
                2095.25     0.8783770370951139   0.003014286275638473   0.005471997545366852     -6.378820221009792
                 2095.5     0.9096421421451161   0.003014161205422887    0.00401898706296324     -6.687475549598218
                2095.75     0.8858948811545649   0.003014119074121116   0.005825795835344668     -6.316223809762144
                   2096     0.9022101886612244   0.003014038645543729   0.004122608615424851     -6.662059986188335
                2096.25     0.9443221238593407   0.003013988921596235   0.003578759938867149     -6.803546251241571
                 2096.5     0.9150708462031268   0.003014120367061235   0.004071556510197297     -6.674493633731277
                2096.75     0.9124516783151023   0.003014108887250628   0.004054721472105286     -6.678640806010234
                   2097     0.9133545587219558   0.003013953284923793   0.004091928458572076     -6.669558064990171
                2097.25     0.8698189151499349   0.003013797291141872   0.005583968465015666     -6.358726470161874
                 2097.5     0.8399329713894559   0.003013702562535286    0.00637288244619149     -6.226605749800331
                2097.75     0.8550565227040973   0.003013934122310173   0.005840774923722365     -6.313717307215403
                   2098      0.921089787081711   0.003013887067340118   0.004630640276985597     -6.545901252964488
                2098.25      0.898573741313946   0.003013732622940733   0.004223004824618651     -6.638100727422554
                 2098.5     0.8240881011102722   0.003013617132169458   0.005064532270637297     -6.456424180021894
                2098.75     0.8500740876075353   0.003013665365982186   0.006166101725956058     -6.259603135702688
                   2099     0.8748399902449672   0.003013525124595464   0.005443448053411809     -6.384303805725392
                2099.25     0.9107005654727515   0.003013433472087444   0.004148005194325414     -6.656119370720882
                 2099.5     0.9001083394056719   0.003013265441658301   0.004217542737963136     -6.639550006478446
                2099.75     0.9024622375832201   0.003013141901895318   0.004223170145823882     -6.638257609407479
                   2100     0.9131978908245103   0.003013014269242096   0.004163995583084712     -6.652410944364383
                2100.25      0.917121881362151   0.003013015361262736   0.004361119477228313     -6.606156886707756
                 2100.5      0.906966218877586   0.003013024734449316   0.004274790293550808     -6.626147514003896
                2100.75     0.8975119069943033    0.00301286121009886   0.004361424267722338     -6.606138164084919
                   2101     0.9495022512270272   0.003012746648868032   0.002695708874747894     -7.087313656723286
                2101.25      1.010500200364281    0.00301339223623673  0.0003005766652341355     -9.280813029412867
                 2101.5     0.9582663134157637   0.003014107372316831    0.00210707975521412     -7.333220319708463
                2101.75     0.9715005608532529    0.00301417357657607    0.00197564272640852     -7.397607565251066
                   2102     0.9957821636291986   0.003014684062275063  0.0003845674330061591     -9.033968121334063
                2102.25     0.9910377029653559   0.003015200703760203  0.0006003681392702276     -8.588372880501803
                 2102.5     0.9419279857330338   0.003015096461885222   0.004076636218853816     -6.672923014545761
                2102.75     0.9611256124592523   0.003014965059106576   0.002098460231845329     -7.337034936454988
                   2103     0.9731737257535349   0.003014855638223693   0.001943803113725478     -7.413628660598759
                2103.25      1.021735583010053   0.003015442040088593  0.0001415539999147216     -10.03315460720637
                 2103.5      1.006680667552482   0.003015865577131435  0.0003482616087477488     -9.132741483525454
                2103.75      1.001283996296115   0.003016147893237345  0.0003544854440131561     -9.114934539708687
                   2104     0.9905169158702496   0.003016301562367394  0.0006408494649438183     -8.522756291460212
                2104.25     0.9556015876693835   0.003016243678077265   0.002214204336781367     -7.282921665342815
                 2104.5     0.9711623261227084    0.00301607070213137   0.002013520441461896      -7.37798748472318
                2104.75     0.9900627122913919   0.003015914301918742  0.0006789325742704401     -8.465157453018401
                   2105      1.006945623250894   0.003015886048341973  0.0003512503569601619     -9.124189405432839
                2105.25      1.039090508676508   0.003016025443232379  6.645200390082033e-05     -10.78916248196824
                 2105.5      1.019943465306317   0.003016232652220284  0.0001577709228678511      -9.92442959718492
                2105.75      1.028065534878675   0.003016365717111009  0.0001005904168689831     -10.37447261422895
                   2106      1.033151117090322   0.003016476252028439   7.84125207531361e-05     -10.62350934512296
                2106.25      1.027742405167447   0.003016427325283971  0.0001044071115985393     -10.33721139128911
                 2106.5      1.036943494732337   0.003016586155015554  7.045726328835704e-05     -10.73045019812981
                2106.75      1.003692772841926   0.003016512892744775  0.0003648418028673396      -9.08601697359672
                   2107      1.013931142596573   0.003016376030019036  0.0002458559933792302      -9.48078021687088
                2107.25      1.030766969191819   0.003016369914226118  9.011237412733188e-05     -10.48447072326814
                 2107.5      1.029414683696992   0.003016287460410639  9.777161397875278e-05     -10.40292126268252
                2107.75     0.9844532322289006    0.00301611998536454   0.001139217187935738     -7.947514448820348
                   2108     0.9820706059398928    0.00301607960902565   0.001347644140634795     -7.779511198032449
                2108.25     0.9912784783556911   0.003015955898730761  0.0006047296443781942     -8.580883992428019
                 2108.5     0.9785157950804683   0.003015786492974039   0.001646279897638025     -7.579448239254948
                2108.75     0.9493787780726995   0.003016093926024932    0.00275551041369364     -7.064261744591564
                   2109     0.9231771539284881   0.003016197584947721   0.004776859136448012      -6.51404682405266
                2109.25     0.9266320917395254   0.003016846475064178   0.004760448564682287     -6.517273058064555
                 2109.5      0.891391974034236   0.003017183527353046   0.005013844955786741     -6.465300164007395
                2109.75     0.8885061495317823   0.003017749724650105   0.005578340004251513     -6.358424359194428
                   2110     0.8770150875510028   0.003018643774118695   0.005489257789600178     -6.374226328074046
                2110.25     0.9112249450763336   0.003018859489307509   0.004250565333351036     -6.629895929193861
                 2110.5     0.8890623588970942    0.00301891239569145   0.005525012862300652     -6.367644822341464
                2110.75     0.8797556206137622   0.003019338874796041   0.005692309809125778     -6.337673030999969
                   2111     0.8956008045645589   0.003019497331419903   0.004535654420302396     -6.564767281900675
                2111.25     0.8524468607491859   0.003019645263542153   0.006044744270242967     -6.277498489494208
                 2111.5     0.8818621995647854   0.003019915743375835   0.005910419475871095     -6.299881292749641
                2111.75     0.8479022986384536   0.003020473974586942   0.006431566886340411     -6.215195073820447
                   2112     0.8730241255355281   0.003020509475914423   0.005564924794815292     -6.359918041937766
                2112.25     0.8093093337687891   0.003020874296576588   0.006345435485170674     -6.228545005544217
                 2112.5     0.8361923184231768   0.003021408867325334   0.005885042163425432     -6.303689890198837
                2112.75     0.8689407602335094   0.003021424314736456   0.005678409368506688     -6.339427530046613
                   2113     0.7938422699483163   0.003021748942371213     0.0138640033356088     -5.446695453646551
                2113.25     0.8224236149927595   0.003022207918199997   0.005071031160701027     -6.452295185723912
                 2113.5     0.7732397387052561   0.003023045073869947    0.01374955222335157      -5.45455614640181
                2113.75     0.7750967808868937   0.003023971251486455    0.01301242970112899      -5.50935104740261
                   2114     0.8064494375623913   0.003024585684387031   0.007103959566928279     -6.114400598062012
                2114.25     0.8115627037103547   0.003024547316044861   0.006025930692821376     -6.278993658426027
                 2114.5     0.8159003568658413   0.003024529358138715   0.005471600811091849     -6.375500308644988
                2114.75     0.7516574832030501    0.00302476980023269    0.01323313868914619     -5.492267850628184
                   2115     0.7746875150029673   0.003025293290814585      0.013302253527265     -5.486885528967776
                2115.25     0.7672063556709665    0.00302552465166539     0.0143006704057411     -5.414436097708324
                 2115.5      0.711119891851235   0.003026078399896253    0.01330647349481446     -5.486308860873028
                2115.75     0.6782554007351479   0.003028111601257599    0.01291239690290069      -5.51569998895748
                   2116       0.72720283545066   0.003028941126379662    0.01426361659824339     -5.415901933982468
                2116.25     0.6348405401582734   0.003030801297168219   0.009944422080729263     -5.775988192259626
                 2116.5     0.6897435537540362   0.003032581337880512     0.0128835028159144     -5.516465205416113
                2116.75      0.679824812830124   0.003033196578303744    0.01288008907091339     -5.516527354548214
                   2117     0.6708422699502861   0.003034549735475761    0.01280079489508963     -5.522256704064234
                2117.25     0.6698863693700021    0.00303540396132744    0.01295715033571652     -5.509834728577563
                 2117.5     0.6598774579719466   0.003035878326067728     0.0133714007142108     -5.478208097642171
                2117.75     0.6485672415998626   0.003036879047871872    0.01097439072576569     -5.675432228639044
                   2118     0.6920124685437629   0.003037074600899753     0.0128876664056906     -5.514661519196953
                2118.25      0.676319019675464   0.003036956062428318    0.01336892479135166     -5.478038343488455
                 2118.5     0.6189395628832528   0.003037731143104603    0.01161126309258705     -5.618740544843267
                2118.75     0.5586711045006846   0.003039715821230309     0.0345560385954764     -4.527480685824078
                   2119     0.5844303316450059   0.003041311356693242    0.02130161235098481     -5.010755473587669
                2119.25     0.5943632496962995   0.003042285389411056    0.01599464416584892       -5.2969640980282
                 2119.5      0.602911980689626    0.00304326364420352    0.01399811955709807     -5.429973520433829
                2119.75     0.5932019230240319   0.003043588474786985    0.01679559094909179     -5.247673383339512
                   2120     0.6052327668637322   0.003043822372773839    0.01374813489056033     -5.447809774748832
                2120.25     0.5712217457989245   0.003044079816149978    0.02781452776252394     -4.743069904355435
                 2120.5     0.5954092799474995    0.00304441614150579    0.01582604299895546     -5.306861016812677
                2120.75     0.5703476829163066   0.003044889113066669    0.02874804806857697     -4.709792674306446
                   2121     0.5948283884167879   0.003045051401482483    0.01618122408905813     -5.284457685546957
                2121.25     0.6388432168710211    0.00304491698544077    0.01022139002703208     -5.743870806197804
                 2121.5      0.594428420082896   0.003044923280163894    0.01649800553529195     -5.265111827959416
                2121.75     0.5810508103893635   0.003044897277528952     0.0220257933754729     -4.976145671854259
                   2122     0.5897110159307898   0.003044842517772957    0.01941786141231781     -5.102184515033973
                2122.25     0.5820614708837085   0.003044829406221672    0.02210031600247852     -4.972790247867511
                 2122.5     0.5753928991195116   0.003044836705517869    0.02370024500951989     -4.902894371728561
                2122.75     0.6033359142871207   0.003044743050243672    0.01419363421109525     -5.415616947862215
                   2123     0.6079324961119132   0.003044764833036534    0.01362941347757079      -5.45617314970096
                2123.25     0.6255191967743801   0.003044600024598975    0.01131326423193054     -5.642481629526263
                 2123.5     0.6249269084127781   0.003044438619630566    0.01142456030802789     -5.632745056645289
                2123.75     0.6434324066168814   0.003044455107697465    0.01095930005662158     -5.674316675793173
                   2124     0.6278628446138237   0.003044365780408202     0.0114802356461144     -5.627907515889082
                2124.25     0.6672417975508422   0.003044280725616362    0.01337810677018594     -5.474942824360502
                 2124.5     0.6595599360590207   0.003044293845137343    0.01355297749241509     -5.461951798174391
                2124.75     0.6088026425986018   0.003044212940638078    0.01359860228620066     -5.458617624249514
                   2125     0.6508160028937021   0.003044077866306251    0.01129215517836033      -5.64452075785206
                2125.25     0.6538672912861833   0.003043933147442926    0.01199246892887793     -5.584397689212516
                 2125.5     0.6714155419454118   0.003043820937664556    0.01315536854709818     -5.491883486977966
                2125.75     0.6244712406765288   0.003043753214842505    0.01159266350230185     -5.618363225018393
                   2126      0.639043530065643   0.003043580390983162     0.0103898723975217     -5.727960924054543
                2126.25     0.6321501993861133   0.003043456063682311    0.01088375044958189     -5.681562405206384
                 2126.5     0.6687520061410211   0.003043293825781112    0.01346079175500419     -5.469105460928107
                2126.75     0.7159377824824715   0.003043597082126259    0.01328753264091765     -5.481960763600473
                   2127     0.6206685305292925   0.003043681363694174    0.01177943898350542      -5.60240372012879
                2127.25     0.6795534936237104   0.003043760516539819    0.01318150098519015     -5.489918861297763
                 2127.5     0.6879800029694617   0.003043753816395697    0.01344857887929182     -5.469862027778892
                2127.75     0.6646397469035197   0.003043634179013203    0.01369056610848704      -5.45206778493492
                   2128     0.6465132759503398   0.003043524968011586    0.01120849397386278     -5.652138776380222
                2128.25     0.6206797937923938   0.003043534322093935     0.0118671602678542     -5.595032640409152
                 2128.5     0.6084651341340013   0.003043549600025936    0.01373615305424224     -5.448771298456897
                2128.75     0.6471268235560037   0.003043441578268532    0.01132006289996759     -5.642261427919998
                   2129     0.6947264809109487   0.003043347484996524    0.01384963805866207     -5.440609875081917
                2129.25     0.5745705776360397   0.003043412088720389    0.02462413883841254     -4.865120531382809
                 2129.5     0.5716271914979661   0.003043948306469587    0.02795982049370521     -4.737903075423146
                2129.75     0.6513489825878989   0.003043943504259545    0.01162590028377303     -5.615437758043836
                   2130     0.6035314925145402     0.0030438084539443    0.01440613169874217      -5.40106358979891
                2130.25     0.5988399380458254   0.003043945802572156    0.01558737489952927      -5.32221110995775
                 2130.5     0.5666074993932808   0.003044170333431704    0.02994671905618474     -4.669178863678634
                2130.75     0.6064688972902601   0.003044207171751993    0.01415007161954694     -5.418866848143493
                   2131     0.5731076612004093   0.003044129664527034    0.02662057381865247     -4.786927625901008
                2131.25     0.5864813895294889   0.003044110023215203    0.02105769530503325      -5.02135238076306
                 2131.5     0.6188280519449458   0.003043975270703645    0.01198845622666988     -5.584718508711527
                2131.75     0.6235332628918517   0.003043829918809902    0.01189922982815773     -5.592236788509378
                   2132     0.5679492539828017   0.003043780096804108    0.03030416939179847     -4.657441527801327
                2132.25     0.5629816887637411   0.003043915593968976    0.03053500085431748     -4.649808724795101
                 2132.5      0.534684729229284   0.003044148039065803    0.06446979526008717     -3.902409134941474
                2132.75     0.5590326826624346   0.003044147972920086    0.03434891491405632     -4.532035551189498
                   2133     0.5974662114068772   0.003044029259556259    0.01593616576761894     -5.300053875374487
                2133.25     0.5670713976850368   0.003043872988062477    0.03054518982571817     -4.649489095911374
                 2133.5     0.5652669003494589   0.003043743127728367     0.0305821931557137     -4.648321063831557
                2133.75      0.577763653146517   0.003043668110094406     0.0228145740927759     -4.941364080855849
                   2134     0.6015700661299056   0.003043536582242214    0.01518726578306584     -5.348349542442737
                2134.25      0.584175545924204    0.00304336113480619    0.02200280106590343     -4.977694722873989
                 2134.5     0.6046011994469161   0.003043201948514198    0.01458184375797986     -5.389139620144741
                2134.75     0.5901172159879016   0.003043052100024081    0.01951150945275019     -5.097961518569068
                   2135     0.5997010277075656   0.003042888690546733    0.01581940111414193      -5.30778263364114
